{
    "Outlet 1001": [
        {
            "Reynolds(peak)": 2046.0083514717785, 
            "Diameter": 0.019962587722046975, 
            "Center Node": 437, 
            "Total_area_outlet": 0.0003129857551833543, 
            "Flow_outlet(mean)": 0.00010661678947788343, 
            "Flow_outlet(peak)": 0.00010692860029190317, 
            "Reynolds(mean)": 2040.0420568806026, 
            "Centroid": [
                1.2343161578888893e-05, 
                9.51377092105258e-05, 
                0.26997999999999905
            ]
        }
    ], 
    "Hemodynamic Parameters_1001_ABC": [
        {
            "A": -62572556.76532662, 
            "C": 1032621.5582389832, 
            "B": 614820152465.5596
        }
    ], 
    "Bifurcation: ": [
        false
    ], 
    "Hemodynamic Parameters_1001_AB": [
        {
            "A": 71241300.96782428, 
            "B": -695963272746.5437
        }
    ], 
    "Flow": [
        {
            "Flow Inlet": [
                [
                    -0.00010695231904625047, 
                    -0.00010695231904625047, 
                    -0.00010695231904625047, 
                    -0.00010695231904625047, 
                    -0.00010695231904625047, 
                    -0.00010695231904625047, 
                    -0.00010695231904625047, 
                    -0.00010695231904625047, 
                    -0.00010695231904625047, 
                    -0.00010695231904625047, 
                    -0.00010695231904625047, 
                    -0.00010695231904625047, 
                    -0.00010695231904625047, 
                    -0.00010695231904625047, 
                    -0.00010695231904625047, 
                    -0.00010695231904625047, 
                    -0.00010695231904625047, 
                    -0.00010695231904625047, 
                    -0.00010695231904625047, 
                    -0.00010695231904625047, 
                    -0.00010695231904625047, 
                    -0.00010695231904625047, 
                    -0.00010695231904625047, 
                    -0.00010695231904625047, 
                    -0.00010695231904625047, 
                    -0.00010695231904625047, 
                    -0.00010695231904625047, 
                    -0.00010695231904625047, 
                    -0.00010695231904625047
                ]
            ], 
            "Flow Outlet 1001": [
                [
                    0.0001014148820722822, 
                    0.00010692860029190317, 
                    0.00010674480292585251, 
                    0.00010682035010429417, 
                    0.00010682388153689412, 
                    0.00010683895823960702, 
                    0.00010684184062171833, 
                    0.00010684156062246955, 
                    0.00010683987548309407, 
                    0.00010683888764005832, 
                    0.00010683931277215092, 
                    0.00010684285580769384, 
                    0.00010683980408818731, 
                    0.00010682485864184832, 
                    0.00010678203135680461, 
                    0.00010673753064722097, 
                    0.00010680746269216343, 
                    0.00010679187213426807, 
                    0.00010676190751389402, 
                    0.00010674050616757655, 
                    0.00010674434084238931, 
                    0.00010668608478158364, 
                    0.00010678964718051625, 
                    0.00010679134793353329, 
                    0.00010672810760234262, 
                    0.00010673567145290359, 
                    0.00010683473178971577, 
                    0.00010683806260131103, 
                    0.00010683711931434255
                ]
            ], 
            "Flow Outlet 1002": [
                0
            ]
        }
    ], 
    "Inlet": [
        {
            "Parabolic": true, 
            "Reynolds(peak)": -2046.452362008573, 
            "Diameter": 0.01996268363257169, 
            "Total_area_inlet": 0.00031298876267923, 
            "Center Node": 167443, 
            "Reynolds(mean)": -2046.452362008573, 
            "Flow_inlet(peak)": -0.00010695231904625047, 
            "Centroid": [
                -0.00010319409110340905, 
                -2.6215637677039877e-05, 
                -0.031420356708522716
            ], 
            "Flow_inlet(mean)": -0.00010695231904625047
        }
    ], 
    "Pressures": [
        {
            "Pressure Inlet": [
                [
                    2554.900284951664, 
                    -973.3191497935037, 
                    334.0561132868367, 
                    99.52640380340762, 
                    234.51477259765804, 
                    291.94068301210024, 
                    347.29882146347546, 
                    363.7043925884809, 
                    368.47230549702965, 
                    366.99168107246874, 
                    353.6348601557072, 
                    304.27575964798604, 
                    303.2509228144686, 
                    346.0654200801298, 
                    356.6675685658716, 
                    345.98069334133027, 
                    324.11380771693274, 
                    317.8655895531035, 
                    341.211483293613, 
                    342.5289702804633, 
                    306.72472041475066, 
                    296.2856333822374, 
                    324.53836914136133, 
                    341.1780334273243, 
                    332.6278832998621, 
                    309.10856658367123, 
                    309.56835486356795, 
                    305.2961414139213, 
                    311.2502781975029
                ]
            ], 
            "Pressure Outlet 1001": [
                [
                    0.0, 
                    0.0, 
                    0.0, 
                    0.0, 
                    0.0, 
                    0.0, 
                    0.0, 
                    0.0, 
                    0.0, 
                    0.0, 
                    0.0, 
                    0.0, 
                    0.0, 
                    0.0, 
                    0.0, 
                    0.0, 
                    0.0, 
                    0.0, 
                    0.0, 
                    0.0, 
                    0.0, 
                    0.0, 
                    0.0, 
                    0.0, 
                    0.0, 
                    0.0, 
                    0.0, 
                    0.0, 
                    0.0
                ]
            ], 
            "Pressure Outlet 1002": [
                0
            ]
        }
    ], 
    "name": [
        "D:/edu_12/V3/GID\\Modelo_23_120_I.gid\\Modelo_23_120_I.json"
    ],