{
    "Time": [
        {
            "Time": [
                0.06, 
                0.11380295849356505, 
                0.17897836329232344, 
                0.2549907335917842, 
                0.33532375172113893, 
                0.43137105195906195, 
                0.539803182925947, 
                0.6662316668709708, 
                0.8219769550517273, 
                1.0194287461798366, 
                1.2133885407977927, 
                1.2233885407977925, 
                1.2283885407977924, 
                1.3672748795721046, 
                1.5058037128427724, 
                1.6441347668260582, 
                1.7835441988519332, 
                1.9235745365751031, 
                2.0632381523002983, 
                2.2302657402867325, 
                2.4298702327075308, 
                2.669220243415729, 
                2.9588867385516764, 
                3.2485532336876237, 
                3.538219728823571, 
                3.8278862239595184, 
                4.117552719095466, 
                4.1275527190954655, 
                4.132552719095465, 
                4.277685626406709, 
                4.416511147368547, 
                4.559942585887155, 
                4.702890974198254, 
                4.846690534992881, 
                4.9921938897392835, 
                5.167471692943068, 
                5.376544792782504, 
                5.386544792782503, 
                5.391544792782503, 
                5.491057725127835, 
                5.594233075984186, 
                5.697848560484092, 
                5.8024812748674695, 
                5.907394737493723, 
                6.012463573816986, 
                6.138768976786324, 
                6.290232252334818, 
                6.470044230623894, 
                6.684200861465608, 
                6.898357492307322, 
                7.158147484787954
            ]
        }
    ], 
    "name": [
        "I:/PROYECTOS/ESTUDIANTES/Sergio/V3/GID\\Modelo_18_145_I.gid\\Modelo_18_145_I.json"
    ], 
    "Hemodynamic Parameters_1001_AB": [
        {
            "B": 1099236454504.0583, 
            "A": -119595666.96772283
        }
    ], 
    "Fluid Characteristic": [
        {
            "blood_kinematic_viscosity": 3.3333333333333333e-06, 
            "blood_density": 1050.0, 
            "blood_dynamic_viscosity": 0.0035
        }
    ], 
    "Pressures": [
        {
            "Pressure Inlet": [
                [
                    2671.5873813019816, 
                    -1036.7103252813906, 
                    301.9952449593061, 
                    26.639675115498843, 
                    127.5660727549507, 
                    154.60222223264077, 
                    208.07827858950003, 
                    241.1187863722641, 
                    251.30777190282396, 
                    256.7926030071124, 
                    249.70575738283105, 
                    259.8302982262634, 
                    243.20338424499002, 
                    226.78731192843816, 
                    215.6680058492758, 
                    203.8250751776818, 
                    219.64709608515503, 
                    234.59037788035974, 
                    224.7460819363039, 
                    202.5770821693605, 
                    208.97659960558266, 
                    251.82606574106376, 
                    272.0323686460039, 
                    239.95521007529658, 
                    211.7791269768053, 
                    207.80638594965475, 
                    235.27968075766282, 
                    270.6875370879348, 
                    269.318885976444, 
                    239.1376589992243, 
                    207.76685305573284, 
                    173.14990029374852, 
                    172.31426505611583, 
                    205.45093503348684, 
                    241.23185108836535, 
                    248.5254996274176, 
                    231.49089386592945, 
                    221.02836416209163, 
                    208.78644790888066, 
                    200.53726421856229, 
                    192.54617708890413, 
                    193.8625342685705, 
                    207.81867040054087, 
                    215.70499862845077, 
                    224.06658338697656, 
                    224.95137184297428, 
                    212.54738278932257, 
                    188.61402764488057, 
                    179.37779479419643, 
                    212.95645925552392, 
                    236.26561554941415
                ]
            ], 
            "Pressure Outlet 1001": [
                [
                    0.0, 
                    0.0, 
                    0.0, 
                    0.0, 
                    0.0, 
                    0.0, 
                    0.0, 
                    0.0, 
                    0.0, 
                    0.0, 
                    0.0, 
                    0.0, 
                    0.0, 
                    0.0, 
                    0.0, 
                    0.0, 
                    0.0, 
                    0.0, 
                    0.0, 
                    0.0, 
                    0.0, 
                    0.0, 
                    0.0, 
                    0.0, 
                    0.0, 
                    0.0, 
                    0.0, 
                    0.0, 
                    0.0, 
                    0.0, 
                    0.0, 
                    0.0, 
                    0.0, 
                    0.0, 
                    0.0, 
                    0.0, 
                    0.0, 
                    0.0, 
                    0.0, 
                    0.0, 
                    0.0, 
                    0.0, 
                    0.0, 
                    0.0, 
                    0.0, 
                    0.0, 
                    0.0, 
                    0.0, 
                    0.0, 
                    0.0, 
                    0.0
                ]
            ], 
            "Pressure Outlet 1002": [
                0
            ]
        }
    ], 
    "Bifurcation: ": [
        false
    ],