{
    "Hemodynamic Parameters_1001_ABC": [
        {
            "C": 525154.804791376, 
            "B": 234218300565.646, 
            "A": -13778175.242254406
        }
    ], 
    "Fluid Characteristic": [
        {
            "blood_kinematic_viscosity": 3.3333333333333333e-06, 
            "blood_density": 1050.0, 
            "blood_dynamic_viscosity": 0.0035
        }
    ], 
    "Bifurcation: ": [
        false
    ], 
    "Pressures": [
        {
            "Pressure Outlet 1002": [
                0
            ], 
            "Pressure Outlet 1001": [
                [
                    0.0, 
                    0.0, 
                    0.0, 
                    0.0, 
                    0.0, 
                    0.0, 
                    0.0, 
                    0.0, 
                    0.0, 
                    0.0, 
                    0.0, 
                    0.0, 
                    0.0, 
                    0.0, 
                    0.0, 
                    0.0, 
                    0.0, 
                    0.0, 
                    0.0, 
                    0.0, 
                    0.0, 
                    0.0, 
                    0.0, 
                    0.0, 
                    0.0, 
                    0.0, 
                    0.0, 
                    0.0, 
                    0.0, 
                    0.0, 
                    0.0, 
                    0.0, 
                    0.0, 
                    0.0, 
                    0.0, 
                    0.0
                ]
            ], 
            "Pressure Inlet": [
                [
                    1949.987061254593, 
                    -828.0065843227136, 
                    229.99035593155824, 
                    -9.206193832793174, 
                    58.93718011104653, 
                    58.375239797669124, 
                    76.01842229358517, 
                    85.95159519385527, 
                    90.1298936142455, 
                    86.6809661816604, 
                    77.04503269728112, 
                    78.8595927312428, 
                    72.27763499278375, 
                    74.8951353147941, 
                    80.35269383076718, 
                    85.47651560329936, 
                    86.201907444051, 
                    78.57906841703397, 
                    70.3056527200431, 
                    70.8546083893541, 
                    82.33420905413038, 
                    88.33186125801392, 
                    83.66154932320711, 
                    81.43729341983523, 
                    75.18719034445233, 
                    75.71094910343963, 
                    73.30712386612895, 
                    77.62982556147857, 
                    81.51123191893025, 
                    82.45285339989954, 
                    83.8029876890072, 
                    83.65118656561962, 
                    77.84291319548349, 
                    70.6275162558646, 
                    70.42405213028799, 
                    82.6856995467806
                ]
            ]
        }
    ], 
    "Hemodynamic Parameters_1001_AB": [
        {
            "B": -213431233454.5048, 
            "A": 12445264.721351333
        }
    ], 
    "name": [
        "I:/PROYECTOS/ESTUDIANTES/Sergio/V1/GID\\Modelo_4_145_I.gid\\Modelo_4_145_I.json"
    ], 
    "Time": [
        {
            "Time": [
                0.05, 
                0.14953540432781465, 
                0.25720681377847276, 
                0.37918475094861437, 
                0.5137480615227957, 
                0.6907516922272527, 
                0.9035753377351045, 
                1.1046200208667947, 
                1.3418106346139458, 
                1.65557023554793, 
                1.969329836481914, 
                1.9793298364819139, 
                1.9843298364819137, 
                2.184038236440275, 
                2.382610555399891, 
                2.5681687332713534, 
                2.7584075914397808, 
                2.9545895870591212, 
                3.151866463323357, 
                3.367661511949842, 
                3.63609792703068, 
                3.9717858172245513, 
                4.3877924533217225, 
                4.397792453321722, 
                4.402792453321722, 
                4.603093676520998, 
                4.805599901115561, 
                4.993665873334882, 
                5.178277525227705, 
                5.3773029969376305, 
                5.576671038286122, 
                5.81461659952937, 
                6.097313553239287, 
                6.456430325774576, 
                6.815547098309866, 
                7.174663870845155
            ]
        }
    ], 
    "Flow": [
        {
            "Flow Outlet 1002": [
                0
            ], 
            "Flow Inlet": [
                [
                    -6.420831759447916e-05, 
                    -6.420831759447916e-05, 
                    -6.420831759447916e-05, 
                    -6.420831759447916e-05, 
                    -6.420831759447916e-05, 
                    -6.420831759447916e-05, 
                    -6.420831759447916e-05, 
                    -6.420831759447916e-05, 
                    -6.420831759447916e-05, 
                    -6.420831759447916e-05, 
                    -6.420831759447916e-05, 
                    -6.420831759447916e-05, 
                    -6.420831759447916e-05, 
                    -6.420831759447916e-05, 
                    -6.420831759447916e-05, 
                    -6.420831759447916e-05, 
                    -6.420831759447916e-05, 
                    -6.420831759447916e-05, 
                    -6.420831759447916e-05, 
                    -6.420831759447916e-05, 
                    -6.420831759447916e-05, 
                    -6.420831759447916e-05, 
                    -6.420831759447916e-05, 
                    -6.420831759447916e-05, 
                    -6.420831759447916e-05, 
                    -6.420831759447916e-05, 
                    -6.420831759447916e-05, 
                    -6.420831759447916e-05, 
                    -6.420831759447916e-05, 
                    -6.420831759447916e-05, 
                    -6.420831759447916e-05, 
                    -6.420831759447916e-05, 
                    -6.420831759447916e-05, 
                    -6.420831759447916e-05, 
                    -6.420831759447916e-05, 
                    -6.420831759447916e-05
                ]
            ],