{
    "Pressures": [
        {
            "Pressure Outlet 1002": [
                0
            ], 
            "Pressure Outlet 1001": [
                [
                    0.0, 
                    0.0, 
                    0.0, 
                    0.0, 
                    0.0, 
                    0.0, 
                    0.0, 
                    0.0, 
                    0.0, 
                    0.0, 
                    0.0, 
                    0.0, 
                    0.0, 
                    0.0, 
                    0.0, 
                    0.0, 
                    0.0, 
                    0.0, 
                    0.0, 
                    0.0, 
                    0.0, 
                    0.0, 
                    0.0, 
                    0.0, 
                    0.0, 
                    0.0, 
                    0.0, 
                    0.0, 
                    0.0, 
                    0.0, 
                    0.0, 
                    0.0, 
                    0.0, 
                    0.0, 
                    0.0, 
                    0.0, 
                    0.0
                ]
            ], 
            "Pressure Inlet": [
                [
                    2570.630020210557, 
                    -1086.7583449526082, 
                    309.8867653924298, 
                    3.011695445432665, 
                    115.19165748007033, 
                    121.2698831897273, 
                    112.5891952988055, 
                    70.36149200906885, 
                    64.41153372003755, 
                    107.49277146515983, 
                    128.08412314274113, 
                    132.62038723127068, 
                    132.07602200779698, 
                    123.96219284498883, 
                    105.80554277695519, 
                    88.90712992775187, 
                    73.61259162720411, 
                    70.70441922544092, 
                    74.65617337901543, 
                    65.25907430126789, 
                    72.61737088011452, 
                    79.89035525819865, 
                    85.35170824810857, 
                    81.98465227281245, 
                    73.58448550648322, 
                    68.48340427454201, 
                    62.04026127373733, 
                    59.984662250184435, 
                    64.80351571473264, 
                    68.03386916500115, 
                    67.14816917679089, 
                    67.56606373142019, 
                    67.7036904960841, 
                    61.33552916676584, 
                    56.803624182831925, 
                    56.96583376245504, 
                    57.38123183485231
                ]
            ]
        }
    ], 
    "Bifurcation: ": [
        false
    ], 
    "name": [
        "I:/PROYECTOS/ESTUDIANTES/Sergio/V3/GID/berga\\Modelo_13_170.gid\\Modelo_13_170.json"
    ], 
    "Flow": [
        {
            "Flow Inlet": [
                [
                    -0.00010705604355183506, 
                    -0.00010705604355183506, 
                    -0.00010705604355183506, 
                    -0.00010705604355183506, 
                    -0.00010705604355183506, 
                    -0.00010705604355183506, 
                    -0.00010705604355183506, 
                    -0.00010705604355183506, 
                    -0.00010705604355183506, 
                    -0.00010705604355183506, 
                    -0.00010705604355183506, 
                    -0.00010705604355183506, 
                    -0.00010705604355183506, 
                    -0.00010705604355183506, 
                    -0.00010705604355183506, 
                    -0.00010705604355183506, 
                    -0.00010705604355183506, 
                    -0.00010705604355183506, 
                    -0.00010705604355183506, 
                    -0.00010705604355183506, 
                    -0.00010705604355183506, 
                    -0.00010705604355183506, 
                    -0.00010705604355183506, 
                    -0.00010705604355183506, 
                    -0.00010705604355183506, 
                    -0.00010705604355183506, 
                    -0.00010705604355183506, 
                    -0.00010705604355183506, 
                    -0.00010705604355183506, 
                    -0.00010705604355183506, 
                    -0.00010705604355183506, 
                    -0.00010705604355183506, 
                    -0.00010705604355183506, 
                    -0.00010705604355183506, 
                    -0.00010705604355183506, 
                    -0.00010705604355183506, 
                    -0.00010705604355183506
                ]
            ], 
            "Flow Outlet 1002": [
                0
            ], 
            "Flow Outlet 1001": [
                [
                    0.00010153794733390144, 
                    0.00010704738766731814, 
                    0.0001068608221718425, 
                    0.00010694813432438256, 
                    0.00010693176628071603, 
                    0.00010693420424712672, 
                    0.00010692950670022631, 
                    0.0001069300223059751, 
                    0.000106935072437929, 
                    0.00010694055554871353, 
                    0.00010693877759977046, 
                    0.00010691912118849846, 
                    0.00010686656566281924, 
                    0.00010675824270007968, 
                    0.0001066391187016368, 
                    0.00010674465044429784, 
                    0.00010679456381683737, 
                    0.00010680821086438923, 
                    0.00010686028450100719, 
                    0.00010689984020559367, 
                    0.00010694087876549982, 
                    0.000106962511618262, 
                    0.00010692681313133711, 
                    0.00010689048388628975, 
                    0.00010686953760135588, 
                    0.00010686841460158906, 
                    0.00010689547881756912, 
                    0.00010693449058497479, 
                    0.00010695184076322995, 
                    0.00010694034489299, 
                    0.00010692722077090705, 
                    0.000106934486979548, 
                    0.00010691231013920422, 
                    0.00010688434584107219, 
                    0.00010686721342654692, 
                    0.00010688260748154895, 
                    0.00010691055863307394
                ]
            ]
        }
    ],