{
    "Outlet 1001": [
        {
            "Center Node": 417, 
            "Diameter": 0.019962588749112914, 
            "Reynolds(mean)": 2037.1580197379449, 
            "Flow_outlet(mean)": 0.00010646606924873295, 
            "Reynolds(peak)": 2042.1245960157642, 
            "Flow_outlet(peak)": 0.00010672563274297353, 
            "Centroid": [
                6.215379717078656e-05, 
                5.614083298509638e-05, 
                0.25
            ], 
            "Total_area_outlet": 0.00031298578738930095
        }
    ], 
    "Flow": [
        {
            "Flow Inlet": [
                [
                    -0.00010679098200408555, 
                    -0.00010679098200408555, 
                    -0.00010679098200408555, 
                    -0.00010679098200408555, 
                    -0.00010679098200408555, 
                    -0.00010679098200408555, 
                    -0.00010679098200408555, 
                    -0.00010679098200408555, 
                    -0.00010679098200408555, 
                    -0.00010679098200408555, 
                    -0.00010679098200408555, 
                    -0.00010679098200408555, 
                    -0.00010679098200408555, 
                    -0.00010679098200408555, 
                    -0.00010679098200408555, 
                    -0.00010679098200408555, 
                    -0.00010679098200408555, 
                    -0.00010679098200408555, 
                    -0.00010679098200408555, 
                    -0.00010679098200408555, 
                    -0.00010679098200408555, 
                    -0.00010679098200408555, 
                    -0.00010679098200408555, 
                    -0.00010679098200408555, 
                    -0.00010679098200408555, 
                    -0.00010679098200408555, 
                    -0.00010679098200408555, 
                    -0.00010679098200408555, 
                    -0.00010679098200408555, 
                    -0.00010679098200408555, 
                    -0.00010679098200408555, 
                    -0.00010679098200408555, 
                    -0.00010679098200408555
                ]
            ], 
            "Flow Outlet 1001": [
                [
                    0.00010120161313170331, 
                    0.00010672563274297353, 
                    0.0001065729206180712, 
                    0.00010666336940606527, 
                    0.00010666464193208036, 
                    0.00010667720660338475, 
                    0.00010667974563426386, 
                    0.00010668152223230397, 
                    0.0001066813562546011, 
                    0.00010668015630440939, 
                    0.0001066780872157488, 
                    0.00010668045816475891, 
                    0.00010668799131402523, 
                    0.00010668518850401284, 
                    0.00010668409742074272, 
                    0.00010667077146606053, 
                    0.00010665104880300786, 
                    0.000106626067285546, 
                    0.00010656399077631496, 
                    0.00010650986641248355, 
                    0.00010654280668161316, 
                    0.00010659160059675466, 
                    0.00010658329616446388, 
                    0.00010664602372072259, 
                    0.00010665225429252972, 
                    0.00010659443078477886, 
                    0.00010657692033242148, 
                    0.00010654746017005113, 
                    0.00010657734195141263, 
                    0.00010661241622048069, 
                    0.00010660092886742046, 
                    0.00010658549461670293, 
                    0.00010660357858627691
                ]
            ], 
            "Flow Outlet 1002": [
                0
            ]
        }
    ], 
    "Simulations_Parameters": [
        {
            "Time_vector": [
                0, 
                7.0
            ], 
            "SolverType(1:AMGCGL,2:AMGCL_NS_Solver,3:BICGSTABSolver)": 1, 
            "AutomaticDeltaTime": true, 
            "Config_conditions(1:V-P-P),(2:V-V-P)": 1, 
            "Dt": 0.06
        }
    ], 
    "Pressures": [
        {
            "Pressure Outlet 1001": [
                [
                    0.0, 
                    0.0, 
                    0.0, 
                    0.0, 
                    0.0, 
                    0.0, 
                    0.0, 
                    0.0, 
                    0.0, 
                    0.0, 
                    0.0, 
                    0.0, 
                    0.0, 
                    0.0, 
                    0.0, 
                    0.0, 
                    0.0, 
                    0.0, 
                    0.0, 
                    0.0, 
                    0.0, 
                    0.0, 
                    0.0, 
                    0.0, 
                    0.0, 
                    0.0, 
                    0.0, 
                    0.0, 
                    0.0, 
                    0.0, 
                    0.0, 
                    0.0, 
                    0.0
                ]
            ], 
            "Pressure Inlet": [
                [
                    2529.4759179117896, 
                    -979.7415922299738, 
                    350.64428721717906, 
                    117.20063555748342, 
                    261.5887527666606, 
                    314.20441480490393, 
                    357.8536791780081, 
                    365.5008363977178, 
                    354.49520699708813, 
                    362.189647139283, 
                    363.0724530743391, 
                    322.77268473091067, 
                    289.1755841574846, 
                    267.3209997881246, 
                    262.9231816421704, 
                    301.17679160676624, 
                    339.01821563714833, 
                    351.0722667045802, 
                    338.73361684460076, 
                    330.8062265837558, 
                    334.0699391085581, 
                    336.2369370185036, 
                    321.9955992205898, 
                    295.8581529006415, 
                    334.49390318223277, 
                    371.84164599470705, 
                    355.03980381636376, 
                    322.915693636065, 
                    302.49656560010726, 
                    330.375617704895, 
                    367.95166189196027, 
                    360.6795649169068, 
                    343.8308639030472
                ]
            ], 
            "Pressure Outlet 1002": [
                0
            ]
        }
    ],