{
    "Hemodynamic Parameters_1001_ABC": [
        {
            "A": 10292551.973274015, 
            "C": 5010001.3497517705, 
            "B": -78641044946.30368
        }
    ], 
    "Fluid Characteristic": [
        {
            "blood_dynamic_viscosity": 0.0035, 
            "blood_density": 1050.0, 
            "blood_kinematic_viscosity": 3.3333333333333333e-06
        }
    ], 
    "Flow": [
        {
            "Flow Inlet": [
                [
                    -0.00010690630879967219, 
                    -0.00010690630879967219, 
                    -0.00010690630879967219, 
                    -0.00010690630879967219, 
                    -0.00010690630879967219, 
                    -0.00010690630879967219, 
                    -0.00010690630879967219, 
                    -0.00010690630879967219, 
                    -0.00010690630879967219, 
                    -0.00010690630879967219, 
                    -0.00010690630879967219, 
                    -0.00010690630879967219, 
                    -0.00010690630879967219, 
                    -0.00010690630879967219, 
                    -0.00010690630879967219, 
                    -0.00010690630879967219, 
                    -0.00010690630879967219, 
                    -0.00010690630879967219, 
                    -0.00010690630879967219, 
                    -0.00010690630879967219, 
                    -0.00010690630879967219, 
                    -0.00010690630879967219, 
                    -0.00010690630879967219, 
                    -0.00010690630879967219, 
                    -0.00010690630879967219, 
                    -0.00010690630879967219, 
                    -0.00010690630879967219, 
                    -0.00010690630879967219, 
                    -0.00010690630879967219, 
                    -0.00010690630879967219, 
                    -0.00010690630879967219, 
                    -0.00010690630879967219, 
                    -0.00010690630879967219, 
                    -0.00010690630879967219, 
                    -0.00010690630879967219, 
                    -0.00010690630879967219
                ]
            ], 
            "Flow Outlet 1002": [
                0
            ], 
            "Flow Outlet 1001": [
                [
                    0.00010141804164848097, 
                    0.00010698823237801405, 
                    0.00010675208446452561, 
                    0.00010682671642116971, 
                    0.0001068058327399442, 
                    0.00010680998886654781, 
                    0.0001068069509442196, 
                    0.000106807066674908, 
                    0.00010680412942277289, 
                    0.00010677662228447109, 
                    0.00010666690903177149, 
                    0.0001065991361864276, 
                    0.00010668240707433391, 
                    0.00010671763330953726, 
                    0.0001067274629835886, 
                    0.00010677124107799764, 
                    0.00010673566157828798, 
                    0.00010672763969883323, 
                    0.0001067387570501437, 
                    0.0001067504406054261, 
                    0.0001067682482212679, 
                    0.00010675208381654477, 
                    0.00010673019309844349, 
                    0.0001067757614174971, 
                    0.0001068358136167717, 
                    0.00010679687630262867, 
                    0.00010680040201111882, 
                    0.00010680326666260019, 
                    0.0001068005698601206, 
                    0.00010681020364079069, 
                    0.00010678394125036999, 
                    0.00010674761876267253, 
                    0.00010673598637597217, 
                    0.00010671651835674925, 
                    0.00010674037448934201, 
                    0.00010677734439646847
                ]
            ]
        }
    ], 
    "Hemodynamic Parameters_1001_AB": [
        {
            "A": -8356916.774701989, 
            "B": 60439698097.98865
        }
    ], 
    "Pressures": [
        {
            "Pressure Outlet 1002": [
                0
            ], 
            "Pressure Outlet 1001": [
                [
                    0.0, 
                    0.0, 
                    0.0, 
                    0.0, 
                    0.0, 
                    0.0, 
                    0.0, 
                    0.0, 
                    0.0, 
                    0.0, 
                    0.0, 
                    0.0, 
                    0.0, 
                    0.0, 
                    0.0, 
                    0.0, 
                    0.0, 
                    0.0, 
                    0.0, 
                    0.0, 
                    0.0, 
                    0.0, 
                    0.0, 
                    0.0, 
                    0.0, 
                    0.0, 
                    0.0, 
                    0.0, 
                    0.0, 
                    0.0, 
                    0.0, 
                    0.0, 
                    0.0, 
                    0.0, 
                    0.0, 
                    0.0
                ]
            ], 
            "Pressure Inlet": [
                [
                    2731.00436798942, 
                    -1151.2299918097206, 
                    349.7566079774484, 
                    29.441894201543466, 
                    155.77883328024737, 
                    174.21693711189852, 
                    190.54423200884858, 
                    192.2361644726619, 
                    219.6186481161114, 
                    225.0136720569167, 
                    207.00988800078412, 
                    190.19674705416324, 
                    201.3113569640422, 
                    216.47942844568394, 
                    212.732796643302, 
                    221.37984565957217, 
                    215.74962990271007, 
                    204.13519907623422, 
                    208.406375010374, 
                    217.14525870601696, 
                    211.62526092381393, 
                    193.8561462447745, 
                    194.64468767024746, 
                    211.23143744039132, 
                    189.91391592708123, 
                    195.86685215473074, 
                    190.3653287187442, 
                    191.9256405844416, 
                    186.85766121330164, 
                    200.8273486805127, 
                    196.96232352975977, 
                    186.18007341666984, 
                    186.611855426484, 
                    194.121705427494, 
                    212.300242107466, 
                    222.0364873912687
                ]
            ]
        }
    ], 
    "Simulations_Parameters": [
        {
            "AutomaticDeltaTime": true, 
            "Time_vector": [
                0, 
                7.0
            ], 
            "Dt": 0.06, 
            "SolverType(1:AMGCGL,2:AMGCL_NS_Solver,3:BICGSTABSolver)": 1, 
            "Config_conditions(1:V-P-P),(2:V-V-P)": 1
        }
    ], 
    "Bifurcation: ": [
        false
    ], 
    "Outlet 1001": [
        {
            "Total_area_outlet": 0.00031298575516206564, 
            "Flow_outlet(mean)": 0.00010661911546446555, 
            "Reynolds(peak)": 2047.1493722399362, 
            "Diameter": 0.019962587721368066, 
            "Reynolds(mean)": 2040.0865631715135, 
            "Flow_outlet(peak)": 0.00010698823237801405, 
            "Centroid": [
                1.234316127888889e-05, 
                9.513770873552552e-05, 
                0.26997999999999905
            ], 
            "Center Node": 436
        }
    ], 
    "name": [
        "I:/PROYECTOS/ESTUDIANTES/Sergio/V3/GID/berga\\Modelo_4_145.gid\\Modelo_4_145.json"
    ],