{
    "Simulations_Parameters": [
        {
            "AutomaticDeltaTime": true, 
            "Time_vector": [
                0, 
                7.0
            ], 
            "Config_conditions(1:V-P-P),(2:V-V-P)": 1, 
            "SolverType(1:AMGCGL,2:AMGCL_NS_Solver,3:BICGSTABSolver)": 1, 
            "Dt": 0.06
        }
    ], 
    "Inlet": [
        {
            "Flow_inlet(mean)": -0.00010692769935469724, 
            "Parabolic": true, 
            "Flow_inlet(peak)": -0.00010692769935469724, 
            "Reynolds(mean)": -2045.9812826866819, 
            "Total_area_inlet": 0.00031298876267923, 
            "Centroid": [
                -0.00010319409110340905, 
                -2.6215637677039877e-05, 
                -0.031420356708522716
            ], 
            "Diameter": 0.01996268363257169, 
            "Center Node": 165776, 
            "Reynolds(peak)": -2045.9812826866819
        }
    ], 
    "Bifurcation: ": [
        false
    ], 
    "Time": [
        {
            "Time": [
                0.06, 
                0.12153119566061668, 
                0.18841809242160484, 
                0.26508598065275446, 
                0.3536616978724273, 
                0.45737599338653195, 
                0.5703013254205888, 
                0.7095315279469554, 
                0.8587746668496576, 
                1.0374755411244532, 
                1.2570345069272393, 
                1.5174055518275797, 
                1.8180984989365585, 
                2.1187914460455373, 
                2.419484393154516, 
                2.796361741362529, 
                2.8063617413625286, 
                2.8113617413625285, 
                3.0429115951542482, 
                3.2720999905757533, 
                3.491958116455704, 
                3.714329119399786, 
                3.9471410806862695, 
                4.177712068811502, 
                4.447247053268118, 
                4.74506631064205, 
                5.113992937000125, 
                5.586558129055079, 
                6.059123321110032, 
                6.531688513164986, 
                7.00425370521994
            ]
        }
    ], 
    "Pressures": [
        {
            "Pressure Outlet 1002": [
                0
            ], 
            "Pressure Inlet": [
                [
                    2494.758203989976, 
                    -982.1813849407614, 
                    295.9506805780948, 
                    37.54691722624958, 
                    145.54044193106188, 
                    181.19032998458655, 
                    227.33013242958816, 
                    243.36049592331457, 
                    243.24413615083245, 
                    237.81324551663604, 
                    236.25605938623974, 
                    228.0241496700177, 
                    216.3825024912205, 
                    233.4119570225062, 
                    230.03974914437185, 
                    225.42078722816547, 
                    211.4830598613719, 
                    203.29344879128368, 
                    197.9750892994765, 
                    237.96225657158314, 
                    256.79676891895264, 
                    245.526697923995, 
                    235.9843011980422, 
                    226.98607462496244, 
                    212.06755631983808, 
                    188.42861214188926, 
                    219.9901346821231, 
                    230.91870080351967, 
                    231.95858452325888, 
                    231.47848400762382, 
                    228.50902968973855
                ]
            ], 
            "Pressure Outlet 1001": [
                [
                    0.0, 
                    0.0, 
                    0.0, 
                    0.0, 
                    0.0, 
                    0.0, 
                    0.0, 
                    0.0, 
                    0.0, 
                    0.0, 
                    0.0, 
                    0.0, 
                    0.0, 
                    0.0, 
                    0.0, 
                    0.0, 
                    0.0, 
                    0.0, 
                    0.0, 
                    0.0, 
                    0.0, 
                    0.0, 
                    0.0, 
                    0.0, 
                    0.0, 
                    0.0, 
                    0.0, 
                    0.0, 
                    0.0, 
                    0.0, 
                    0.0
                ]
            ]
        }
    ], 
    "Hemodynamic Parameters_1001_AB": [
        {
            "A": 178388506.0358022, 
            "B": -1690856326932.8567
        }
    ], 
    "Hemodynamic Parameters_1001_ABC": [
        {
            "A": -74101914.39943504, 
            "B": 714152402761.0742, 
            "C": 34973800.43072742
        }
    ], 
    "name": [
        "I:/PROYECTOS/ESTUDIANTES/Sergio/V3/GID\\Modelo_23_145_I.gid\\Modelo_23_145_I.json"
    ], 
    "Outlet 1001": [
        {
            "Flow_outlet(mean)": 0.00010659024917088761, 
            "Reynolds(mean)": 2039.5342255836827, 
            "Centroid": [
                1.2343161578888893e-05, 
                9.51377092105258e-05, 
                0.26997999999999905
            ], 
            "Diameter": 0.019962587722046975, 
            "Total_area_outlet": 0.0003129857551833543, 
            "Center Node": 435, 
            "Reynolds(peak)": 2044.1333908028023, 
            "Flow_outlet(peak)": 0.00010683061099494269
        }
    ], 
    "Fluid Characteristic": [
        {
            "blood_dynamic_viscosity": 0.0035, 
            "blood_density": 1050.0, 
            "blood_kinematic_viscosity": 3.3333333333333333e-06
        }
    ], 
    "Flow": [
        {
            "Flow Outlet 1002": [
                0
            ], 
            "Flow Outlet 1001": [
                [
                    0.0001013455416406484, 
                    0.00010683061099494269, 
                    0.00010670407444726327, 
                    0.00010679542509885747, 
                    0.00010679762612037228, 
                    0.00010680925223570017, 
                    0.00010680945549670734, 
                    0.00010680896237847537, 
                    0.00010680754196276671, 
                    0.00010680673213567784, 
                    0.00010680563123175153, 
                    0.00010680044174909563, 
                    0.00010678438331873461, 
                    0.00010677258826451757, 
                    0.00010676194301012892, 
                    0.00010674677419877885, 
                    0.00010674499193558897, 
                    0.00010674143969609956, 
                    0.0001066972521376245, 
                    0.00010671526840020794, 
                    0.00010676326030867176, 
                    0.0001067843644474302, 
                    0.00010676575916820497, 
                    0.00010669450843047602, 
                    0.00010668101287059588, 
                    0.00010674164776607449, 
                    0.00010678367751559442, 
                    0.0001067800521050185, 
                    0.00010677400093029193, 
                    0.00010674039036710852, 
                    0.00010670311393410955
                ]
            ],