{
    "name": [
        "I:/PROYECTOS/ESTUDIANTES/Sergio/V3/GID\\Modelo_26_170_I.gid\\Modelo_26_170_I.json"
    ], 
    "Pressures": [
        {
            "Pressure Inlet": [
                [
                    2505.0863654297323, 
                    -977.0678486140978, 
                    267.07661013439554, 
                    1.2377293227035933, 
                    82.67759957539738, 
                    96.11546342353991, 
                    134.00802064565517, 
                    154.33644940452004, 
                    149.89216166255264, 
                    123.51366292515601, 
                    104.4090868474119, 
                    103.39973385076745, 
                    90.6925647756787, 
                    67.05411449382171, 
                    70.5161520541889, 
                    96.13179123916233, 
                    116.5373774858133, 
                    127.57919093337932, 
                    131.05297545087558, 
                    134.20186357657002, 
                    129.4058062952556, 
                    104.25155412942796, 
                    106.05325403181068, 
                    110.76107682095852, 
                    108.11623983833174, 
                    112.48303239342249, 
                    104.09541289744705, 
                    92.330390035207, 
                    87.8225845255931, 
                    96.509522650042, 
                    109.877654331272, 
                    123.10742348741591, 
                    101.86204435046041, 
                    79.41673271216476, 
                    77.46376698509438, 
                    88.5297024057444, 
                    85.46599387371984, 
                    79.69937931675996, 
                    84.97852075658923, 
                    89.01583747561541, 
                    82.10527771323511, 
                    74.91042316742421, 
                    81.43178911607279, 
                    86.60949885653311, 
                    85.50104407593149
                ]
            ], 
            "Pressure Outlet 1002": [
                0
            ], 
            "Pressure Outlet 1001": [
                [
                    0.0, 
                    0.0, 
                    0.0, 
                    0.0, 
                    0.0, 
                    0.0, 
                    0.0, 
                    0.0, 
                    0.0, 
                    0.0, 
                    0.0, 
                    0.0, 
                    0.0, 
                    0.0, 
                    0.0, 
                    0.0, 
                    0.0, 
                    0.0, 
                    0.0, 
                    0.0, 
                    0.0, 
                    0.0, 
                    0.0, 
                    0.0, 
                    0.0, 
                    0.0, 
                    0.0, 
                    0.0, 
                    0.0, 
                    0.0, 
                    0.0, 
                    0.0, 
                    0.0, 
                    0.0, 
                    0.0, 
                    0.0, 
                    0.0, 
                    0.0, 
                    0.0, 
                    0.0, 
                    0.0, 
                    0.0, 
                    0.0, 
                    0.0, 
                    0.0
                ]
            ]
        }
    ], 
    "Simulations_Parameters": [
        {
            "Time_vector": [
                0, 
                7.0
            ], 
            "AutomaticDeltaTime": true, 
            "SolverType(1:AMGCGL,2:AMGCL_NS_Solver,3:BICGSTABSolver)": 1, 
            "Dt": 0.06, 
            "Config_conditions(1:V-P-P),(2:V-V-P)": 1
        }
    ], 
    "Fluid Characteristic": [
        {
            "blood_dynamic_viscosity": 0.0035, 
            "blood_kinematic_viscosity": 3.3333333333333333e-06, 
            "blood_density": 1050.0
        }
    ], 
    "Bifurcation: ": [
        false
    ], 
    "Outlet 1001": [
        {
            "Flow_outlet(peak)": 0.00010702695753505228, 
            "Flow_outlet(mean)": 0.00010675663181735965, 
            "Centroid": [
                8.330871757666676e-05, 
                0.00013302512240608139, 
                0.289990000000001
            ], 
            "Reynolds(mean)": 2042.71784798719, 
            "Reynolds(peak)": 2047.8903525791802, 
            "Diameter": 0.019962587721750566, 
            "Center Node": 403, 
            "Total_area_outlet": 0.00031298575517405973
        }
    ], 
    "Inlet": [
        {
            "Centroid": [
                -0.00010319409110340905, 
                -2.6215637677039877e-05, 
                -0.031420356708522716
            ], 
            "Flow_inlet(mean)": -0.00010695431810622076, 
            "Reynolds(mean)": -2046.4906125208993, 
            "Flow_inlet(peak)": -0.00010695431810622076, 
            "Reynolds(peak)": -2046.4906125208993, 
            "Diameter": 0.01996268363257169, 
            "Parabolic": true, 
            "Center Node": 188917, 
            "Total_area_inlet": 0.00031298876267923
        }
    ], 
    "Flow": [
        {
            "Flow Inlet": [
                [
                    -0.00010695431810622076, 
                    -0.00010695431810622076, 
                    -0.00010695431810622076, 
                    -0.00010695431810622076, 
                    -0.00010695431810622076, 
                    -0.00010695431810622076, 
                    -0.00010695431810622076, 
                    -0.00010695431810622076, 
                    -0.00010695431810622076, 
                    -0.00010695431810622076, 
                    -0.00010695431810622076, 
                    -0.00010695431810622076, 
                    -0.00010695431810622076, 
                    -0.00010695431810622076, 
                    -0.00010695431810622076, 
                    -0.00010695431810622076, 
                    -0.00010695431810622076, 
                    -0.00010695431810622076, 
                    -0.00010695431810622076, 
                    -0.00010695431810622076, 
                    -0.00010695431810622076, 
                    -0.00010695431810622076, 
                    -0.00010695431810622076, 
                    -0.00010695431810622076, 
                    -0.00010695431810622076, 
                    -0.00010695431810622076, 
                    -0.00010695431810622076, 
                    -0.00010695431810622076, 
                    -0.00010695431810622076, 
                    -0.00010695431810622076, 
                    -0.00010695431810622076, 
                    -0.00010695431810622076, 
                    -0.00010695431810622076, 
                    -0.00010695431810622076, 
                    -0.00010695431810622076, 
                    -0.00010695431810622076, 
                    -0.00010695431810622076, 
                    -0.00010695431810622076, 
                    -0.00010695431810622076, 
                    -0.00010695431810622076, 
                    -0.00010695431810622076, 
                    -0.00010695431810622076, 
                    -0.00010695431810622076, 
                    -0.00010695431810622076, 
                    -0.00010695431810622076
                ]
            ], 
            "Flow Outlet 1002": [
                0
            ],