{
    "Pressures": [
        {
            "Pressure Outlet 1002": [
                0
            ], 
            "Pressure Outlet 1001": [
                [
                    0.0, 
                    0.0, 
                    0.0, 
                    0.0, 
                    0.0, 
                    0.0, 
                    0.0, 
                    0.0, 
                    0.0, 
                    0.0, 
                    0.0, 
                    0.0, 
                    0.0, 
                    0.0, 
                    0.0, 
                    0.0, 
                    0.0, 
                    0.0, 
                    0.0, 
                    0.0, 
                    0.0, 
                    0.0, 
                    0.0, 
                    0.0, 
                    0.0, 
                    0.0, 
                    0.0, 
                    0.0, 
                    0.0, 
                    0.0, 
                    0.0, 
                    0.0, 
                    0.0, 
                    0.0, 
                    0.0, 
                    0.0, 
                    0.0, 
                    0.0, 
                    0.0, 
                    0.0, 
                    0.0, 
                    0.0, 
                    0.0
                ]
            ], 
            "Pressure Inlet": [
                [
                    2708.986115381269, 
                    -1108.4190956033624, 
                    330.132873821827, 
                    24.391664528592088, 
                    141.32099069916757, 
                    166.41007940883384, 
                    200.76815787179626, 
                    211.64803572182043, 
                    220.22605431806554, 
                    206.339883718624, 
                    196.06018625043623, 
                    199.69759598214227, 
                    193.99574359491194, 
                    198.71778388650094, 
                    185.96131999426126, 
                    196.31747717881814, 
                    196.44407648363918, 
                    184.36908856834185, 
                    182.78234417144625, 
                    188.24079285818507, 
                    198.73952968664142, 
                    206.81764941145815, 
                    201.11319147890904, 
                    185.77245025335657, 
                    186.93502612344554, 
                    196.98624720439852, 
                    215.64947971660428, 
                    205.96017432227782, 
                    197.32564774853137, 
                    190.349869058054, 
                    187.75194501915257, 
                    175.52709362270323, 
                    192.34114446156389, 
                    220.3818871863946, 
                    211.77721677009714, 
                    195.77157513216102, 
                    185.32501627271603, 
                    182.6036006300342, 
                    190.70647449027902, 
                    190.361627722461, 
                    169.02701639642711, 
                    181.76043434142835, 
                    205.98217114702484
                ]
            ]
        }
    ], 
    "name": [
        "I:/PROYECTOS/ESTUDIANTES/Sergio/V3/GID/berga\\Modelo_6_145.gid\\Modelo_6_145.json"
    ], 
    "Flow": [
        {
            "Flow Outlet 1002": [
                0
            ], 
            "Flow Inlet": [
                [
                    -0.00010680642931042859, 
                    -0.00010680642931042859, 
                    -0.00010680642931042859, 
                    -0.00010680642931042859, 
                    -0.00010680642931042859, 
                    -0.00010680642931042859, 
                    -0.00010680642931042859, 
                    -0.00010680642931042859, 
                    -0.00010680642931042859, 
                    -0.00010680642931042859, 
                    -0.00010680642931042859, 
                    -0.00010680642931042859, 
                    -0.00010680642931042859, 
                    -0.00010680642931042859, 
                    -0.00010680642931042859, 
                    -0.00010680642931042859, 
                    -0.00010680642931042859, 
                    -0.00010680642931042859, 
                    -0.00010680642931042859, 
                    -0.00010680642931042859, 
                    -0.00010680642931042859, 
                    -0.00010680642931042859, 
                    -0.00010680642931042859, 
                    -0.00010680642931042859, 
                    -0.00010680642931042859, 
                    -0.00010680642931042859, 
                    -0.00010680642931042859, 
                    -0.00010680642931042859, 
                    -0.00010680642931042859, 
                    -0.00010680642931042859, 
                    -0.00010680642931042859, 
                    -0.00010680642931042859, 
                    -0.00010680642931042859, 
                    -0.00010680642931042859, 
                    -0.00010680642931042859, 
                    -0.00010680642931042859, 
                    -0.00010680642931042859, 
                    -0.00010680642931042859, 
                    -0.00010680642931042859, 
                    -0.00010680642931042859, 
                    -0.00010680642931042859, 
                    -0.00010680642931042859, 
                    -0.00010680642931042859
                ]
            ], 
            "Flow Outlet 1001": [
                [
                    0.00010114735691173136, 
                    0.00010673209712262106, 
                    0.0001066069031455596, 
                    0.00010669056009825027, 
                    0.00010668292812868759, 
                    0.0001066893422454003, 
                    0.00010668607640858603, 
                    0.00010668470137721291, 
                    0.00010668084557237098, 
                    0.00010666041267338543, 
                    0.00010660859128195103, 
                    0.00010661642639841359, 
                    0.00010660998193217909, 
                    0.00010660275136008703, 
                    0.00010663936373343816, 
                    0.00010668389536210417, 
                    0.0001066779370305221, 
                    0.00010665426632527233, 
                    0.00010665763242734277, 
                    0.00010665799507806806, 
                    0.00010664498024825966, 
                    0.00010662096341086881, 
                    0.00010658511960325958, 
                    0.00010658037333792575, 
                    0.00010660364756019056, 
                    0.00010664332216007572, 
                    0.00010665901043788247, 
                    0.00010665782993114755, 
                    0.00010666245643659279, 
                    0.00010666279421723925, 
                    0.00010666417501647711, 
                    0.00010666189658330174, 
                    0.00010665662237379179, 
                    0.00010665316705823434, 
                    0.00010665382670139314, 
                    0.0001066588110516048, 
                    0.00010666173977932794, 
                    0.00010661861964100942, 
                    0.00010657794396339745, 
                    0.00010661156561150209, 
                    0.00010666861245299887, 
                    0.00010666653621310178, 
                    0.00010665439139016591
                ]
            ]
        }
    ], 
    "Simulations_Parameters": [
        {
            "Config_conditions(1:V-P-P),(2:V-V-P)": 1, 
            "Dt": 0.06, 
            "AutomaticDeltaTime": true, 
            "SolverType(1:AMGCGL,2:AMGCL_NS_Solver,3:BICGSTABSolver)": 1, 
            "Time_vector": [
                0, 
                7.0
            ]
        }
    ], 
    "Outlet 1001": [
        {
            "Centroid": [
                2.4036718804469165e-05, 
                6.82643925463387e-05, 
                0.26997999999999905
            ],