{
    "Hemodynamic Parameters_1001_AB": [
        {
            "A": 11298361.615046011, 
            "B": -135584238517.41158
        }
    ], 
    "Inlet": [
        {
            "Total_area_inlet": 0.00031298876267923, 
            "Center Node": 190912, 
            "Parabolic": true, 
            "Diameter": 0.01996268363257169, 
            "Reynolds(peak)": -2048.969609954727, 
            "Flow_inlet(peak)": -0.00010708387622806111, 
            "Reynolds(mean)": -2048.969609954727, 
            "Flow_inlet(mean)": -0.00010708387622806111, 
            "Centroid": [
                -0.00010319409110340905, 
                -2.6215637677039877e-05, 
                -0.031420356708522716
            ]
        }
    ], 
    "Hemodynamic Parameters_1001_ABC": [
        {
            "A": -50090782.6662499, 
            "B": 498375541476.43604, 
            "C": -20543796.78846459
        }
    ], 
    "Flow": [
        {
            "Flow Outlet 1001": [
                [
                    0.00010166021451100341, 
                    0.00010718049528627162, 
                    0.0001069202859996575, 
                    0.00010700471574091002, 
                    0.00010698137138938855, 
                    0.0001069860950212075, 
                    0.00010698304594986458, 
                    0.00010698280522668489, 
                    0.00010698261392014635, 
                    0.00010698286298975698, 
                    0.00010698297631405789, 
                    0.00010698227974714254, 
                    0.0001069798189786612, 
                    0.00010697897370012828, 
                    0.00010698072027471991, 
                    0.00010696376337263866, 
                    0.00010690761608404267, 
                    0.00010681585850252684, 
                    0.0001068013225798265, 
                    0.00010688173248105904, 
                    0.00010694391679886421, 
                    0.00010694704991809839, 
                    0.0001069391174514967, 
                    0.00010692023985185696, 
                    0.00010689387441321044, 
                    0.00010686606641412618, 
                    0.00010683211724902734, 
                    0.0001068436676142477, 
                    0.0001068372186696976, 
                    0.00010680294755570745, 
                    0.00010685913679253227, 
                    0.00010690937524569604, 
                    0.00010686943106638063, 
                    0.00010686865449096721, 
                    0.00010693098395132746, 
                    0.00010693402988327563, 
                    0.00010694250786106766, 
                    0.000106955814628103
                ]
            ], 
            "Flow Outlet 1002": [
                0
            ], 
            "Flow Inlet": [
                [
                    -0.00010708387622806111, 
                    -0.00010708387622806111, 
                    -0.00010708387622806111, 
                    -0.00010708387622806111, 
                    -0.00010708387622806111, 
                    -0.00010708387622806111, 
                    -0.00010708387622806111, 
                    -0.00010708387622806111, 
                    -0.00010708387622806111, 
                    -0.00010708387622806111, 
                    -0.00010708387622806111, 
                    -0.00010708387622806111, 
                    -0.00010708387622806111, 
                    -0.00010708387622806111, 
                    -0.00010708387622806111, 
                    -0.00010708387622806111, 
                    -0.00010708387622806111, 
                    -0.00010708387622806111, 
                    -0.00010708387622806111, 
                    -0.00010708387622806111, 
                    -0.00010708387622806111, 
                    -0.00010708387622806111, 
                    -0.00010708387622806111, 
                    -0.00010708387622806111, 
                    -0.00010708387622806111, 
                    -0.00010708387622806111, 
                    -0.00010708387622806111, 
                    -0.00010708387622806111, 
                    -0.00010708387622806111, 
                    -0.00010708387622806111, 
                    -0.00010708387622806111, 
                    -0.00010708387622806111, 
                    -0.00010708387622806111, 
                    -0.00010708387622806111, 
                    -0.00010708387622806111, 
                    -0.00010708387622806111, 
                    -0.00010708387622806111, 
                    -0.00010708387622806111
                ]
            ]
        }
    ], 
    "Outlet 1001": [
        {
            "Total_area_outlet": 0.00031298575517405973, 
            "Center Node": 401, 
            "Diameter": 0.019962587721750566, 
            "Reynolds(peak)": 2050.8281963404193, 
            "Reynolds(mean)": 2043.364240718555, 
            "Centroid": [
                8.330871757666676e-05, 
                0.00013302512240608139, 
                0.289990000000001
            ], 
            "Flow_outlet(mean)": 0.0001067904136296152, 
            "Flow_outlet(peak)": 0.00010718049528627162
        }
    ], 
    "Bifurcation: ": [
        false
    ], 
    "Fluid Characteristic": [
        {
            "blood_density": 1050.0, 
            "blood_kinematic_viscosity": 3.3333333333333333e-06, 
            "blood_dynamic_viscosity": 0.0035
        }
    ], 
    "Time": [
        {
            "Time": [
                0.06, 
                0.23151063945658182, 
                0.4025294096061481, 
                0.5413926724078728, 
                0.6638074360567562, 
                0.7866430389415672, 
                0.9341954478435155, 
                1.111323406160348, 
                1.3238570625322248, 
                1.5788874197609433, 
                1.8589890143843313, 
                2.1390906090077193, 
                2.149090609007719, 
                2.154090609007719, 
                2.30711429786988, 
                2.460149902812992, 
                2.5902539576491836, 
                2.731034987970058, 
                2.884052139912055, 
                3.0370692694518855, 
                3.22068984695895, 
                3.4410342012522968, 
                3.705446940683147, 
                3.9698596801139976, 
                4.219929626700552, 
                4.551332726900713, 
                4.961229276165751, 
                4.971229276165751, 
                4.976229276165751, 
                5.165601539714437, 
                5.35146820199422, 
                5.546226996181404, 
                5.766826143515908, 
                5.994011287134129, 
                6.209101058902611, 
                6.4851456495577775, 
                6.800674009848335, 
                7.116202370138893
            ]
        }
    ], 
    "Simulations_Parameters": [
        {
            "Dt": 0.06, 
            "AutomaticDeltaTime": true, 
            "Config_conditions(1:V-P-P),(2:V-V-P)": 1, 
            "Time_vector": [
                0, 
                7.0
            ], 
            "SolverType(1:AMGCGL,2:AMGCL_NS_Solver,3:BICGSTABSolver)": 1
        }
    ],