{
    "Bifurcation: ": [
        false
    ], 
    "Hemodynamic Parameters_1001_ABC": [
        {
            "C": -9834079.860470783, 
            "B": -833242108664.342, 
            "A": 89629303.30614544
        }
    ], 
    "Simulations_Parameters": [
        {
            "Dt": 0.06, 
            "AutomaticDeltaTime": true, 
            "Config_conditions(1:V-P-P),(2:V-V-P)": 1, 
            "Time_vector": [
                0, 
                7.0
            ], 
            "SolverType(1:AMGCGL,2:AMGCL_NS_Solver,3:BICGSTABSolver)": 1
        }
    ], 
    "Time": [
        {
            "Time": [
                0.06, 
                0.10254047590349075, 
                0.150155794998518, 
                0.207268895290138, 
                0.27574445097833516, 
                0.35762175796833734, 
                0.4652428474568975, 
                0.6080851939316678, 
                0.7768386749030645, 
                0.9455921558744611, 
                1.158638290799215, 
                1.3716844257239689, 
                1.5847305606487228, 
                1.8003377351444292, 
                2.0842206181333105, 
                2.4651724528527406, 
                2.9223738513358564, 
                2.932373851335856, 
                2.937373851335856, 
                3.1657870916784545, 
                3.394200332021053, 
                3.578789946528021, 
                3.7695531223067387, 
                3.962895266302277, 
                4.153737091434438, 
                4.338554413353166, 
                4.547736791401997, 
                4.789499459056637, 
                5.1030830844529085, 
                5.41666670984918, 
                5.730250335245451, 
                6.043833960641722, 
                6.4428076468572115, 
                6.841781333072701, 
                7.240755019288191
            ]
        }
    ], 
    "Outlet 1001": [
        {
            "Reynolds(mean)": 2036.7386970975433, 
            "Flow_outlet(peak)": 0.00010667901183023457, 
            "Reynolds(peak)": 2041.2326406401103, 
            "Diameter": 0.019962587721829683, 
            "Centroid": [
                5.282075851584695e-05, 
                9.182701925898595e-05, 
                0.25
            ], 
            "Flow_outlet(mean)": 0.00010644414910719309, 
            "Total_area_outlet": 0.0003129857551765407, 
            "Center Node": 447
        }
    ], 
    "name": [
        "I:/PROYECTOS/ESTUDIANTES/Sergio/V3/GID\\Modelo_11_170_I.gid\\Modelo_11_170_I.json"
    ], 
    "Pressures": [
        {
            "Pressure Outlet 1001": [
                [
                    0.0, 
                    0.0, 
                    0.0, 
                    0.0, 
                    0.0, 
                    0.0, 
                    0.0, 
                    0.0, 
                    0.0, 
                    0.0, 
                    0.0, 
                    0.0, 
                    0.0, 
                    0.0, 
                    0.0, 
                    0.0, 
                    0.0, 
                    0.0, 
                    0.0, 
                    0.0, 
                    0.0, 
                    0.0, 
                    0.0, 
                    0.0, 
                    0.0, 
                    0.0, 
                    0.0, 
                    0.0, 
                    0.0, 
                    0.0, 
                    0.0, 
                    0.0, 
                    0.0, 
                    0.0, 
                    0.0
                ]
            ], 
            "Pressure Outlet 1002": [
                0
            ], 
            "Pressure Inlet": [
                [
                    2453.861724194394, 
                    -921.6448298375188, 
                    247.52655116461938, 
                    4.683201878062218, 
                    75.17142998327205, 
                    83.09705338597631, 
                    114.95646740500163, 
                    133.81348501531647, 
                    114.3879505895451, 
                    58.35577838482621, 
                    63.54737385677463, 
                    109.09908824370068, 
                    127.67130237478169, 
                    127.94564594715358, 
                    129.039786755198, 
                    110.23569620853468, 
                    94.67169046449932, 
                    76.54718965644307, 
                    70.79298651250667, 
                    68.89909094328006, 
                    66.85160349843538, 
                    80.71077734460884, 
                    80.10680383067091, 
                    71.1435990310721, 
                    65.20391117868402, 
                    67.76110761664808, 
                    76.91870506096573, 
                    78.35315049412849, 
                    72.67112369313087, 
                    70.62477925927179, 
                    72.13659018563487, 
                    73.79251343867578, 
                    66.64105107976694, 
                    66.17444217875199, 
                    66.63455587605277
                ]
            ]
        }
    ], 
    "Fluid Characteristic": [
        {
            "blood_dynamic_viscosity": 0.0035, 
            "blood_kinematic_viscosity": 3.3333333333333333e-06, 
            "blood_density": 1050.0
        }
    ], 
    "Inlet": [
        {
            "Reynolds(mean)": -2043.2843608237029, 
            "Flow_inlet(peak)": -0.0001067867519997102, 
            "Reynolds(peak)": -2043.2843608237029, 
            "Diameter": 0.01996268363257169, 
            "Centroid": [
                -0.00010319409110340905, 
                -2.6215637677039877e-05, 
                -0.031420356708522716
            ], 
            "Flow_inlet(mean)": -0.0001067867519997102, 
            "Center Node": 89934, 
            "Total_area_inlet": 0.00031298876267923, 
            "Parabolic": true
        }
    ], 
    "Flow": [
        {
            "Flow Inlet": [
                [
                    -0.0001067867519997102, 
                    -0.0001067867519997102, 
                    -0.0001067867519997102, 
                    -0.0001067867519997102, 
                    -0.0001067867519997102, 
                    -0.0001067867519997102, 
                    -0.0001067867519997102, 
                    -0.0001067867519997102, 
                    -0.0001067867519997102, 
                    -0.0001067867519997102, 
                    -0.0001067867519997102, 
                    -0.0001067867519997102, 
                    -0.0001067867519997102, 
                    -0.0001067867519997102, 
                    -0.0001067867519997102, 
                    -0.0001067867519997102, 
                    -0.0001067867519997102, 
                    -0.0001067867519997102, 
                    -0.0001067867519997102, 
                    -0.0001067867519997102, 
                    -0.0001067867519997102, 
                    -0.0001067867519997102, 
                    -0.0001067867519997102, 
                    -0.0001067867519997102, 
                    -0.0001067867519997102, 
                    -0.0001067867519997102, 
                    -0.0001067867519997102, 
                    -0.0001067867519997102, 
                    -0.0001067867519997102, 
                    -0.0001067867519997102, 
                    -0.0001067867519997102, 
                    -0.0001067867519997102, 
                    -0.0001067867519997102, 
                    -0.0001067867519997102, 
                    -0.0001067867519997102
                ]
            ],