{
    "name": [
        "I:/PROYECTOS/ESTUDIANTES/Sergio/V3/GID/berga\\Modelo_22_120_I.gid\\Modelo_22_120_I.json"
    ], 
    "Hemodynamic Parameters_1001_AB": [
        {
            "B": -320039419171.5629, 
            "A": 31122014.418323226
        }
    ], 
    "Outlet 1001": [
        {
            "Diameter": 0.019962587721366786, 
            "Flow_outlet(peak)": 0.00010712318505474004, 
            "Center Node": 438, 
            "Total_area_outlet": 0.00031298575516202547, 
            "Centroid": [
                2.1132281722222204e-05, 
                0.00012032486198441406, 
                0.26997999999999905
            ], 
            "Reynolds(peak)": 2049.73160283965, 
            "Flow_outlet(mean)": 0.00010678320157648783, 
            "Reynolds(mean)": 2043.2262428705562
        }
    ], 
    "Hemodynamic Parameters_1001_ABC": [
        {
            "B": 484153761744.5571, 
            "C": -18446114.25429535, 
            "A": -48687900.16030055
        }
    ], 
    "Bifurcation: ": [
        false
    ], 
    "Fluid Characteristic": [
        {
            "blood_kinematic_viscosity": 3.3333333333333333e-06, 
            "blood_dynamic_viscosity": 0.0035, 
            "blood_density": 1050.0
        }
    ], 
    "Pressures": [
        {
            "Pressure Outlet 1002": [
                0
            ], 
            "Pressure Inlet": [
                [
                    2596.5203899549983, 
                    -1043.2788554506901, 
                    375.67167103479807, 
                    123.24125844853195, 
                    284.02958194878335, 
                    324.6529729801692, 
                    367.0280197044838, 
                    366.03971319172757, 
                    356.8703490463732, 
                    321.7392821932247, 
                    289.78850343071883, 
                    309.1598957270859, 
                    316.17367326589044, 
                    323.88439234861073, 
                    336.12830656479866, 
                    337.30148197075124, 
                    339.77635936526315, 
                    329.3332953866534, 
                    321.4777861782354, 
                    314.51260142328965, 
                    342.32854514074864, 
                    368.1327906334209, 
                    356.7554686327766, 
                    355.06108954906017, 
                    328.74167387717887, 
                    304.93284943967853, 
                    331.42805076803126, 
                    355.09725980307786, 
                    316.8813998493077, 
                    289.4528354642682
                ]
            ], 
            "Pressure Outlet 1001": [
                [
                    0.0, 
                    0.0, 
                    0.0, 
                    0.0, 
                    0.0, 
                    0.0, 
                    0.0, 
                    0.0, 
                    0.0, 
                    0.0, 
                    0.0, 
                    0.0, 
                    0.0, 
                    0.0, 
                    0.0, 
                    0.0, 
                    0.0, 
                    0.0, 
                    0.0, 
                    0.0, 
                    0.0, 
                    0.0, 
                    0.0, 
                    0.0, 
                    0.0, 
                    0.0, 
                    0.0, 
                    0.0, 
                    0.0, 
                    0.0
                ]
            ]
        }
    ], 
    "Simulations_Parameters": [
        {
            "SolverType(1:AMGCGL,2:AMGCL_NS_Solver,3:BICGSTABSolver)": 1, 
            "Dt": 0.06, 
            "Config_conditions(1:V-P-P),(2:V-V-P)": 1, 
            "AutomaticDeltaTime": true, 
            "Time_vector": [
                0, 
                7.0
            ]
        }
    ], 
    "Time": [
        {
            "Time": [
                0.06, 
                0.1496882278388193, 
                0.2472113118301463, 
                0.36020563915781395, 
                0.4948320400698325, 
                0.6564718431878064, 
                0.8423028118963185, 
                1.023096170536212, 
                1.2073734355393908, 
                1.4540394384325344, 
                1.700705441325678, 
                1.9473714442188215, 
                2.194037447111965, 
                2.440703450005109, 
                2.7538006058001545, 
                3.0668977615952002, 
                3.3706069206304696, 
                3.7430571983329015, 
                4.1741254285053415, 
                4.6051936586777815, 
                5.0362618888502215, 
                5.046261888850221, 
                5.051261888850221, 
                5.281444641937716, 
                5.5388988269642745, 
                5.802787501647505, 
                6.110396204896949, 
                6.418004908146393, 
                6.725613611395836, 
                7.03322231464528
            ]
        }
    ], 
    "Inlet": [
        {
            "Diameter": 0.01996268363257169, 
            "Total_area_inlet": 0.00031298876267923, 
            "Center Node": 167549, 
            "Parabolic": true, 
            "Flow_inlet(mean)": -0.00010708711905592358, 
            "Centroid": [
                -0.00010319409110340905, 
                -2.6215637677039877e-05, 
                -0.031420356708522716
            ], 
            "Reynolds(peak)": -2049.031659032278, 
            "Flow_inlet(peak)": -0.00010708711905592358, 
            "Reynolds(mean)": -2049.031659032278
        }
    ], 
    "Flow": [
        {
            "Flow Outlet 1002": [
                0
            ], 
            "Flow Outlet 1001": [
                [
                    0.00010160227491767836, 
                    0.00010712318505474004, 
                    0.00010689688925795043, 
                    0.00010698372719282794, 
                    0.0001069743694312596, 
                    0.00010698120507015595, 
                    0.00010697741469973496, 
                    0.00010697589484490743, 
                    0.00010697425099099139, 
                    0.00010697580422010907, 
                    0.00010698983034889708, 
                    0.00010700169776823946, 
                    0.000106982650049931, 
                    0.0001069611137533997, 
                    0.00010695024683554929, 
                    0.00010691304362680263, 
                    0.00010687119625504526, 
                    0.00010688393713361688, 
                    0.00010689962305510907, 
                    0.00010692293851296586, 
                    0.00010696004250810314, 
                    0.0001069554660172444, 
                    0.00010694859905748318, 
                    0.00010696194666910936, 
                    0.00010695433500478324, 
                    0.00010694101309115197, 
                    0.0001069880667150839, 
                    0.00010701303000942925, 
                    0.00010699706739376579, 
                    0.00010693518780856898
                ]
            ],