{
    "Hemodynamic Parameters_1001_AB": [
        {
            "B": 936348016877.9983, 
            "A": -102914189.69446445
        }
    ], 
    "Hemodynamic Parameters_1001_ABC": [
        {
            "C": 4855392.427380562, 
            "B": -1030051360618.9819, 
            "A": 112920737.42879021
        }
    ], 
    "Inlet": [
        {
            "Centroid": [
                -0.00010319409110340905, 
                -2.6215637677039877e-05, 
                -0.031420356708522716
            ], 
            "Diameter": 0.01996268363257169, 
            "Reynolds(peak)": -2047.5139186276992, 
            "Reynolds(mean)": -2047.5139186276992, 
            "Flow_inlet(peak)": -0.00010700779844285026, 
            "Parabolic": true, 
            "Flow_inlet(mean)": -0.00010700779844285026, 
            "Center Node": 70123, 
            "Total_area_inlet": 0.00031298876267923
        }
    ], 
    "Pressures": [
        {
            "Pressure Outlet 1001": [
                [
                    0.0, 
                    0.0, 
                    0.0, 
                    0.0, 
                    0.0, 
                    0.0, 
                    0.0, 
                    0.0, 
                    0.0, 
                    0.0, 
                    0.0, 
                    0.0, 
                    0.0, 
                    0.0, 
                    0.0, 
                    0.0, 
                    0.0, 
                    0.0, 
                    0.0, 
                    0.0, 
                    0.0, 
                    0.0, 
                    0.0, 
                    0.0, 
                    0.0, 
                    0.0, 
                    0.0, 
                    0.0, 
                    0.0, 
                    0.0, 
                    0.0, 
                    0.0, 
                    0.0, 
                    0.0
                ]
            ], 
            "Pressure Inlet": [
                [
                    2669.2179978297563, 
                    -1060.6493734896942, 
                    357.6343549842067, 
                    86.52329576548115, 
                    226.67190069792537, 
                    263.8412112494702, 
                    304.727661839949, 
                    320.0732424793376, 
                    326.55922452230175, 
                    292.4049270790741, 
                    285.20002279444867, 
                    295.04902533368966, 
                    267.5332824011149, 
                    308.5123095226096, 
                    323.95730556729075, 
                    322.2267638793173, 
                    311.96620649695234, 
                    297.34343926023524, 
                    305.25887532356916, 
                    320.3269230618836, 
                    303.37384072809846, 
                    296.9064465539851, 
                    286.22433749684996, 
                    299.2351536218721, 
                    298.47816063045923, 
                    313.81403986132295, 
                    312.6203091658581, 
                    331.05209279015776, 
                    351.80576598367634, 
                    317.4455253234498, 
                    286.95229803586193, 
                    297.7969357979982, 
                    297.96474871535247, 
                    286.46684770599086
                ]
            ], 
            "Pressure Outlet 1002": [
                0
            ]
        }
    ], 
    "Fluid Characteristic": [
        {
            "blood_kinematic_viscosity": 3.3333333333333333e-06, 
            "blood_density": 1050.0, 
            "blood_dynamic_viscosity": 0.0035
        }
    ], 
    "Outlet 1001": [
        {
            "Total_area_outlet": 0.0003129857551765408, 
            "Flow_outlet(mean)": 0.00010670079661198054, 
            "Diameter": 0.019962587721829687, 
            "Flow_outlet(peak)": 0.00010698950464381133, 
            "Reynolds(peak)": 2047.1737161608096, 
            "Reynolds(mean)": 2041.6494780930086, 
            "Centroid": [
                -1.8710628692159163e-05, 
                8.09623068897412e-05, 
                0.25
            ], 
            "Center Node": 425
        }
    ], 
    "name": [
        "I:/PROYECTOS/ESTUDIANTES/Sergio/V3/GID/berga\\Modelo_2_120_I.gid\\Modelo_2_120_I.json"
    ], 
    "Bifurcation: ": [
        false
    ], 
    "Simulations_Parameters": [
        {
            "Config_conditions(1:V-P-P),(2:V-V-P)": 1, 
            "AutomaticDeltaTime": true, 
            "Dt": 0.06, 
            "Time_vector": [
                0, 
                7.0
            ], 
            "SolverType(1:AMGCGL,2:AMGCL_NS_Solver,3:BICGSTABSolver)": 1
        }
    ], 
    "Flow": [
        {
            "Flow Inlet": [
                [
                    -0.00010700779844285026, 
                    -0.00010700779844285026, 
                    -0.00010700779844285026, 
                    -0.00010700779844285026, 
                    -0.00010700779844285026, 
                    -0.00010700779844285026, 
                    -0.00010700779844285026, 
                    -0.00010700779844285026, 
                    -0.00010700779844285026, 
                    -0.00010700779844285026, 
                    -0.00010700779844285026, 
                    -0.00010700779844285026, 
                    -0.00010700779844285026, 
                    -0.00010700779844285026, 
                    -0.00010700779844285026, 
                    -0.00010700779844285026, 
                    -0.00010700779844285026, 
                    -0.00010700779844285026, 
                    -0.00010700779844285026, 
                    -0.00010700779844285026, 
                    -0.00010700779844285026, 
                    -0.00010700779844285026, 
                    -0.00010700779844285026, 
                    -0.00010700779844285026, 
                    -0.00010700779844285026, 
                    -0.00010700779844285026, 
                    -0.00010700779844285026, 
                    -0.00010700779844285026, 
                    -0.00010700779844285026, 
                    -0.00010700779844285026, 
                    -0.00010700779844285026, 
                    -0.00010700779844285026, 
                    -0.00010700779844285026, 
                    -0.00010700779844285026
                ]
            ], 
            "Flow Outlet 1001": [
                [
                    0.00010143048661339483, 
                    0.00010698950464381133, 
                    0.00010680941080431094, 
                    0.00010689021990020757, 
                    0.00010688786516626576, 
                    0.00010690202981933027, 
                    0.00010690135092506987, 
                    0.00010689917320186139, 
                    0.00010689178996436019, 
                    0.00010686437825344355, 
                    0.00010684395975908957, 
                    0.00010687352665146901, 
                    0.00010685171118696994, 
                    0.0001068305681370355, 
                    0.00010684914479700364, 
                    0.00010685487156299829, 
                    0.0001068498375121738, 
                    0.0001068656378200077, 
                    0.00010685719810301882, 
                    0.0001068381099948144, 
                    0.00010683902758310649, 
                    0.00010685790638705014, 
                    0.00010687930365611565, 
                    0.0001068612066655733, 
                    0.00010684845787245645, 
                    0.000106860456281181, 
                    0.00010685883017108457, 
                    0.00010682430716218685, 
                    0.00010681541401926658, 
                    0.00010682144540146782, 
                    0.00010684190160476654, 
                    0.00010687043549480469, 
                    0.00010686643711401588, 
                    0.00010680118057762598
                ]
            ],