{
    "Pressures": [
        {
            "Pressure Outlet 1001": [
                [
                    0.0, 
                    0.0, 
                    0.0, 
                    0.0, 
                    0.0, 
                    0.0, 
                    0.0, 
                    0.0, 
                    0.0, 
                    0.0, 
                    0.0, 
                    0.0, 
                    0.0, 
                    0.0, 
                    0.0, 
                    0.0, 
                    0.0, 
                    0.0, 
                    0.0, 
                    0.0, 
                    0.0, 
                    0.0, 
                    0.0, 
                    0.0, 
                    0.0, 
                    0.0, 
                    0.0, 
                    0.0
                ]
            ], 
            "Pressure Inlet": [
                [
                    2423.388000262369, 
                    -929.1032543365367, 
                    256.07467264845627, 
                    9.416608802283159, 
                    86.92996055474246, 
                    95.17056302709084, 
                    117.56361621980578, 
                    124.20627918317192, 
                    111.91624051921745, 
                    73.51077013678689, 
                    74.94010517853259, 
                    111.86286625618865, 
                    131.07860251186398, 
                    113.40116805254073, 
                    92.14165873934832, 
                    99.06409147173748, 
                    62.54349618177159, 
                    60.22035665130009, 
                    71.87453134793707, 
                    66.97463986372705, 
                    66.01811384025689, 
                    65.27055112489964, 
                    60.40293439897637, 
                    56.258837699705424, 
                    61.53899894979464, 
                    67.24883342149454, 
                    64.26847938283339, 
                    64.41389367274569
                ]
            ], 
            "Pressure Outlet 1002": [
                0
            ]
        }
    ], 
    "name": [
        "I:/PROYECTOS/ESTUDIANTES/Sergio/V3/GID\\Modelo_19_170_I.gid\\Modelo_19_170_I.json"
    ], 
    "Outlet 1001": [
        {
            "Centroid": [
                6.215379717078656e-05, 
                5.614083298509638e-05, 
                0.25
            ], 
            "Flow_outlet(peak)": 0.00010675187687137787, 
            "Center Node": 420, 
            "Diameter": 0.019962588749112914, 
            "Reynolds(mean)": 2037.6802849518356, 
            "Flow_outlet(mean)": 0.00010649336390329069, 
            "Reynolds(peak)": 2042.6267601045408, 
            "Total_area_outlet": 0.00031298578738930095
        }
    ], 
    "Inlet": [
        {
            "Centroid": [
                -0.00010319409110340905, 
                -2.6215637677039877e-05, 
                -0.031420356708522716
            ], 
            "Flow_inlet(mean)": -0.00010686844050986315, 
            "Parabolic": true, 
            "Flow_inlet(peak)": -0.00010686844050986315, 
            "Center Node": 140940, 
            "Total_area_inlet": 0.00031298876267923, 
            "Diameter": 0.01996268363257169, 
            "Reynolds(mean)": -2044.847409161899, 
            "Reynolds(peak)": -2044.847409161899
        }
    ], 
    "Flow": [
        {
            "Flow Inlet": [
                [
                    -0.00010686844050986315, 
                    -0.00010686844050986315, 
                    -0.00010686844050986315, 
                    -0.00010686844050986315, 
                    -0.00010686844050986315, 
                    -0.00010686844050986315, 
                    -0.00010686844050986315, 
                    -0.00010686844050986315, 
                    -0.00010686844050986315, 
                    -0.00010686844050986315, 
                    -0.00010686844050986315, 
                    -0.00010686844050986315, 
                    -0.00010686844050986315, 
                    -0.00010686844050986315, 
                    -0.00010686844050986315, 
                    -0.00010686844050986315, 
                    -0.00010686844050986315, 
                    -0.00010686844050986315, 
                    -0.00010686844050986315, 
                    -0.00010686844050986315, 
                    -0.00010686844050986315, 
                    -0.00010686844050986315, 
                    -0.00010686844050986315, 
                    -0.00010686844050986315, 
                    -0.00010686844050986315, 
                    -0.00010686844050986315, 
                    -0.00010686844050986315, 
                    -0.00010686844050986315
                ]
            ], 
            "Flow Outlet 1001": [
                [
                    0.00010108411583804034, 
                    0.00010665639252659967, 
                    0.00010659386726892286, 
                    0.00010668131189183678, 
                    0.00010668914319266223, 
                    0.00010671071834126505, 
                    0.00010672029214659593, 
                    0.00010672487014494434, 
                    0.00010672395936582365, 
                    0.00010672415075455663, 
                    0.00010673238062093154, 
                    0.000106734101688219, 
                    0.00010671165588393893, 
                    0.000106662826563412, 
                    0.0001066037320625761, 
                    0.00010661897706993307, 
                    0.0001066779959882177, 
                    0.00010671140387644657, 
                    0.00010674306586254841, 
                    0.00010673473696252002, 
                    0.00010669417204760563, 
                    0.00010665138383046897, 
                    0.0001066676879696689, 
                    0.00010672511722322191, 
                    0.00010675187687137787, 
                    0.00010671759530697338, 
                    0.00010668877931745933, 
                    0.00010667787867537258
                ]
            ], 
            "Flow Outlet 1002": [
                0
            ]
        }
    ], 
    "Simulations_Parameters": [
        {
            "Dt": 0.06, 
            "SolverType(1:AMGCGL,2:AMGCL_NS_Solver,3:BICGSTABSolver)": 1, 
            "Config_conditions(1:V-P-P),(2:V-V-P)": 1, 
            "Time_vector": [
                0, 
                7.0
            ], 
            "AutomaticDeltaTime": true
        }
    ], 
    "Fluid Characteristic": [
        {
            "blood_density": 1050.0, 
            "blood_dynamic_viscosity": 0.0035, 
            "blood_kinematic_viscosity": 3.3333333333333333e-06
        }
    ],