{
    "Hemodynamic Parameters_1001_ABC": [
        {
            "B": -2411443413423.4297, 
            "C": 35852368.27390587, 
            "A": 155965208.35231113
        }
    ], 
    "Pressures": [
        {
            "Pressure Outlet 1002": [
                0
            ], 
            "Pressure Inlet": [
                [
                    1813.6024638355839, 
                    -756.1422274033138, 
                    209.71259672452533, 
                    -5.2677656075906665, 
                    57.359938517878774, 
                    59.63400587235199, 
                    76.5554824222367, 
                    80.56061160044723, 
                    73.16764142153389, 
                    69.12408177834503, 
                    79.97065728996954, 
                    94.43590602601093, 
                    94.12065402942848, 
                    87.57325046254327, 
                    86.5975009602172, 
                    88.80550645993179, 
                    88.16307057366751, 
                    82.53862916724528, 
                    78.76892822523058, 
                    83.77564246444275, 
                    87.91370809644732, 
                    87.1335411287947, 
                    85.80182258369959, 
                    85.01920707750908, 
                    86.81901663597235, 
                    87.79423800234977, 
                    90.15312854351045, 
                    95.84609008085874, 
                    96.32410629495381, 
                    89.54411637839758, 
                    87.35736374329836, 
                    89.14892773588718, 
                    92.63630671676661
                ]
            ], 
            "Pressure Outlet 1001": [
                [
                    0.0, 
                    0.0, 
                    0.0, 
                    0.0, 
                    0.0, 
                    0.0, 
                    0.0, 
                    0.0, 
                    0.0, 
                    0.0, 
                    0.0, 
                    0.0, 
                    0.0, 
                    0.0, 
                    0.0, 
                    0.0, 
                    0.0, 
                    0.0, 
                    0.0, 
                    0.0, 
                    0.0, 
                    0.0, 
                    0.0, 
                    0.0, 
                    0.0, 
                    0.0, 
                    0.0, 
                    0.0, 
                    0.0, 
                    0.0, 
                    0.0, 
                    0.0, 
                    0.0
                ]
            ]
        }
    ], 
    "Fluid Characteristic": [
        {
            "blood_kinematic_viscosity": 3.3333333333333333e-06, 
            "blood_dynamic_viscosity": 0.0035, 
            "blood_density": 1050.0
        }
    ], 
    "Bifurcation: ": [
        false
    ], 
    "Time": [
        {
            "Time": [
                0.05, 
                0.13269768676548122, 
                0.22445850314339855, 
                0.33598052785138227, 
                0.45541274930401116, 
                0.5889588486782532, 
                0.7413552194288057, 
                0.9393769168783872, 
                1.1809684335224717, 
                1.457055272068433, 
                1.7820078449148895, 
                2.150617519333081, 
                2.598524551767995, 
                2.6990240732773523, 
                2.8199317177710093, 
                2.9657301624382164, 
                3.1401339403434965, 
                3.329614867810521, 
                3.590443559774389, 
                3.901225519469613, 
                4.2678082528591785, 
                4.704672696140786, 
                4.806307447896516, 
                4.9295765020158315, 
                5.079601488184134, 
                5.256950059762627, 
                5.455221388742893, 
                5.682697438465142, 
                5.975832316801738, 
                6.347793746643008, 
                6.792733581219335, 
                6.892171208439195, 
                7.008662001474773
            ]
        }
    ], 
    "Hemodynamic Parameters_1001_AB": [
        {
            "B": 1248172849350.1633, 
            "A": -81373614.09848331
        }
    ], 
    "name": [
        "I:/PROYECTOS/ESTUDIANTES/Sergio/V1/GID\\Modelo_10_145.gid\\Modelo_10_145.json"
    ], 
    "Simulations_Parameters": [
        {
            "Config_conditions(1:V-P-P),(2:V-V-P)": 1, 
            "SolverType(1:AMGCGL,2:AMGCL_NS_Solver,3:BICGSTABSolver)": 1, 
            "Dt": 0.05, 
            "AutomaticDeltaTime": true, 
            "Time_vector": [
                0, 
                7.0
            ]
        }
    ], 
    "Flow": [
        {
            "Flow Outlet 1002": [
                0
            ], 
            "Flow Outlet 1001": [
                [
                    6.055700783160227e-05, 
                    6.429132230384179e-05, 
                    6.405959675019066e-05, 
                    6.413917755465462e-05, 
                    6.412698564006578e-05, 
                    6.413662901686215e-05, 
                    6.413673304769681e-05, 
                    6.413689834028815e-05, 
                    6.413586462300098e-05, 
                    6.413569994379472e-05, 
                    6.413544487617489e-05, 
                    6.41329477932096e-05, 
                    6.41220190060754e-05, 
                    6.411831224674761e-05, 
                    6.411534599921708e-05, 
                    6.411247823489617e-05, 
                    6.410376856938909e-05, 
                    6.408797126204938e-05, 
                    6.408357240055316e-05, 
                    6.410956047966689e-05, 
                    6.41294378382792e-05, 
                    6.412905376173281e-05, 
                    6.411923508212008e-05, 
                    6.411428610410703e-05, 
                    6.411070327867531e-05, 
                    6.410456698592297e-05, 
                    6.41004075667577e-05, 
                    6.410604776148169e-05, 
                    6.413108128376487e-05, 
                    6.414065622474461e-05, 
                    6.411202525138594e-05, 
                    6.410751310627989e-05, 
                    6.411168559500707e-05
                ]
            ],