{
    "Outlet 1001": [
        {
            "Reynolds(peak)": 2046.752643709868, 
            "Diameter": 0.019962588749112928, 
            "Reynolds(mean)": 2039.6097229557713, 
            "Centroid": [
                5.984660410938545e-05, 
                8.972251986735976e-05, 
                0.25
            ], 
            "Total_area_outlet": 0.00031298578738930133, 
            "Flow_outlet(mean)": 0.00010659420030289641, 
            "Flow_outlet(peak)": 0.00010696750403695907, 
            "Center Node": 574
        }
    ], 
    "Time": [
        {
            "Time": [
                0.06, 
                0.16052283459139227, 
                0.276886090293872, 
                0.4181261533844126, 
                0.5593662164749532, 
                0.7005410237136737, 
                0.8163241092820079, 
                0.9545355298898404, 
                1.0927469504976728, 
                1.2581368612148862, 
                1.4527791938407126, 
                1.6909683283534023, 
                1.9738575587221772, 
                2.3007007049683224, 
                2.6275438512144675, 
                2.9543869974606127, 
                3.281230143706758, 
                3.608073289952903, 
                3.9349164361990483, 
                4.261759582445194, 
                4.588602728691339, 
                4.915445874937484, 
                5.2422890211836295, 
                5.569132167429775, 
                5.89597531367592, 
                6.222818459922065, 
                6.54966160616821, 
                6.876504752414355, 
                7.203347898660501
            ]
        }
    ], 
    "name": [
        "I:/PROYECTOS/ESTUDIANTES/Sergio/V3/GID/berga\\Modelo_3_170.gid\\Modelo_3_170.json"
    ], 
    "Hemodynamic Parameters_1001_AB": [
        {
            "A": -163056218.88835114, 
            "B": 1521031054082.6177
        }
    ], 
    "Inlet": [
        {
            "Parabolic": true, 
            "Reynolds(peak)": -2044.8241889638314, 
            "Diameter": 0.01996268363257169, 
            "Total_area_inlet": 0.00031298876267923, 
            "Centroid": [
                -0.00010319409110340913, 
                -2.6215637677038762e-05, 
                -0.031420356708522716
            ], 
            "Reynolds(mean)": -2044.8241889638314, 
            "Flow_inlet(peak)": -0.00010686722696877216, 
            "Center Node": 67587, 
            "Flow_inlet(mean)": -0.00010686722696877216
        }
    ], 
    "Hemodynamic Parameters_1001_ABC": [
        {
            "A": 31393222.95907712, 
            "C": -69667103.73085922, 
            "B": -287917795775.8096
        }
    ], 
    "Pressures": [
        {
            "Pressure Inlet": [
                [
                    2551.225799368613, 
                    -1073.2996307776539, 
                    304.06143896195556, 
                    -1.1121270987533556, 
                    103.12632329647809, 
                    102.10016463318664, 
                    92.3887962306052, 
                    56.41449112521546, 
                    45.11189697442497, 
                    70.28573685026473, 
                    87.9855599968698, 
                    82.33239317111615, 
                    79.47252637668548, 
                    76.38462461667922, 
                    72.01748504312991, 
                    66.20062104081872, 
                    71.06020008638245, 
                    76.04805844742054, 
                    75.3465129581865, 
                    74.30774700644666, 
                    70.69892186079426, 
                    57.69669999758129, 
                    53.33485826847848, 
                    60.44950019207198, 
                    61.02895824403856, 
                    62.863819035936224, 
                    63.23877923403879, 
                    61.85050084566799, 
                    61.892021416763065
                ]
            ], 
            "Pressure Outlet 1001": [
                [
                    0.0, 
                    0.0, 
                    0.0, 
                    0.0, 
                    0.0, 
                    0.0, 
                    0.0, 
                    0.0, 
                    0.0, 
                    0.0, 
                    0.0, 
                    0.0, 
                    0.0, 
                    0.0, 
                    0.0, 
                    0.0, 
                    0.0, 
                    0.0, 
                    0.0, 
                    0.0, 
                    0.0, 
                    0.0, 
                    0.0, 
                    0.0, 
                    0.0, 
                    0.0, 
                    0.0, 
                    0.0, 
                    0.0
                ]
            ], 
            "Pressure Outlet 1002": [
                0
            ]
        }
    ], 
    "Bifurcation: ": [
        false
    ], 
    "Fluid Characteristic": [
        {
            "blood_dynamic_viscosity": 0.0035, 
            "blood_density": 1050.0, 
            "blood_kinematic_viscosity": 3.3333333333333333e-06
        }
    ], 
    "Flow": [
        {
            "Flow Inlet": [
                [
                    -0.00010686722696877216, 
                    -0.00010686722696877216, 
                    -0.00010686722696877216, 
                    -0.00010686722696877216, 
                    -0.00010686722696877216, 
                    -0.00010686722696877216, 
                    -0.00010686722696877216, 
                    -0.00010686722696877216, 
                    -0.00010686722696877216, 
                    -0.00010686722696877216, 
                    -0.00010686722696877216, 
                    -0.00010686722696877216, 
                    -0.00010686722696877216, 
                    -0.00010686722696877216, 
                    -0.00010686722696877216, 
                    -0.00010686722696877216, 
                    -0.00010686722696877216, 
                    -0.00010686722696877216, 
                    -0.00010686722696877216, 
                    -0.00010686722696877216, 
                    -0.00010686722696877216, 
                    -0.00010686722696877216, 
                    -0.00010686722696877216, 
                    -0.00010686722696877216, 
                    -0.00010686722696877216, 
                    -0.00010686722696877216, 
                    -0.00010686722696877216, 
                    -0.00010686722696877216, 
                    -0.00010686722696877216
                ]
            ], 
            "Flow Outlet 1001": [
                [
                    0.00010148634930636718, 
                    0.00010696750403695907, 
                    0.00010672827020299072, 
                    0.00010679420283327186, 
                    0.0001067768274431153, 
                    0.0001067818189818776, 
                    0.00010677947686402834, 
                    0.0001067800749632918, 
                    0.00010678197143216962, 
                    0.00010678646610832435, 
                    0.00010678642551386154, 
                    0.0001067568305672162, 
                    0.00010672001257434603, 
                    0.00010673326783907161, 
                    0.00010676661905622203, 
                    0.00010677784794923729, 
                    0.00010676932371345222, 
                    0.00010675664197793862, 
                    0.0001067561373336576, 
                    0.00010676383326984823, 
                    0.00010676741217667323, 
                    0.00010675554602423115, 
                    0.00010677527001466427, 
                    0.0001067813039706336, 
                    0.00010678503228421534, 
                    0.00010678661151895944, 
                    0.00010677783047188916, 
                    0.0001067809225118945, 
                    0.0001067719778435882
                ]
            ],