{
    "Hemodynamic Parameters_1001_AB": [
        {
            "A": -323056621.5548749, 
            "B": 3018393659249.131
        }
    ], 
    "Simulations_Parameters": [
        {
            "AutomaticDeltaTime": true, 
            "Time_vector": [
                0, 
                7.0
            ], 
            "Dt": 0.06, 
            "SolverType(1:AMGCGL,2:AMGCL_NS_Solver,3:BICGSTABSolver)": 1, 
            "Config_conditions(1:V-P-P),(2:V-V-P)": 1
        }
    ], 
    "Bifurcation: ": [
        false
    ], 
    "Outlet 1001": [
        {
            "Reynolds(peak)": 2045.4419123978932, 
            "Diameter": 0.019962587721366786, 
            "Reynolds(mean)": 2040.3250865783168, 
            "Flow_outlet(peak)": 0.00010689899701842192, 
            "Centroid": [
                2.1132281722222204e-05, 
                0.00012032486198441406, 
                0.26997999999999905
            ], 
            "Flow_outlet(mean)": 0.00010663158118778144, 
            "Total_area_outlet": 0.00031298575516202547, 
            "Center Node": 434
        }
    ], 
    "name": [
        "I:/PROYECTOS/ESTUDIANTES/Sergio/V3/GID\\Modelo_22_170_I.gid\\Modelo_22_170_I.json"
    ], 
    "Pressures": [
        {
            "Pressure Outlet 1002": [
                0
            ], 
            "Pressure Outlet 1001": [
                [
                    0.0, 
                    0.0, 
                    0.0, 
                    0.0, 
                    0.0, 
                    0.0, 
                    0.0, 
                    0.0, 
                    0.0, 
                    0.0, 
                    0.0, 
                    0.0, 
                    0.0, 
                    0.0, 
                    0.0, 
                    0.0, 
                    0.0, 
                    0.0, 
                    0.0, 
                    0.0, 
                    0.0, 
                    0.0, 
                    0.0, 
                    0.0, 
                    0.0, 
                    0.0, 
                    0.0, 
                    0.0, 
                    0.0, 
                    0.0, 
                    0.0, 
                    0.0, 
                    0.0, 
                    0.0, 
                    0.0, 
                    0.0, 
                    0.0
                ]
            ], 
            "Pressure Inlet": [
                [
                    2483.283234057777, 
                    -983.65014657895, 
                    274.02069562070375, 
                    5.10842108707933, 
                    89.5624557799334, 
                    97.95317083168803, 
                    122.59206593598073, 
                    131.75882437710055, 
                    126.16754774689284, 
                    95.62373302923608, 
                    74.78430014491941, 
                    110.83565062570193, 
                    142.98031114606755, 
                    140.57446282666967, 
                    113.77826708478301, 
                    115.71119521021893, 
                    111.74420617568089, 
                    74.43474215558564, 
                    46.43488087408147, 
                    41.957103927654494, 
                    57.050936334419355, 
                    63.961705602335215, 
                    72.59522199987235, 
                    73.96688024418093, 
                    73.52800839447004, 
                    66.37223497299472, 
                    57.59031811988877, 
                    60.266872692232184, 
                    69.08003932153915, 
                    74.23144593444025, 
                    69.82244790087026, 
                    62.57258305304956, 
                    62.23000473534378, 
                    61.86801962143732, 
                    63.29526169457679, 
                    63.889669050378174, 
                    65.12384230022451
                ]
            ]
        }
    ], 
    "Time": [
        {
            "Time": [
                0.06, 
                0.11912018461817828, 
                0.18101858572678414, 
                0.25055667949354465, 
                0.3293539147372687, 
                0.42045445537942605, 
                0.5296776948744623, 
                0.6609598277093622, 
                0.8187116749385206, 
                1.0080376094424937, 
                1.2352099962161767, 
                1.4623823829898597, 
                1.6895547697635427, 
                1.9621497520297546, 
                2.2892638565216052, 
                2.616377961013456, 
                2.9434920655053065, 
                3.270606169997157, 
                3.280606169997157, 
                3.285606169997157, 
                3.4491449363200526, 
                3.6126837026429484, 
                3.776234690391159, 
                3.939789550978362, 
                4.103345875717533, 
                4.266902563772852, 
                4.4304593396472125, 
                4.624272917182986, 
                4.847039014075708, 
                5.069805110968431, 
                5.35243154670995, 
                5.63505798245147, 
                5.91768441819299, 
                6.20031085393451, 
                6.48293728967603, 
                6.765563725417549, 
                7.048190161159069
            ]
        }
    ], 
    "Fluid Characteristic": [
        {
            "blood_dynamic_viscosity": 0.0035, 
            "blood_density": 1050.0, 
            "blood_kinematic_viscosity": 3.3333333333333333e-06
        }
    ], 
    "Flow": [
        {
            "Flow Inlet": [
                [
                    -0.00010688264435260294, 
                    -0.00010688264435260294, 
                    -0.00010688264435260294, 
                    -0.00010688264435260294, 
                    -0.00010688264435260294, 
                    -0.00010688264435260294, 
                    -0.00010688264435260294, 
                    -0.00010688264435260294, 
                    -0.00010688264435260294, 
                    -0.00010688264435260294, 
                    -0.00010688264435260294, 
                    -0.00010688264435260294, 
                    -0.00010688264435260294, 
                    -0.00010688264435260294, 
                    -0.00010688264435260294, 
                    -0.00010688264435260294, 
                    -0.00010688264435260294, 
                    -0.00010688264435260294, 
                    -0.00010688264435260294, 
                    -0.00010688264435260294, 
                    -0.00010688264435260294, 
                    -0.00010688264435260294, 
                    -0.00010688264435260294, 
                    -0.00010688264435260294, 
                    -0.00010688264435260294, 
                    -0.00010688264435260294, 
                    -0.00010688264435260294, 
                    -0.00010688264435260294, 
                    -0.00010688264435260294, 
                    -0.00010688264435260294, 
                    -0.00010688264435260294, 
                    -0.00010688264435260294, 
                    -0.00010688264435260294, 
                    -0.00010688264435260294, 
                    -0.00010688264435260294, 
                    -0.00010688264435260294, 
                    -0.00010688264435260294
                ]
            ], 
            "Flow Outlet 1002": [
                0
            ],