{
    "Inlet": [
        {
            "Center Node": 85702, 
            "Total_area_inlet": 0.00031298876267923, 
            "Reynolds(mean)": -2041.304378587741, 
            "Flow_inlet(peak)": -0.00010668327356271463, 
            "Parabolic": true, 
            "Flow_inlet(mean)": -0.00010668327356271463, 
            "Centroid": [
                -0.00010319409110340905, 
                -2.6215637677039877e-05, 
                -0.031420356708522716
            ], 
            "Reynolds(peak)": -2041.304378587741, 
            "Diameter": 0.01996268363257169
        }
    ], 
    "Time": [
        {
            "Time": [
                0.06, 
                0.16093294456738338, 
                0.2708217042405678, 
                0.4011657994404485, 
                0.5566956135074347, 
                0.7141894003219522, 
                0.8930398235849125, 
                1.09819797399253, 
                1.3184080265073173, 
                1.5386180790221045, 
                1.5486180790221042, 
                1.5536180790221041, 
                1.658553261240858, 
                1.7610098613157796, 
                1.8619037062214325, 
                1.9715682832337416, 
                2.0823616073961753, 
                2.1967830236237678, 
                2.3223687432574285, 
                2.4627361830784893, 
                2.631278873715636, 
                2.862542890595438, 
                2.872542890595438, 
                2.877542890595438, 
                2.9857209819479724, 
                3.0991679773978227, 
                3.200092575989565, 
                3.302657686626004, 
                3.416372326533612, 
                3.523051732161999, 
                3.659290669595727, 
                3.8002221139762073, 
                3.9887334154376424, 
                4.218202167697878, 
                4.504531150291427, 
                4.790860132884977, 
                4.800860132884977, 
                4.805860132884977, 
                4.933999545866384, 
                5.049001519094574, 
                5.196371987316623, 
                5.343686964888406, 
                5.484108642583189, 
                5.639792145687715, 
                5.786364244897396, 
                5.970756029627984, 
                6.218565737253341, 
                6.466375444878698, 
                6.714185152504054, 
                7.0062515724029995
            ]
        }
    ], 
    "Pressures": [
        {
            "Pressure Outlet 1001": [
                [
                    0.0, 
                    0.0, 
                    0.0, 
                    0.0, 
                    0.0, 
                    0.0, 
                    0.0, 
                    0.0, 
                    0.0, 
                    0.0, 
                    0.0, 
                    0.0, 
                    0.0, 
                    0.0, 
                    0.0, 
                    0.0, 
                    0.0, 
                    0.0, 
                    0.0, 
                    0.0, 
                    0.0, 
                    0.0, 
                    0.0, 
                    0.0, 
                    0.0, 
                    0.0, 
                    0.0, 
                    0.0, 
                    0.0, 
                    0.0, 
                    0.0, 
                    0.0, 
                    0.0, 
                    0.0, 
                    0.0, 
                    0.0, 
                    0.0, 
                    0.0, 
                    0.0, 
                    0.0, 
                    0.0, 
                    0.0, 
                    0.0, 
                    0.0, 
                    0.0, 
                    0.0, 
                    0.0, 
                    0.0, 
                    0.0, 
                    0.0
                ]
            ], 
            "Pressure Inlet": [
                [
                    2890.926148639292, 
                    -1187.6898935141792, 
                    399.36326015279224, 
                    89.74763564251128, 
                    243.20064411782855, 
                    271.342913246184, 
                    309.48293622695655, 
                    318.3663280438679, 
                    332.737666043172, 
                    328.2710267322581, 
                    356.7562141501758, 
                    353.8328938148518, 
                    333.87987468066615, 
                    333.5061232122086, 
                    324.4997585192362, 
                    333.71371020964756, 
                    362.56153415081775, 
                    384.4441097821183, 
                    372.9886002838646, 
                    341.1980754512143, 
                    319.50707769395115, 
                    297.614391274937, 
                    293.86222238284915, 
                    290.80124569081255, 
                    296.6885652410796, 
                    323.8656751057059, 
                    331.9276422393539, 
                    324.87139007947076, 
                    320.3285090580887, 
                    324.5740219190528, 
                    333.33475280903025, 
                    340.84680229320895, 
                    353.49900967468955, 
                    355.29571614978715, 
                    333.23290552830986, 
                    309.9129484597971, 
                    325.95043457325045, 
                    328.1817810160748, 
                    335.71384818076035, 
                    320.5111691034473, 
                    333.3840756496139, 
                    351.17495625307845, 
                    353.0995922722948, 
                    368.8655571292102, 
                    377.4467558233012, 
                    327.0767185424967, 
                    303.00352541250686, 
                    309.88456477344926, 
                    323.64772591783253, 
                    353.42298711530043
                ]
            ], 
            "Pressure Outlet 1002": [
                0
            ]
        }
    ], 
    "Bifurcation: ": [
        false
    ],