{
    "Outlet 1001": [
        {
            "Centroid": [
                1.234316127888889e-05, 
                9.513770873552552e-05, 
                0.26997999999999905
            ], 
            "Reynolds(peak)": 2043.4939636045922, 
            "Diameter": 0.019962587721368066, 
            "Reynolds(mean)": 2038.6804542579746, 
            "Flow_outlet(peak)": 0.00010679719321212902, 
            "Center Node": 441, 
            "Total_area_outlet": 0.00031298575516206564, 
            "Flow_outlet(mean)": 0.00010654562932357595
        }
    ], 
    "name": [
        "I:/PROYECTOS/ESTUDIANTES/Sergio/V3/GID/berga\\Modelo_4_120_I.gid\\Modelo_4_120_I.json"
    ], 
    "Time": [
        {
            "Time": [
                0.06, 
                0.13805679556854553, 
                0.22297539793837473, 
                0.32101457865309724, 
                0.43488458840878885, 
                0.5527239290904916, 
                0.7066856404878632, 
                0.8754470027891084, 
                1.0793478749012075, 
                1.089347874901207, 
                1.094347874901207, 
                1.2150783648898944, 
                1.3231476517516974, 
                1.4440456437193692, 
                1.566474974567316, 
                1.6897174095398262, 
                1.812914865035013, 
                1.9616617319139245, 
                2.138305358607133, 
                2.3506615272728704, 
                2.5829248155320146, 
                2.815188103791159, 
                3.118735188465915, 
                3.4783484016412984, 
                3.837961614816682, 
                3.8479616148166818, 
                3.8529616148166816, 
                4.033589812805133, 
                4.215077613510573, 
                4.3942076180523975, 
                4.573039759467631, 
                4.755404624616774, 
                4.938174539974255, 
                5.154643659340766, 
                5.417569641406888, 
                5.735236768160723, 
                6.052903894914558, 
                6.370571021668393, 
                6.688238148422228, 
                7.065213708180827
            ]
        }
    ], 
    "Simulations_Parameters": [
        {
            "SolverType(1:AMGCGL,2:AMGCL_NS_Solver,3:BICGSTABSolver)": 1, 
            "Time_vector": [
                0, 
                7.0
            ], 
            "Config_conditions(1:V-P-P),(2:V-V-P)": 1, 
            "AutomaticDeltaTime": true, 
            "Dt": 0.06
        }
    ], 
    "Bifurcation: ": [
        false
    ], 
    "Flow": [
        {
            "Flow Outlet 1002": [
                0
            ], 
            "Flow Outlet 1001": [
                [
                    0.0001013777763612313, 
                    0.00010679719321212902, 
                    0.00010663244321155943, 
                    0.00010672992914370998, 
                    0.0001067292405620948, 
                    0.00010674043791602543, 
                    0.000106738597180272, 
                    0.00010673602821419808, 
                    0.00010673339792128697, 
                    0.00010673002095630428, 
                    0.0001067280851974091, 
                    0.0001067258648789244, 
                    0.0001067106794438425, 
                    0.00010669478979454917, 
                    0.00010669681590041413, 
                    0.00010671337616129163, 
                    0.00010671873976834538, 
                    0.00010669334208544583, 
                    0.00010665297950684892, 
                    0.00010665263725108677, 
                    0.00010668535648732669, 
                    0.00010666475053819418, 
                    0.00010662749017556513, 
                    0.00010665461058788329, 
                    0.00010666967191176408, 
                    0.00010667205086892646, 
                    0.00010667244614710931, 
                    0.00010668424332734534, 
                    0.0001067012931398831, 
                    0.00010670847409841832, 
                    0.00010666542408895075, 
                    0.00010662514080424506, 
                    0.00010664131679210553, 
                    0.00010666352262754972, 
                    0.00010670204654801721, 
                    0.00010669629493433494, 
                    0.00010664375778394272, 
                    0.00010651070556792733, 
                    0.00010644667394553525, 
                    0.00010655752790104458
                ]
            ], 
            "Flow Inlet": [
                [
                    -0.00010686766848003792, 
                    -0.00010686766848003792, 
                    -0.00010686766848003792, 
                    -0.00010686766848003792, 
                    -0.00010686766848003792, 
                    -0.00010686766848003792, 
                    -0.00010686766848003792, 
                    -0.00010686766848003792, 
                    -0.00010686766848003792, 
                    -0.00010686766848003792, 
                    -0.00010686766848003792, 
                    -0.00010686766848003792, 
                    -0.00010686766848003792, 
                    -0.00010686766848003792, 
                    -0.00010686766848003792, 
                    -0.00010686766848003792, 
                    -0.00010686766848003792, 
                    -0.00010686766848003792, 
                    -0.00010686766848003792, 
                    -0.00010686766848003792, 
                    -0.00010686766848003792, 
                    -0.00010686766848003792, 
                    -0.00010686766848003792, 
                    -0.00010686766848003792, 
                    -0.00010686766848003792, 
                    -0.00010686766848003792, 
                    -0.00010686766848003792, 
                    -0.00010686766848003792, 
                    -0.00010686766848003792, 
                    -0.00010686766848003792, 
                    -0.00010686766848003792, 
                    -0.00010686766848003792, 
                    -0.00010686766848003792, 
                    -0.00010686766848003792, 
                    -0.00010686766848003792, 
                    -0.00010686766848003792, 
                    -0.00010686766848003792, 
                    -0.00010686766848003792, 
                    -0.00010686766848003792, 
                    -0.00010686766848003792
                ]
            ]
        }
    ], 
    "Inlet": [
        {
            "Centroid": [
                -0.00010319409110340905, 
                -2.6215637677039877e-05, 
                -0.031420356708522716
            ], 
            "Flow_inlet(mean)": -0.00010686766848003792, 
            "Reynolds(peak)": -2044.8326369505671, 
            "Diameter": 0.01996268363257169, 
            "Reynolds(mean)": -2044.8326369505671, 
            "Flow_inlet(peak)": -0.00010686766848003792, 
            "Center Node": 78038, 
            "Parabolic": true, 
            "Total_area_inlet": 0.00031298876267923
        }
    ], 
    "Hemodynamic Parameters_1001_ABC": [
        {
            "A": -51173054.67050111, 
            "C": -6009962.242491007, 
            "B": 508817583769.25195
        }
    ],