{
    "Outlet 1001": [
        {
            "Total_area_outlet": 0.00031298575517405973, 
            "Centroid": [
                8.330871757666676e-05, 
                0.00013302512240608139, 
                0.289990000000001
            ], 
            "Reynolds(mean)": 2045.963544047851, 
            "Flow_outlet(mean)": 0.00010692625856227719, 
            "Reynolds(peak)": 2053.3160432700997, 
            "Flow_outlet(peak)": 0.0001073105152784852, 
            "Center Node": 397, 
            "Diameter": 0.019962587721750566
        }
    ], 
    "Inlet": [
        {
            "Parabolic": true, 
            "Flow_inlet(peak)": -0.00010714447562224973, 
            "Center Node": 189036, 
            "Centroid": [
                -0.00010319409110340905, 
                -2.6215637677039877e-05, 
                -0.031420356708522716
            ], 
            "Reynolds(mean)": -2050.1291338853857, 
            "Reynolds(peak)": -2050.1291338853857, 
            "Flow_inlet(mean)": -0.00010714447562224973, 
            "Total_area_inlet": 0.00031298876267923, 
            "Diameter": 0.01996268363257169
        }
    ], 
    "Flow": [
        {
            "Flow Inlet": [
                [
                    -0.00010714447562224973, 
                    -0.00010714447562224973, 
                    -0.00010714447562224973, 
                    -0.00010714447562224973, 
                    -0.00010714447562224973, 
                    -0.00010714447562224973, 
                    -0.00010714447562224973, 
                    -0.00010714447562224973, 
                    -0.00010714447562224973, 
                    -0.00010714447562224973, 
                    -0.00010714447562224973, 
                    -0.00010714447562224973, 
                    -0.00010714447562224973, 
                    -0.00010714447562224973, 
                    -0.00010714447562224973, 
                    -0.00010714447562224973, 
                    -0.00010714447562224973, 
                    -0.00010714447562224973, 
                    -0.00010714447562224973, 
                    -0.00010714447562224973, 
                    -0.00010714447562224973, 
                    -0.00010714447562224973, 
                    -0.00010714447562224973, 
                    -0.00010714447562224973, 
                    -0.00010714447562224973, 
                    -0.00010714447562224973, 
                    -0.00010714447562224973, 
                    -0.00010714447562224973, 
                    -0.00010714447562224973, 
                    -0.00010714447562224973, 
                    -0.00010714447562224973, 
                    -0.00010714447562224973, 
                    -0.00010714447562224973, 
                    -0.00010714447562224973, 
                    -0.00010714447562224973, 
                    -0.00010714447562224973, 
                    -0.00010714447562224973, 
                    -0.00010714447562224973, 
                    -0.00010714447562224973, 
                    -0.00010714447562224973, 
                    -0.00010714447562224973, 
                    -0.00010714447562224973, 
                    -0.00010714447562224973, 
                    -0.00010714447562224973
                ]
            ], 
            "Flow Outlet 1001": [
                [
                    0.00010170803221296196, 
                    0.0001073105152784852, 
                    0.00010699975376475002, 
                    0.00010707836047893255, 
                    0.00010705747153248451, 
                    0.00010706177778506514, 
                    0.0001070562740697535, 
                    0.0001070560190256657, 
                    0.00010706049389033752, 
                    0.00010705983624513925, 
                    0.00010705966172989437, 
                    0.00010705976745253249, 
                    0.00010705988517616486, 
                    0.00010705990676100559, 
                    0.00010706035587534342, 
                    0.00010706159152131904, 
                    0.00010706402716468062, 
                    0.00010706372615405865, 
                    0.00010705997005595999, 
                    0.00010706416094038964, 
                    0.00010705494072331075, 
                    0.00010701077200427897, 
                    0.00010696062305898755, 
                    0.00010698224328921527, 
                    0.00010701847087292996, 
                    0.00010700884969046717, 
                    0.00010700579020561861, 
                    0.00010700426370762522, 
                    0.00010699412417150058, 
                    0.0001070056375078245, 
                    0.00010702613776854237, 
                    0.00010704029256311842, 
                    0.00010704453106928562, 
                    0.00010704804593989175, 
                    0.00010705371946372356, 
                    0.0001070606268042916, 
                    0.00010705738942994431, 
                    0.00010704911255010218, 
                    0.00010704684505937362, 
                    0.00010703062974180086, 
                    0.00010703515601164826, 
                    0.00010705506673959438, 
                    0.00010705639746075318, 
                    0.00010704412379144345
                ]
            ], 
            "Flow Outlet 1002": [
                0
            ]
        }
    ], 
    "Simulations_Parameters": [
        {
            "Time_vector": [
                0, 
                7.0
            ], 
            "SolverType(1:AMGCGL,2:AMGCL_NS_Solver,3:BICGSTABSolver)": 1, 
            "AutomaticDeltaTime": true, 
            "Dt": 0.06, 
            "Config_conditions(1:V-P-P),(2:V-V-P)": 1
        }
    ], 
    "name": [
        "I:/PROYECTOS/ESTUDIANTES/Sergio/V3/GID/berga\\Modelo_26_170.gid\\Modelo_26_170.json"
    ], 
    "Hemodynamic Parameters_1001_AB": [
        {
            "A": -319867527.63445497, 
            "B": 2979118690277.8496
        }
    ], 
    "Pressures": [
        {
            "Pressure Outlet 1001": [
                [
                    0.0, 
                    0.0, 
                    0.0, 
                    0.0, 
                    0.0, 
                    0.0, 
                    0.0, 
                    0.0, 
                    0.0, 
                    0.0, 
                    0.0, 
                    0.0, 
                    0.0, 
                    0.0, 
                    0.0, 
                    0.0, 
                    0.0, 
                    0.0, 
                    0.0, 
                    0.0, 
                    0.0, 
                    0.0, 
                    0.0, 
                    0.0, 
                    0.0, 
                    0.0, 
                    0.0, 
                    0.0, 
                    0.0, 
                    0.0, 
                    0.0, 
                    0.0, 
                    0.0, 
                    0.0, 
                    0.0, 
                    0.0, 
                    0.0, 
                    0.0, 
                    0.0, 
                    0.0, 
                    0.0, 
                    0.0, 
                    0.0, 
                    0.0
                ]
            ],