{
    "Flow": [
        {
            "Flow Outlet 1002": [
                0
            ], 
            "Flow Outlet 1001": [
                [
                    0.0001010413702563723, 
                    0.00010684615730978308, 
                    0.00010675558260030074, 
                    0.00010682533287628687, 
                    0.00010682130939885342, 
                    0.00010683476400035675, 
                    0.00010683755477445178, 
                    0.00010683718347109302, 
                    0.00010683549486869538, 
                    0.00010683657304654509, 
                    0.0001068392390235393, 
                    0.00010683891873634145, 
                    0.00010684180040582735, 
                    0.00010684515070265582, 
                    0.00010684868310137145, 
                    0.00010685205894867152, 
                    0.00010685686531821473, 
                    0.00010686091985380961, 
                    0.00010685959642327507, 
                    0.00010685356718828878, 
                    0.00010685019777815073, 
                    0.00010685145112884363, 
                    0.00010685038476268979, 
                    0.00010683574156048366, 
                    0.00010681008983734316, 
                    0.00010679722333944767, 
                    0.00010680758812676725, 
                    0.00010682979492491141, 
                    0.00010685157223602104, 
                    0.00010685763732807715, 
                    0.00010684704810944814, 
                    0.0001068392638078107, 
                    0.00010683991722154275, 
                    0.00010684550547640281, 
                    0.00010685370995308764, 
                    0.00010686040511590964, 
                    0.00010686173972312068, 
                    0.00010685766786676422, 
                    0.00010685183694340875
                ]
            ], 
            "Flow Inlet": [
                [
                    -0.00010693930351104376, 
                    -0.00010693930351104376, 
                    -0.00010693930351104376, 
                    -0.00010693930351104376, 
                    -0.00010693930351104376, 
                    -0.00010693930351104376, 
                    -0.00010693930351104376, 
                    -0.00010693930351104376, 
                    -0.00010693930351104376, 
                    -0.00010693930351104376, 
                    -0.00010693930351104376, 
                    -0.00010693930351104376, 
                    -0.00010693930351104376, 
                    -0.00010693930351104376, 
                    -0.00010693930351104376, 
                    -0.00010693930351104376, 
                    -0.00010693930351104376, 
                    -0.00010693930351104376, 
                    -0.00010693930351104376, 
                    -0.00010693930351104376, 
                    -0.00010693930351104376, 
                    -0.00010693930351104376, 
                    -0.00010693930351104376, 
                    -0.00010693930351104376, 
                    -0.00010693930351104376, 
                    -0.00010693930351104376, 
                    -0.00010693930351104376, 
                    -0.00010693930351104376, 
                    -0.00010693930351104376, 
                    -0.00010693930351104376, 
                    -0.00010693930351104376, 
                    -0.00010693930351104376, 
                    -0.00010693930351104376, 
                    -0.00010693930351104376, 
                    -0.00010693930351104376, 
                    -0.00010693930351104376, 
                    -0.00010693930351104376, 
                    -0.00010693930351104376, 
                    -0.00010693930351104376
                ]
            ]
        }
    ], 
    "Simulations_Parameters": [
        {
            "AutomaticDeltaTime": true, 
            "Dt": 0.06, 
            "Config_conditions(1:V-P-P),(2:V-V-P)": 1, 
            "SolverType(1:AMGCGL,2:AMGCL_NS_Solver,3:BICGSTABSolver)": 1, 
            "Time_vector": [
                0, 
                7.0
            ]
        }
    ], 
    "Fluid Characteristic": [
        {
            "blood_kinematic_viscosity": 3.3333333333333333e-06, 
            "blood_density": 1050.0, 
            "blood_dynamic_viscosity": 0.0035
        }
    ], 
    "Inlet": [
        {
            "Center Node": 159422, 
            "Flow_inlet(mean)": -0.00010693930351104376, 
            "Flow_inlet(peak)": -0.00010693930351104376, 
            "Centroid": [
                -3.3604863475000125e-05, 
                0.00014829468829999918, 
                -3.7547147156816667e-17
            ], 
            "Total_area_inlet": 0.0003129858587362686, 
            "Reynolds(mean)": -2046.2128120218183, 
            "Reynolds(peak)": -2046.2128120218183, 
            "Diameter": 0.01996259102440807, 
            "Parabolic": true
        }
    ], 
    "Hemodynamic Parameters_1001_AB": [
        {
            "B": 2305409074484.032, 
            "A": -246806453.86586887
        }
    ], 
    "Hemodynamic Parameters_1001_ABC": [
        {
            "C": -18605013.830199867, 
            "B": -2041587645248.1963, 
            "A": 218620827.3512003
        }
    ], 
    "Pressures": [
        {
            "Pressure Outlet 1002": [
                0
            ], 
            "Pressure Outlet 1001": [
                [
                    0.0, 
                    0.0, 
                    0.0, 
                    0.0, 
                    0.0, 
                    0.0, 
                    0.0, 
                    0.0, 
                    0.0, 
                    0.0, 
                    0.0, 
                    0.0, 
                    0.0, 
                    0.0, 
                    0.0, 
                    0.0, 
                    0.0, 
                    0.0, 
                    0.0, 
                    0.0, 
                    0.0, 
                    0.0, 
                    0.0, 
                    0.0, 
                    0.0, 
                    0.0, 
                    0.0, 
                    0.0, 
                    0.0, 
                    0.0, 
                    0.0, 
                    0.0, 
                    0.0, 
                    0.0, 
                    0.0, 
                    0.0, 
                    0.0, 
                    0.0, 
                    0.0
                ]
            ],