{
    "Bifurcation: ": [
        false
    ], 
    "Outlet 1001": [
        {
            "Reynolds(peak)": 2046.0635080315142, 
            "Diameter": 0.019962588749576307, 
            "Center Node": 575, 
            "Total_area_outlet": 0.0003129857874038317, 
            "Flow_outlet(peak)": 0.00010693148839110048, 
            "Flow_outlet(mean)": 0.00010647199442708232, 
            "Centroid": [
                4.244701675161117e-05, 
                0.00012423521172042916, 
                0.25
            ], 
            "Reynolds(mean)": 2037.2713940706599
        }
    ], 
    "Flow": [
        {
            "Flow Inlet": [
                [
                    -0.00010687856023826603, 
                    -0.00010687856023826603, 
                    -0.00010687856023826603, 
                    -0.00010687856023826603, 
                    -0.00010687856023826603, 
                    -0.00010687856023826603, 
                    -0.00010687856023826603, 
                    -0.00010687856023826603, 
                    -0.00010687856023826603, 
                    -0.00010687856023826603, 
                    -0.00010687856023826603, 
                    -0.00010687856023826603, 
                    -0.00010687856023826603, 
                    -0.00010687856023826603, 
                    -0.00010687856023826603, 
                    -0.00010687856023826603, 
                    -0.00010687856023826603, 
                    -0.00010687856023826603, 
                    -0.00010687856023826603
                ]
            ], 
            "Flow Outlet 1002": [
                0
            ], 
            "Flow Outlet 1001": [
                [
                    0.00010142278637719279, 
                    0.00010693148839110048, 
                    0.00010672351647820551, 
                    0.00010679239453942632, 
                    0.00010678103731984422, 
                    0.00010678697426712202, 
                    0.00010678438784426624, 
                    0.00010678396598913463, 
                    0.00010678484207321106, 
                    0.0001067841154396917, 
                    0.0001067625124193288, 
                    0.00010669517348345264, 
                    0.0001066917197699852, 
                    0.00010673069072513195, 
                    0.00010665394096977077, 
                    0.00010656646183361169, 
                    0.00010674326900342062, 
                    0.00010677211740425338, 
                    0.00010677649978641406
                ]
            ]
        }
    ], 
    "Hemodynamic Parameters_1001_ABC": [
        {
            "C": 55807001.427179106, 
            "B": -1953218513451.3948, 
            "A": 210605034.21067297
        }
    ], 
    "Hemodynamic Parameters_1001_AB": [
        {
            "B": 2555602172669.7383, 
            "A": -274834569.2410844
        }
    ], 
    "Time": [
        {
            "Time": [
                0.06, 
                0.13109551777142966, 
                0.2120770247980621, 
                0.3106879810027116, 
                0.42820445699191945, 
                0.5689182060035899, 
                0.7395859634222302, 
                0.9200720919575984, 
                1.1221210940925406, 
                1.357534298922537, 
                1.6801602476107707, 
                2.0422916228765606, 
                2.5142693031679557, 
                3.032864924304637, 
                3.6366798525869206, 
                4.301692546885798, 
                5.240211566832004, 
                6.240211566832004, 
                7.240211566832004
            ]
        }
    ], 
    "name": [
        "I:/PROYECTOS/ESTUDIANTES/Sergio/V3/GID/berga\\Modelo_21_145.gid\\Modelo_21_145.json"
    ], 
    "Inlet": [
        {
            "Reynolds(peak)": -2045.041042570484, 
            "Diameter": 0.01996268363257169, 
            "Parabolic": true, 
            "Center Node": 142052, 
            "Total_area_inlet": 0.00031298876267923, 
            "Centroid": [
                -0.00010319409110340915, 
                -2.62156376770396e-05, 
                -0.031420356708522716
            ], 
            "Flow_inlet(mean)": -0.00010687856023826603, 
            "Reynolds(mean)": -2045.041042570484, 
            "Flow_inlet(peak)": -0.00010687856023826603
        }
    ], 
    "Pressures": [
        {
            "Pressure Inlet": [
                [
                    2429.27701418898, 
                    -970.6355816319042, 
                    299.2293314799835, 
                    47.943857321437214, 
                    172.07847084782884, 
                    210.7358874275423, 
                    238.15291184211833, 
                    224.83563547453744, 
                    219.84285296054267, 
                    248.77322904836328, 
                    253.44120730874715, 
                    236.98845364725497, 
                    228.2697117558522, 
                    255.7828003789188, 
                    245.90273275240952, 
                    242.14070843971805, 
                    227.03767391268704, 
                    216.23606535444156, 
                    218.49896205649043
                ]
            ], 
            "Pressure Outlet 1002": [
                0
            ], 
            "Pressure Outlet 1001": [
                [
                    0.0, 
                    0.0, 
                    0.0, 
                    0.0, 
                    0.0, 
                    0.0, 
                    0.0, 
                    0.0, 
                    0.0, 
                    0.0, 
                    0.0, 
                    0.0, 
                    0.0, 
                    0.0, 
                    0.0, 
                    0.0, 
                    0.0, 
                    0.0, 
                    0.0
                ]
            ]
        }
    ], 
    "Simulations_Parameters": [
        {
            "Time_vector": [
                0, 
                7.0
            ], 
            "Config_conditions(1:V-P-P),(2:V-V-P)": 1, 
            "AutomaticDeltaTime": true, 
            "SolverType(1:AMGCGL,2:AMGCL_NS_Solver,3:BICGSTABSolver)": 1, 
            "Dt": 0.06
        }
    ], 
    "Fluid Characteristic": [
        {
            "blood_dynamic_viscosity": 0.0035, 
            "blood_kinematic_viscosity": 3.3333333333333333e-06, 
            "blood_density": 1050.0
        }
    ]
}