{
    "Inlet": [
        {
            "Parabolic": true, 
            "Total_area_inlet": 0.00031298876267923, 
            "Flow_inlet(mean)": -0.00010705905946692048, 
            "Centroid": [
                -0.00010319409110340905, 
                -2.6215637677039877e-05, 
                -0.031420356708522716
            ], 
            "Center Node": 91126, 
            "Diameter": 0.01996268363257169, 
            "Reynolds(peak)": -2048.4947598541726, 
            "Flow_inlet(peak)": -0.00010705905946692048, 
            "Reynolds(mean)": -2048.4947598541726
        }
    ], 
    "Hemodynamic Parameters_1001_AB": [
        {
            "A": -45338579.303475924, 
            "B": 406541952067.81726
        }
    ], 
    "Pressures": [
        {
            "Pressure Inlet": [
                [
                    2541.195491126929, 
                    -1008.2932215843025, 
                    306.7933703876229, 
                    38.65628918601861, 
                    146.23866120007523, 
                    173.12876592557842, 
                    214.1398206253585, 
                    235.4392293773935, 
                    234.43888428049885, 
                    216.83556182130266, 
                    194.91620098752492, 
                    202.33601280250983, 
                    209.34138221085718, 
                    174.63859804547235, 
                    179.58072362038914, 
                    177.97630544115424, 
                    174.62406235290342, 
                    171.19889922277352, 
                    191.7612166912274, 
                    215.033539933984, 
                    207.24241310184536, 
                    209.2218315886239, 
                    218.2695168593147, 
                    225.92762782440076, 
                    216.3437136990969, 
                    201.24187287513757, 
                    193.37898236905005, 
                    194.90148547724596, 
                    205.65652530123057, 
                    201.85676953754222, 
                    205.5256630343963, 
                    200.59685859664376, 
                    198.94538676139905, 
                    176.38660445768852, 
                    192.78243210458209, 
                    184.87731049294737, 
                    188.20306273823425, 
                    202.08806849945046, 
                    203.25829748227045, 
                    203.78961134851227, 
                    187.95746302258308, 
                    203.2017205556747
                ]
            ], 
            "Pressure Outlet 1002": [
                0
            ], 
            "Pressure Outlet 1001": [
                [
                    0.0, 
                    0.0, 
                    0.0, 
                    0.0, 
                    0.0, 
                    0.0, 
                    0.0, 
                    0.0, 
                    0.0, 
                    0.0, 
                    0.0, 
                    0.0, 
                    0.0, 
                    0.0, 
                    0.0, 
                    0.0, 
                    0.0, 
                    0.0, 
                    0.0, 
                    0.0, 
                    0.0, 
                    0.0, 
                    0.0, 
                    0.0, 
                    0.0, 
                    0.0, 
                    0.0, 
                    0.0, 
                    0.0, 
                    0.0, 
                    0.0, 
                    0.0, 
                    0.0, 
                    0.0, 
                    0.0, 
                    0.0, 
                    0.0, 
                    0.0, 
                    0.0, 
                    0.0, 
                    0.0, 
                    0.0
                ]
            ]
        }
    ], 
    "Hemodynamic Parameters_1001_ABC": [
        {
            "A": 1116814.1918013468, 
            "B": 6975002129.584045, 
            "C": -16509807.980583029
        }
    ], 
    "Fluid Characteristic": [
        {
            "blood_density": 1050.0, 
            "blood_kinematic_viscosity": 3.3333333333333333e-06, 
            "blood_dynamic_viscosity": 0.0035
        }
    ], 
    "Flow": [
        {
            "Flow Outlet 1002": [
                0
            ], 
            "Flow Outlet 1001": [
                [
                    0.00010164950326175668, 
                    0.00010706467568529926, 
                    0.00010689508314054341, 
                    0.00010696906979278625, 
                    0.00010696379998193538, 
                    0.00010697424599818643, 
                    0.00010697335426536208, 
                    0.00010697223021672179, 
                    0.00010697141088436489, 
                    0.00010697142340167313, 
                    0.000106967060831158, 
                    0.00010697369966810939, 
                    0.00010699031790707442, 
                    0.00010696927406203703, 
                    0.00010692434385725487, 
                    0.00010691904417758466, 
                    0.00010693476994735508, 
                    0.00010693524874651846, 
                    0.0001069488050220171, 
                    0.00010696459463601836, 
                    0.0001069650853103075, 
                    0.00010696739338253475, 
                    0.00010694576624543822, 
                    0.00010686139246203884, 
                    0.00010681664284581333, 
                    0.00010687362306202975, 
                    0.00010695178822900832, 
                    0.00010695899024502282, 
                    0.00010693699788222872, 
                    0.00010694212744754786, 
                    0.00010693813829082694, 
                    0.00010693529426414264, 
                    0.00010693265378300081, 
                    0.00010693854193205294, 
                    0.00010696033160871307, 
                    0.00010696350530172002, 
                    0.00010698079657962465, 
                    0.00010697019832962058, 
                    0.0001069674602151905, 
                    0.00010699545802429234, 
                    0.00010696541801611343, 
                    0.00010694778718599646
                ]
            ],