{
    "Hemodynamic Parameters_1001_ABC": [
        {
            "C": 77166719.301633, 
            "B": 322705250437.9209, 
            "A": -33784837.68889755
        }
    ], 
    "Simulations_Parameters": [
        {
            "Config_conditions(1:V-P-P),(2:V-V-P)": 1, 
            "AutomaticDeltaTime": true, 
            "Dt": 0.06, 
            "Time_vector": [
                0, 
                7.0
            ], 
            "SolverType(1:AMGCGL,2:AMGCL_NS_Solver,3:BICGSTABSolver)": 1
        }
    ], 
    "Hemodynamic Parameters_1001_AB": [
        {
            "B": -1100583241471.53, 
            "A": 117048474.10901555
        }
    ], 
    "Fluid Characteristic": [
        {
            "blood_kinematic_viscosity": 3.3333333333333333e-06, 
            "blood_density": 1050.0, 
            "blood_dynamic_viscosity": 0.0035
        }
    ], 
    "name": [
        "I:/PROYECTOS/ESTUDIANTES/Sergio/V3/GID/berga\\Modelo_20_170.gid\\Modelo_20_170.json"
    ], 
    "Flow": [
        {
            "Flow Inlet": [
                [
                    -0.00010716937455890656, 
                    -0.00010716937455890656, 
                    -0.00010716937455890656, 
                    -0.00010716937455890656, 
                    -0.00010716937455890656, 
                    -0.00010716937455890656, 
                    -0.00010716937455890656, 
                    -0.00010716937455890656, 
                    -0.00010716937455890656, 
                    -0.00010716937455890656, 
                    -0.00010716937455890656, 
                    -0.00010716937455890656, 
                    -0.00010716937455890656, 
                    -0.00010716937455890656, 
                    -0.00010716937455890656, 
                    -0.00010716937455890656, 
                    -0.00010716937455890656, 
                    -0.00010716937455890656, 
                    -0.00010716937455890656, 
                    -0.00010716937455890656, 
                    -0.00010716937455890656, 
                    -0.00010716937455890656, 
                    -0.00010716937455890656, 
                    -0.00010716937455890656, 
                    -0.00010716937455890656, 
                    -0.00010716937455890656, 
                    -0.00010716937455890656, 
                    -0.00010716937455890656
                ]
            ], 
            "Flow Outlet 1001": [
                [
                    0.0001017395676732763, 
                    0.00010709100862436406, 
                    0.00010695603852004787, 
                    0.00010704394568586112, 
                    0.00010704247357296723, 
                    0.00010705215725774375, 
                    0.00010704919479626457, 
                    0.00010704843511356793, 
                    0.00010705229272441795, 
                    0.00010706080309295398, 
                    0.00010707199613604634, 
                    0.00010707591726016026, 
                    0.00010705252820418577, 
                    0.00010705332546199991, 
                    0.00010705641326679878, 
                    0.0001070303756517839, 
                    0.00010701064607033767, 
                    0.00010701126933903318, 
                    0.00010702688612121608, 
                    0.00010702090600136601, 
                    0.00010701046153057959, 
                    0.00010700560951269778, 
                    0.00010700417829811651, 
                    0.00010702963657014899, 
                    0.0001070593574128179, 
                    0.0001070712313874719, 
                    0.00010706210961877464, 
                    0.00010705618530846071
                ]
            ], 
            "Flow Outlet 1002": [
                0
            ]
        }
    ], 
    "Bifurcation: ": [
        false
    ], 
    "Pressures": [
        {
            "Pressure Outlet 1001": [
                [
                    0.0, 
                    0.0, 
                    0.0, 
                    0.0, 
                    0.0, 
                    0.0, 
                    0.0, 
                    0.0, 
                    0.0, 
                    0.0, 
                    0.0, 
                    0.0, 
                    0.0, 
                    0.0, 
                    0.0, 
                    0.0, 
                    0.0, 
                    0.0, 
                    0.0, 
                    0.0, 
                    0.0, 
                    0.0, 
                    0.0, 
                    0.0, 
                    0.0, 
                    0.0, 
                    0.0, 
                    0.0
                ]
            ], 
            "Pressure Inlet": [
                [
                    2390.2788537474116, 
                    -972.0901205088118, 
                    276.50237383656395, 
                    11.166468229688249, 
                    114.84061863895813, 
                    137.79030997651665, 
                    151.66805508300737, 
                    104.31240175317689, 
                    42.14662470074614, 
                    65.31552014261418, 
                    82.09331804542234, 
                    79.38848916859611, 
                    76.27604440184192, 
                    85.46732432693558, 
                    94.34922821105143, 
                    85.19113400789976, 
                    66.29757093836585, 
                    67.8153146505682, 
                    79.06542298621427, 
                    85.00111343304145, 
                    86.33557502979434, 
                    78.21422707319175, 
                    65.84876608990959, 
                    58.475167467746964, 
                    65.97237320685834, 
                    69.29635615458973, 
                    71.76922649422166, 
                    74.10585667713598
                ]
            ], 
            "Pressure Outlet 1002": [
                0
            ]
        }
    ], 
    "Inlet": [
        {
            "Flow_inlet(mean)": -0.00010716937455890656, 
            "Flow_inlet(peak)": -0.00010716937455890656, 
            "Diameter": 0.01996268363257169, 
            "Center Node": 140828, 
            "Total_area_inlet": 0.00031298876267923, 
            "Reynolds(mean)": -2050.605556352774, 
            "Parabolic": true, 
            "Centroid": [
                -0.00010319409110340905, 
                -2.6215637677039877e-05, 
                -0.031420356708522716
            ], 
            "Reynolds(peak)": -2050.605556352774
        }
    ], 
    "Outlet 1001": [
        {
            "Reynolds(mean)": 2044.5351042663258, 
            "Diameter": 0.019962587721829676, 
            "Center Node": 495, 
            "Flow_outlet(mean)": 0.00010685160536476645, 
            "Total_area_outlet": 0.0003129857551765405, 
            "Centroid": [
                7.705501106926971e-05, 
                0.00014089454130671288, 
                0.25
            ], 
            "Flow_outlet(peak)": 0.00010709100862436406, 
            "Reynolds(peak)": 2049.1159279858402
        }
    ],