{
    "Hemodynamic Parameters_1001_ABC": [
        {
            "C": -1212960.947840169, 
            "B": -959717595895.5151, 
            "A": 103206225.50957091
        }
    ], 
    "Fluid Characteristic": [
        {
            "blood_kinematic_viscosity": 3.3333333333333333e-06, 
            "blood_density": 1050.0, 
            "blood_dynamic_viscosity": 0.0035
        }
    ], 
    "Bifurcation: ": [
        false
    ], 
    "Flow": [
        {
            "Flow Outlet 1002": [
                0
            ], 
            "Flow Inlet": [
                [
                    -0.00010666946221535351, 
                    -0.00010666946221535351, 
                    -0.00010666946221535351, 
                    -0.00010666946221535351, 
                    -0.00010666946221535351, 
                    -0.00010666946221535351, 
                    -0.00010666946221535351, 
                    -0.00010666946221535351, 
                    -0.00010666946221535351, 
                    -0.00010666946221535351, 
                    -0.00010666946221535351, 
                    -0.00010666946221535351, 
                    -0.00010666946221535351, 
                    -0.00010666946221535351, 
                    -0.00010666946221535351, 
                    -0.00010666946221535351, 
                    -0.00010666946221535351, 
                    -0.00010666946221535351, 
                    -0.00010666946221535351, 
                    -0.00010666946221535351, 
                    -0.00010666946221535351, 
                    -0.00010666946221535351, 
                    -0.00010666946221535351, 
                    -0.00010666946221535351, 
                    -0.00010666946221535351, 
                    -0.00010666946221535351, 
                    -0.00010666946221535351, 
                    -0.00010666946221535351, 
                    -0.00010666946221535351, 
                    -0.00010666946221535351, 
                    -0.00010666946221535351, 
                    -0.00010666946221535351, 
                    -0.00010666946221535351, 
                    -0.00010666946221535351, 
                    -0.00010666946221535351, 
                    -0.00010666946221535351, 
                    -0.00010666946221535351, 
                    -0.00010666946221535351, 
                    -0.00010666946221535351, 
                    -0.00010666946221535351, 
                    -0.00010666946221535351, 
                    -0.00010666946221535351, 
                    -0.00010666946221535351, 
                    -0.00010666946221535351
                ]
            ], 
            "Flow Outlet 1001": [
                [
                    0.00010117540001646909, 
                    0.00010678511807020338, 
                    0.0001064995359671842, 
                    0.00010653774479457652, 
                    0.00010655747307983594, 
                    0.00010656832082149596, 
                    0.0001065698982115426, 
                    0.00010657051329662517, 
                    0.00010657071091943506, 
                    0.00010657064175710743, 
                    0.00010657065381566557, 
                    0.00010657071754747744, 
                    0.00010657064489436705, 
                    0.00010657053916416921, 
                    0.00010657051476901502, 
                    0.00010657100219621758, 
                    0.00010657382988912096, 
                    0.00010658098943347174, 
                    0.00010658694922440594, 
                    0.00010657891116765308, 
                    0.00010655458295591103, 
                    0.00010649165514239416, 
                    0.00010644525891191747, 
                    0.00010647893126336088, 
                    0.00010651524153242822, 
                    0.00010655473313234323, 
                    0.00010656362246182917, 
                    0.00010650669420874092, 
                    0.00010650960649064656, 
                    0.00010652975031387974, 
                    0.00010653529079249753, 
                    0.00010656962117919389, 
                    0.00010654915931780042, 
                    0.00010655080156358919, 
                    0.00010657927785594444, 
                    0.00010657072864994224, 
                    0.00010654324235688632, 
                    0.00010654329352825366, 
                    0.0001065449060189675, 
                    0.00010653781551861043, 
                    0.000106542156741955, 
                    0.00010656616508242322, 
                    0.00010657888813668421, 
                    0.0001065776932227991
                ]
            ]
        }
    ], 
    "Hemodynamic Parameters_1001_AB": [
        {
            "B": 975883176652.718, 
            "A": -104927699.62567648
        }
    ], 
    "name": [
        "I:/PROYECTOS/ESTUDIANTES/Sergio/V3/GID/berga\\Modelo_15_170.gid\\Modelo_15_170.json"
    ], 
    "Time": [
        {
            "Time": [
                0.06, 
                0.2725518165190871, 
                0.2825518165190871, 
                0.2875518165190871, 
                0.3903002264336315, 
                0.4759536785103303, 
                0.5348323329092343, 
                0.5801469677652564, 
                0.6205874632570657, 
                0.6526953992552856, 
                0.6851707492416713, 
                0.726064307429556, 
                0.7746777213812572, 
                0.8325134109779746, 
                0.906953921366508, 
                1.0020756991550817, 
                1.1233369376074638, 
                1.2549516308941626, 
                1.4030884223034845, 
                1.5772867890260294, 
                1.7865920728081752, 
                2.0380039169849296, 
                2.3395523848670425, 
                2.6411008527491555, 
                2.9426493206312685, 
                3.2441977885133815, 
                3.5457462563954945, 
                3.8472947242776074, 
                4.14884319215972, 
                4.15884319215972, 
                4.16384319215972, 
                4.371330914463828, 
                4.578818636767935, 
                4.763068118941296, 
                4.944312785670831, 
                5.140489109268021, 
                5.359817027331278, 
                5.579003188224141, 
                5.827278657829953, 
                6.107180620366851, 
                6.387082582903749, 
                6.666984545440647, 
                6.946886507977545, 
                7.2267884705144425
            ]
        }
    ], 
    "Pressures": [
        {
            "Pressure Outlet 1002": [
                0
            ],