{
    "Hemodynamic Parameters_1001_AB": [
        {
            "A": 122910341.45836745, 
            "B": -1170713388572.6133
        }
    ], 
    "Outlet 1001": [
        {
            "Center Node": 429, 
            "Flow_outlet(peak)": 0.00010701184382527404, 
            "Diameter": 0.019962587721750566, 
            "Flow_outlet(mean)": 0.00010670838943606756, 
            "Reynolds(mean)": 2041.7947617899467, 
            "Reynolds(peak)": 2047.6011616953183, 
            "Total_area_outlet": 0.0003129857551740598, 
            "Centroid": [
                5.309534156611107e-05, 
                0.00011870255665385935, 
                0.289990000000001
            ]
        }
    ], 
    "Flow": [
        {
            "Flow Outlet 1001": [
                [
                    0.00010141686805493114, 
                    0.00010701184382527404, 
                    0.00010682242346064056, 
                    0.00010689716191784287, 
                    0.00010688934393598132, 
                    0.00010689788433521835, 
                    0.00010689864984484337, 
                    0.00010689878524949256, 
                    0.00010689778125204563, 
                    0.00010689725809026303, 
                    0.00010689720428393057, 
                    0.00010689780111211687, 
                    0.00010690036415882463, 
                    0.00010688822400155398, 
                    0.000106846481985038, 
                    0.00010683871986722546, 
                    0.0001068638546404367, 
                    0.00010688580521092135, 
                    0.0001069114682754538, 
                    0.00010690368359702292, 
                    0.0001068884915056086, 
                    0.00010687906669132246, 
                    0.00010685914857198454, 
                    0.00010690743208970567, 
                    0.00010683247830956268, 
                    0.00010677721853895309, 
                    0.00010686744398533015, 
                    0.00010692035375936475, 
                    0.00010685528223297598, 
                    0.00010685224959985279, 
                    0.00010684477633232608, 
                    0.00010682291323811793
                ]
            ], 
            "Flow Inlet": [
                [
                    -0.00010699333854395925, 
                    -0.00010699333854395925, 
                    -0.00010699333854395925, 
                    -0.00010699333854395925, 
                    -0.00010699333854395925, 
                    -0.00010699333854395925, 
                    -0.00010699333854395925, 
                    -0.00010699333854395925, 
                    -0.00010699333854395925, 
                    -0.00010699333854395925, 
                    -0.00010699333854395925, 
                    -0.00010699333854395925, 
                    -0.00010699333854395925, 
                    -0.00010699333854395925, 
                    -0.00010699333854395925, 
                    -0.00010699333854395925, 
                    -0.00010699333854395925, 
                    -0.00010699333854395925, 
                    -0.00010699333854395925, 
                    -0.00010699333854395925, 
                    -0.00010699333854395925, 
                    -0.00010699333854395925, 
                    -0.00010699333854395925, 
                    -0.00010699333854395925, 
                    -0.00010699333854395925, 
                    -0.00010699333854395925, 
                    -0.00010699333854395925, 
                    -0.00010699333854395925, 
                    -0.00010699333854395925, 
                    -0.00010699333854395925, 
                    -0.00010699333854395925, 
                    -0.00010699333854395925
                ]
            ], 
            "Flow Outlet 1002": [
                0
            ]
        }
    ], 
    "Time": [
        {
            "Time": [
                0.06, 
                0.12131348024238728, 
                0.1869048145999459, 
                0.258554536136297, 
                0.33658206817380054, 
                0.42481705133031544, 
                0.5287449728302674, 
                0.6469507134086823, 
                0.7925191423455372, 
                0.975216336102459, 
                1.194647885937136, 
                1.4577802475449322, 
                1.7733088166336102, 
                2.151822361263111, 
                2.6060418490429402, 
                3.0602613368227694, 
                3.5144808246025985, 
                3.9687003123824276, 
                4.422919800162257, 
                4.549351561099039, 
                4.61256744156743, 
                4.885165914181331, 
                5.157768831039033, 
                5.430361812802741, 
                5.702940614592366, 
                5.9755208256686485, 
                6.248119835133722, 
                6.575249416900946, 
                6.967790428350572, 
                6.977790428350572, 
                6.9827904283505715, 
                7.179048641746418
            ]
        }
    ], 
    "name": [
        "I:/PROYECTOS/ESTUDIANTES/Sergio/V3/GID\\Modelo_27_145_I.gid\\Modelo_27_145_I.json"
    ], 
    "Pressures": [
        {
            "Pressure Inlet": [
                [
                    2551.8011130826826, 
                    -1004.8821903271127, 
                    301.2016972622875, 
                    34.99686018835256, 
                    140.3455499608867, 
                    175.52839628386715, 
                    229.40528596511612, 
                    256.44017658554833, 
                    258.3737047749868, 
                    255.2152962922255, 
                    259.19436372836225, 
                    247.62658564005295, 
                    235.32718676360082, 
                    228.29591520296032, 
                    224.78223384845498, 
                    231.02849297718066, 
                    238.6174145370247, 
                    242.57672189952552, 
                    239.88725397225252, 
                    233.1523143272943, 
                    237.6133261747564, 
                    243.40950322694425, 
                    229.8131824975617, 
                    210.0321858226483, 
                    206.9438703150439, 
                    238.37595917162798, 
                    247.84630412691894, 
                    232.07635891446645, 
                    229.63612256384658, 
                    228.6707680647353, 
                    223.9578767468454, 
                    229.63203822333182
                ]
            ], 
            "Pressure Outlet 1001": [
                [
                    0.0, 
                    0.0, 
                    0.0, 
                    0.0, 
                    0.0, 
                    0.0, 
                    0.0, 
                    0.0, 
                    0.0, 
                    0.0, 
                    0.0, 
                    0.0, 
                    0.0, 
                    0.0, 
                    0.0, 
                    0.0, 
                    0.0, 
                    0.0, 
                    0.0, 
                    0.0, 
                    0.0, 
                    0.0, 
                    0.0, 
                    0.0, 
                    0.0, 
                    0.0, 
                    0.0, 
                    0.0, 
                    0.0, 
                    0.0, 
                    0.0, 
                    0.0
                ]
            ], 
            "Pressure Outlet 1002": [
                0
            ]
        }
    ], 
    "Inlet": [
        {
            "Parabolic": true, 
            "Center Node": 189991, 
            "Total_area_inlet": 0.00031298876267923, 
            "Diameter": 0.01996268363257169, 
            "Flow_inlet(peak)": -0.00010699333854395925, 
            "Reynolds(mean)": -2047.2372393139285, 
            "Reynolds(peak)": -2047.2372393139285,