{
    "name": [
        "I:/PROYECTOS/ESTUDIANTES/Sergio/V3/GID\\Modelo_14_145_I.gid\\Modelo_14_145_I.json"
    ], 
    "Pressures": [
        {
            "Pressure Outlet 1002": [
                0
            ], 
            "Pressure Inlet": [
                [
                    2593.009486431205, 
                    -1044.3484972684528, 
                    314.376001574708, 
                    32.23808544874319, 
                    144.95984386872416, 
                    176.81342518753354, 
                    219.9641720923058, 
                    234.62369832989643, 
                    240.59881550790686, 
                    245.6929977654711, 
                    232.4852967472429, 
                    199.3635189703834, 
                    224.6444297897148, 
                    216.1695379325543, 
                    196.58729781244537, 
                    189.71994679811667, 
                    179.37180421550113, 
                    175.13142138185955, 
                    187.3793734318539, 
                    234.63220589709206, 
                    227.22416502458415, 
                    208.69395716256534, 
                    201.826321347015, 
                    204.1398391451008, 
                    204.54025966792872, 
                    198.43580162268464, 
                    193.8198161994251, 
                    208.01348845817458, 
                    198.04345473848213, 
                    197.62005758162425, 
                    197.78323770253556, 
                    192.96562776353127, 
                    200.51068247713147, 
                    186.01231308878715, 
                    193.16747514629577, 
                    189.84784551980516, 
                    205.47735286117407, 
                    197.02155385733212
                ]
            ], 
            "Pressure Outlet 1001": [
                [
                    0.0, 
                    0.0, 
                    0.0, 
                    0.0, 
                    0.0, 
                    0.0, 
                    0.0, 
                    0.0, 
                    0.0, 
                    0.0, 
                    0.0, 
                    0.0, 
                    0.0, 
                    0.0, 
                    0.0, 
                    0.0, 
                    0.0, 
                    0.0, 
                    0.0, 
                    0.0, 
                    0.0, 
                    0.0, 
                    0.0, 
                    0.0, 
                    0.0, 
                    0.0, 
                    0.0, 
                    0.0, 
                    0.0, 
                    0.0, 
                    0.0, 
                    0.0, 
                    0.0, 
                    0.0, 
                    0.0, 
                    0.0, 
                    0.0, 
                    0.0
                ]
            ]
        }
    ], 
    "Hemodynamic Parameters_1001_AB": [
        {
            "B": -1691874627191.72, 
            "A": 178972537.89120862
        }
    ], 
    "Time": [
        {
            "Time": [
                0.06, 
                0.13265739225916984, 
                0.2086956845269704, 
                0.2961346069236869, 
                0.39457454664980884, 
                0.499909841985817, 
                0.615249154826483, 
                0.7536454269872479, 
                0.9079294634910478, 
                1.0887484152126956, 
                1.2994082989115958, 
                1.5481662298734045, 
                1.7969241608352131, 
                2.104909624900547, 
                2.412895088965881, 
                2.7831729348857395, 
                2.793172934885739, 
                2.7981729348857387, 
                3.015533726765446, 
                3.2328945186451534, 
                3.450255310524861, 
                3.673158409666296, 
                3.8941523064753327, 
                4.1127138854995495, 
                4.330038461167524, 
                4.547363036835498, 
                4.769779085197473, 
                4.992195133559448, 
                5.2534013128971715, 
                5.567642635845254, 
                5.8818839587933365, 
                6.196125281741419, 
                6.5103666046895015, 
                6.824607927637584, 
                6.834607927637584, 
                6.839607927637584, 
                6.996969811655681, 
                7.15727443260665
            ]
        }
    ], 
    "Outlet 1001": [
        {
            "Diameter": 0.01996258772182968, 
            "Flow_outlet(peak)": 0.00010703074244835435, 
            "Center Node": 388, 
            "Total_area_outlet": 0.00031298575517654055, 
            "Centroid": [
                9.262029203820218e-05, 
                0.0001651998312510945, 
                0.2699799999999991
            ], 
            "Reynolds(peak)": 2047.9627743946414, 
            "Flow_outlet(mean)": 0.00010678129285249686, 
            "Reynolds(mean)": 2043.189720646552
        }
    ], 
    "Hemodynamic Parameters_1001_ABC": [
        {
            "B": 1751015165814.217, 
            "C": -5865832.814294308, 
            "A": -185297625.97773582
        }
    ], 
    "Bifurcation: ": [
        false
    ], 
    "Fluid Characteristic": [
        {
            "blood_kinematic_viscosity": 3.3333333333333333e-06, 
            "blood_dynamic_viscosity": 0.0035, 
            "blood_density": 1050.0
        }
    ], 
    "Simulations_Parameters": [
        {
            "Config_conditions(1:V-P-P),(2:V-V-P)": 1, 
            "SolverType(1:AMGCGL,2:AMGCL_NS_Solver,3:BICGSTABSolver)": 1, 
            "Dt": 0.06, 
            "AutomaticDeltaTime": true, 
            "Time_vector": [
                0, 
                7.0
            ]
        }
    ], 
    "Inlet": [
        {
            "Diameter": 0.01996268363257169, 
            "Total_area_inlet": 0.00031298876267923, 
            "Center Node": 103665, 
            "Parabolic": true, 
            "Flow_inlet(mean)": -0.00010705543056981287, 
            "Centroid": [
                -0.00010319409110340905, 
                -2.6215637677039877e-05, 
                -0.031420356708522716
            ], 
            "Reynolds(peak)": -2048.425323631344, 
            "Flow_inlet(peak)": -0.00010705543056981287, 
            "Reynolds(mean)": -2048.425323631344
        }
    ], 
    "Flow": [
        {
            "Flow Outlet 1002": [
                0
            ],