{
    "Pressures": [
        {
            "Pressure Outlet 1002": [
                0
            ], 
            "Pressure Outlet 1001": [
                [
                    0.0, 
                    0.0, 
                    0.0, 
                    0.0, 
                    0.0, 
                    0.0, 
                    0.0, 
                    0.0, 
                    0.0, 
                    0.0, 
                    0.0, 
                    0.0, 
                    0.0, 
                    0.0, 
                    0.0, 
                    0.0, 
                    0.0, 
                    0.0, 
                    0.0, 
                    0.0, 
                    0.0, 
                    0.0, 
                    0.0, 
                    0.0, 
                    0.0, 
                    0.0, 
                    0.0, 
                    0.0, 
                    0.0, 
                    0.0, 
                    0.0, 
                    0.0, 
                    0.0, 
                    0.0, 
                    0.0, 
                    0.0, 
                    0.0, 
                    0.0, 
                    0.0, 
                    0.0, 
                    0.0, 
                    0.0, 
                    0.0, 
                    0.0, 
                    0.0, 
                    0.0, 
                    0.0, 
                    0.0, 
                    0.0, 
                    0.0, 
                    0.0
                ]
            ], 
            "Pressure Inlet": [
                [
                    2676.6783480931417, 
                    -1071.0758717959432, 
                    317.9826896055524, 
                    27.212098676957016, 
                    135.64108417472818, 
                    165.31778076468103, 
                    215.26912451215955, 
                    240.56670751492848, 
                    250.89505219194905, 
                    258.94842788343715, 
                    251.6405130034109, 
                    221.09448809633486, 
                    212.95637549689883, 
                    205.80319907589796, 
                    207.66324925455189, 
                    212.83295012918745, 
                    207.88571538750966, 
                    201.15101528303236, 
                    193.94519787443366, 
                    205.55803222550287, 
                    237.15954777409075, 
                    262.0959760339292, 
                    247.85432256336605, 
                    198.39750490953358, 
                    194.280087057924, 
                    248.12274830898778, 
                    293.49733199891426, 
                    281.3929385159013, 
                    231.22349475603806, 
                    197.59148752766023, 
                    203.2427132773881, 
                    207.8021988427679, 
                    228.41791397132195, 
                    240.94391785286953, 
                    219.18848256558556, 
                    186.657777208513, 
                    177.5077286526368, 
                    207.59661606294574, 
                    252.18945315861532, 
                    259.25097911501257, 
                    220.32609281774188, 
                    199.68103376715686, 
                    218.36829829207522, 
                    240.74562265030926, 
                    236.4439300776462, 
                    219.68429075021984, 
                    186.96285059897667, 
                    163.80235214140717, 
                    174.81468916350696, 
                    211.01188559203774, 
                    248.81324201818256
                ]
            ]
        }
    ], 
    "Bifurcation: ": [
        false
    ], 
    "name": [
        "I:/PROYECTOS/ESTUDIANTES/Sergio/V3/GID\\Modelo_17_145_I.gid\\Modelo_17_145_I.json"
    ], 
    "Hemodynamic Parameters_1001_AB": [
        {
            "A": -1793981.7638514424, 
            "B": -2453610936.595104
        }
    ], 
    "Time": [
        {
            "Time": [
                0.06, 
                0.1276619048074434, 
                0.20010004316340457, 
                0.2801520572433883, 
                0.3735947736539808, 
                0.4760534611501012, 
                0.5776533346275219, 
                0.6852512419192218, 
                0.8140047965122588, 
                0.9819638008325156, 
                1.178877604750585, 
                1.3972170719069923, 
                1.407217071906992, 
                1.412217071906992, 
                1.5294432083710086, 
                1.6631408742621487, 
                1.7970858612040388, 
                1.9300171964378088, 
                2.0500087302564345, 
                2.1529612269333938, 
                2.2728562246111146, 
                2.4240559382261497, 
                2.6252065106362696, 
                2.8898300584348693, 
                3.154453606233469, 
                3.4190771540320686, 
                3.6809249654275003, 
                3.942772776822932, 
                4.204620588218363, 
                4.466468399613794, 
                4.476468399613794, 
                4.481468399613794, 
                4.6141517349941115, 
                4.7574508488981895, 
                4.91060434558557, 
                5.054305455140146, 
                5.192685153303544, 
                5.341029732137039, 
                5.53070398226953, 
                5.7203782324020205, 
                5.958146592652869, 
                6.195914952903718, 
                6.4336833131545665, 
                6.443683313154566, 
                6.448683313154566, 
                6.566394926747023, 
                6.687852321839587, 
                6.797085313134864, 
                6.893081824352494, 
                6.989898247369331, 
                7.1001684128978875
            ]
        }
    ],