{
    "Time": [
        {
            "Time": [
                0.05, 
                0.15370586982006573, 
                0.26652978724687587, 
                0.3913356961006828, 
                0.5287183262082793, 
                0.6878891861227702, 
                0.8613468492857828, 
                1.0536880566802733, 
                1.268584471284974, 
                1.5480354886950085, 
                1.8996872186594471, 
                2.2513389486238857, 
                2.6029906785883243, 
                2.954642408552763, 
                3.3062941385172016, 
                3.65794586848164, 
                4.009597598446079, 
                4.361249328410517, 
                4.712901058374956, 
                4.722901058374956, 
                4.727901058374956, 
                4.894902599084723, 
                5.043390929974663, 
                5.206692681472697, 
                5.3434834581471, 
                5.512154625132099, 
                5.674554584450323, 
                5.8557994314066395, 
                6.0673946216496715, 
                6.3094815050480735, 
                6.606127070373113, 
                6.902772635698153, 
                7.199418201023193
            ]
        }
    ], 
    "Outlet 1001": [
        {
            "Centroid": [
                3.1174873052513927e-05, 
                6.931638458544458e-05, 
                0.289990000000001
            ], 
            "Reynolds(mean)": 1224.1984991336687, 
            "Flow_outlet(peak)": 6.428483226104708e-05, 
            "Reynolds(peak)": 1230.0479321899168, 
            "Diameter": 0.019962587721750573, 
            "Center Node": 412, 
            "Flow_outlet(mean)": 6.397912887095749e-05, 
            "Total_area_outlet": 0.00031298575517405995
        }
    ], 
    "name": [
        "I:/PROYECTOS/ESTUDIANTES/Sergio/V1/GID\\Modelo_7_145_I.gid\\Modelo_7_145_I.json"
    ], 
    "Hemodynamic Parameters_1001_AB": [
        {
            "B": -4665287404559.721, 
            "A": 297678001.67411417
        }
    ], 
    "Bifurcation: ": [
        false
    ], 
    "Inlet": [
        {
            "Centroid": [
                -0.00010319409110340905, 
                -2.6215637677039877e-05, 
                -0.031420356708522716
            ], 
            "Flow_inlet(mean)": -6.417999370406478e-05, 
            "Reynolds(mean)": -1228.0360153067973, 
            "Flow_inlet(peak)": -6.417999370406478e-05, 
            "Reynolds(peak)": -1228.0360153067973, 
            "Diameter": 0.01996268363257169, 
            "Center Node": 84495, 
            "Total_area_inlet": 0.00031298876267923, 
            "Parabolic": true
        }
    ], 
    "Simulations_Parameters": [
        {
            "Config_conditions(1:V-P-P),(2:V-V-P)": 1, 
            "SolverType(1:AMGCGL,2:AMGCL_NS_Solver,3:BICGSTABSolver)": 1, 
            "Dt": 0.05, 
            "Time_vector": [
                0, 
                7.0
            ], 
            "AutomaticDeltaTime": true
        }
    ], 
    "Flow": [
        {
            "Flow Outlet 1001": [
                [
                    6.025669116508301e-05, 
                    6.428483226104708e-05, 
                    6.401484963724596e-05, 
                    6.41050236246743e-05, 
                    6.409139730063764e-05, 
                    6.410242043027035e-05, 
                    6.41023344239255e-05, 
                    6.410233454533876e-05, 
                    6.410148468706016e-05, 
                    6.410097069898761e-05, 
                    6.410022569762532e-05, 
                    6.410053473688525e-05, 
                    6.409952243420568e-05, 
                    6.409926747039084e-05, 
                    6.409209098280238e-05, 
                    6.408236578359941e-05, 
                    6.407847118451228e-05, 
                    6.407783483980757e-05, 
                    6.409413957320075e-05, 
                    6.409712312518646e-05, 
                    6.409531181651442e-05, 
                    6.410157360945459e-05, 
                    6.409445513939124e-05, 
                    6.40868173689464e-05, 
                    6.408502499195057e-05, 
                    6.408549135606062e-05, 
                    6.408619437731268e-05, 
                    6.408521195809511e-05, 
                    6.40811107427965e-05, 
                    6.40831394337477e-05, 
                    6.407934088644304e-05, 
                    6.407608808619345e-05, 
                    6.40875783722045e-05
                ]
            ], 
            "Flow Outlet 1002": [
                0
            ], 
            "Flow Inlet": [
                [
                    -6.417999370406478e-05, 
                    -6.417999370406478e-05, 
                    -6.417999370406478e-05, 
                    -6.417999370406478e-05, 
                    -6.417999370406478e-05, 
                    -6.417999370406478e-05, 
                    -6.417999370406478e-05, 
                    -6.417999370406478e-05, 
                    -6.417999370406478e-05, 
                    -6.417999370406478e-05, 
                    -6.417999370406478e-05, 
                    -6.417999370406478e-05, 
                    -6.417999370406478e-05, 
                    -6.417999370406478e-05, 
                    -6.417999370406478e-05, 
                    -6.417999370406478e-05, 
                    -6.417999370406478e-05, 
                    -6.417999370406478e-05, 
                    -6.417999370406478e-05, 
                    -6.417999370406478e-05, 
                    -6.417999370406478e-05, 
                    -6.417999370406478e-05, 
                    -6.417999370406478e-05, 
                    -6.417999370406478e-05, 
                    -6.417999370406478e-05, 
                    -6.417999370406478e-05, 
                    -6.417999370406478e-05, 
                    -6.417999370406478e-05, 
                    -6.417999370406478e-05, 
                    -6.417999370406478e-05, 
                    -6.417999370406478e-05, 
                    -6.417999370406478e-05, 
                    -6.417999370406478e-05
                ]
            ]
        }
    ], 
    "Pressures": [
        {
            "Pressure Inlet": [
                [
                    2025.7740806641661, 
                    -863.3342473996297, 
                    239.47301987435742, 
                    -10.813950880041752, 
                    59.72810506903535, 
                    57.64820760688113, 
                    74.23358816742594, 
                    83.87652021541744, 
                    89.91749706597608, 
                    91.08033646235215, 
                    87.40218891967176, 
                    83.41868911327127, 
                    84.52419801051201, 
                    85.38289245322672, 
                    81.94403625259754, 
                    71.31677681064727, 
                    70.13971732014298, 
                    81.26732286696395, 
                    92.8857018266198, 
                    101.79795973004815, 
                    95.37822940880332, 
                    91.52652937680153, 
                    81.20938135852181, 
                    68.77474575448137, 
                    66.46917134834362, 
                    76.93574385373891, 
                    93.55409644831315, 
                    105.77612266917899, 
                    102.24248980249749, 
                    84.92878171647182, 
                    73.99221623331277, 
                    81.35750184307973, 
                    91.12853103586517
                ]
            ],