{
    "Bifurcation: ": [
        false
    ], 
    "Hemodynamic Parameters_1001_ABC": [
        {
            "B": 411927037694.3382, 
            "C": -3549869.0680837035, 
            "A": -41787478.38274314
        }
    ], 
    "Simulations_Parameters": [
        {
            "Dt": 0.06, 
            "AutomaticDeltaTime": true, 
            "SolverType(1:AMGCGL,2:AMGCL_NS_Solver,3:BICGSTABSolver)": 1, 
            "Config_conditions(1:V-P-P),(2:V-V-P)": 1, 
            "Time_vector": [
                0, 
                7.0
            ]
        }
    ], 
    "Time": [
        {
            "Time": [
                0.06, 
                0.19308299356818603, 
                0.3373759554236431, 
                0.5092341409012239, 
                0.7003743295562588, 
                0.8606829354989108, 
                1.010598923238336, 
                1.2042498248631694, 
                1.4337998819344846, 
                1.738851814888706, 
                2.092898214491782, 
                2.4862063352477857, 
                2.8795144560037893, 
                3.365759459628002, 
                3.375759459628002, 
                3.3807594596280017, 
                3.626100228630625, 
                3.841644146270071, 
                4.075707026229465, 
                4.3326991869710145, 
                4.621983265855964, 
                4.838755996483968, 
                5.100712476631355, 
                5.411629632370228, 
                5.781611761943225, 
                6.151593891516222, 
                6.521576021089219, 
                6.97137566942248, 
                7.484608579022489
            ]
        }
    ], 
    "Inlet": [
        {
            "Flow_inlet(peak)": -0.00010678432361365525, 
            "Reynolds(mean)": -2043.237895478937, 
            "Diameter": 0.01996268363257169, 
            "Reynolds(peak)": -2043.237895478937, 
            "Flow_inlet(mean)": -0.00010678432361365525, 
            "Centroid": [
                -0.00010319409110340905, 
                -2.6215637677039877e-05, 
                -0.031420356708522716
            ], 
            "Total_area_inlet": 0.00031298876267923, 
            "Center Node": 103742, 
            "Parabolic": true
        }
    ], 
    "name": [
        "I:/PROYECTOS/ESTUDIANTES/Sergio/V3/GID/berga\\Modelo_14_145.gid\\Modelo_14_145.json"
    ], 
    "Outlet 1001": [
        {
            "Flow_outlet(peak)": 0.00010685978196256367, 
            "Reynolds(mean)": 2036.860764062576, 
            "Diameter": 0.01996258772182968, 
            "Reynolds(peak)": 2044.6915580806867, 
            "Centroid": [
                9.262029203820218e-05, 
                0.0001651998312510945, 
                0.2699799999999991
            ], 
            "Total_area_outlet": 0.00031298575517654055, 
            "Center Node": 393, 
            "Flow_outlet(mean)": 0.00010645052857759126
        }
    ], 
    "Fluid Characteristic": [
        {
            "blood_dynamic_viscosity": 0.0035, 
            "blood_kinematic_viscosity": 3.3333333333333333e-06, 
            "blood_density": 1050.0
        }
    ], 
    "Pressures": [
        {
            "Pressure Outlet 1001": [
                [
                    0.0, 
                    0.0, 
                    0.0, 
                    0.0, 
                    0.0, 
                    0.0, 
                    0.0, 
                    0.0, 
                    0.0, 
                    0.0, 
                    0.0, 
                    0.0, 
                    0.0, 
                    0.0, 
                    0.0, 
                    0.0, 
                    0.0, 
                    0.0, 
                    0.0, 
                    0.0, 
                    0.0, 
                    0.0, 
                    0.0, 
                    0.0, 
                    0.0, 
                    0.0, 
                    0.0, 
                    0.0, 
                    0.0
                ]
            ], 
            "Pressure Outlet 1002": [
                0
            ], 
            "Pressure Inlet": [
                [
                    2586.9221668463656, 
                    -1098.6667740855116, 
                    344.6044129597033, 
                    54.38573401033092, 
                    200.71007214316674, 
                    219.472961768167, 
                    216.71014086158564, 
                    216.0340648871774, 
                    254.26931235877586, 
                    249.97468871709935, 
                    226.9131421547706, 
                    195.14178319865448, 
                    200.67252112333176, 
                    203.5613734802853, 
                    211.98329162410343, 
                    210.09906174969257, 
                    225.40893571663077, 
                    211.4974422598877, 
                    232.44637233116978, 
                    233.51229916025386, 
                    228.55269318025435, 
                    228.77323021248355, 
                    239.5095378142216, 
                    243.69347225647425, 
                    218.0497253692665, 
                    229.74754408162326, 
                    254.03938502332383, 
                    257.1864087249768, 
                    249.19508130669112
                ]
            ]
        }
    ], 
    "Hemodynamic Parameters_1001_AB": [
        {
            "B": -408746482807.04956, 
            "A": 41448711.09351196
        }
    ], 
    "Flow": [
        {
            "Flow Inlet": [
                [
                    -0.00010678432361365525, 
                    -0.00010678432361365525, 
                    -0.00010678432361365525, 
                    -0.00010678432361365525, 
                    -0.00010678432361365525, 
                    -0.00010678432361365525, 
                    -0.00010678432361365525, 
                    -0.00010678432361365525, 
                    -0.00010678432361365525, 
                    -0.00010678432361365525, 
                    -0.00010678432361365525, 
                    -0.00010678432361365525, 
                    -0.00010678432361365525, 
                    -0.00010678432361365525, 
                    -0.00010678432361365525, 
                    -0.00010678432361365525, 
                    -0.00010678432361365525, 
                    -0.00010678432361365525, 
                    -0.00010678432361365525, 
                    -0.00010678432361365525, 
                    -0.00010678432361365525, 
                    -0.00010678432361365525, 
                    -0.00010678432361365525, 
                    -0.00010678432361365525, 
                    -0.00010678432361365525, 
                    -0.00010678432361365525, 
                    -0.00010678432361365525, 
                    -0.00010678432361365525, 
                    -0.00010678432361365525
                ]
            ],