{
    "Bifurcation: ": [
        false
    ], 
    "Pressures": [
        {
            "Pressure Outlet 1001": [
                [
                    0.0, 
                    0.0, 
                    0.0, 
                    0.0, 
                    0.0, 
                    0.0, 
                    0.0, 
                    0.0, 
                    0.0, 
                    0.0, 
                    0.0, 
                    0.0, 
                    0.0, 
                    0.0, 
                    0.0, 
                    0.0, 
                    0.0, 
                    0.0, 
                    0.0, 
                    0.0, 
                    0.0, 
                    0.0, 
                    0.0, 
                    0.0, 
                    0.0, 
                    0.0, 
                    0.0, 
                    0.0, 
                    0.0, 
                    0.0
                ]
            ], 
            "Pressure Outlet 1002": [
                0
            ], 
            "Pressure Inlet": [
                [
                    2668.4032444077775, 
                    -1090.7999768781513, 
                    377.6627745070113, 
                    103.29528830577149, 
                    257.41407524167244, 
                    276.56153259509273, 
                    306.4450958266158, 
                    308.72778190147034, 
                    313.564358035368, 
                    299.9914552345561, 
                    332.2552573856934, 
                    323.3728648139558, 
                    299.61490667626566, 
                    302.5858795232312, 
                    288.71297519393585, 
                    282.2911647741102, 
                    269.219556055605, 
                    294.2784048841746, 
                    314.1551751590116, 
                    288.9643830724777, 
                    251.2861268196829, 
                    274.09786426074163, 
                    317.1510793847883, 
                    299.2555864323722, 
                    285.8462713425618, 
                    263.6784959916855, 
                    306.5302132921386, 
                    304.0695380294337, 
                    286.92542877084634, 
                    288.00653232073546
                ]
            ]
        }
    ], 
    "Simulations_Parameters": [
        {
            "Dt": 0.06, 
            "AutomaticDeltaTime": true, 
            "Config_conditions(1:V-P-P),(2:V-V-P)": 1, 
            "Time_vector": [
                0, 
                7.0
            ], 
            "SolverType(1:AMGCGL,2:AMGCL_NS_Solver,3:BICGSTABSolver)": 1
        }
    ], 
    "Time": [
        {
            "Time": [
                0.06, 
                0.1618007045447405, 
                0.27881178669843243, 
                0.40776765924684916, 
                0.5344475423925361, 
                0.6633535228739125, 
                0.8093443952243826, 
                0.9958049452409369, 
                1.2058035058006396, 
                1.4559525960973956, 
                1.7583557761625324, 
                2.1212501930527967, 
                2.5567238867499427, 
                3.0792931646991333, 
                3.089293164699133, 
                3.094293164699133, 
                3.3649346187909086, 
                3.6372239157623856, 
                3.9295944966953917, 
                4.221965077628398, 
                4.514335658561404, 
                4.806706239494409, 
                5.099076820427415, 
                5.391447401360421, 
                5.690955308756119, 
                5.981249223358893, 
                6.271543137961667, 
                6.561837052564441, 
                6.8521309671672155, 
                7.16567442115098
            ]
        }
    ], 
    "Outlet 1001": [
        {
            "Reynolds(mean)": 2042.5722277614445, 
            "Flow_outlet(peak)": 0.00010711318548051238, 
            "Reynolds(peak)": 2049.5401620540297, 
            "Diameter": 0.019962588749112928, 
            "Centroid": [
                5.984660410938541e-05, 
                8.972251986735864e-05, 
                0.25
            ], 
            "Total_area_outlet": 0.00031298578738930133, 
            "Flow_outlet(mean)": 0.00010674902689893586, 
            "Center Node": 412
        }
    ], 
    "name": [
        "I:/PROYECTOS/ESTUDIANTES/Sergio/V3/GID/berga\\Modelo_3_120_I.gid\\Modelo_3_120_I.json"
    ], 
    "Fluid Characteristic": [
        {
            "blood_dynamic_viscosity": 0.0035, 
            "blood_kinematic_viscosity": 3.3333333333333333e-06, 
            "blood_density": 1050.0
        }
    ], 
    "Inlet": [
        {
            "Reynolds(mean)": -2048.765852073496, 
            "Flow_inlet(peak)": -0.00010707322737137323, 
            "Reynolds(peak)": -2048.765852073496, 
            "Diameter": 0.01996268363257169, 
            "Centroid": [
                -0.00010319409110340905, 
                -2.6215637677039877e-05, 
                -0.031420356708522716
            ], 
            "Flow_inlet(mean)": -0.00010707322737137323, 
            "Total_area_inlet": 0.00031298876267923, 
            "Parabolic": true, 
            "Center Node": 70060
        }
    ], 
    "Hemodynamic Parameters_1001_AB": [
        {
            "B": -420220458080.7594, 
            "A": 42160599.3845745
        }
    ], 
    "Flow": [
        {
            "Flow Inlet": [
                [
                    -0.00010707322737137323, 
                    -0.00010707322737137323, 
                    -0.00010707322737137323, 
                    -0.00010707322737137323, 
                    -0.00010707322737137323, 
                    -0.00010707322737137323, 
                    -0.00010707322737137323, 
                    -0.00010707322737137323, 
                    -0.00010707322737137323, 
                    -0.00010707322737137323, 
                    -0.00010707322737137323, 
                    -0.00010707322737137323, 
                    -0.00010707322737137323, 
                    -0.00010707322737137323, 
                    -0.00010707322737137323, 
                    -0.00010707322737137323, 
                    -0.00010707322737137323, 
                    -0.00010707322737137323, 
                    -0.00010707322737137323, 
                    -0.00010707322737137323, 
                    -0.00010707322737137323, 
                    -0.00010707322737137323, 
                    -0.00010707322737137323, 
                    -0.00010707322737137323, 
                    -0.00010707322737137323, 
                    -0.00010707322737137323, 
                    -0.00010707322737137323, 
                    -0.00010707322737137323, 
                    -0.00010707322737137323, 
                    -0.00010707322737137323
                ]
            ],