{
    "Pressures": [
        {
            "Pressure Outlet 1001": [
                [
                    0.0, 
                    0.0, 
                    0.0, 
                    0.0, 
                    0.0, 
                    0.0, 
                    0.0, 
                    0.0, 
                    0.0, 
                    0.0, 
                    0.0, 
                    0.0, 
                    0.0, 
                    0.0, 
                    0.0, 
                    0.0, 
                    0.0, 
                    0.0, 
                    0.0
                ]
            ], 
            "Pressure Outlet 1002": [
                0
            ], 
            "Pressure Inlet": [
                [
                    2492.080027837765, 
                    -1043.0593664593316, 
                    398.26593689222847, 
                    162.12243556863936, 
                    317.55037282234645, 
                    315.7461286086225, 
                    322.50722275879974, 
                    325.40030142339634, 
                    348.4215464350419, 
                    354.3282369041013, 
                    362.1789279117873, 
                    325.12940271024513, 
                    308.1140494630438, 
                    326.2843018317666, 
                    336.16628455858455, 
                    336.1671346264479, 
                    356.7302510163896, 
                    373.2356910752649, 
                    365.31198566524836
                ]
            ]
        }
    ], 
    "Fluid Characteristic": [
        {
            "blood_density": 1050.0, 
            "blood_kinematic_viscosity": 3.3333333333333333e-06, 
            "blood_dynamic_viscosity": 0.0035
        }
    ], 
    "Time": [
        {
            "Time": [
                0.06, 
                0.21793337729806156, 
                0.40118392572137435, 
                0.5499686731678503, 
                0.6524705467302812, 
                0.7649452315614738, 
                0.9027872807046223, 
                1.0959254750688938, 
                1.2904889373338735, 
                1.507712919192169, 
                1.7807139327956356, 
                2.21188700020425, 
                2.6754101497156815, 
                3.2196733933564263, 
                3.8807775277623193, 
                4.648990010396276, 
                5.5414239656247135, 
                6.433857920853151, 
                7.335654661604776
            ]
        }
    ], 
    "Simulations_Parameters": [
        {
            "Dt": 0.06, 
            "SolverType(1:AMGCGL,2:AMGCL_NS_Solver,3:BICGSTABSolver)": 1, 
            "AutomaticDeltaTime": true, 
            "Time_vector": [
                0, 
                7.0
            ], 
            "Config_conditions(1:V-P-P),(2:V-V-P)": 1
        }
    ], 
    "name": [
        "I:/PROYECTOS/ESTUDIANTES/Sergio/V3/GID/berga\\Modelo_21_120_I.gid\\Modelo_21_120_I.json"
    ], 
    "Inlet": [
        {
            "Reynolds(mean)": -2047.2727434532635, 
            "Flow_inlet(peak)": -0.00010699519407214456, 
            "Centroid": [
                -0.00010319409110340905, 
                -2.6215637677039877e-05, 
                -0.031420356708522716
            ], 
            "Flow_inlet(mean)": -0.00010699519407214456, 
            "Total_area_inlet": 0.00031298876267923, 
            "Center Node": 143213, 
            "Parabolic": true, 
            "Reynolds(peak)": -2047.2727434532635, 
            "Diameter": 0.01996268363257169
        }
    ], 
    "Hemodynamic Parameters_1001_AB": [
        {
            "A": -130401876.7273287, 
            "B": 1191891533791.7925
        }
    ], 
    "Flow": [
        {
            "Flow Outlet 1001": [
                [
                    0.00010151678791615506, 
                    0.00010713190720218854, 
                    0.00010686283065125543, 
                    0.00010693712166926925, 
                    0.00010691155206543798, 
                    0.00010691577880926467, 
                    0.00010691276882197678, 
                    0.00010691349915785602, 
                    0.00010691403487055192, 
                    0.00010688901457290721, 
                    0.00010679482471595074, 
                    0.00010676690621604804, 
                    0.0001068441665236255, 
                    0.00010685375565886319, 
                    0.00010681839653418805, 
                    0.0001067884097847969, 
                    0.0001068740206678421, 
                    0.00010688075829790553, 
                    0.00010638881011648851
                ]
            ], 
            "Flow Outlet 1002": [
                0
            ], 
            "Flow Inlet": [
                [
                    -0.00010699519407214456, 
                    -0.00010699519407214456, 
                    -0.00010699519407214456, 
                    -0.00010699519407214456, 
                    -0.00010699519407214456, 
                    -0.00010699519407214456, 
                    -0.00010699519407214456, 
                    -0.00010699519407214456, 
                    -0.00010699519407214456, 
                    -0.00010699519407214456, 
                    -0.00010699519407214456, 
                    -0.00010699519407214456, 
                    -0.00010699519407214456, 
                    -0.00010699519407214456, 
                    -0.00010699519407214456, 
                    -0.00010699519407214456, 
                    -0.00010699519407214456, 
                    -0.00010699519407214456, 
                    -0.00010699519407214456
                ]
            ]
        }
    ], 
    "Hemodynamic Parameters_1001_ABC": [
        {
            "A": 96287431.57881644, 
            "C": 93134357.63211296, 
            "B": -871803014089.7126
        }
    ], 
    "Outlet 1001": [
        {
            "Reynolds(mean)": 2039.2326137563916, 
            "Centroid": [
                4.244701675161103e-05, 
                0.00012423521172043008, 
                0.25
            ], 
            "Flow_outlet(mean)": 0.00010657449180276691, 
            "Flow_outlet(peak)": 0.00010713190720218854, 
            "Center Node": 396, 
            "Total_area_outlet": 0.0003129857874038317, 
            "Reynolds(peak)": 2049.898389803575, 
            "Diameter": 0.019962588749576307
        }
    ], 
    "Bifurcation: ": [
        false
    ]
}