{
    "Bifurcation: ": [
        false
    ], 
    "Hemodynamic Parameters_1001_ABC": [
        {
            "B": -2890108491352.0947, 
            "C": -1403601.4122351687, 
            "A": 309515925.06593597
        }
    ], 
    "Simulations_Parameters": [
        {
            "Dt": 0.06, 
            "Config_conditions(1:V-P-P),(2:V-V-P)": 1, 
            "AutomaticDeltaTime": true, 
            "Time_vector": [
                0, 
                7.0
            ], 
            "SolverType(1:AMGCGL,2:AMGCL_NS_Solver,3:BICGSTABSolver)": 1
        }
    ], 
    "Hemodynamic Parameters_1001_AB": [
        {
            "B": 2894425860255.8276, 
            "A": -309976779.0032293
        }
    ], 
    "Inlet": [
        {
            "Flow_inlet(peak)": -0.00010692402598915138, 
            "Reynolds(mean)": -2045.9109955936583, 
            "Diameter": 0.01996268363257169, 
            "Reynolds(peak)": -2045.9109955936583, 
            "Flow_inlet(mean)": -0.00010692402598915138, 
            "Centroid": [
                -0.00010319409110340921, 
                -2.6215637677039552e-05, 
                -0.031420356708522716
            ], 
            "Total_area_inlet": 0.00031298876267923, 
            "Center Node": 115526, 
            "Parabolic": true
        }
    ], 
    "name": [
        "I:/PROYECTOS/ESTUDIANTES/Sergio/V3/GID/berga\\Modelo_18_170.gid\\Modelo_18_170.json"
    ], 
    "Outlet 1001": [
        {
            "Flow_outlet(peak)": 0.00010698493482674643, 
            "Reynolds(mean)": 2041.0119731065672, 
            "Diameter": 0.019962587721829683, 
            "Reynolds(peak)": 2047.0862757206096, 
            "Centroid": [
                7.287326260279325e-05, 
                0.00016334872656868533, 
                0.289990000000001
            ], 
            "Total_area_outlet": 0.00031298575517654066, 
            "Center Node": 589, 
            "Flow_outlet(mean)": 0.00010666747929153578
        }
    ], 
    "Fluid Characteristic": [
        {
            "blood_dynamic_viscosity": 0.0035, 
            "blood_kinematic_viscosity": 3.3333333333333333e-06, 
            "blood_density": 1050.0
        }
    ], 
    "Time": [
        {
            "Time": [
                0.06, 
                0.19915119102739745, 
                0.36007015923505015, 
                0.5209891274427029, 
                0.6819080956503556, 
                0.8428270638580083, 
                1.003746032065661, 
                1.1646650002733137, 
                1.1746650002733134, 
                1.1796650002733133, 
                1.219548290515446, 
                1.2558345677954108, 
                1.2898251537823775, 
                1.3243094670547841, 
                1.3586061957580788, 
                1.3922391918599837, 
                1.4329261522897276, 
                1.4826908926626978, 
                1.5431326215657513, 
                1.6164934920779253, 
                1.7089866502045337, 
                1.812554914150639, 
                1.9300785424979074, 
                2.0970642142651728, 
                2.3038409629284415, 
                2.5681084709273514, 
                2.8323759789262613, 
                3.1148525287648487, 
                3.4309655897858433, 
                3.747078650806838, 
                4.063191711827832, 
                4.379304772848826, 
                4.69541783386982, 
                5.011530894890814, 
                5.021530894890814, 
                5.026530894890814, 
                5.187527433752767, 
                5.336413821715224, 
                5.487918487506417, 
                5.641637508582758, 
                5.815663303275091, 
                5.970041472530847, 
                6.185657262423217, 
                6.401273052315588, 
                6.616888842207959, 
                6.8325046321003295, 
                7.0481204219927
            ]
        }
    ], 
    "Pressures": [
        {
            "Pressure Outlet 1001": [
                [
                    0.0, 
                    0.0, 
                    0.0, 
                    0.0, 
                    0.0, 
                    0.0, 
                    0.0, 
                    0.0, 
                    0.0, 
                    0.0, 
                    0.0, 
                    0.0, 
                    0.0, 
                    0.0, 
                    0.0, 
                    0.0, 
                    0.0, 
                    0.0, 
                    0.0, 
                    0.0, 
                    0.0, 
                    0.0, 
                    0.0, 
                    0.0, 
                    0.0, 
                    0.0, 
                    0.0, 
                    0.0, 
                    0.0, 
                    0.0, 
                    0.0, 
                    0.0, 
                    0.0, 
                    0.0, 
                    0.0, 
                    0.0, 
                    0.0, 
                    0.0, 
                    0.0, 
                    0.0, 
                    0.0, 
                    0.0, 
                    0.0, 
                    0.0, 
                    0.0, 
                    0.0, 
                    0.0
                ]
            ], 
            "Pressure Outlet 1002": [
                0
            ], 
            "Pressure Inlet": [
                [
                    2617.3898630777985, 
                    -1128.939919329886, 
                    324.65588661323216, 
                    7.322615527383764, 
                    130.852688972225, 
                    139.93748467846376, 
                    141.5276448813249, 
                    108.490971494392, 
                    83.54605493751434, 
                    86.80568194845364, 
                    79.68211648625339, 
                    71.09711333884651, 
                    63.354683604736394, 
                    58.35734608624388, 
                    57.990151663948836, 
                    61.80144006470929, 
                    68.4932696059667, 
                    76.97326944019979, 
                    89.06204254369857, 
                    107.73357627228508, 
                    127.20363183246498, 
                    129.67694014094997, 
                    118.67885405949055, 
                    112.98173419139923, 
                    107.14554782503397, 
                    104.31359046865975, 
                    109.74142691899767, 
                    130.36212537599906, 
                    137.87456461888323, 
                    116.766848330258, 
                    116.40052681355161, 
                    121.0614586822149, 
                    112.95473080930125, 
                    96.83028054116104, 
                    94.40230290321794, 
                    95.56315898380751, 
                    106.40360028066766, 
                    115.99179908757685, 
                    125.32077098684947, 
                    121.4857277846454, 
                    103.63529001314042, 
                    86.31646323390963, 
                    91.44546394197829, 
                    97.38644987937661, 
                    99.82556323842059, 
                    102.72034280858703, 
                    111.24708824836992
                ]
            ]
        }
    ],