{
    "Bifurcation: ": [
        false
    ], 
    "Pressures": [
        {
            "Pressure Inlet": [
                [
                    2622.827097900284, 
                    -1098.9674182618867, 
                    308.94251763902224, 
                    -3.1518161823014093, 
                    103.63550305360788, 
                    122.44024632948071, 
                    149.0519982799464, 
                    135.0669775589756, 
                    116.6172035573081, 
                    115.84108696133923, 
                    96.09215768813388, 
                    71.20877451008711, 
                    62.64258711167138, 
                    82.1158661188165, 
                    112.1789197620245, 
                    127.02156751281598, 
                    131.5140855858708, 
                    128.10190577679376, 
                    126.6444828746755, 
                    130.74464017516948, 
                    140.6218800116472, 
                    147.86134988285863, 
                    138.35200040658967, 
                    117.38328523243788, 
                    109.51058134042985, 
                    113.0828225073772, 
                    109.78015275672885, 
                    114.62903719055818, 
                    111.6952107337022, 
                    109.33561373442055, 
                    110.9679729601382, 
                    109.22873875090875, 
                    97.95855404761164, 
                    86.83364265334785, 
                    88.04503103447519, 
                    93.9159000781559, 
                    85.99096049197287, 
                    85.9556879333025, 
                    90.05590850466845, 
                    92.35159230843875, 
                    86.15098350548074, 
                    82.15167763740921, 
                    93.02966258537629, 
                    88.02879381546438
                ]
            ], 
            "Pressure Outlet 1002": [
                0
            ], 
            "Pressure Outlet 1001": [
                [
                    0.0, 
                    0.0, 
                    0.0, 
                    0.0, 
                    0.0, 
                    0.0, 
                    0.0, 
                    0.0, 
                    0.0, 
                    0.0, 
                    0.0, 
                    0.0, 
                    0.0, 
                    0.0, 
                    0.0, 
                    0.0, 
                    0.0, 
                    0.0, 
                    0.0, 
                    0.0, 
                    0.0, 
                    0.0, 
                    0.0, 
                    0.0, 
                    0.0, 
                    0.0, 
                    0.0, 
                    0.0, 
                    0.0, 
                    0.0, 
                    0.0, 
                    0.0, 
                    0.0, 
                    0.0, 
                    0.0, 
                    0.0, 
                    0.0, 
                    0.0, 
                    0.0, 
                    0.0, 
                    0.0, 
                    0.0, 
                    0.0, 
                    0.0
                ]
            ]
        }
    ], 
    "Flow": [
        {
            "Flow Inlet": [
                [
                    -0.00010699346487186436, 
                    -0.00010699346487186436, 
                    -0.00010699346487186436, 
                    -0.00010699346487186436, 
                    -0.00010699346487186436, 
                    -0.00010699346487186436, 
                    -0.00010699346487186436, 
                    -0.00010699346487186436, 
                    -0.00010699346487186436, 
                    -0.00010699346487186436, 
                    -0.00010699346487186436, 
                    -0.00010699346487186436, 
                    -0.00010699346487186436, 
                    -0.00010699346487186436, 
                    -0.00010699346487186436, 
                    -0.00010699346487186436, 
                    -0.00010699346487186436, 
                    -0.00010699346487186436, 
                    -0.00010699346487186436, 
                    -0.00010699346487186436, 
                    -0.00010699346487186436, 
                    -0.00010699346487186436, 
                    -0.00010699346487186436, 
                    -0.00010699346487186436, 
                    -0.00010699346487186436, 
                    -0.00010699346487186436, 
                    -0.00010699346487186436, 
                    -0.00010699346487186436, 
                    -0.00010699346487186436, 
                    -0.00010699346487186436, 
                    -0.00010699346487186436, 
                    -0.00010699346487186436, 
                    -0.00010699346487186436, 
                    -0.00010699346487186436, 
                    -0.00010699346487186436, 
                    -0.00010699346487186436, 
                    -0.00010699346487186436, 
                    -0.00010699346487186436, 
                    -0.00010699346487186436, 
                    -0.00010699346487186436, 
                    -0.00010699346487186436, 
                    -0.00010699346487186436, 
                    -0.00010699346487186436, 
                    -0.00010699346487186436
                ]
            ], 
            "Flow Outlet 1002": [
                0
            ], 
            "Flow Outlet 1001": [
                [
                    0.0001015294618709085, 
                    0.0001069399150843867, 
                    0.00010677243796452344, 
                    0.00010685848654779925, 
                    0.00010685225432162328, 
                    0.00010686072612371286, 
                    0.00010685722092063199, 
                    0.00010685609924637331, 
                    0.00010685877968729075, 
                    0.00010685726644237538, 
                    0.00010685659377556613, 
                    0.0001068565986025983, 
                    0.00010685702840803233, 
                    0.00010685776449963051, 
                    0.00010685910735443375, 
                    0.00010686095910964139, 
                    0.00010686135578298529, 
                    0.00010685092522125327, 
                    0.0001068007146842018, 
                    0.00010665962669015905, 
                    0.00010653018837677463, 
                    0.00010660524353480269, 
                    0.00010670886063230474, 
                    0.00010675403457367471, 
                    0.00010677098336988981, 
                    0.00010677569162892051, 
                    0.00010677217858193034, 
                    0.00010681062935060107, 
                    0.00010683991167058687, 
                    0.00010684444844442205, 
                    0.00010684071496669125, 
                    0.00010684387238796922, 
                    0.00010684156447832555, 
                    0.00010684100721323965, 
                    0.00010684837884388992, 
                    0.0001068685138542681, 
                    0.00010686281642355549, 
                    0.000106847225687872, 
                    0.00010683886904462451, 
                    0.00010684947693426138, 
                    0.00010684783667913198, 
                    0.00010686117295946036, 
                    0.00010686687196837746, 
                    0.00010685002676836081
                ]
            ]
        }
    ], 
    "Simulations_Parameters": [
        {
            "Time_vector": [
                0, 
                7.0
            ], 
            "Config_conditions(1:V-P-P),(2:V-V-P)": 1, 
            "AutomaticDeltaTime": true,