{
    "name": [
        "I:/PROYECTOS/ESTUDIANTES/Sergio/V3/GID/berga\\Modelo_16_145.gid\\Modelo_16_145.json"
    ], 
    "Simulations_Parameters": [
        {
            "SolverType(1:AMGCGL,2:AMGCL_NS_Solver,3:BICGSTABSolver)": 1, 
            "Config_conditions(1:V-P-P),(2:V-V-P)": 1, 
            "Time_vector": [
                0, 
                7.0
            ], 
            "AutomaticDeltaTime": true, 
            "Dt": 0.06
        }
    ], 
    "Inlet": [
        {
            "Flow_inlet(mean)": -0.00010693778636203407, 
            "Centroid": [
                -0.00010319409110340905, 
                -2.6215637677039877e-05, 
                -0.031420356708522716
            ], 
            "Flow_inlet(peak)": -0.00010693778636203407, 
            "Reynolds(mean)": -2046.174290002223, 
            "Diameter": 0.01996268363257169, 
            "Reynolds(peak)": -2046.174290002223, 
            "Parabolic": true, 
            "Center Node": 116669, 
            "Total_area_inlet": 0.00031298876267923
        }
    ], 
    "Fluid Characteristic": [
        {
            "blood_dynamic_viscosity": 0.0035, 
            "blood_kinematic_viscosity": 3.3333333333333333e-06, 
            "blood_density": 1050.0
        }
    ], 
    "Time": [
        {
            "Time": [
                0.06, 
                0.23709981064665744, 
                0.4141996212933149, 
                0.5912994319399724, 
                0.7683992425866298, 
                0.848633099119734, 
                0.9446720495760463, 
                1.0683355541639659, 
                1.220783248919209, 
                1.385317023848559, 
                1.5833281144753764, 
                1.8242253718824355, 
                2.0651226292894944, 
                2.3562442547667577, 
                2.7101001463318637, 
                3.105444606229271, 
                3.115444606229271, 
                3.120444606229271, 
                3.3283951726540284, 
                3.516827614129772, 
                3.7148477266076467, 
                3.919811554271478, 
                4.126693214264087, 
                4.338338701721443, 
                4.589563629838127, 
                4.897550733179817, 
                5.256286127695762, 
                5.615021522211706, 
                6.043822393194942, 
                6.54189226063029, 
                7.119357501795219
            ]
        }
    ], 
    "Bifurcation: ": [
        false
    ], 
    "Pressures": [
        {
            "Pressure Inlet": [
                [
                    2698.997554285268, 
                    -1167.6549726410817, 
                    368.2300858566134, 
                    55.086864219162244, 
                    201.07489332313023, 
                    212.44278814834632, 
                    207.17416802105907, 
                    188.11601640102168, 
                    193.7339409187828, 
                    222.41474124854054, 
                    236.44811929682544, 
                    215.90936620576122, 
                    208.02390173113386, 
                    229.94435927592852, 
                    239.78386433049366, 
                    236.57912185577916, 
                    267.7914515980956, 
                    256.930964353236, 
                    239.38078648824688, 
                    248.82290369710955, 
                    249.2340825530288, 
                    260.71075513356953, 
                    262.72314417640825, 
                    246.5628415680538, 
                    235.0644890548459, 
                    239.23625436061815, 
                    249.71725300461407, 
                    241.5977724505498, 
                    230.3626921264082, 
                    220.46210538637106, 
                    236.8706375260725
                ]
            ], 
            "Pressure Outlet 1002": [
                0
            ], 
            "Pressure Outlet 1001": [
                [
                    0.0, 
                    0.0, 
                    0.0, 
                    0.0, 
                    0.0, 
                    0.0, 
                    0.0, 
                    0.0, 
                    0.0, 
                    0.0, 
                    0.0, 
                    0.0, 
                    0.0, 
                    0.0, 
                    0.0, 
                    0.0, 
                    0.0, 
                    0.0, 
                    0.0, 
                    0.0, 
                    0.0, 
                    0.0, 
                    0.0, 
                    0.0, 
                    0.0, 
                    0.0, 
                    0.0, 
                    0.0, 
                    0.0, 
                    0.0, 
                    0.0
                ]
            ]
        }
    ], 
    "Outlet 1001": [
        {
            "Flow_outlet(peak)": 0.00010704834450654257, 
            "Flow_outlet(mean)": 0.00010663678188726351, 
            "Centroid": [
                2.4036718798882593e-05, 
                6.826439254075248e-05, 
                0.289990000000001
            ], 
            "Reynolds(mean)": 2040.4245984908061, 
            "Diameter": 0.019962587721829687, 
            "Reynolds(peak)": 2048.299578186687, 
            "Total_area_outlet": 0.0003129857551765408, 
            "Center Node": 421
        }
    ], 
    "Hemodynamic Parameters_1001_ABC": [
        {
            "B": -3004476634617.295, 
            "C": 69971261.61641884, 
            "A": 323067177.8318535
        }
    ], 
    "Flow": [
        {
            "Flow Inlet": [
                [
                    -0.00010693778636203407, 
                    -0.00010693778636203407, 
                    -0.00010693778636203407, 
                    -0.00010693778636203407, 
                    -0.00010693778636203407, 
                    -0.00010693778636203407, 
                    -0.00010693778636203407, 
                    -0.00010693778636203407, 
                    -0.00010693778636203407, 
                    -0.00010693778636203407, 
                    -0.00010693778636203407, 
                    -0.00010693778636203407, 
                    -0.00010693778636203407, 
                    -0.00010693778636203407, 
                    -0.00010693778636203407, 
                    -0.00010693778636203407, 
                    -0.00010693778636203407, 
                    -0.00010693778636203407, 
                    -0.00010693778636203407, 
                    -0.00010693778636203407, 
                    -0.00010693778636203407, 
                    -0.00010693778636203407, 
                    -0.00010693778636203407, 
                    -0.00010693778636203407, 
                    -0.00010693778636203407, 
                    -0.00010693778636203407, 
                    -0.00010693778636203407, 
                    -0.00010693778636203407, 
                    -0.00010693778636203407, 
                    -0.00010693778636203407, 
                    -0.00010693778636203407
                ]
            ], 
            "Flow Outlet 1002": [
                0
            ],