{
    "Fluid Characteristic": [
        {
            "blood_kinematic_viscosity": 3.3333333333333333e-06, 
            "blood_dynamic_viscosity": 0.0035, 
            "blood_density": 1050.0
        }
    ], 
    "Time": [
        {
            "Time": [
                0.06, 
                0.21564815340889937, 
                0.2256481534088994, 
                0.2306481534088994, 
                0.3201608229502563, 
                0.41025496806729056, 
                0.4776422782812425, 
                0.5190725412109343, 
                0.5535648945368302, 
                0.588023821593138, 
                0.6293583882071824, 
                0.6805726756850989, 
                0.7500962951771961, 
                0.8222633251790417, 
                0.9039491776205683, 
                1.0050526735928729, 
                1.12555658164406, 
                1.274183413482724, 
                1.4624907030901313, 
                1.6742594598337823, 
                1.6842594598337821, 
                1.689259459833782, 
                1.7867195395710036, 
                1.8909279428377799, 
                1.9976115930903127, 
                2.113025915406735, 
                2.2378925789726956, 
                2.353317320816695, 
                2.482045787621145, 
                2.6404781846999534, 
                2.8287556823140965, 
                3.0170331799282395, 
                3.210520119033717, 
                3.2205201190337167, 
                3.2255201190337166, 
                3.3205858857862864, 
                3.4140152513319073, 
                3.5214420351141524, 
                3.6296924920557117, 
                3.736037562591935, 
                3.8377196505345994, 
                3.9567546152603255, 
                4.111325423083221, 
                4.302585165722262, 
                4.563269641442584, 
                4.823954117162907, 
                4.833954117162906, 
                4.838954117162906, 
                4.938349067289991, 
                5.023425151218706, 
                5.133222536416708, 
                5.241601618852575, 
                5.349392962126198, 
                5.465287864380288, 
                5.604745562185547, 
                5.762617436665745, 
                5.94678119320057, 
                6.1786174365527335, 
                6.188617436552733, 
                6.193617436552733, 
                6.309487595338167, 
                6.416602055127161, 
                6.52703072825126, 
                6.625760427757572, 
                6.724609424661462, 
                6.8354873577489155, 
                6.972991969511038, 
                7.1458504680787955
            ]
        }
    ], 
    "name": [
        "I:/PROYECTOS/ESTUDIANTES/Sergio/V3/GID/berga\\Modelo_9_120_I.gid\\Modelo_9_120_I.json"
    ], 
    "Flow": [
        {
            "Flow Outlet 1001": [
                [
                    0.00010165250454677233, 
                    0.00010727039099802674, 
                    0.00010698992026193743, 
                    0.00010702165266945477, 
                    0.00010703520867349514, 
                    0.00010705343435699787, 
                    0.00010705860587574457, 
                    0.0001070601795607536, 
                    0.0001070609729203171, 
                    0.00010706147650420627, 
                    0.00010706167717431224, 
                    0.00010706166943063419, 
                    0.00010706141737778003, 
                    0.00010706110173855952, 
                    0.00010706087762417618, 
                    0.0001070606456126219, 
                    0.00010706078883805188, 
                    0.00010705925490191527, 
                    0.00010704773685438834, 
                    0.00010703498884542134, 
                    0.00010703975807388428, 
                    0.00010703880753681503, 
                    0.0001070411208696642, 
                    0.0001070537184754922, 
                    0.00010706414880833645, 
                    0.00010706490027577433, 
                    0.00010705506564170416, 
                    0.00010704299608802418, 
                    0.0001070328089723421, 
                    0.00010702920199981929, 
                    0.00010702417025801721, 
                    0.00010703272323716501, 
                    0.00010706258385727896, 
                    0.00010705951910154986, 
                    0.00010705718796032057, 
                    0.00010705897530719433, 
                    0.00010705043681653593, 
                    0.00010700931226727319, 
                    0.00010698020377761109, 
                    0.00010701913041414427, 
                    0.00010704919076887009, 
                    0.0001070407635026402, 
                    0.00010701854692927067, 
                    0.00010701363554946829, 
                    0.00010702730105583922, 
                    0.00010701418320022105, 
                    0.00010701787127090167, 
                    0.00010701403963182307, 
                    0.00010699497064879555, 
                    0.00010699632226120958, 
                    0.0001070208366591946, 
                    0.00010703531553194609, 
                    0.00010701286002101499, 
                    0.00010695913124755256, 
                    0.00010694133403511701, 
                    0.00010699082893731617, 
                    0.00010702685786750876, 
                    0.00010702977774264758, 
                    0.00010702167991140205, 
                    0.00010701548550321726, 
                    0.000107015936365304, 
                    0.00010702114004625804, 
                    0.0001070258153119997, 
                    0.00010702545526213115, 
                    0.00010701903224067884, 
                    0.00010700576652888808, 
                    0.00010697561800914436, 
                    0.0001069576124488033
                ]
            ],