{
    "Pressures": [
        {
            "Pressure Outlet 1001": [
                [
                    0.0, 
                    0.0, 
                    0.0, 
                    0.0, 
                    0.0, 
                    0.0, 
                    0.0, 
                    0.0, 
                    0.0, 
                    0.0, 
                    0.0, 
                    0.0, 
                    0.0, 
                    0.0, 
                    0.0, 
                    0.0, 
                    0.0, 
                    0.0, 
                    0.0, 
                    0.0, 
                    0.0, 
                    0.0, 
                    0.0, 
                    0.0, 
                    0.0, 
                    0.0, 
                    0.0, 
                    0.0, 
                    0.0, 
                    0.0, 
                    0.0, 
                    0.0, 
                    0.0, 
                    0.0, 
                    0.0, 
                    0.0, 
                    0.0, 
                    0.0, 
                    0.0, 
                    0.0, 
                    0.0, 
                    0.0, 
                    0.0, 
                    0.0, 
                    0.0, 
                    0.0
                ]
            ], 
            "Pressure Outlet 1002": [
                0
            ], 
            "Pressure Inlet": [
                [
                    2564.8716668480006, 
                    -992.7886515944002, 
                    294.3500891883828, 
                    34.09753148560573, 
                    136.65114945869215, 
                    171.28245757997752, 
                    225.4355477064609, 
                    253.73604640668574, 
                    259.11257871844424, 
                    255.27252724482744, 
                    250.55714065442803, 
                    236.81963590053485, 
                    235.51673516979747, 
                    225.35893301687167, 
                    216.52165522608684, 
                    219.5041583599939, 
                    239.8091799804991, 
                    239.45200431679532, 
                    230.8864786676408, 
                    218.39610700446167, 
                    228.84240230638528, 
                    239.35589272491893, 
                    232.94791009835254, 
                    251.09706340315586, 
                    259.4897279352517, 
                    262.60149198730346, 
                    250.70018433958467, 
                    224.09516352593204, 
                    183.91758640518808, 
                    194.9800382969106, 
                    238.93540763651117, 
                    257.00573546797693, 
                    236.8288987978796, 
                    208.88441285348304, 
                    203.2981547985002, 
                    200.04375464337016, 
                    196.47422775382321, 
                    218.73683258369954, 
                    227.97140009693206, 
                    229.9769731180241, 
                    229.85192743655819, 
                    231.83995150441825, 
                    225.45783863422812, 
                    214.99878312186812, 
                    213.3264462705454, 
                    210.54977187576566
                ]
            ]
        }
    ], 
    "Hemodynamic Parameters_1001_ABC": [
        {
            "C": -4788250.7372146025, 
            "B": 3606138367881.0176, 
            "A": -384633168.35702723
        }
    ], 
    "Simulations_Parameters": [
        {
            "Dt": 0.06, 
            "AutomaticDeltaTime": true, 
            "Config_conditions(1:V-P-P),(2:V-V-P)": 1, 
            "Time_vector": [
                0, 
                7.0
            ], 
            "SolverType(1:AMGCGL,2:AMGCL_NS_Solver,3:BICGSTABSolver)": 1
        }
    ], 
    "Hemodynamic Parameters_1001_AB": [
        {
            "B": -3628953023707.577, 
            "A": 387080376.24838245
        }
    ], 
    "Outlet 1001": [
        {
            "Center Node": 390, 
            "Flow_outlet(mean)": 0.00010713616437070728, 
            "Centroid": [
                8.330871757666676e-05, 
                0.00013302512240608139, 
                0.289990000000001
            ], 
            "Total_area_outlet": 0.00031298575517405973, 
            "Reynolds(mean)": 2049.9799534640815, 
            "Flow_outlet(peak)": 0.00010742590557989544, 
            "Reynolds(peak)": 2055.5239607002654, 
            "Diameter": 0.019962587721750566
        }
    ], 
    "Fluid Characteristic": [
        {
            "blood_dynamic_viscosity": 0.0035, 
            "blood_kinematic_viscosity": 3.3333333333333333e-06, 
            "blood_density": 1050.0
        }
    ], 
    "Bifurcation: ": [
        false
    ], 
    "Inlet": [
        {
            "Flow_inlet(peak)": -0.00010734547765514858, 
            "Parabolic": true, 
            "Centroid": [
                -0.00010319409110340905, 
                -2.6215637677039877e-05, 
                -0.031420356708522716
            ], 
            "Total_area_inlet": 0.00031298876267923, 
            "Reynolds(mean)": -2053.9751569418518, 
            "Reynolds(peak)": -2053.9751569418518, 
            "Diameter": 0.01996268363257169, 
            "Center Node": 189992, 
            "Flow_inlet(mean)": -0.00010734547765514858
        }
    ], 
    "Time": [
        {
            "Time": [
                0.06, 
                0.11397023463936146, 
                0.17707780286419944, 
                0.24880397177975608, 
                0.3294776068746178, 
                0.42338734669245626, 
                0.5338725883181393, 
                0.6648749664223328, 
                0.8178721470685868, 
                1.0051640466459673, 
                1.230268212184572, 
                1.501518025837135, 
                1.5115180258371348, 
                1.5165180258371347, 
                1.6774981122212376, 
                1.835481024934049, 
                1.9923191762946868, 
                2.1540433664660266, 
                2.316382703012526, 
                2.4839599413714444, 
                2.6843862624464334, 
                2.922230204485565, 
                3.2043906351831164, 
                3.5244681795596753, 
                3.9353696288803413, 
                3.945369628880341, 
                3.950369628880341, 
                4.154359649344739, 
                4.355033684805856, 
                4.562090473407412, 
                4.74382028304318, 
                4.934769495497392, 
                5.135835448465776, 
                5.369936113877397, 
                5.604036779289019, 
                5.614036779289019, 
                5.619036779289019, 
                5.764457671589143, 
                5.907604839565186, 
                6.036415031603783, 
                6.180827673394768, 
                6.3282526996761845, 
                6.473746183671523, 
                6.63927468189688, 
                6.83015069072071, 
                7.0899614151578145
            ]
        }
    ],