{
    "name": [
        "I:/PROYECTOS/ESTUDIANTES/Sergio/V3/GID/berga\\Modelo_8_145.gid\\Modelo_8_145.json"
    ], 
    "Outlet 1001": [
        {
            "Reynolds(peak)": 2048.3208923022817, 
            "Flow_outlet(peak)": 0.0001070494584255924, 
            "Diameter": 0.019962587721750566, 
            "Total_area_outlet": 0.0003129857551740598, 
            "Flow_outlet(mean)": 0.00010674846367896564, 
            "Center Node": 468, 
            "Centroid": [
                5.0992123060165786e-05, 
                0.00011443458853698699, 
                0.289990000000001
            ], 
            "Reynolds(mean)": 2042.561556037938
        }
    ], 
    "Fluid Characteristic": [
        {
            "blood_dynamic_viscosity": 0.0035, 
            "blood_density": 1050.0, 
            "blood_kinematic_viscosity": 3.3333333333333333e-06
        }
    ], 
    "Pressures": [
        {
            "Pressure Outlet 1002": [
                0
            ], 
            "Pressure Inlet": [
                [
                    2826.310689489384, 
                    -1184.1153028626732, 
                    355.9330046861048, 
                    25.10511546695405, 
                    149.77484002898763, 
                    170.4426250947827, 
                    204.02615572149506, 
                    213.82866425526265, 
                    227.76757756995374, 
                    227.12683854690016, 
                    205.61488798328267, 
                    206.56159925169212, 
                    209.84645888568977, 
                    208.0236111651618, 
                    219.68446268425885, 
                    215.23793351806225, 
                    217.87928363003965, 
                    228.469378817887, 
                    225.42899624050986, 
                    216.75242209255876, 
                    211.17851340712542, 
                    203.74974897053778, 
                    201.37318225837717, 
                    202.33787377618523, 
                    202.0460302755062, 
                    205.93742544411825, 
                    202.54476082154758, 
                    187.08552544990434, 
                    188.91637882722205, 
                    184.32874692019658, 
                    194.26223333160647, 
                    206.67810213625228, 
                    202.3394218547735, 
                    188.35944974116268, 
                    178.44666841182146, 
                    177.4621212529462, 
                    203.52253070720448, 
                    231.98520746521558, 
                    232.71747481399944, 
                    223.52320158368934, 
                    209.8497625656917, 
                    215.88824119142356, 
                    211.56994907361477, 
                    206.86794370481653, 
                    214.35443016338883, 
                    209.45462029679163, 
                    207.13987572465442, 
                    203.90764432268375, 
                    193.6764311728411, 
                    185.394936645073, 
                    193.13341361586947
                ]
            ], 
            "Pressure Outlet 1001": [
                [
                    0.0, 
                    0.0, 
                    0.0, 
                    0.0, 
                    0.0, 
                    0.0, 
                    0.0, 
                    0.0, 
                    0.0, 
                    0.0, 
                    0.0, 
                    0.0, 
                    0.0, 
                    0.0, 
                    0.0, 
                    0.0, 
                    0.0, 
                    0.0, 
                    0.0, 
                    0.0, 
                    0.0, 
                    0.0, 
                    0.0, 
                    0.0, 
                    0.0, 
                    0.0, 
                    0.0, 
                    0.0, 
                    0.0, 
                    0.0, 
                    0.0, 
                    0.0, 
                    0.0, 
                    0.0, 
                    0.0, 
                    0.0, 
                    0.0, 
                    0.0, 
                    0.0, 
                    0.0, 
                    0.0, 
                    0.0, 
                    0.0, 
                    0.0, 
                    0.0, 
                    0.0, 
                    0.0, 
                    0.0, 
                    0.0, 
                    0.0, 
                    0.0
                ]
            ]
        }
    ], 
    "Hemodynamic Parameters_1001_ABC": [
        {
            "A": -91321228.12770116, 
            "B": 872663227184.7451, 
            "C": -5428180.724045336
        }
    ], 
    "Hemodynamic Parameters_1001_AB": [
        {
            "A": 73065412.41856009, 
            "B": -701838953237.5605
        }
    ], 
    "Flow": [
        {
            "Flow Outlet 1002": [
                0
            ], 
            "Flow Outlet 1001": [
                [
                    0.00010137045703038152, 
                    0.0001070494584255924, 
                    0.00010680845464962152, 
                    0.00010689148250198427, 
                    0.0001068767919295234, 
                    0.00010688260792744493, 
                    0.00010687972496529176, 
                    0.0001068787966829605, 
                    0.0001068750527729291, 
                    0.00010686544277241089, 
                    0.00010683536555472214, 
                    0.00010679649247114465, 
                    0.0001068179254507457, 
                    0.00010686921920312436, 
                    0.00010686450985875962, 
                    0.00010686302503669357, 
                    0.00010688108367788131, 
                    0.00010687656356286381, 
                    0.00010684894871151686, 
                    0.0001068173568377502, 
                    0.00010679733822071839, 
                    0.00010678211746635428, 
                    0.00010678392292162905, 
                    0.00010682824240743359, 
                    0.00010688904248854988, 
                    0.00010689499861785007, 
                    0.00010686446826153382, 
                    0.00010686480935131021, 
                    0.0001068725956514162, 
                    0.00010686854602192084, 
                    0.00010686644470423717, 
                    0.00010686697894847619, 
                    0.00010685696167528878, 
                    0.00010684398362050508, 
                    0.00010683569601221713, 
                    0.00010683818006881887, 
                    0.00010686094474090163, 
                    0.00010686958272293536, 
                    0.00010687344511204049, 
                    0.00010687082216197519, 
                    0.00010685749281835687, 
                    0.00010685155472954553, 
                    0.00010684701239438421, 
                    0.00010684888952229137, 
                    0.00010684837656923977, 
                    0.00010684034858421515, 
                    0.00010683384592049137, 
                    0.00010683333565416223, 
                    0.00010683720667448947, 
                    0.0001068421298086243, 
                    0.00010685357375199246
                ]
            ],