{
    "Hemodynamic Parameters_1001_ABC": [
        {
            "B": -1308165537227.264, 
            "C": -3701245.52092129, 
            "A": 140802752.42626372
        }
    ], 
    "Hemodynamic Parameters_1001_AB": [
        {
            "B": 1294832899287.0518, 
            "A": -139370156.5518622
        }
    ], 
    "Simulations_Parameters": [
        {
            "Time_vector": [
                0, 
                7.0
            ], 
            "AutomaticDeltaTime": true, 
            "Config_conditions(1:V-P-P),(2:V-V-P)": 1, 
            "Dt": 0.06, 
            "SolverType(1:AMGCGL,2:AMGCL_NS_Solver,3:BICGSTABSolver)": 1
        }
    ], 
    "Fluid Characteristic": [
        {
            "blood_kinematic_viscosity": 3.3333333333333333e-06, 
            "blood_dynamic_viscosity": 0.0035, 
            "blood_density": 1050.0
        }
    ], 
    "Pressures": [
        {
            "Pressure Inlet": [
                [
                    2653.8310340696003, 
                    -1104.3588332497247, 
                    309.40524270264706, 
                    -4.589751232758398, 
                    99.19491699997172, 
                    112.15081596208961, 
                    132.81438853322976, 
                    118.63809614222863, 
                    91.53757720943999, 
                    88.28168515192594, 
                    122.78879087086099, 
                    141.51974962053333, 
                    145.51440807901628, 
                    139.80044523417277, 
                    123.20373815731008, 
                    112.75297838100785, 
                    102.30293828808092, 
                    90.39872449695288, 
                    84.4566624528194, 
                    77.64665393529755, 
                    57.14108539655029, 
                    63.638126588118794, 
                    74.43801971819755, 
                    81.28867147528094, 
                    79.04704035002084, 
                    81.72333747127425, 
                    86.70769663236607, 
                    79.00553963926426, 
                    74.49371957523972, 
                    76.62097248650221, 
                    79.01816074914342, 
                    73.96140900028574, 
                    67.83845579395732, 
                    69.63560562667637, 
                    68.9262591196491, 
                    65.96596131179183, 
                    67.90362642125338, 
                    73.8062152352248, 
                    74.39994041382813, 
                    69.64043336720232
                ]
            ], 
            "Pressure Outlet 1001": [
                [
                    0.0, 
                    0.0, 
                    0.0, 
                    0.0, 
                    0.0, 
                    0.0, 
                    0.0, 
                    0.0, 
                    0.0, 
                    0.0, 
                    0.0, 
                    0.0, 
                    0.0, 
                    0.0, 
                    0.0, 
                    0.0, 
                    0.0, 
                    0.0, 
                    0.0, 
                    0.0, 
                    0.0, 
                    0.0, 
                    0.0, 
                    0.0, 
                    0.0, 
                    0.0, 
                    0.0, 
                    0.0, 
                    0.0, 
                    0.0, 
                    0.0, 
                    0.0, 
                    0.0, 
                    0.0, 
                    0.0, 
                    0.0, 
                    0.0, 
                    0.0, 
                    0.0, 
                    0.0
                ]
            ], 
            "Pressure Outlet 1002": [
                0
            ]
        }
    ], 
    "name": [
        "I:/PROYECTOS/ESTUDIANTES/Sergio/V3/GID/berga\\Modelo_16_170.gid\\Modelo_16_170.json"
    ], 
    "Bifurcation: ": [
        false
    ], 
    "Time": [
        {
            "Time": [
                0.06, 
                0.14796242572486346, 
                0.2445325675707345, 
                0.35974178742148577, 
                0.4975371589899652, 
                0.6623704220233151, 
                0.827203685056665, 
                0.9920369480900149, 
                1.1568702111233646, 
                1.3217034741567146, 
                1.4865367371900646, 
                1.6284551055794172, 
                1.7978293761131114, 
                1.994560687527439, 
                2.245652795085723, 
                2.556477658351234, 
                2.91098921921555, 
                2.9209892192155498, 
                2.9259892192155497, 
                3.101557283474453, 
                3.277125347733356, 
                3.4526934119922594, 
                3.6282614762511627, 
                3.803829540510066, 
                3.979397604768969, 
                4.184657471944165, 
                4.3899173391193616, 
                4.595177206294558, 
                4.780349645915074, 
                4.972467204583031, 
                5.174881221031435, 
                5.393333822305697, 
                5.611786423579958, 
                5.83023902485422, 
                6.048691626128481, 
                6.267144227402743, 
                6.4855968286770045, 
                6.704049429951266, 
                6.922502031225528, 
                7.140954632499789
            ]
        }
    ], 
    "Flow": [
        {
            "Flow Outlet 1001": [
                [
                    0.00010150712199487625, 
                    0.0001071268825700191, 
                    0.00010695304906423209, 
                    0.00010703784302306872, 
                    0.00010703255439544166, 
                    0.00010703947438557407, 
                    0.00010703554352264677, 
                    0.00010703444531368615, 
                    0.00010703438318534864, 
                    0.00010703656818063234, 
                    0.0001070402560315805, 
                    0.00010703920624668096, 
                    0.00010702314445093542, 
                    0.00010698323290733039, 
                    0.00010690904623479959, 
                    0.00010684021457272492, 
                    0.00010691755480072158, 
                    0.00010695537729729559, 
                    0.00010696543440145212, 
                    0.00010700792990819905, 
                    0.00010703752816015496, 
                    0.00010704799742806466, 
                    0.00010708392165297907, 
                    0.00010708489294077916, 
                    0.00010706099238511937, 
                    0.00010705186020514235, 
                    0.00010703698142837816, 
                    0.00010700711479109583, 
                    0.00010698046643867586, 
                    0.00010696519269654685, 
                    0.00010696948375296803, 
                    0.00010699531821551263, 
                    0.00010701424111538161, 
                    0.00010702312122017571, 
                    0.00010703376934380691, 
                    0.00010703647544592593, 
                    0.00010703107804358007, 
                    0.00010701832798157733, 
                    0.00010700549800393351, 
                    0.00010699983451500255
                ]
            ],