{
    "Pressures": [
        {
            "Pressure Outlet 1002": [
                0
            ], 
            "Pressure Outlet 1001": [
                [
                    0.0, 
                    0.0, 
                    0.0, 
                    0.0, 
                    0.0, 
                    0.0, 
                    0.0, 
                    0.0, 
                    0.0, 
                    0.0, 
                    0.0, 
                    0.0, 
                    0.0, 
                    0.0, 
                    0.0, 
                    0.0, 
                    0.0, 
                    0.0, 
                    0.0, 
                    0.0, 
                    0.0, 
                    0.0, 
                    0.0, 
                    0.0, 
                    0.0, 
                    0.0, 
                    0.0, 
                    0.0, 
                    0.0, 
                    0.0, 
                    0.0, 
                    0.0, 
                    0.0, 
                    0.0, 
                    0.0, 
                    0.0, 
                    0.0, 
                    0.0, 
                    0.0, 
                    0.0, 
                    0.0, 
                    0.0, 
                    0.0, 
                    0.0, 
                    0.0, 
                    0.0, 
                    0.0, 
                    0.0, 
                    0.0, 
                    0.0
                ]
            ], 
            "Pressure Inlet": [
                [
                    2503.6636837112765, 
                    -1069.276334419596, 
                    310.03466568145933, 
                    16.541515662006724, 
                    147.81229913007834, 
                    162.54761285339043, 
                    155.00615973287938, 
                    138.62126065169068, 
                    132.679933321661, 
                    119.73571926346325, 
                    95.93936777684178, 
                    70.51022333083588, 
                    47.71423730934414, 
                    42.45805249935507, 
                    50.34198105283257, 
                    57.07823597669611, 
                    58.69797439757656, 
                    66.88350665041641, 
                    90.50924936015612, 
                    113.84276974127688, 
                    125.01994485385954, 
                    129.36636281970843, 
                    135.7413989486494, 
                    123.76298174743138, 
                    114.06546647353123, 
                    103.6858467301958, 
                    120.91448047940705, 
                    109.76693278313091, 
                    110.04668381131096, 
                    101.24807054545482, 
                    95.05045605463143, 
                    104.0351868795089, 
                    110.41625556001733, 
                    112.97352076294, 
                    117.20733497071296, 
                    111.62310945059461, 
                    102.3493020933158, 
                    88.10070227243357, 
                    84.58297283384077, 
                    98.49590401907903, 
                    100.53283161412087, 
                    111.0213664558564, 
                    111.99696728392684, 
                    106.01197250866385, 
                    92.71616100840781, 
                    84.22263844693306, 
                    95.18521602894938, 
                    101.45148224965378, 
                    100.79983640611535, 
                    105.21778674858379
                ]
            ]
        }
    ], 
    "Hemodynamic Parameters_1001_ABC": [
        {
            "C": -4264605.864010312, 
            "B": -2207957444584.3643, 
            "A": 237125462.55713904
        }
    ], 
    "Time": [
        {
            "Time": [
                0.06, 
                0.1833449326604647, 
                0.326819563734297, 
                0.5016136407072489, 
                0.7097132985057593, 
                0.9178129563042696, 
                1.12591261410278, 
                1.1359126141027798, 
                1.1409126141027797, 
                1.1979938870305136, 
                1.2480480511657814, 
                1.3016632725330513, 
                1.3555561275213086, 
                1.4104233361857288, 
                1.46134198293855, 
                1.5232937563934343, 
                1.6010113231676766, 
                1.6968996170415158, 
                1.8115152065272342, 
                1.9453552621848338, 
                2.115567727225847, 
                2.3241750009387916, 
                2.5885367896564024, 
                2.874391329396111, 
                2.8843913293961108, 
                2.8893913293961107, 
                3.0316204261889923, 
                3.1911178814693852, 
                3.344333737456334, 
                3.5008015987390193, 
                3.652074747335892, 
                3.808493881631485, 
                4.007673854754193, 
                4.209288637345666, 
                4.482292371231062, 
                4.755296105116458, 
                5.065002412954614, 
                5.075002412954614, 
                5.080002412954614, 
                5.239513040634758, 
                5.399023668314903, 
                5.556047216022668, 
                5.704918978380728, 
                5.850708363308472, 
                6.00244341153128, 
                6.166348325552474, 
                6.36685551605116, 
                6.615081572338115, 
                6.863307628625069, 
                7.111533684912024
            ]
        }
    ], 
    "Inlet": [
        {
            "Centroid": [
                -0.00010319409110340921, 
                -2.6215637677039552e-05, 
                -0.031420356708522716
            ], 
            "Reynolds(mean)": -2049.954918481486, 
            "Total_area_inlet": 0.00031298876267923, 
            "Reynolds(peak)": -2049.954918481486, 
            "Diameter": 0.01996268363257169, 
            "Parabolic": true, 
            "Center Node": 189230, 
            "Flow_inlet(mean)": -0.00010713537072354474, 
            "Flow_inlet(peak)": -0.00010713537072354474
        }
    ], 
    "Flow": [
        {
            "Flow Outlet 1002": [
                0
            ],