{
    "Inlet": [
        {
            "Flow_inlet(mean)": -0.00010652960935984456, 
            "Reynolds(mean)": -2038.364129383947, 
            "Reynolds(peak)": -2038.364129383947, 
            "Centroid": [
                -0.00010319409110340905, 
                -2.6215637677039877e-05, 
                -0.031420356708522716
            ], 
            "Parabolic": true, 
            "Diameter": 0.01996268363257169, 
            "Flow_inlet(peak)": -0.00010652960935984456, 
            "Total_area_inlet": 0.00031298876267923, 
            "Center Node": 89929
        }
    ], 
    "Bifurcation: ": [
        false
    ], 
    "Outlet 1001": [
        {
            "Flow_outlet(mean)": 0.0001061936850236636, 
            "Total_area_outlet": 0.0003129857873893009, 
            "Reynolds(mean)": 2031.9461272311057, 
            "Reynolds(peak)": 2036.2704200912, 
            "Flow_outlet(peak)": 0.0001064196814650952, 
            "Centroid": [
                6.215379717078656e-05, 
                5.614083298509638e-05, 
                0.25
            ], 
            "Diameter": 0.019962588749112914, 
            "Center Node": 425
        }
    ], 
    "Time": [
        {
            "Time": [
                0.06, 
                0.1127701763151473, 
                0.17090694925668187, 
                0.23872986450690237, 
                0.3185169768892221, 
                0.4133301886036477, 
                0.5264228860642141, 
                0.6613641153665811, 
                0.8215197072263924, 
                1.003744431846141, 
                1.1859691564658896, 
                1.3681938810856382, 
                1.6154524202984597, 
                1.9073682197914075, 
                2.2617201428662086, 
                2.6939257262147898, 
                3.126131309563371, 
                3.558336892911952, 
                3.9905424762605333, 
                4.422748059609114, 
                4.854953642957696, 
                5.287159226306278, 
                5.719364809654859, 
                5.729364809654859, 
                5.734364809654859, 
                5.947459373376869, 
                6.1605539370988796, 
                6.37364850082089, 
                6.56515737011015, 
                6.775322253735649, 
                6.964000271950442, 
                7.121336650811106
            ]
        }
    ], 
    "Simulations_Parameters": [
        {
            "AutomaticDeltaTime": true, 
            "Time_vector": [
                0, 
                7.0
            ], 
            "SolverType(1:AMGCGL,2:AMGCL_NS_Solver,3:BICGSTABSolver)": 1, 
            "Config_conditions(1:V-P-P),(2:V-V-P)": 1, 
            "Dt": 0.06
        }
    ], 
    "Pressures": [
        {
            "Pressure Outlet 1002": [
                0
            ], 
            "Pressure Inlet": [
                [
                    2444.4246436640615, 
                    -952.125513861406, 
                    260.67403410550423, 
                    2.654887361411934, 
                    82.44227221639737, 
                    96.28783993074005, 
                    131.29453187101421, 
                    141.27392236264205, 
                    106.82750475862312, 
                    51.09806768529187, 
                    58.66707365637449, 
                    85.54195293014845, 
                    99.04724656297654, 
                    103.42658446513896, 
                    109.02627177387423, 
                    98.81538591002054, 
                    86.29157678083874, 
                    81.3965153706675, 
                    84.11902803102157, 
                    87.39419462267902, 
                    88.33134778819546, 
                    89.80861345039365, 
                    75.78631082441215, 
                    63.13900167182211, 
                    59.11500681843596, 
                    64.44921035929174, 
                    67.9660358869339, 
                    76.51825733092487, 
                    68.30254154165922, 
                    55.272295328438126, 
                    55.75071377318441, 
                    61.143393039758934
                ]
            ], 
            "Pressure Outlet 1001": [
                [
                    0.0, 
                    0.0, 
                    0.0, 
                    0.0, 
                    0.0, 
                    0.0, 
                    0.0, 
                    0.0, 
                    0.0, 
                    0.0, 
                    0.0, 
                    0.0, 
                    0.0, 
                    0.0, 
                    0.0, 
                    0.0, 
                    0.0, 
                    0.0, 
                    0.0, 
                    0.0, 
                    0.0, 
                    0.0, 
                    0.0, 
                    0.0, 
                    0.0, 
                    0.0, 
                    0.0, 
                    0.0, 
                    0.0, 
                    0.0, 
                    0.0, 
                    0.0
                ]
            ]
        }
    ], 
    "Hemodynamic Parameters_1001_ABC": [
        {
            "A": 51491178.86744025, 
            "B": -476718398276.43445, 
            "C": -16781685.22102508
        }
    ], 
    "name": [
        "I:/PROYECTOS/ESTUDIANTES/Sergio/V3/GID\\Modelo_12_170_I.gid\\Modelo_12_170_I.json"
    ], 
    "Hemodynamic Parameters_1001_AB": [
        {
            "A": -69399234.86976431, 
            "B": 645153309009.7036
        }
    ], 
    "Fluid Characteristic": [
        {
            "blood_dynamic_viscosity": 0.0035, 
            "blood_density": 1050.0, 
            "blood_kinematic_viscosity": 3.3333333333333333e-06
        }
    ], 
    "Flow": [
        {
            "Flow Outlet 1002": [
                0
            ], 
            "Flow Outlet 1001": [
                [
                    0.0001008884798952117, 
                    0.00010640621935300632, 
                    0.00010628622329262867, 
                    0.00010636025202604145, 
                    0.00010637088430443862, 
                    0.00010639074870242185, 
                    0.00010639548602713134, 
                    0.00010639600689744422, 
                    0.00010639523576915108, 
                    0.00010640026760368079, 
                    0.00010641252550059333, 
                    0.0001064196814650952, 
                    0.00010639097326476303, 
                    0.00010632389134411771, 
                    0.0001062647437160085, 
                    0.0001062577138980219, 
                    0.00010631351074269314, 
                    0.00010636903393208335, 
                    0.00010639613306481462, 
                    0.00010637611291891879, 
                    0.0001063754272646053, 
                    0.00010636705008622407, 
                    0.00010632905884988256, 
                    0.00010633911487668645, 
                    0.00010633933065506814, 
                    0.0001063421701187559, 
                    0.00010635943535728567, 
                    0.00010638578746585526, 
                    0.00010639689001015615, 
                    0.00010637621146319041, 
                    0.00010637597349403263, 
                    0.0001063973473972269
                ]
            ],