{
    "Pressures": [
        {
            "Pressure Inlet": [
                [
                    2557.5871735737605, 
                    -1012.1438460131993, 
                    354.98040730361186, 
                    111.88831742280594, 
                    269.3185216383478, 
                    321.2460571623633, 
                    353.83789088145903, 
                    360.5992526195971, 
                    364.13663156461126, 
                    333.027419273073, 
                    304.3111985340391, 
                    316.47278490888243, 
                    333.8227100659661, 
                    336.44364878628056, 
                    343.7437188918372, 
                    356.22760982469043, 
                    360.99027273030737, 
                    339.6711087074937, 
                    312.47555894086196, 
                    310.6455407013431, 
                    311.84854940244674, 
                    350.19666035969294
                ]
            ], 
            "Pressure Outlet 1001": [
                [
                    0.0, 
                    0.0, 
                    0.0, 
                    0.0, 
                    0.0, 
                    0.0, 
                    0.0, 
                    0.0, 
                    0.0, 
                    0.0, 
                    0.0, 
                    0.0, 
                    0.0, 
                    0.0, 
                    0.0, 
                    0.0, 
                    0.0, 
                    0.0, 
                    0.0, 
                    0.0, 
                    0.0, 
                    0.0
                ]
            ], 
            "Pressure Outlet 1002": [
                0
            ]
        }
    ], 
    "Outlet 1001": [
        {
            "Diameter": 0.01996258772182968, 
            "Reynolds(peak)": 2049.1197858473392, 
            "Total_area_outlet": 0.00031298575517654055, 
            "Center Node": 374, 
            "Flow_outlet(mean)": 0.00010679035683155198, 
            "Flow_outlet(peak)": 0.00010709121024413258, 
            "Reynolds(mean)": 2043.3631539169203, 
            "Centroid": [
                5.8627086397206703e-05, 
                0.00010353839509326638, 
                0.26997999999999905
            ]
        }
    ], 
    "Bifurcation: ": [
        false
    ], 
    "Hemodynamic Parameters_1001_AB": [
        {
            "A": -27090955.410608865, 
            "B": 224119524354.85065
        }
    ], 
    "Hemodynamic Parameters_1001_ABC": [
        {
            "A": 34330673.827509396, 
            "B": -291897525405.2145, 
            "C": -11254314.909434289
        }
    ], 
    "Flow": [
        {
            "Flow Inlet": [
                [
                    -0.00010722478795414098, 
                    -0.00010722478795414098, 
                    -0.00010722478795414098, 
                    -0.00010722478795414098, 
                    -0.00010722478795414098, 
                    -0.00010722478795414098, 
                    -0.00010722478795414098, 
                    -0.00010722478795414098, 
                    -0.00010722478795414098, 
                    -0.00010722478795414098, 
                    -0.00010722478795414098, 
                    -0.00010722478795414098, 
                    -0.00010722478795414098, 
                    -0.00010722478795414098, 
                    -0.00010722478795414098, 
                    -0.00010722478795414098, 
                    -0.00010722478795414098, 
                    -0.00010722478795414098, 
                    -0.00010722478795414098, 
                    -0.00010722478795414098, 
                    -0.00010722478795414098, 
                    -0.00010722478795414098
                ]
            ], 
            "Flow Outlet 1001": [
                [
                    0.00010172551806959586, 
                    0.00010709121024413258, 
                    0.00010696778417172572, 
                    0.00010706921578116918, 
                    0.00010707176078761026, 
                    0.00010708318382398254, 
                    0.00010708153418700415, 
                    0.0001070796853425766, 
                    0.00010707823444224923, 
                    0.00010707904996865779, 
                    0.00010708248022050006, 
                    0.00010706905727232946, 
                    0.00010702591882673017, 
                    0.0001069979657269438, 
                    0.00010694976859991895, 
                    0.00010688967690993786, 
                    0.00010700249009857032, 
                    0.00010707554423094765, 
                    0.00010697196502973405, 
                    0.00010696982130572453, 
                    0.00010695388266664518, 
                    0.0001070721025874575
                ]
            ], 
            "Flow Outlet 1002": [
                0
            ]
        }
    ], 
    "Inlet": [
        {
            "Parabolic": true, 
            "Diameter": 0.01996268363257169, 
            "Reynolds(peak)": -2051.665850085305, 
            "Total_area_inlet": 0.00031298876267923, 
            "Center Node": 167640, 
            "Flow_inlet(peak)": -0.00010722478795414098, 
            "Reynolds(mean)": -2051.665850085305, 
            "Flow_inlet(mean)": -0.00010722478795414098, 
            "Centroid": [
                -0.00010319409110340905, 
                -2.6215637677039877e-05, 
                -0.031420356708522716
            ]
        }
    ], 
    "name": [
        "I:/PROYECTOS/ESTUDIANTES/Sergio/V3/GID/berga\\Modelo_24_120_I.gid\\Modelo_24_120_I.json"
    ], 
    "Time": [
        {
            "Time": [
                0.06, 
                0.13603865429776074, 
                0.21954475857667533, 
                0.3145286106685996, 
                0.427344506026595, 
                0.5495432769134115, 
                0.6964888226468725, 
                0.8741193748159133, 
                1.0898636287702563, 
                1.3439193875263375, 
                1.6785936626414382, 
                2.055386220772708, 
                2.4839954401365296, 
                2.970238662966187, 
                3.6088951954267983, 
                4.2475517278874095, 
                5.15428476266858, 
                5.899410981043634, 
                6.798228355882159, 
                6.808228355882159, 
                6.813228355882159, 
                7.382819641680142
            ]
        }
    ], 
    "Fluid Characteristic": [
        {
            "blood_dynamic_viscosity": 0.0035, 
            "blood_density": 1050.0, 
            "blood_kinematic_viscosity": 3.3333333333333333e-06
        }
    ], 
    "Simulations_Parameters": [
        {
            "SolverType(1:AMGCGL,2:AMGCL_NS_Solver,3:BICGSTABSolver)": 1, 
            "Time_vector": [
                0, 
                7.0
            ], 
            "Config_conditions(1:V-P-P),(2:V-V-P)": 1, 
            "Dt": 0.06, 
            "AutomaticDeltaTime": true
        }
    ]
}