{
    "Hemodynamic Parameters_1001_ABC": [
        {
            "C": 3210427.797320664, 
            "B": -2303692658385.8965, 
            "A": 148507409.2412392
        }
    ], 
    "Flow": [
        {
            "Flow Outlet 1002": [
                0
            ], 
            "Flow Inlet": [
                [
                    -6.430142567147419e-05, 
                    -6.430142567147419e-05, 
                    -6.430142567147419e-05, 
                    -6.430142567147419e-05, 
                    -6.430142567147419e-05, 
                    -6.430142567147419e-05, 
                    -6.430142567147419e-05, 
                    -6.430142567147419e-05, 
                    -6.430142567147419e-05, 
                    -6.430142567147419e-05, 
                    -6.430142567147419e-05, 
                    -6.430142567147419e-05, 
                    -6.430142567147419e-05, 
                    -6.430142567147419e-05, 
                    -6.430142567147419e-05, 
                    -6.430142567147419e-05, 
                    -6.430142567147419e-05, 
                    -6.430142567147419e-05, 
                    -6.430142567147419e-05, 
                    -6.430142567147419e-05, 
                    -6.430142567147419e-05, 
                    -6.430142567147419e-05, 
                    -6.430142567147419e-05, 
                    -6.430142567147419e-05, 
                    -6.430142567147419e-05, 
                    -6.430142567147419e-05
                ]
            ], 
            "Flow Outlet 1001": [
                [
                    6.061623195198123e-05, 
                    6.445822538721943e-05, 
                    6.41684870062964e-05, 
                    6.425036101464583e-05, 
                    6.423113346069462e-05, 
                    6.423874691009728e-05, 
                    6.423722216351976e-05, 
                    6.423699424979981e-05, 
                    6.423730021967909e-05, 
                    6.423916367335107e-05, 
                    6.424024863305128e-05, 
                    6.423344981850805e-05, 
                    6.421361384457652e-05, 
                    6.420240261338964e-05, 
                    6.422561965131027e-05, 
                    6.422621938050381e-05, 
                    6.422371119777032e-05, 
                    6.423570899648133e-05, 
                    6.42401269536572e-05, 
                    6.424122584830871e-05, 
                    6.422772436096686e-05, 
                    6.422604338332394e-05, 
                    6.422923637014057e-05, 
                    6.42318850240213e-05, 
                    6.423480240731706e-05, 
                    6.423556527595164e-05
                ]
            ]
        }
    ], 
    "Fluid Characteristic": [
        {
            "blood_kinematic_viscosity": 3.3333333333333333e-06, 
            "blood_density": 1050.0, 
            "blood_dynamic_viscosity": 0.0035
        }
    ], 
    "Bifurcation: ": [
        false
    ], 
    "Pressures": [
        {
            "Pressure Outlet 1002": [
                0
            ], 
            "Pressure Outlet 1001": [
                [
                    0.0, 
                    0.0, 
                    0.0, 
                    0.0, 
                    0.0, 
                    0.0, 
                    0.0, 
                    0.0, 
                    0.0, 
                    0.0, 
                    0.0, 
                    0.0, 
                    0.0, 
                    0.0, 
                    0.0, 
                    0.0, 
                    0.0, 
                    0.0, 
                    0.0, 
                    0.0, 
                    0.0, 
                    0.0, 
                    0.0, 
                    0.0, 
                    0.0, 
                    0.0
                ]
            ], 
            "Pressure Inlet": [
                [
                    1827.647194701311, 
                    -783.1464253486778, 
                    211.39413500326077, 
                    -18.08981135539176, 
                    42.77599393187982, 
                    37.10214770546514, 
                    45.26912877643947, 
                    39.28731642420443, 
                    28.57333275249125, 
                    31.184535778433524, 
                    41.62173315108996, 
                    44.41841015701234, 
                    44.214120018420644, 
                    40.41439851271641, 
                    35.847174166430676, 
                    36.44813446525054, 
                    32.448083519346135, 
                    31.65275205522147, 
                    29.166947239597516, 
                    33.75807883316592, 
                    33.210626896830256, 
                    28.60085578654334, 
                    26.305350333596785, 
                    27.4845983190694, 
                    28.76847837425468, 
                    28.546088240653074
                ]
            ]
        }
    ], 
    "Inlet": [
        {
            "Centroid": [
                -0.00010319409110340905, 
                -2.6215637677039877e-05, 
                -0.031420356708522716
            ], 
            "Flow_inlet(mean)": -6.430142567147419e-05, 
            "Reynolds(peak)": -1230.3595248739052, 
            "Reynolds(mean)": -1230.3595248739052, 
            "Flow_inlet(peak)": -6.430142567147419e-05, 
            "Diameter": 0.01996268363257169, 
            "Total_area_inlet": 0.00031298876267923, 
            "Center Node": 67555, 
            "Parabolic": true
        }
    ], 
    "name": [
        "I:/PROYECTOS/ESTUDIANTES/Sergio/V1/GID\\Modelo_2_170_I.gid\\Modelo_2_170_I.json"
    ], 
    "Hemodynamic Parameters_1001_AB": [
        {
            "B": 2333879191833.805, 
            "A": -150445055.27437234
        }
    ], 
    "Time": [
        {
            "Time": [
                0.05, 
                0.15638567335918777, 
                0.26887669001290304, 
                0.3992955709589301, 
                0.5479893359603619, 
                0.7163755981276791, 
                0.9185082827337854, 
                1.1391127010307698, 
                1.4028569817580752, 
                1.6666012624853805, 
                1.977073292555121, 
                2.3593100328215435, 
                2.8180048223099248, 
                3.382990264176172, 
                4.048154713524612, 
                4.058154713524612, 
                4.063154713524612, 
                4.3991902783857455, 
                4.735225843246878, 
                5.071261408108011, 
                5.407296972969144, 
                5.734879775635381, 
                6.065081003190888, 
                6.399940195197338, 
                6.724959416953034, 
                7.052949422018422
            ]
        }
    ], 
    "Outlet 1001": [
        {
            "Centroid": [
                -1.8710628692159163e-05, 
                8.09623068897412e-05, 
                0.25
            ], 
            "Total_area_outlet": 0.0003129857551765408, 
            "Reynolds(peak)": 1233.3656954707465, 
            "Reynolds(mean)": 1226.497636820035, 
            "Flow_outlet(mean)": 6.409928653063704e-05, 
            "Diameter": 0.019962587721829687, 
            "Center Node": 432, 
            "Flow_outlet(peak)": 6.445822538721943e-05
        }
    ], 
    "Simulations_Parameters": [
        {
            "Dt": 0.05, 
            "Config_conditions(1:V-P-P),(2:V-V-P)": 1, 
            "AutomaticDeltaTime": true, 
            "SolverType(1:AMGCGL,2:AMGCL_NS_Solver,3:BICGSTABSolver)": 1, 
            "Time_vector": [
                0, 
                7.0
            ]
        }
    ]
}