{
    "Pressures": [
        {
            "Pressure Outlet 1002": [
                0
            ], 
            "Pressure Outlet 1001": [
                [
                    0.0, 
                    0.0, 
                    0.0, 
                    0.0, 
                    0.0, 
                    0.0, 
                    0.0, 
                    0.0, 
                    0.0, 
                    0.0, 
                    0.0, 
                    0.0, 
                    0.0, 
                    0.0, 
                    0.0, 
                    0.0, 
                    0.0, 
                    0.0, 
                    0.0, 
                    0.0, 
                    0.0, 
                    0.0, 
                    0.0, 
                    0.0, 
                    0.0, 
                    0.0, 
                    0.0, 
                    0.0, 
                    0.0, 
                    0.0, 
                    0.0, 
                    0.0, 
                    0.0, 
                    0.0, 
                    0.0, 
                    0.0, 
                    0.0, 
                    0.0
                ]
            ], 
            "Pressure Inlet": [
                [
                    2590.268317200426, 
                    -1071.6764242147665, 
                    327.70207697889487, 
                    38.49321724108953, 
                    166.95951605725804, 
                    200.76852427953833, 
                    231.1284584104533, 
                    226.66375559200503, 
                    238.28454818610416, 
                    246.26517770512584, 
                    228.8578882337577, 
                    204.57886752655048, 
                    199.30960174981576, 
                    194.7189643891814, 
                    183.50076086426537, 
                    193.88450113761448, 
                    223.24961793621375, 
                    227.99571733370192, 
                    201.45608549925984, 
                    194.8207367273967, 
                    192.54850699031215, 
                    208.73790771618545, 
                    208.74930412474515, 
                    213.27716893495182, 
                    218.17945778090422, 
                    210.7802899543988, 
                    209.75169182917762, 
                    209.21286866202317, 
                    202.39677933436622, 
                    207.66175185473628, 
                    206.1040417830025, 
                    244.87747082820428, 
                    238.52042397401567, 
                    223.20535258325634, 
                    214.37042566878137, 
                    213.65955226553524, 
                    228.2206350381397, 
                    232.3392261344903
                ]
            ]
        }
    ], 
    "Simulations_Parameters": [
        {
            "AutomaticDeltaTime": true, 
            "Time_vector": [
                0, 
                7.0
            ], 
            "Config_conditions(1:V-P-P),(2:V-V-P)": 1, 
            "SolverType(1:AMGCGL,2:AMGCL_NS_Solver,3:BICGSTABSolver)": 1, 
            "Dt": 0.06
        }
    ], 
    "Outlet 1001": [
        {
            "Center Node": 495, 
            "Centroid": [
                4.0943110527933e-05, 
                8.761835146426997e-05, 
                0.26997999999999905
            ], 
            "Reynolds(peak)": 2049.698747015387, 
            "Total_area_outlet": 0.0003129857551620257, 
            "Flow_outlet(mean)": 0.00010684232654188581, 
            "Reynolds(mean)": 2044.35756014824, 
            "Diameter": 0.019962587721366793, 
            "Flow_outlet(peak)": 0.00010712146794185672
        }
    ], 
    "Inlet": [
        {
            "Center Node": 103834, 
            "Parabolic": true, 
            "Flow_inlet(peak)": -0.00010712872637682266, 
            "Centroid": [
                -0.00010319409110340921, 
                -2.6215637677039552e-05, 
                -0.031420356708522716
            ], 
            "Reynolds(peak)": -2049.8277838932445, 
            "Reynolds(mean)": -2049.8277838932445, 
            "Total_area_inlet": 0.00031298876267923, 
            "Diameter": 0.01996268363257169, 
            "Flow_inlet(mean)": -0.00010712872637682266
        }
    ], 
    "name": [
        "I:/PROYECTOS/ESTUDIANTES/Sergio/V3/GID/berga\\Modelo_15_145.gid\\Modelo_15_145.json"
    ], 
    "Bifurcation: ": [
        false
    ], 
    "Flow": [
        {
            "Flow Outlet 1002": [
                0
            ], 
            "Flow Inlet": [
                [
                    -0.00010712872637682266, 
                    -0.00010712872637682266, 
                    -0.00010712872637682266, 
                    -0.00010712872637682266, 
                    -0.00010712872637682266, 
                    -0.00010712872637682266, 
                    -0.00010712872637682266, 
                    -0.00010712872637682266, 
                    -0.00010712872637682266, 
                    -0.00010712872637682266, 
                    -0.00010712872637682266, 
                    -0.00010712872637682266, 
                    -0.00010712872637682266, 
                    -0.00010712872637682266, 
                    -0.00010712872637682266, 
                    -0.00010712872637682266, 
                    -0.00010712872637682266, 
                    -0.00010712872637682266, 
                    -0.00010712872637682266, 
                    -0.00010712872637682266, 
                    -0.00010712872637682266, 
                    -0.00010712872637682266, 
                    -0.00010712872637682266, 
                    -0.00010712872637682266, 
                    -0.00010712872637682266, 
                    -0.00010712872637682266, 
                    -0.00010712872637682266, 
                    -0.00010712872637682266, 
                    -0.00010712872637682266, 
                    -0.00010712872637682266, 
                    -0.00010712872637682266, 
                    -0.00010712872637682266, 
                    -0.00010712872637682266, 
                    -0.00010712872637682266, 
                    -0.00010712872637682266, 
                    -0.00010712872637682266, 
                    -0.00010712872637682266, 
                    -0.00010712872637682266
                ]
            ],