{
    "Pressures": [
        {
            "Pressure Outlet 1001": [
                [
                    0.0, 
                    0.0, 
                    0.0, 
                    0.0, 
                    0.0, 
                    0.0, 
                    0.0, 
                    0.0, 
                    0.0, 
                    0.0, 
                    0.0, 
                    0.0, 
                    0.0, 
                    0.0, 
                    0.0, 
                    0.0, 
                    0.0, 
                    0.0, 
                    0.0, 
                    0.0, 
                    0.0, 
                    0.0, 
                    0.0, 
                    0.0, 
                    0.0, 
                    0.0, 
                    0.0, 
                    0.0, 
                    0.0, 
                    0.0, 
                    0.0, 
                    0.0, 
                    0.0, 
                    0.0, 
                    0.0, 
                    0.0, 
                    0.0, 
                    0.0, 
                    0.0, 
                    0.0, 
                    0.0, 
                    0.0, 
                    0.0, 
                    0.0, 
                    0.0, 
                    0.0
                ]
            ], 
            "Pressure Outlet 1002": [
                0
            ], 
            "Pressure Inlet": [
                [
                    2711.50541449946, 
                    -1138.6373186747655, 
                    346.351873560673, 
                    32.34195452030355, 
                    160.0415384922907, 
                    180.9829287435326, 
                    200.8335145055277, 
                    209.35802288208234, 
                    226.47695049135154, 
                    219.54166334558153, 
                    206.6753402768817, 
                    202.54594870094925, 
                    196.0993894981855, 
                    187.71125576148756, 
                    196.7407407097746, 
                    208.05542526634343, 
                    197.63152817280454, 
                    189.58138316633318, 
                    198.51402988892843, 
                    210.10984273522433, 
                    208.41903968051327, 
                    204.88901624185888, 
                    189.75751529059593, 
                    177.26009062253297, 
                    173.46562781727638, 
                    182.1111190314727, 
                    184.86516994803193, 
                    201.9811038075741, 
                    203.8927761682817, 
                    200.52288458875867, 
                    202.84041489589939, 
                    189.03567915228842, 
                    202.15043991342824, 
                    214.64950987064603, 
                    199.331574850291, 
                    202.58715429437154, 
                    193.7485987301231, 
                    197.0765866528638, 
                    188.7357618654232, 
                    227.53828593575528, 
                    244.68216717803884, 
                    241.19698772723294, 
                    229.30390086842317, 
                    197.96961029559395, 
                    175.98816369147727, 
                    200.8286485872665
                ]
            ]
        }
    ], 
    "Fluid Characteristic": [
        {
            "blood_density": 1050.0, 
            "blood_kinematic_viscosity": 3.3333333333333333e-06, 
            "blood_dynamic_viscosity": 0.0035
        }
    ], 
    "Flow": [
        {
            "Flow Outlet 1001": [
                [
                    0.00010140227606519742, 
                    0.0001068133008226038, 
                    0.00010660482273201554, 
                    0.00010668033344726261, 
                    0.00010666739534102833, 
                    0.00010667339903904868, 
                    0.00010667074743736038, 
                    0.00010666957973252025, 
                    0.0001066657637637051, 
                    0.00010664152426723181, 
                    0.00010656627354543155, 
                    0.0001065277586526478, 
                    0.0001065546988236037, 
                    0.0001065574698806594, 
                    0.00010659895974546947, 
                    0.00010664969991983954, 
                    0.000106643758550867, 
                    0.00010660525991734608, 
                    0.00010660830211488462, 
                    0.00010662753151138255, 
                    0.00010661884364361755, 
                    0.00010660050819241998, 
                    0.00010660874753319129, 
                    0.0001066123625167079, 
                    0.00010661216726673031, 
                    0.00010662903098240807, 
                    0.00010661792018020086, 
                    0.00010662261128269746, 
                    0.00010665724755132817, 
                    0.0001066550895388571, 
                    0.00010664864287292206, 
                    0.00010665197619615397, 
                    0.00010663418080827255, 
                    0.00010663888278547716, 
                    0.00010662289198433233, 
                    0.00010661163768448405, 
                    0.00010659435187281383, 
                    0.00010656529974630271, 
                    0.00010658488494792804, 
                    0.00010662047917937205, 
                    0.00010660809495448073, 
                    0.00010660283472488477, 
                    0.00010663223157832325, 
                    0.00010660835280529907, 
                    0.00010658300803532911, 
                    0.00010662774419730962
                ]
            ], 
            "Flow Outlet 1002": [
                0
            ],