{
    "Time": [
        {
            "Time": [
                0.06, 
                0.1134065743125497, 
                0.17174194195582965, 
                0.23902320700873142, 
                0.31707640731875875, 
                0.4088429615680794, 
                0.5182689929137106, 
                0.6496717808512605, 
                0.8075521435241566, 
                0.9968642207193875, 
                1.2141353149798497, 
                1.4314064092403118, 
                1.6480920891442639, 
                1.911324742953338, 
                2.2620062799272462, 
                2.7633148353814847, 
                3.264623390835723, 
                3.7659319462899616, 
                4.2672405017442, 
                4.277240501744199, 
                4.282240501744199, 
                4.5345219841247975, 
                4.786803466505395, 
                5.039084948885993, 
                5.2913664312665905, 
                5.516930817617661, 
                5.704533703034881, 
                5.89712211534078, 
                6.140848394115942, 
                6.394168841488046, 
                6.623583135010824, 
                6.89820825842529, 
                7.238828594761073
            ]
        }
    ], 
    "Flow": [
        {
            "Flow Outlet 1001": [
                [
                    0.00010138841110338788, 
                    0.00010686321425868128, 
                    0.0001067172111128428, 
                    0.00010678605120174752, 
                    0.00010678188844546545, 
                    0.00010679337010846761, 
                    0.00010679498644451389, 
                    0.00010679525327967926, 
                    0.00010679428717553618, 
                    0.00010679599207904933, 
                    0.00010680288938329593, 
                    0.00010680712153630394, 
                    0.0001068040480643631, 
                    0.00010679415138204527, 
                    0.00010677044056673467, 
                    0.0001067154751175642, 
                    0.00010665165444148377, 
                    0.00010667427312209912, 
                    0.00010675427371289865, 
                    0.00010674745197079576, 
                    0.00010674624542608202, 
                    0.00010677538555582742, 
                    0.00010678211177648876, 
                    0.0001068066441679679, 
                    0.00010678806911373972, 
                    0.00010676619820320165, 
                    0.00010676720155954586, 
                    0.00010676403426930804, 
                    0.00010677737251248924, 
                    0.00010679508820587835, 
                    0.00010678892654791739, 
                    0.0001067921704558219, 
                    0.00010679395817253965
                ]
            ], 
            "Flow Inlet": [
                [
                    -0.00010689143756948443, 
                    -0.00010689143756948443, 
                    -0.00010689143756948443, 
                    -0.00010689143756948443, 
                    -0.00010689143756948443, 
                    -0.00010689143756948443, 
                    -0.00010689143756948443, 
                    -0.00010689143756948443, 
                    -0.00010689143756948443, 
                    -0.00010689143756948443, 
                    -0.00010689143756948443, 
                    -0.00010689143756948443, 
                    -0.00010689143756948443, 
                    -0.00010689143756948443, 
                    -0.00010689143756948443, 
                    -0.00010689143756948443, 
                    -0.00010689143756948443, 
                    -0.00010689143756948443, 
                    -0.00010689143756948443, 
                    -0.00010689143756948443, 
                    -0.00010689143756948443, 
                    -0.00010689143756948443, 
                    -0.00010689143756948443, 
                    -0.00010689143756948443, 
                    -0.00010689143756948443, 
                    -0.00010689143756948443, 
                    -0.00010689143756948443, 
                    -0.00010689143756948443, 
                    -0.00010689143756948443, 
                    -0.00010689143756948443, 
                    -0.00010689143756948443, 
                    -0.00010689143756948443, 
                    -0.00010689143756948443
                ]
            ], 
            "Flow Outlet 1002": [
                0
            ]
        }
    ], 
    "Bifurcation: ": [
        false
    ], 
    "Inlet": [
        {
            "Total_area_inlet": 0.00031298876267923, 
            "Center Node": 140964, 
            "Centroid": [
                -0.00010319409110340921, 
                -2.621563767704026e-05, 
                -0.031420356708522716
            ], 
            "Flow_inlet(peak)": -0.00010689143756948443, 
            "Reynolds(mean)": -2045.2874406394856, 
            "Flow_inlet(mean)": -0.00010689143756948443, 
            "Parabolic": true, 
            "Reynolds(peak)": -2045.2874406394856, 
            "Diameter": 0.01996268363257169
        }
    ], 
    "Simulations_Parameters": [
        {
            "Dt": 0.06, 
            "Time_vector": [
                0, 
                7.0
            ], 
            "Config_conditions(1:V-P-P),(2:V-V-P)": 1, 
            "SolverType(1:AMGCGL,2:AMGCL_NS_Solver,3:BICGSTABSolver)": 1, 
            "AutomaticDeltaTime": true
        }
    ], 
    "Fluid Characteristic": [
        {
            "blood_kinematic_viscosity": 3.3333333333333333e-06, 
            "blood_dynamic_viscosity": 0.0035, 
            "blood_density": 1050.0
        }
    ], 
    "Hemodynamic Parameters_1001_ABC": [
        {
            "B": -1368840943753.9978, 
            "C": 11931940.760603458, 
            "A": 146978433.16319594
        }
    ], 
    "name": [
        "I:/PROYECTOS/ESTUDIANTES/Sergio/V3/GID\\Modelo_21_170_I.gid\\Modelo_21_170_I.json"
    ], 
    "Outlet 1001": [
        {
            "Center Node": 398, 
            "Flow_outlet(mean)": 0.00010661138940829586, 
            "Centroid": [
                4.24470167516112e-05, 
                0.00012423521172043003, 
                0.25
            ], 
            "Flow_outlet(peak)": 0.00010686321425868128, 
            "Reynolds(peak)": 2044.7571275351117, 
            "Total_area_outlet": 0.0003129857874038317, 
            "Diameter": 0.019962588749576307, 
            "Reynolds(mean)": 2039.9386251038668
        }
    ], 
    "Hemodynamic Parameters_1001_AB": [
        {
            "B": 1213167759092.0952, 
            "A": -130353938.07449086
        }
    ],