{
    "Fluid Characteristic": [
        {
            "blood_kinematic_viscosity": 3.3333333333333333e-06, 
            "blood_density": 1050.0, 
            "blood_dynamic_viscosity": 0.0035
        }
    ], 
    "Time": [
        {
            "Time": [
                0.06, 
                0.11338502120778579, 
                0.17848047575088838, 
                0.2568402847379989, 
                0.35095911250920386, 
                0.45976282675525615, 
                0.5859517583372303, 
                0.7370144426098647, 
                0.8994781128650986, 
                1.0963869129017625, 
                1.2932957129384264, 
                1.4902045129750903, 
                1.6871133130117542, 
                1.884022113048418, 
                2.1181895890991895, 
                2.432936555783456, 
                2.8110317431120704, 
                3.2650233079099924, 
                3.8094951991958825, 
                3.819495199195882, 
                3.8244951991958818, 
                4.096322401710472, 
                4.368149604225062, 
                4.639976806739652, 
                4.911804009254242, 
                5.183631211768832, 
                5.455458414283422, 
                5.727285616798012, 
                5.999112819312602, 
                6.270940021827192, 
                6.542767224341782, 
                6.814594426856372, 
                7.076070362764837
            ]
        }
    ], 
    "Flow": [
        {
            "Flow Outlet 1001": [
                [
                    0.00010100320877198048, 
                    0.00010686239597047214, 
                    0.0001067329858267621, 
                    0.0001068050579953053, 
                    0.0001068059300456376, 
                    0.0001068165093054703, 
                    0.0001068147908541699, 
                    0.00010681176141783741, 
                    0.00010680934876319478, 
                    0.00010681053977545596, 
                    0.00010681665192969968, 
                    0.00010682696738179735, 
                    0.0001068366301297524, 
                    0.00010682830098119656, 
                    0.00010677438553353021, 
                    0.0001067034239454921, 
                    0.00010662975144289574, 
                    0.00010645523275278404, 
                    0.00010648289872461952, 
                    0.00010654083057636344, 
                    0.00010656179137459954, 
                    0.00010668508000916012, 
                    0.00010670780778935352, 
                    0.00010677172608936508, 
                    0.00010678897457423892, 
                    0.00010680327241949522, 
                    0.00010682306669214954, 
                    0.00010684499082265985, 
                    0.00010685324687225783, 
                    0.000106853633128015, 
                    0.00010685032889847473, 
                    0.00010682854678977282, 
                    0.0001068049287207114
                ]
            ], 
            "Flow Outlet 1002": [
                0
            ], 
            "Flow Inlet": [
                [
                    -0.00010693815159466512, 
                    -0.00010693815159466512, 
                    -0.00010693815159466512, 
                    -0.00010693815159466512, 
                    -0.00010693815159466512, 
                    -0.00010693815159466512, 
                    -0.00010693815159466512, 
                    -0.00010693815159466512, 
                    -0.00010693815159466512, 
                    -0.00010693815159466512, 
                    -0.00010693815159466512, 
                    -0.00010693815159466512, 
                    -0.00010693815159466512, 
                    -0.00010693815159466512, 
                    -0.00010693815159466512, 
                    -0.00010693815159466512, 
                    -0.00010693815159466512, 
                    -0.00010693815159466512, 
                    -0.00010693815159466512, 
                    -0.00010693815159466512, 
                    -0.00010693815159466512, 
                    -0.00010693815159466512, 
                    -0.00010693815159466512, 
                    -0.00010693815159466512, 
                    -0.00010693815159466512, 
                    -0.00010693815159466512, 
                    -0.00010693815159466512, 
                    -0.00010693815159466512, 
                    -0.00010693815159466512, 
                    -0.00010693815159466512, 
                    -0.00010693815159466512, 
                    -0.00010693815159466512, 
                    -0.00010693815159466512
                ]
            ]
        }
    ], 
    "name": [
        "D:/edu_12/V3/GID\\Modelo_23.gid\\Modelo_23.json"
    ], 
    "Bifurcation: ": [
        false
    ], 
    "Inlet": [
        {
            "Flow_inlet(mean)": -0.00010693815159466512, 
            "Reynolds(mean)": -2046.1907708641245, 
            "Reynolds(peak)": -2046.1907708641245, 
            "Diameter": 0.01996259102440807, 
            "Center Node": 159409, 
            "Centroid": [
                -3.360486347500002e-05, 
                0.0001482946882999996, 
                -1.7540354546111106e-18
            ], 
            "Flow_inlet(peak)": -0.00010693815159466512, 
            "Parabolic": true, 
            "Total_area_inlet": 0.0003129858587362686
        }
    ], 
    "Outlet 1001": [
        {
            "Reynolds(mean)": 2039.4570507643487, 
            "Flow_outlet(peak)": 0.00010686239597047214, 
            "Reynolds(peak)": 2044.741649179475, 
            "Diameter": 0.019962587001534905, 
            "Center Node": 393, 
            "Centroid": [
                -0.000125792371258261, 
                5.1570953090908044e-05, 
                0.2699799999999991
            ], 
            "Flow_outlet(mean)": 0.00010658621200923245, 
            "Total_area_outlet": 0.0003129857325900901
        }
    ], 
    "Pressures": [
        {
            "Pressure Inlet": [
                [
                    2104.3612726748725, 
                    -825.9038553490823, 
                    224.59866676593222, 
                    4.45232833404197, 
                    82.81223326218164, 
                    107.03691656042048, 
                    140.70913526921743, 
                    141.65951718167375, 
                    113.42340410164779, 
                    63.844485317205375, 
                    36.898201004096634, 
                    58.51853783139639, 
                    70.28493588147167, 
                    82.86847692049017, 
                    86.69460501938435, 
                    91.37949039985486, 
                    99.78807887512787, 
                    101.05622667824598, 
                    89.20710795293603, 
                    72.45902809924854, 
                    69.21257369414734, 
                    81.32144819833012, 
                    78.51147807816692, 
                    57.40479154313134, 
                    48.41033774459367, 
                    53.852172290384665, 
                    58.299758441615474, 
                    57.70048513802607, 
                    58.06659462680069, 
                    52.56386862525886, 
                    51.69497476228522, 
                    51.41322326902269, 
                    44.27152277907633
                ]
            ],