{
    "Hemodynamic Parameters_1001_AB": [
        {
            "A": 164738673.96128213, 
            "B": -1573044719126.8057
        }
    ], 
    "Bifurcation: ": [
        false
    ], 
    "Fluid Characteristic": [
        {
            "blood_density": 1050.0, 
            "blood_dynamic_viscosity": 0.0035, 
            "blood_kinematic_viscosity": 3.3333333333333333e-06
        }
    ], 
    "Hemodynamic Parameters_1001_ABC": [
        {
            "A": -140380431.029464, 
            "C": 4115353.2833325863, 
            "B": 1344698784489.457
        }
    ], 
    "Outlet 1001": [
        {
            "Reynolds(mean)": 2039.2697481948055, 
            "Flow_outlet(mean)": 0.00010657642703755231, 
            "Reynolds(peak)": 2044.645228942349, 
            "Diameter": 0.019962587721750573, 
            "Center Node": 413, 
            "Flow_outlet(peak)": 0.00010685736070618025, 
            "Centroid": [
                3.1174873052513927e-05, 
                6.931638458544458e-05, 
                0.289990000000001
            ], 
            "Total_area_outlet": 0.00031298575517405995
        }
    ], 
    "Inlet": [
        {
            "Reynolds(mean)": -2044.0713248058285, 
            "Reynolds(peak)": -2044.0713248058285, 
            "Total_area_inlet": 0.00031298876267923, 
            "Diameter": 0.01996268363257169, 
            "Parabolic": true, 
            "Flow_inlet(peak)": -0.00010682788055195835, 
            "Center Node": 85602, 
            "Flow_inlet(mean)": -0.00010682788055195835, 
            "Centroid": [
                -0.00010319409110340905, 
                -2.6215637677039877e-05, 
                -0.031420356708522716
            ]
        }
    ], 
    "Pressures": [
        {
            "Pressure Outlet 1001": [
                [
                    0.0, 
                    0.0, 
                    0.0, 
                    0.0, 
                    0.0, 
                    0.0, 
                    0.0, 
                    0.0, 
                    0.0, 
                    0.0, 
                    0.0, 
                    0.0, 
                    0.0, 
                    0.0, 
                    0.0, 
                    0.0, 
                    0.0, 
                    0.0, 
                    0.0, 
                    0.0, 
                    0.0, 
                    0.0, 
                    0.0, 
                    0.0, 
                    0.0, 
                    0.0, 
                    0.0, 
                    0.0, 
                    0.0, 
                    0.0, 
                    0.0, 
                    0.0, 
                    0.0, 
                    0.0, 
                    0.0, 
                    0.0, 
                    0.0, 
                    0.0, 
                    0.0, 
                    0.0, 
                    0.0, 
                    0.0, 
                    0.0, 
                    0.0, 
                    0.0, 
                    0.0, 
                    0.0, 
                    0.0
                ]
            ], 
            "Pressure Inlet": [
                [
                    2897.166795041426, 
                    -1161.0601566583327, 
                    380.9759748624959, 
                    73.63737348932884, 
                    215.33447629763836, 
                    245.37357943790303, 
                    295.5508963879938, 
                    310.9632569530278, 
                    326.6640443774216, 
                    317.4961038532354, 
                    299.7585492236169, 
                    321.9374065442928, 
                    349.62449511095406, 
                    342.1517905115594, 
                    326.6336964459531, 
                    320.63806498536576, 
                    315.25520380213123, 
                    332.18406285338386, 
                    322.949922757236, 
                    316.8783247314042, 
                    317.13012833014574, 
                    317.80143520743536, 
                    320.09566163748593, 
                    340.43127510924637, 
                    373.57107879716244, 
                    373.8393446475983, 
                    363.60215218843007, 
                    338.78992323081604, 
                    298.1705059463123, 
                    293.60760999885855, 
                    305.0545723810475, 
                    321.5276851062167, 
                    346.88460090817733, 
                    337.93147669986035, 
                    300.4176226066303, 
                    300.8316211920105, 
                    332.10750921354725, 
                    379.85379728473373, 
                    376.9206774583765, 
                    371.9628931942389, 
                    352.47583153656495, 
                    311.38294748768743, 
                    292.97494639127154, 
                    290.7836943107318, 
                    305.0226166677065, 
                    322.13893611008814, 
                    333.3612781304039, 
                    341.75569383869953
                ]
            ], 
            "Pressure Outlet 1002": [
                0
            ]
        }
    ], 
    "Simulations_Parameters": [
        {
            "Time_vector": [
                0, 
                7.0
            ], 
            "SolverType(1:AMGCGL,2:AMGCL_NS_Solver,3:BICGSTABSolver)": 1, 
            "AutomaticDeltaTime": true, 
            "Config_conditions(1:V-P-P),(2:V-V-P)": 1, 
            "Dt": 0.06
        }
    ], 
    "Flow": [
        {
            "Flow Inlet": [
                [
                    -0.00010682788055195835, 
                    -0.00010682788055195835, 
                    -0.00010682788055195835, 
                    -0.00010682788055195835, 
                    -0.00010682788055195835, 
                    -0.00010682788055195835, 
                    -0.00010682788055195835, 
                    -0.00010682788055195835, 
                    -0.00010682788055195835, 
                    -0.00010682788055195835, 
                    -0.00010682788055195835, 
                    -0.00010682788055195835, 
                    -0.00010682788055195835, 
                    -0.00010682788055195835, 
                    -0.00010682788055195835, 
                    -0.00010682788055195835, 
                    -0.00010682788055195835, 
                    -0.00010682788055195835, 
                    -0.00010682788055195835, 
                    -0.00010682788055195835, 
                    -0.00010682788055195835, 
                    -0.00010682788055195835, 
                    -0.00010682788055195835, 
                    -0.00010682788055195835, 
                    -0.00010682788055195835, 
                    -0.00010682788055195835, 
                    -0.00010682788055195835, 
                    -0.00010682788055195835, 
                    -0.00010682788055195835, 
                    -0.00010682788055195835, 
                    -0.00010682788055195835, 
                    -0.00010682788055195835, 
                    -0.00010682788055195835, 
                    -0.00010682788055195835, 
                    -0.00010682788055195835, 
                    -0.00010682788055195835, 
                    -0.00010682788055195835, 
                    -0.00010682788055195835, 
                    -0.00010682788055195835, 
                    -0.00010682788055195835, 
                    -0.00010682788055195835, 
                    -0.00010682788055195835, 
                    -0.00010682788055195835, 
                    -0.00010682788055195835, 
                    -0.00010682788055195835, 
                    -0.00010682788055195835, 
                    -0.00010682788055195835, 
                    -0.00010682788055195835
                ]
            ],