{
    "Flow": [
        {
            "Flow Outlet 1002": [
                0
            ], 
            "Flow Inlet": [
                [
                    -0.00010680745284441287, 
                    -0.00010680745284441287, 
                    -0.00010680745284441287, 
                    -0.00010680745284441287, 
                    -0.00010680745284441287, 
                    -0.00010680745284441287, 
                    -0.00010680745284441287, 
                    -0.00010680745284441287, 
                    -0.00010680745284441287, 
                    -0.00010680745284441287, 
                    -0.00010680745284441287, 
                    -0.00010680745284441287, 
                    -0.00010680745284441287, 
                    -0.00010680745284441287, 
                    -0.00010680745284441287, 
                    -0.00010680745284441287, 
                    -0.00010680745284441287, 
                    -0.00010680745284441287, 
                    -0.00010680745284441287, 
                    -0.00010680745284441287, 
                    -0.00010680745284441287, 
                    -0.00010680745284441287, 
                    -0.00010680745284441287, 
                    -0.00010680745284441287, 
                    -0.00010680745284441287, 
                    -0.00010680745284441287, 
                    -0.00010680745284441287, 
                    -0.00010680745284441287, 
                    -0.00010680745284441287, 
                    -0.00010680745284441287, 
                    -0.00010680745284441287
                ]
            ], 
            "Flow Outlet 1001": [
                [
                    0.00010137449118286707, 
                    0.00010693989206332136, 
                    0.00010673100801451157, 
                    0.00010677799949265543, 
                    0.00010675547717203171, 
                    0.00010675961799182498, 
                    0.00010675656582613977, 
                    0.00010675628567292858, 
                    0.0001067578770947694, 
                    0.00010675652317692398, 
                    0.00010675623364475082, 
                    0.00010675350602579162, 
                    0.00010674799783180435, 
                    0.00010674430110420421, 
                    0.00010676000696921617, 
                    0.00010675717353941215, 
                    0.00010675696377020186, 
                    0.00010676835222537389, 
                    0.00010673061269906325, 
                    0.00010671580145315454, 
                    0.0001067372597956023, 
                    0.00010670631749260955, 
                    0.0001066111459889612, 
                    0.00010655506793886586, 
                    0.00010664121886946809, 
                    0.0001067476757669071, 
                    0.00010676264744022556, 
                    0.00010675177487909879, 
                    0.00010672026184178288, 
                    0.00010668158713601214, 
                    0.0001065892624374268
                ]
            ]
        }
    ], 
    "Outlet 1001": [
        {
            "Center Node": 396, 
            "Diameter": 0.019962587721750566, 
            "Reynolds(peak)": 2046.2244121123395, 
            "Reynolds(mean)": 2038.955987197423, 
            "Flow_outlet(mean)": 0.00010656002924315829, 
            "Centroid": [
                8.330871757666676e-05, 
                0.00013302512240608139, 
                0.289990000000001
            ], 
            "Total_area_outlet": 0.00031298575517405973, 
            "Flow_outlet(peak)": 0.00010693989206332136
        }
    ], 
    "Hemodynamic Parameters_1001_AB": [
        {
            "B": 325148997265.6395, 
            "A": -36992065.64812462
        }
    ], 
    "name": [
        "I:/PROYECTOS/ESTUDIANTES/Sergio/V3/GID/berga\\Modelo_26_145.gid\\Modelo_26_145.json"
    ], 
    "Simulations_Parameters": [
        {
            "AutomaticDeltaTime": true, 
            "Config_conditions(1:V-P-P),(2:V-V-P)": 1, 
            "Time_vector": [
                0, 
                7.0
            ], 
            "SolverType(1:AMGCGL,2:AMGCL_NS_Solver,3:BICGSTABSolver)": 1, 
            "Dt": 0.06
        }
    ], 
    "Time": [
        {
            "Time": [
                0.06, 
                0.14797764778960185, 
                0.24862627641075447, 
                0.36165285620306753, 
                0.4749656029680012, 
                0.6048506000924236, 
                0.7474342161503245, 
                0.9454987674558097, 
                1.1807129401986427, 
                1.4159271129414757, 
                1.6511412856843086, 
                1.8863554584271416, 
                2.1168503021113305, 
                2.3948930577233507, 
                2.7970972151137197, 
                2.8070972151137195, 
                2.8120972151137194, 
                3.0298364707728602, 
                3.215401099874049, 
                3.4416831863566215, 
                3.6458388318571338, 
                3.840842662340393, 
                4.050518185593098, 
                4.280509948871767, 
                4.620331608088178, 
                5.0017685104402885, 
                5.383205412792399, 
                5.764642315144509, 
                6.2396649358652905, 
                6.707921880176017, 
                7.289304644401642
            ]
        }
    ], 
    "Bifurcation: ": [
        false
    ], 
    "Pressures": [
        {
            "Pressure Outlet 1002": [
                0
            ], 
            "Pressure Outlet 1001": [
                [
                    0.0, 
                    0.0, 
                    0.0, 
                    0.0, 
                    0.0, 
                    0.0, 
                    0.0, 
                    0.0, 
                    0.0, 
                    0.0, 
                    0.0, 
                    0.0, 
                    0.0, 
                    0.0, 
                    0.0, 
                    0.0, 
                    0.0, 
                    0.0, 
                    0.0, 
                    0.0, 
                    0.0, 
                    0.0, 
                    0.0, 
                    0.0, 
                    0.0, 
                    0.0, 
                    0.0, 
                    0.0, 
                    0.0, 
                    0.0, 
                    0.0
                ]
            ], 
            "Pressure Inlet": [
                [
                    2552.972034547309, 
                    -1048.9311771998423, 
                    321.21596337265515, 
                    42.27967728007058, 
                    173.9491939971284, 
                    212.08651549709796, 
                    244.9384138628969, 
                    240.42784276855045, 
                    239.58437465169635, 
                    243.2842322564261, 
                    241.19117808183253, 
                    243.43665419300893, 
                    246.8925288993565, 
                    244.9176468462368, 
                    224.18480367584985, 
                    225.25216382299894, 
                    219.5496860970684, 
                    223.89926795426152, 
                    244.1315177546015, 
                    267.4140203856923, 
                    278.4193035335808, 
                    263.08090145787594, 
                    247.33005808548063, 
                    244.24538080176632, 
                    244.58691229401273, 
                    234.72070450926995, 
                    227.4728721614847, 
                    265.5718462933683, 
                    272.49816178938534, 
                    259.35059227874285, 
                    228.36029163905891
                ]
            ]
        }
    ], 
    "Inlet": [
        {
            "Center Node": 189862, 
            "Parabolic": true, 
            "Diameter": 0.01996268363257169,