{
    "Bifurcation: ": [
        false
    ], 
    "Pressures": [
        {
            "Pressure Outlet 1002": [
                0
            ], 
            "Pressure Inlet": [
                [
                    2661.70039434554, 
                    -1112.6733869098214, 
                    311.0530347463209, 
                    -8.661750911248289, 
                    89.96957389090446, 
                    95.51272178547856, 
                    111.52712860644208, 
                    109.49041053529147, 
                    108.29368615483031, 
                    88.9263588817512, 
                    61.32576082838514, 
                    51.9598222817996, 
                    63.74695387086165, 
                    78.6484191760683, 
                    85.66435604238738, 
                    88.89576224255141, 
                    93.56235821443403, 
                    94.4251752386321, 
                    89.58176351286448, 
                    90.54381548083305, 
                    87.1168402351117, 
                    77.34236387987858, 
                    72.16082431029082, 
                    75.63319964200282, 
                    74.64678822420578, 
                    69.44857116410283, 
                    73.14620551363836, 
                    76.4823059029583, 
                    81.97919710763246, 
                    78.71341978476603, 
                    71.16786746645894, 
                    70.65769760567623, 
                    72.51625606524738, 
                    67.98431918278763, 
                    70.14900554746805, 
                    76.79422476619884, 
                    78.7681510994693, 
                    72.19001683999005, 
                    63.226116075533476, 
                    70.18133225044255
                ]
            ], 
            "Pressure Outlet 1001": [
                [
                    0.0, 
                    0.0, 
                    0.0, 
                    0.0, 
                    0.0, 
                    0.0, 
                    0.0, 
                    0.0, 
                    0.0, 
                    0.0, 
                    0.0, 
                    0.0, 
                    0.0, 
                    0.0, 
                    0.0, 
                    0.0, 
                    0.0, 
                    0.0, 
                    0.0, 
                    0.0, 
                    0.0, 
                    0.0, 
                    0.0, 
                    0.0, 
                    0.0, 
                    0.0, 
                    0.0, 
                    0.0, 
                    0.0, 
                    0.0, 
                    0.0, 
                    0.0, 
                    0.0, 
                    0.0, 
                    0.0, 
                    0.0, 
                    0.0, 
                    0.0, 
                    0.0, 
                    0.0
                ]
            ]
        }
    ], 
    "Hemodynamic Parameters_1001_AB": [
        {
            "B": 521038829218.88574, 
            "A": -56381044.67822058
        }
    ], 
    "Hemodynamic Parameters_1001_ABC": [
        {
            "B": -419468609566.00146, 
            "C": -4803262.060019612, 
            "A": 45530830.72490579
        }
    ], 
    "Fluid Characteristic": [
        {
            "blood_kinematic_viscosity": 3.3333333333333333e-06, 
            "blood_dynamic_viscosity": 0.0035, 
            "blood_density": 1050.0
        }
    ], 
    "Simulations_Parameters": [
        {
            "Config_conditions(1:V-P-P),(2:V-V-P)": 1, 
            "AutomaticDeltaTime": true, 
            "Time_vector": [
                0, 
                7.0
            ], 
            "SolverType(1:AMGCGL,2:AMGCL_NS_Solver,3:BICGSTABSolver)": 1, 
            "Dt": 0.06
        }
    ], 
    "Flow": [
        {
            "Flow Outlet 1002": [
                0
            ], 
            "Flow Outlet 1001": [
                [
                    0.00010133019237231458, 
                    0.00010692184807404778, 
                    0.00010676534778369136, 
                    0.00010683678651539577, 
                    0.00010683050513784081, 
                    0.00010684013417933001, 
                    0.00010683731995191463, 
                    0.00010683907754128794, 
                    0.00010683786804205865, 
                    0.00010683685169035197, 
                    0.0001068366561993408, 
                    0.00010683776905156801, 
                    0.00010683960613700788, 
                    0.00010684242189070136, 
                    0.00010684631558057933, 
                    0.00010685018906294046, 
                    0.00010684619381495783, 
                    0.00010681858231056541, 
                    0.00010675072409227841, 
                    0.0001066934123279991, 
                    0.00010673007610900711, 
                    0.00010676433425625882, 
                    0.00010678829440253196, 
                    0.00010681971262044545, 
                    0.0001068216655507925, 
                    0.00010681039734325551, 
                    0.00010681043654903506, 
                    0.00010684022817390605, 
                    0.00010686919102993624, 
                    0.00010686034877774977, 
                    0.00010683144634988568, 
                    0.00010682904937111896, 
                    0.00010683417827568753, 
                    0.00010683326635520964, 
                    0.00010682707867686105, 
                    0.00010681976026845127, 
                    0.00010682012121880288, 
                    0.00010681825844133046, 
                    0.00010680913747011087, 
                    0.00010682638450533451
                ]
            ], 
            "Flow Inlet": [
                [
                    -0.00010695099404904891, 
                    -0.00010695099404904891, 
                    -0.00010695099404904891, 
                    -0.00010695099404904891, 
                    -0.00010695099404904891, 
                    -0.00010695099404904891, 
                    -0.00010695099404904891, 
                    -0.00010695099404904891, 
                    -0.00010695099404904891, 
                    -0.00010695099404904891, 
                    -0.00010695099404904891, 
                    -0.00010695099404904891, 
                    -0.00010695099404904891, 
                    -0.00010695099404904891, 
                    -0.00010695099404904891, 
                    -0.00010695099404904891, 
                    -0.00010695099404904891, 
                    -0.00010695099404904891, 
                    -0.00010695099404904891, 
                    -0.00010695099404904891, 
                    -0.00010695099404904891, 
                    -0.00010695099404904891, 
                    -0.00010695099404904891, 
                    -0.00010695099404904891, 
                    -0.00010695099404904891, 
                    -0.00010695099404904891, 
                    -0.00010695099404904891, 
                    -0.00010695099404904891, 
                    -0.00010695099404904891, 
                    -0.00010695099404904891, 
                    -0.00010695099404904891, 
                    -0.00010695099404904891, 
                    -0.00010695099404904891, 
                    -0.00010695099404904891, 
                    -0.00010695099404904891, 
                    -0.00010695099404904891, 
                    -0.00010695099404904891, 
                    -0.00010695099404904891, 
                    -0.00010695099404904891, 
                    -0.00010695099404904891
                ]
            ]
        }
    ], 
    "Inlet": [
        {
            "Reynolds(peak)": -2046.4270091814724, 
            "Reynolds(mean)": -2046.4270091814724, 
            "Diameter": 0.01996268363257169, 
            "Total_area_inlet": 0.00031298876267923,