{
    "Hemodynamic Parameters_1001_AB": [
        {
            "A": -199041652.5171941, 
            "B": 1844414027816.3909
        }
    ], 
    "Flow": [
        {
            "Flow Outlet 1001": [
                [
                    0.00010132825768031608, 
                    0.00010685889123143815, 
                    0.00010667929307781721, 
                    0.00010675416923101287, 
                    0.00010675467986683219, 
                    0.00010676900599231416, 
                    0.00010677090746790629, 
                    0.00010677059555157923, 
                    0.00010676941633910717, 
                    0.00010677012802551588, 
                    0.00010676626966159347, 
                    0.00010673424895653263, 
                    0.00010667401619633159, 
                    0.00010666054298245748, 
                    0.00010669150645898726, 
                    0.00010672219812214365, 
                    0.0001067255241943594, 
                    0.00010669695391703228, 
                    0.00010663932981338489, 
                    0.00010658552810601989, 
                    0.00010671645278696837
                ]
            ], 
            "Flow Outlet 1002": [
                0
            ], 
            "Flow Inlet": [
                [
                    -0.00010689546073598384, 
                    -0.00010689546073598384, 
                    -0.00010689546073598384, 
                    -0.00010689546073598384, 
                    -0.00010689546073598384, 
                    -0.00010689546073598384, 
                    -0.00010689546073598384, 
                    -0.00010689546073598384, 
                    -0.00010689546073598384, 
                    -0.00010689546073598384, 
                    -0.00010689546073598384, 
                    -0.00010689546073598384, 
                    -0.00010689546073598384, 
                    -0.00010689546073598384, 
                    -0.00010689546073598384, 
                    -0.00010689546073598384, 
                    -0.00010689546073598384, 
                    -0.00010689546073598384, 
                    -0.00010689546073598384, 
                    -0.00010689546073598384, 
                    -0.00010689546073598384
                ]
            ]
        }
    ], 
    "Hemodynamic Parameters_1001_ABC": [
        {
            "A": 81369182.45352355, 
            "C": -77949155.42459482, 
            "B": -741457321943.9324
        }
    ], 
    "Outlet 1001": [
        {
            "Center Node": 394, 
            "Total_area_outlet": 0.0003129857874038317, 
            "Reynolds(peak)": 2044.6744092598915, 
            "Diameter": 0.019962588749576307, 
            "Reynolds(mean)": 2037.2039980860372, 
            "Centroid": [
                4.244701675161103e-05, 
                0.00012423521172043008, 
                0.25
            ], 
            "Flow_outlet(mean)": 0.00010646847217426906, 
            "Flow_outlet(peak)": 0.00010685889123143815
        }
    ], 
    "Bifurcation: ": [
        false
    ], 
    "Time": [
        {
            "Time": [
                0.06, 
                0.12453445924054134, 
                0.1909923947192003, 
                0.2668559037926541, 
                0.35627734618829704, 
                0.4565754870173461, 
                0.5726361292705369, 
                0.7116267192949195, 
                0.8798245546081314, 
                1.0720831036279561, 
                1.323826196686817, 
                1.6236227814670323, 
                1.9639357542721991, 
                2.363867054627483, 
                2.8190533681476304, 
                3.4082517655545663, 
                4.1272122557078745, 
                4.973430367607795, 
                5.819648479507716, 
                6.819648479507716, 
                7.819648479507716
            ]
        }
    ], 
    "Fluid Characteristic": [
        {
            "blood_density": 1050.0, 
            "blood_kinematic_viscosity": 3.3333333333333333e-06, 
            "blood_dynamic_viscosity": 0.0035
        }
    ], 
    "Simulations_Parameters": [
        {
            "Dt": 0.06, 
            "SolverType(1:AMGCGL,2:AMGCL_NS_Solver,3:BICGSTABSolver)": 1, 
            "AutomaticDeltaTime": true, 
            "Time_vector": [
                0, 
                7.0
            ], 
            "Config_conditions(1:V-P-P),(2:V-V-P)": 1
        }
    ], 
    "Pressures": [
        {
            "Pressure Outlet 1001": [
                [
                    0.0, 
                    0.0, 
                    0.0, 
                    0.0, 
                    0.0, 
                    0.0, 
                    0.0, 
                    0.0, 
                    0.0, 
                    0.0, 
                    0.0, 
                    0.0, 
                    0.0, 
                    0.0, 
                    0.0, 
                    0.0, 
                    0.0, 
                    0.0, 
                    0.0, 
                    0.0, 
                    0.0
                ]
            ], 
            "Pressure Outlet 1002": [
                0
            ], 
            "Pressure Inlet": [
                [
                    2429.7364046951216, 
                    -960.0397242533556, 
                    293.0205101845371, 
                    42.56147330942006, 
                    153.96313326534235, 
                    192.43905867606907, 
                    231.31262038280266, 
                    237.08892637180392, 
                    223.46023144168737, 
                    226.03154635062234, 
                    256.1751482273116, 
                    259.6771740073629, 
                    247.22819251905892, 
                    241.84912951859272, 
                    236.51989509121077, 
                    232.64596484455296, 
                    255.82610076828576, 
                    262.41530344888247, 
                    260.09382780493, 
                    242.5434686728395, 
                    246.88739220912123
                ]
            ]
        }
    ], 
    "Inlet": [
        {
            "Total_area_inlet": 0.00031298876267923, 
            "Center Node": 141969, 
            "Parabolic": true, 
            "Reynolds(peak)": -2045.364420911245, 
            "Diameter": 0.01996268363257169, 
            "Reynolds(mean)": -2045.364420911245, 
            "Flow_inlet(peak)": -0.00010689546073598384, 
            "Centroid": [
                -0.00010319409110340905, 
                -2.6215637677039877e-05, 
                -0.031420356708522716
            ], 
            "Flow_inlet(mean)": -0.00010689546073598384
        }
    ], 
    "name": [
        "I:/PROYECTOS/ESTUDIANTES/Sergio/V3/GID\\Modelo_21_145_I.gid\\Modelo_21_145_I.json"
    ]
}