{
    "Hemodynamic Parameters_1001_AB": [
        {
            "A": 120128181.8839144, 
            "B": -1140764272437.8176
        }
    ], 
    "name": [
        "I:/PROYECTOS/ESTUDIANTES/Sergio/V3/GID/berga\\Modelo_7_145.gid\\Modelo_7_145.json"
    ], 
    "Outlet 1001": [
        {
            "Diameter": 0.019962587721750573, 
            "Flow_outlet(peak)": 0.00010727746522647004, 
            "Center Node": 422, 
            "Centroid": [
                3.1174873052513927e-05, 
                6.931638458544458e-05, 
                0.289990000000001
            ], 
            "Total_area_outlet": 0.00031298575517405995, 
            "Reynolds(mean)": 2047.7538932537466, 
            "Flow_outlet(mean)": 0.00010701982589032827, 
            "Reynolds(peak)": 2052.683652289052
        }
    ], 
    "Time": [
        {
            "Time": [
                0.06, 
                0.16191291316453643, 
                0.27418129129732133, 
                0.4077907727089305, 
                0.5681730058933321, 
                0.7285552390777337, 
                0.8583160784745464, 
                1.010383617985727, 
                1.2174904772861095, 
                1.4577281936381086, 
                1.7315977920227095, 
                2.0054673904073104, 
                2.320058494366161, 
                2.6346495983250113, 
                2.644649598325011, 
                2.649649598325011, 
                2.8070505477628838, 
                2.976187075692098, 
                3.1186831470754504, 
                3.2474899333388034, 
                3.3910350515210537, 
                3.5330688557193697, 
                3.6806536596775823, 
                3.8626559651154095, 
                4.134307517181122, 
                4.4846277662975425, 
                4.834948015413963, 
                4.844948015413963, 
                4.849948015413963, 
                4.9929588651678705, 
                5.12053209255502, 
                5.266626057274325, 
                5.434925977717107, 
                5.593079793758976, 
                5.756019764856244, 
                5.939104703880615, 
                6.153043664657197, 
                6.163043664657197, 
                6.168043664657197, 
                6.279963365659584, 
                6.39492216539937, 
                6.505057921933157, 
                6.61121247474813, 
                6.717814354441812, 
                6.825530376590324, 
                6.956950683328118, 
                7.123573790530913
            ]
        }
    ], 
    "Hemodynamic Parameters_1001_ABC": [
        {
            "A": -123857692.40683314, 
            "C": -5670256.20886445, 
            "B": 1175512500731.7158
        }
    ], 
    "Fluid Characteristic": [
        {
            "blood_density": 1050.0, 
            "blood_dynamic_viscosity": 0.0035, 
            "blood_kinematic_viscosity": 3.3333333333333333e-06
        }
    ], 
    "Flow": [
        {
            "Flow Inlet": [
                [
                    -0.00010730996007133847, 
                    -0.00010730996007133847, 
                    -0.00010730996007133847, 
                    -0.00010730996007133847, 
                    -0.00010730996007133847, 
                    -0.00010730996007133847, 
                    -0.00010730996007133847, 
                    -0.00010730996007133847, 
                    -0.00010730996007133847, 
                    -0.00010730996007133847, 
                    -0.00010730996007133847, 
                    -0.00010730996007133847, 
                    -0.00010730996007133847, 
                    -0.00010730996007133847, 
                    -0.00010730996007133847, 
                    -0.00010730996007133847, 
                    -0.00010730996007133847, 
                    -0.00010730996007133847, 
                    -0.00010730996007133847, 
                    -0.00010730996007133847, 
                    -0.00010730996007133847, 
                    -0.00010730996007133847, 
                    -0.00010730996007133847, 
                    -0.00010730996007133847, 
                    -0.00010730996007133847, 
                    -0.00010730996007133847, 
                    -0.00010730996007133847, 
                    -0.00010730996007133847, 
                    -0.00010730996007133847, 
                    -0.00010730996007133847, 
                    -0.00010730996007133847, 
                    -0.00010730996007133847, 
                    -0.00010730996007133847, 
                    -0.00010730996007133847, 
                    -0.00010730996007133847, 
                    -0.00010730996007133847, 
                    -0.00010730996007133847, 
                    -0.00010730996007133847, 
                    -0.00010730996007133847, 
                    -0.00010730996007133847, 
                    -0.00010730996007133847, 
                    -0.00010730996007133847, 
                    -0.00010730996007133847, 
                    -0.00010730996007133847, 
                    -0.00010730996007133847, 
                    -0.00010730996007133847, 
                    -0.00010730996007133847
                ]
            ], 
            "Flow Outlet 1001": [
                [
                    0.0001013391413200997, 
                    0.00010727746522647004, 
                    0.0001070925550446684, 
                    0.00010719354656518825, 
                    0.00010718722964537706, 
                    0.00010719218152029063, 
                    0.00010718779053141491, 
                    0.00010718705629619694, 
                    0.00010718391088636469, 
                    0.00010716686754954267, 
                    0.00010709839386508567, 
                    0.00010701420352820568, 
                    0.0001070856904105066, 
                    0.00010716473717010489, 
                    0.00010714432580265354, 
                    0.00010713073386618464, 
                    0.00010716744836883038, 
                    0.00010712623245770618, 
                    0.00010707195872419216, 
                    0.00010705761497256643, 
                    0.00010706419098659128, 
                    0.00010710263351371071, 
                    0.00010714049963559331, 
                    0.00010714926853208174, 
                    0.00010713789812015853, 
                    0.0001071415691135367, 
                    0.00010716052770303868, 
                    0.00010716151970986638, 
                    0.00010715824687242235, 
                    0.00010716065778378031, 
                    0.00010716504291284477, 
                    0.00010716657102623538, 
                    0.00010715926202477012, 
                    0.00010714180416657075, 
                    0.0001071226261605819, 
                    0.0001071178499803371, 
                    0.00010713091608630919, 
                    0.00010713807485568897, 
                    0.00010713760993809248, 
                    0.00010714400727889854, 
                    0.00010716368491465951, 
                    0.00010717590824622706, 
                    0.00010717072797084286, 
                    0.0001071461624616967, 
                    0.00010713187382805791, 
                    0.00010714304188671664, 
                    0.00010713055738446897
                ]
            ], 
            "Flow Outlet 1002": [
                0
            ]
        }
    ], 
    "Bifurcation: ": [
        false
    ],