{
    "Simulations_Parameters": [
        {
            "AutomaticDeltaTime": true, 
            "SolverType(1:AMGCGL,2:AMGCL_NS_Solver,3:BICGSTABSolver)": 1, 
            "Dt": 0.06, 
            "Config_conditions(1:V-P-P),(2:V-V-P)": 1, 
            "Time_vector": [
                0, 
                7.0
            ]
        }
    ], 
    "Pressures": [
        {
            "Pressure Outlet 1002": [
                0
            ], 
            "Pressure Outlet 1001": [
                [
                    0.0, 
                    0.0, 
                    0.0, 
                    0.0, 
                    0.0, 
                    0.0, 
                    0.0, 
                    0.0, 
                    0.0, 
                    0.0, 
                    0.0, 
                    0.0, 
                    0.0, 
                    0.0, 
                    0.0, 
                    0.0, 
                    0.0, 
                    0.0, 
                    0.0, 
                    0.0, 
                    0.0, 
                    0.0, 
                    0.0, 
                    0.0, 
                    0.0, 
                    0.0, 
                    0.0, 
                    0.0, 
                    0.0, 
                    0.0, 
                    0.0, 
                    0.0, 
                    0.0, 
                    0.0, 
                    0.0, 
                    0.0, 
                    0.0
                ]
            ], 
            "Pressure Inlet": [
                [
                    2437.0591435400274, 
                    -985.8903717443993, 
                    276.2309224145005, 
                    5.032922952190304, 
                    99.90552949424107, 
                    121.43338436535805, 
                    153.6537677902615, 
                    154.1730718914778, 
                    125.77527904010796, 
                    94.31696185916253, 
                    94.81953614297116, 
                    72.45689266255508, 
                    46.52140349494507, 
                    51.04401491205891, 
                    55.899338509142034, 
                    58.062079663950094, 
                    75.41704867124669, 
                    102.91478366268626, 
                    116.38157969151975, 
                    116.34582709311712, 
                    103.97734400560525, 
                    93.72801752181772, 
                    93.06373986105983, 
                    104.08318388598094, 
                    108.48485292328309, 
                    82.52276274240528, 
                    78.71977137077012, 
                    104.3342032548344, 
                    109.35564235445267, 
                    108.73213865529993, 
                    106.81527358413081, 
                    101.03457106346154, 
                    94.5319001527708, 
                    90.1509895369063, 
                    86.36921800707427, 
                    83.52168880092644, 
                    76.14266126272398
                ]
            ]
        }
    ], 
    "Fluid Characteristic": [
        {
            "blood_kinematic_viscosity": 3.3333333333333333e-06, 
            "blood_density": 1050.0, 
            "blood_dynamic_viscosity": 0.0035
        }
    ], 
    "Flow": [
        {
            "Flow Outlet 1002": [
                0
            ], 
            "Flow Outlet 1001": [
                [
                    0.00010134988644571526, 
                    0.0001067151424931488, 
                    0.00010661576572527595, 
                    0.00010671580700354301, 
                    0.00010672500793802892, 
                    0.00010674187856409075, 
                    0.00010674363287576184, 
                    0.00010674263532110321, 
                    0.00010674130481739462, 
                    0.00010674182385427672, 
                    0.00010674157474712562, 
                    0.00010674325523572301, 
                    0.00010674493159516629, 
                    0.00010674869268215217, 
                    0.00010675334877706643, 
                    0.00010675819824929035, 
                    0.00010676035905507304, 
                    0.00010674909404837705, 
                    0.00010671341787428324, 
                    0.00010666291061974091, 
                    0.00010658601951676234, 
                    0.00010657166380388804, 
                    0.00010667487323951428, 
                    0.00010672378831006684, 
                    0.00010672045695706787, 
                    0.00010670764440653319, 
                    0.00010670873855453443, 
                    0.00010670749378518327, 
                    0.0001067005025415541, 
                    0.0001066695975794826, 
                    0.00010661459120364572, 
                    0.00010659605088424756, 
                    0.00010667505314093264, 
                    0.00010667690410915363, 
                    0.00010667745910188674, 
                    0.00010670317297240108, 
                    0.00010671133368160862
                ]
            ], 
            "Flow Inlet": [
                [
                    -0.00010687719694261041, 
                    -0.00010687719694261041, 
                    -0.00010687719694261041, 
                    -0.00010687719694261041, 
                    -0.00010687719694261041, 
                    -0.00010687719694261041, 
                    -0.00010687719694261041, 
                    -0.00010687719694261041, 
                    -0.00010687719694261041, 
                    -0.00010687719694261041, 
                    -0.00010687719694261041, 
                    -0.00010687719694261041, 
                    -0.00010687719694261041, 
                    -0.00010687719694261041, 
                    -0.00010687719694261041, 
                    -0.00010687719694261041, 
                    -0.00010687719694261041, 
                    -0.00010687719694261041, 
                    -0.00010687719694261041, 
                    -0.00010687719694261041, 
                    -0.00010687719694261041, 
                    -0.00010687719694261041, 
                    -0.00010687719694261041, 
                    -0.00010687719694261041, 
                    -0.00010687719694261041, 
                    -0.00010687719694261041, 
                    -0.00010687719694261041, 
                    -0.00010687719694261041, 
                    -0.00010687719694261041, 
                    -0.00010687719694261041, 
                    -0.00010687719694261041, 
                    -0.00010687719694261041, 
                    -0.00010687719694261041, 
                    -0.00010687719694261041, 
                    -0.00010687719694261041, 
                    -0.00010687719694261041, 
                    -0.00010687719694261041
                ]
            ]
        }
    ], 
    "Hemodynamic Parameters_1001_ABC": [
        {
            "B": -1100549033691.1519, 
            "C": -2235591.204193279, 
            "A": 118301062.3968503
        }
    ], 
    "name": [
        "I:/PROYECTOS/ESTUDIANTES/Sergio/V3/GID\\Modelo_24_170_I.gid\\Modelo_24_170_I.json"
    ],