{
    "Simulations_Parameters": [
        {
            "AutomaticDeltaTime": true, 
            "Dt": 0.06, 
            "Config_conditions(1:V-P-P),(2:V-V-P)": 1, 
            "SolverType(1:AMGCGL,2:AMGCL_NS_Solver,3:BICGSTABSolver)": 1, 
            "Time_vector": [
                0, 
                7.0
            ]
        }
    ], 
    "Hemodynamic Parameters_1001_AB": [
        {
            "B": -1221837650876.4087, 
            "A": 127525931.70498122
        }
    ], 
    "Fluid Characteristic": [
        {
            "blood_kinematic_viscosity": 3.3333333333333333e-06, 
            "blood_density": 1050.0, 
            "blood_dynamic_viscosity": 0.0035
        }
    ], 
    "Flow": [
        {
            "Flow Outlet 1002": [
                0
            ], 
            "Flow Outlet 1001": [
                [
                    0.00010131254801791234, 
                    0.00010700917554084506, 
                    0.00010676285494360004, 
                    0.0001068448596152264, 
                    0.00010682618902167813, 
                    0.00010683151063694379, 
                    0.00010682906846650084, 
                    0.00010682873190397117, 
                    0.00010682780701203666, 
                    0.00010682693354372852, 
                    0.0001068240940616305, 
                    0.000106820372047875, 
                    0.00010681216512359911, 
                    0.00010679350078143693, 
                    0.00010676663809541939, 
                    0.00010677386447753485, 
                    0.00010678615831175257, 
                    0.00010678910915951862, 
                    0.00010681228271049148, 
                    0.00010681445776524564, 
                    0.00010678848718568121, 
                    0.00010675321343660006, 
                    0.00010675310708192675, 
                    0.00010679783139373966, 
                    0.00010680939176483523, 
                    0.0001068155381320014, 
                    0.00010681995201600228, 
                    0.00010681860817452026, 
                    0.00010681597997855486, 
                    0.0001068158843523786, 
                    0.00010681409139368901, 
                    0.00010681348686485829, 
                    0.00010680430357985735, 
                    0.00010677873081250117, 
                    0.00010677964975618339, 
                    0.00010679029753955814, 
                    0.00010678704286820172, 
                    0.00010678714750312905, 
                    0.0001068091022982386, 
                    0.00010679367633367222, 
                    0.00010681337471043406, 
                    0.00010678154204508914
                ]
            ], 
            "Flow Inlet": [
                [
                    -0.00010693996206061065, 
                    -0.00010693996206061065, 
                    -0.00010693996206061065, 
                    -0.00010693996206061065, 
                    -0.00010693996206061065, 
                    -0.00010693996206061065, 
                    -0.00010693996206061065, 
                    -0.00010693996206061065, 
                    -0.00010693996206061065, 
                    -0.00010693996206061065, 
                    -0.00010693996206061065, 
                    -0.00010693996206061065, 
                    -0.00010693996206061065, 
                    -0.00010693996206061065, 
                    -0.00010693996206061065, 
                    -0.00010693996206061065, 
                    -0.00010693996206061065, 
                    -0.00010693996206061065, 
                    -0.00010693996206061065, 
                    -0.00010693996206061065, 
                    -0.00010693996206061065, 
                    -0.00010693996206061065, 
                    -0.00010693996206061065, 
                    -0.00010693996206061065, 
                    -0.00010693996206061065, 
                    -0.00010693996206061065, 
                    -0.00010693996206061065, 
                    -0.00010693996206061065, 
                    -0.00010693996206061065, 
                    -0.00010693996206061065, 
                    -0.00010693996206061065, 
                    -0.00010693996206061065, 
                    -0.00010693996206061065, 
                    -0.00010693996206061065, 
                    -0.00010693996206061065, 
                    -0.00010693996206061065, 
                    -0.00010693996206061065, 
                    -0.00010693996206061065, 
                    -0.00010693996206061065, 
                    -0.00010693996206061065, 
                    -0.00010693996206061065, 
                    -0.00010693996206061065
                ]
            ]
        }
    ], 
    "Hemodynamic Parameters_1001_ABC": [
        {
            "B": 344199363177.3906, 
            "C": 74275858.44147867, 
            "A": -33822528.27779579
        }
    ], 
    "name": [
        "I:/PROYECTOS/ESTUDIANTES/Sergio/V3/GID/berga\\Modelo_8_120_I.gid\\Modelo_8_120_I.json"
    ], 
    "Time": [
        {
            "Time": [
                0.06, 
                0.17161989033478234, 
                0.28886239809313374, 
                0.4113808254678056, 
                0.5149091727534229, 
                0.6195330883455291, 
                0.7203393163699234, 
                0.8493115649824925, 
                1.0327435336329334, 
                1.2302418225312828, 
                1.4748332030001605, 
                1.7194245834690383, 
                1.964015963937916, 
                2.3019412825789, 
                2.639866601219884, 
                2.977791919860868, 
                2.987791919860868, 
                2.992791919860868, 
                3.1440112148538977, 
                3.2874227253741646, 
                3.426604278319658, 
                3.5997136467571544, 
                3.7901300475132746, 
                3.980546448269395, 
                4.1393766261832905, 
                4.302603575199985, 
                4.48291946238491, 
                4.663235349569835, 
                4.906603527346989, 
                4.916603527346989, 
                4.9216035273469885, 
                5.126736257764206, 
                5.292011723915552, 
                5.488685335964807, 
                5.672270567215802, 
                5.8234738316683865, 
                5.9552778970341524, 
                6.124518455666396, 
                6.354422438755327, 
                6.584326421844257, 
                6.814230404933188, 
                7.054634268634738
            ]
        }
    ], 
    "Pressures": [
        {
            "Pressure Outlet 1002": [
                0
            ], 
            "Pressure Outlet 1001": [
                [
                    0.0, 
                    0.0, 
                    0.0, 
                    0.0, 
                    0.0, 
                    0.0, 
                    0.0, 
                    0.0, 
                    0.0, 
                    0.0, 
                    0.0, 
                    0.0, 
                    0.0, 
                    0.0, 
                    0.0, 
                    0.0, 
                    0.0, 
                    0.0, 
                    0.0, 
                    0.0, 
                    0.0, 
                    0.0, 
                    0.0, 
                    0.0, 
                    0.0, 
                    0.0, 
                    0.0, 
                    0.0, 
                    0.0, 
                    0.0, 
                    0.0, 
                    0.0, 
                    0.0, 
                    0.0, 
                    0.0, 
                    0.0, 
                    0.0, 
                    0.0, 
                    0.0, 
                    0.0, 
                    0.0, 
                    0.0
                ]
            ],