{
    "Time": [
        {
            "Time": [
                0.06, 
                0.14508269498157716, 
                0.23678319896686478, 
                0.3441804407212715, 
                0.45351534130179405, 
                0.5671285762745134, 
                0.7073935346992699, 
                0.8664136269128934, 
                1.058185440056504, 
                1.2834780306221203, 
                1.5610182159284454, 
                1.9154597984987445, 
                2.269901381069044, 
                2.624342963639343, 
                2.978784546209642, 
                3.3592229216350136, 
                3.3692229216350134, 
                3.3742229216350133, 
                3.5698825674578827, 
                3.764053691188018, 
                3.9622558162531027, 
                4.159561325144159, 
                4.364570859342048, 
                4.5593383507153, 
                4.783979105789451, 
                5.104929988532237, 
                5.425880871275022, 
                5.7468317540178075, 
                6.067782636760593, 
                6.388733519503378, 
                6.740619931641001, 
                7.156991035508707
            ]
        }
    ], 
    "Pressures": [
        {
            "Pressure Outlet 1001": [
                [
                    0.0, 
                    0.0, 
                    0.0, 
                    0.0, 
                    0.0, 
                    0.0, 
                    0.0, 
                    0.0, 
                    0.0, 
                    0.0, 
                    0.0, 
                    0.0, 
                    0.0, 
                    0.0, 
                    0.0, 
                    0.0, 
                    0.0, 
                    0.0, 
                    0.0, 
                    0.0, 
                    0.0, 
                    0.0, 
                    0.0, 
                    0.0, 
                    0.0, 
                    0.0, 
                    0.0, 
                    0.0, 
                    0.0, 
                    0.0, 
                    0.0, 
                    0.0
                ]
            ], 
            "Pressure Inlet": [
                [
                    2601.8464962106773, 
                    -1065.8689487302286, 
                    321.8111666948366, 
                    30.999007196871336, 
                    148.2236155452908, 
                    171.7027621867397, 
                    198.69155676609589, 
                    209.09913286521405, 
                    222.30503280633567, 
                    208.9420779033573, 
                    189.9365713036476, 
                    179.25329660197016, 
                    176.7224209580081, 
                    182.94198940693934, 
                    185.03826165559911, 
                    173.24924659403786, 
                    170.70133364231947, 
                    171.89574296963846, 
                    196.64535078448702, 
                    193.28894717402716, 
                    180.58292332510118, 
                    175.20510359108246, 
                    180.45417736716348, 
                    198.54970794008852, 
                    206.05863397454078, 
                    195.20151724832976, 
                    182.74525081465663, 
                    210.22849490445535, 
                    184.14519290637097, 
                    173.32873129673445, 
                    170.4244180415541, 
                    196.95251263441742
                ]
            ], 
            "Pressure Outlet 1002": [
                0
            ]
        }
    ], 
    "Bifurcation: ": [
        false
    ], 
    "Flow": [
        {
            "Flow Inlet": [
                [
                    -0.0001068544483788915, 
                    -0.0001068544483788915, 
                    -0.0001068544483788915, 
                    -0.0001068544483788915, 
                    -0.0001068544483788915, 
                    -0.0001068544483788915, 
                    -0.0001068544483788915, 
                    -0.0001068544483788915, 
                    -0.0001068544483788915, 
                    -0.0001068544483788915, 
                    -0.0001068544483788915, 
                    -0.0001068544483788915, 
                    -0.0001068544483788915, 
                    -0.0001068544483788915, 
                    -0.0001068544483788915, 
                    -0.0001068544483788915, 
                    -0.0001068544483788915, 
                    -0.0001068544483788915, 
                    -0.0001068544483788915, 
                    -0.0001068544483788915, 
                    -0.0001068544483788915, 
                    -0.0001068544483788915, 
                    -0.0001068544483788915, 
                    -0.0001068544483788915, 
                    -0.0001068544483788915, 
                    -0.0001068544483788915, 
                    -0.0001068544483788915, 
                    -0.0001068544483788915, 
                    -0.0001068544483788915, 
                    -0.0001068544483788915, 
                    -0.0001068544483788915, 
                    -0.0001068544483788915
                ]
            ], 
            "Flow Outlet 1001": [
                [
                    0.00010143032208599698, 
                    0.00010685767281106725, 
                    0.00010666892345163289, 
                    0.00010673609155458744, 
                    0.00010672820145660563, 
                    0.00010673745661336241, 
                    0.00010673593434209978, 
                    0.00010673471499730604, 
                    0.00010673131766385379, 
                    0.00010670279616243989, 
                    0.00010661873873575462, 
                    0.00010664335336310413, 
                    0.0001067308233851567, 
                    0.00010674766998774437, 
                    0.00010672718890872086, 
                    0.00010672381449477749, 
                    0.0001067370618634061, 
                    0.00010673914396067926, 
                    0.00010672399265104689, 
                    0.0001067011474495842, 
                    0.00010669954781953911, 
                    0.00010667278634753304, 
                    0.00010667863361598685, 
                    0.00010672820948086463, 
                    0.00010672371056980253, 
                    0.00010670067098847709, 
                    0.00010669534416501639, 
                    0.00010669530973764061, 
                    0.00010669583368673554, 
                    0.00010668232214806474, 
                    0.00010669087410213305, 
                    0.0001066878785629784
                ]
            ], 
            "Flow Outlet 1002": [
                0
            ]
        }
    ], 
    "Simulations_Parameters": [
        {
            "Dt": 0.06, 
            "Config_conditions(1:V-P-P),(2:V-V-P)": 1, 
            "SolverType(1:AMGCGL,2:AMGCL_NS_Solver,3:BICGSTABSolver)": 1, 
            "Time_vector": [
                0, 
                7.0
            ], 
            "AutomaticDeltaTime": true
        }
    ], 
    "Inlet": [
        {
            "Center Node": 68402, 
            "Total_area_inlet": 0.00031298876267923, 
            "Reynolds(mean)": -2044.5796802362265, 
            "Flow_inlet(peak)": -0.0001068544483788915, 
            "Parabolic": true, 
            "Flow_inlet(mean)": -0.0001068544483788915, 
            "Centroid": [
                -0.00010319409110340913, 
                -2.6215637677038762e-05, 
                -0.031420356708522716
            ], 
            "Reynolds(peak)": -2044.5796802362265, 
            "Diameter": 0.01996268363257169
        }
    ], 
    "Fluid Characteristic": [
        {
            "blood_kinematic_viscosity": 3.3333333333333333e-06, 
            "blood_density": 1050.0, 
            "blood_dynamic_viscosity": 0.0035
        }
    ],