{
    "Hemodynamic Parameters_1001_ABC": [
        {
            "C": -1948375.3047864325, 
            "B": -2254324837359.835, 
            "A": 241416303.18075624
        }
    ], 
    "Simulations_Parameters": [
        {
            "Config_conditions(1:V-P-P),(2:V-V-P)": 1, 
            "AutomaticDeltaTime": true, 
            "Dt": 0.06, 
            "Time_vector": [
                0, 
                7.0
            ], 
            "SolverType(1:AMGCGL,2:AMGCL_NS_Solver,3:BICGSTABSolver)": 1
        }
    ], 
    "Flow": [
        {
            "Flow Inlet": [
                [
                    -0.00010690349077777214, 
                    -0.00010690349077777214, 
                    -0.00010690349077777214, 
                    -0.00010690349077777214, 
                    -0.00010690349077777214, 
                    -0.00010690349077777214, 
                    -0.00010690349077777214, 
                    -0.00010690349077777214, 
                    -0.00010690349077777214, 
                    -0.00010690349077777214, 
                    -0.00010690349077777214, 
                    -0.00010690349077777214, 
                    -0.00010690349077777214, 
                    -0.00010690349077777214, 
                    -0.00010690349077777214, 
                    -0.00010690349077777214, 
                    -0.00010690349077777214, 
                    -0.00010690349077777214, 
                    -0.00010690349077777214, 
                    -0.00010690349077777214, 
                    -0.00010690349077777214, 
                    -0.00010690349077777214, 
                    -0.00010690349077777214, 
                    -0.00010690349077777214, 
                    -0.00010690349077777214, 
                    -0.00010690349077777214, 
                    -0.00010690349077777214, 
                    -0.00010690349077777214, 
                    -0.00010690349077777214, 
                    -0.00010690349077777214, 
                    -0.00010690349077777214, 
                    -0.00010690349077777214, 
                    -0.00010690349077777214, 
                    -0.00010690349077777214, 
                    -0.00010690349077777214, 
                    -0.00010690349077777214, 
                    -0.00010690349077777214, 
                    -0.00010690349077777214, 
                    -0.00010690349077777214, 
                    -0.00010690349077777214
                ]
            ], 
            "Flow Outlet 1001": [
                [
                    0.00010135872487263537, 
                    0.00010678178636570243, 
                    0.00010668216752900713, 
                    0.00010677144403476569, 
                    0.00010677232353332886, 
                    0.00010678424835598499, 
                    0.00010678451596733171, 
                    0.00010678256766917634, 
                    0.00010677938112250588, 
                    0.00010677991135473808, 
                    0.00010678714109298687, 
                    0.00010678468781046855, 
                    0.0001067377929788465, 
                    0.00010661409706852059, 
                    0.00010652383486442963, 
                    0.00010663759774842696, 
                    0.00010667357862908438, 
                    0.00010668440093160673, 
                    0.0001066839944383478, 
                    0.0001066815707306651, 
                    0.00010671392718602177, 
                    0.00010672402391791621, 
                    0.00010673438263172367, 
                    0.0001067676135856197, 
                    0.00010678732275240377, 
                    0.00010679205412646763, 
                    0.00010678154075452912, 
                    0.00010676787496065619, 
                    0.00010675860885506597, 
                    0.00010676148524375677, 
                    0.000106794176084259, 
                    0.00010681253165362814, 
                    0.00010683407012270673, 
                    0.00010683080675148596, 
                    0.00010678177914661899, 
                    0.0001067705268154784, 
                    0.00010678290296975216, 
                    0.00010679565256091645, 
                    0.00010677771804006284, 
                    0.00010677007182914526
                ]
            ], 
            "Flow Outlet 1002": [
                0
            ]
        }
    ], 
    "Fluid Characteristic": [
        {
            "blood_kinematic_viscosity": 3.3333333333333333e-06, 
            "blood_density": 1050.0, 
            "blood_dynamic_viscosity": 0.0035
        }
    ], 
    "name": [
        "I:/PROYECTOS/ESTUDIANTES/Sergio/V3/GID\\Modelo_13_170_I.gid\\Modelo_13_170_I.json"
    ], 
    "Inlet": [
        {
            "Flow_inlet(mean)": -0.00010690349077777214, 
            "Diameter": 0.01996268363257169, 
            "Center Node": 102658, 
            "Total_area_inlet": 0.00031298876267923, 
            "Flow_inlet(peak)": -0.00010690349077777214, 
            "Reynolds(mean)": -2045.5180697346764, 
            "Parabolic": true, 
            "Centroid": [
                -0.00010319409110340905, 
                -2.6215637677039877e-05, 
                -0.031420356708522716
            ], 
            "Reynolds(peak)": -2045.5180697346764
        }
    ], 
    "Bifurcation: ": [
        false
    ], 
    "Hemodynamic Parameters_1001_AB": [
        {
            "B": 2228617337507.0615, 
            "A": -238668937.08236918
        }
    ], 
    "Pressures": [
        {
            "Pressure Outlet 1001": [
                [
                    0.0, 
                    0.0, 
                    0.0, 
                    0.0, 
                    0.0, 
                    0.0, 
                    0.0, 
                    0.0, 
                    0.0, 
                    0.0, 
                    0.0, 
                    0.0, 
                    0.0, 
                    0.0, 
                    0.0, 
                    0.0, 
                    0.0, 
                    0.0, 
                    0.0, 
                    0.0, 
                    0.0, 
                    0.0, 
                    0.0, 
                    0.0, 
                    0.0, 
                    0.0, 
                    0.0, 
                    0.0, 
                    0.0, 
                    0.0, 
                    0.0, 
                    0.0, 
                    0.0, 
                    0.0, 
                    0.0, 
                    0.0, 
                    0.0, 
                    0.0, 
                    0.0, 
                    0.0
                ]
            ],