{
    "Bifurcation: ": [
        false
    ], 
    "Flow": [
        {
            "Flow Inlet": [
                [
                    -0.00010666889734151338, 
                    -0.00010666889734151338, 
                    -0.00010666889734151338, 
                    -0.00010666889734151338, 
                    -0.00010666889734151338, 
                    -0.00010666889734151338, 
                    -0.00010666889734151338, 
                    -0.00010666889734151338, 
                    -0.00010666889734151338, 
                    -0.00010666889734151338, 
                    -0.00010666889734151338, 
                    -0.00010666889734151338, 
                    -0.00010666889734151338, 
                    -0.00010666889734151338, 
                    -0.00010666889734151338, 
                    -0.00010666889734151338, 
                    -0.00010666889734151338, 
                    -0.00010666889734151338, 
                    -0.00010666889734151338, 
                    -0.00010666889734151338, 
                    -0.00010666889734151338, 
                    -0.00010666889734151338, 
                    -0.00010666889734151338, 
                    -0.00010666889734151338, 
                    -0.00010666889734151338, 
                    -0.00010666889734151338, 
                    -0.00010666889734151338, 
                    -0.00010666889734151338, 
                    -0.00010666889734151338, 
                    -0.00010666889734151338, 
                    -0.00010666889734151338, 
                    -0.00010666889734151338, 
                    -0.00010666889734151338, 
                    -0.00010666889734151338
                ]
            ], 
            "Flow Outlet 1002": [
                0
            ], 
            "Flow Outlet 1001": [
                [
                    0.00010113446312872645, 
                    0.00010671983157798278, 
                    0.00010650354324354973, 
                    0.00010658558156401874, 
                    0.00010656398616314759, 
                    0.00010656939912153801, 
                    0.00010656698976173116, 
                    0.00010656948956256592, 
                    0.00010657625358249986, 
                    0.00010658322156239483, 
                    0.00010658201559063024, 
                    0.00010657520924634351, 
                    0.00010653877460807125, 
                    0.00010644104627945708, 
                    0.00010643074232335512, 
                    0.00010645789340406411, 
                    0.00010646523304522623, 
                    0.00010653715138483453, 
                    0.0001065628832372644, 
                    0.00010656834294456939, 
                    0.00010655753774783057, 
                    0.00010652881167257341, 
                    0.00010652572445970859, 
                    0.00010654333213027318, 
                    0.00010656364814376387, 
                    0.00010656566674056785, 
                    0.00010655244643644924, 
                    0.00010655933039297472, 
                    0.00010656942446326719, 
                    0.0001065731340164811, 
                    0.00010658726047217283, 
                    0.00010659746772338384, 
                    0.00010658286039484405, 
                    0.00010655987468828419
                ]
            ]
        }
    ], 
    "Hemodynamic Parameters_1001_AB": [
        {
            "B": 326562413423.676, 
            "A": -35564698.95649241
        }
    ], 
    "Simulations_Parameters": [
        {
            "Config_conditions(1:V-P-P),(2:V-V-P)": 1, 
            "Time_vector": [
                0, 
                7.0
            ], 
            "AutomaticDeltaTime": true, 
            "SolverType(1:AMGCGL,2:AMGCL_NS_Solver,3:BICGSTABSolver)": 1, 
            "Dt": 0.06
        }
    ], 
    "Fluid Characteristic": [
        {
            "blood_dynamic_viscosity": 0.0035, 
            "blood_kinematic_viscosity": 3.3333333333333333e-06, 
            "blood_density": 1050.0
        }
    ], 
    "name": [
        "I:/PROYECTOS/ESTUDIANTES/Sergio/V3/GID/berga\\Modelo_11_170.gid\\Modelo_11_170.json"
    ], 
    "Outlet 1001": [
        {
            "Flow_outlet(peak)": 0.00010671983157798278, 
            "Flow_outlet(mean)": 0.00010639407561219252, 
            "Center Node": 453, 
            "Reynolds(peak)": 2042.0136996324725, 
            "Diameter": 0.019962587721829683, 
            "Centroid": [
                5.282075851584695e-05, 
                9.182701925898595e-05, 
                0.25
            ], 
            "Total_area_outlet": 0.0003129857551765407, 
            "Reynolds(mean)": 2035.7805737453252
        }
    ], 
    "Inlet": [
        {
            "Center Node": 90023, 
            "Flow_inlet(mean)": -0.00010666889734151338, 
            "Flow_inlet(peak)": -0.00010666889734151338, 
            "Reynolds(peak)": -2041.0293003837673, 
            "Diameter": 0.01996268363257169, 
            "Parabolic": true, 
            "Total_area_inlet": 0.00031298876267923, 
            "Centroid": [
                -0.00010319409110340905, 
                -2.6215637677039877e-05, 
                -0.031420356708522716
            ], 
            "Reynolds(mean)": -2041.0293003837673
        }
    ], 
    "Hemodynamic Parameters_1001_ABC": [
        {
            "C": -8706490.50449311, 
            "B": -495790471022.0221, 
            "A": 53612834.40735245
        }
    ], 
    "Pressures": [
        {
            "Pressure Inlet": [
                [
                    2451.6443884429304, 
                    -1052.8751448641208, 
                    307.7256661650525, 
                    14.14562361187192, 
                    125.53735906478096, 
                    128.6063017171784, 
                    114.69023568449204, 
                    50.428519066087425, 
                    41.04548470665193, 
                    79.06867690038347, 
                    106.21690542439177, 
                    105.66731840276456, 
                    109.39829224133416, 
                    99.94693521616539, 
                    86.1991389192498, 
                    62.29346883212657, 
                    64.27218278667112, 
                    86.87274015571859, 
                    96.29666813689629, 
                    97.41935398170159, 
                    97.26690121699882, 
                    106.13297907797293, 
                    89.62437625234614, 
                    67.3659714160594, 
                    90.5175742297467, 
                    107.24813368270989, 
                    92.38931173300935, 
                    65.97073473666373, 
                    46.87803253286035, 
                    47.349355211892885, 
                    69.67519606097575, 
                    72.95370399613734, 
                    69.8838649643728, 
                    75.22039175625271
                ]
            ], 
            "Pressure Outlet 1002": [
                0
            ],