{
    "Fluid Characteristic": [
        {
            "blood_dynamic_viscosity": 0.0035, 
            "blood_density": 1050.0, 
            "blood_kinematic_viscosity": 3.3333333333333333e-06
        }
    ], 
    "Pressures": [
        {
            "Pressure Inlet": [
                [
                    2772.0566013003004, 
                    -1199.7676323620954, 
                    340.61882147933864, 
                    -7.795370153204167, 
                    104.57308164522465, 
                    104.2771103378504, 
                    108.48247672671715, 
                    100.54706966275607, 
                    98.279103574318, 
                    91.85674140070394, 
                    80.68686628485074, 
                    69.65747386289723, 
                    59.67719889515171, 
                    52.400037909238655, 
                    49.871112790531235, 
                    53.460575576817156, 
                    62.00303110173899, 
                    71.41775139799508, 
                    78.40598840940443, 
                    83.79741166446065, 
                    87.9328200258095, 
                    88.35022458200093, 
                    83.23376529976915, 
                    83.89541975804283, 
                    88.6124238710554, 
                    87.88277839851382, 
                    85.53096076257748, 
                    84.7329995036919, 
                    82.6319215284733, 
                    78.79932226370711, 
                    76.46724971750214, 
                    80.10726186153376, 
                    79.26949506988862, 
                    83.43966296888755, 
                    80.88859046857213, 
                    74.19207614317588, 
                    72.71154418354175, 
                    77.2775617662035, 
                    79.46557294576836, 
                    73.83756301861162, 
                    69.02867043488753, 
                    69.58310183559546, 
                    72.2673566868065, 
                    72.74978493022161, 
                    72.83694032129299, 
                    77.54985245245521, 
                    83.99829130136983, 
                    83.1208758535397, 
                    72.05121961769403, 
                    63.00758618755194, 
                    67.11488725233744, 
                    72.40464777931054, 
                    74.7805277966315, 
                    71.20071353101062, 
                    64.73971371255104, 
                    62.301947285764165, 
                    67.29481054779956, 
                    68.03334226071229
                ]
            ], 
            "Pressure Outlet 1001": [
                [
                    0.0, 
                    0.0, 
                    0.0, 
                    0.0, 
                    0.0, 
                    0.0, 
                    0.0, 
                    0.0, 
                    0.0, 
                    0.0, 
                    0.0, 
                    0.0, 
                    0.0, 
                    0.0, 
                    0.0, 
                    0.0, 
                    0.0, 
                    0.0, 
                    0.0, 
                    0.0, 
                    0.0, 
                    0.0, 
                    0.0, 
                    0.0, 
                    0.0, 
                    0.0, 
                    0.0, 
                    0.0, 
                    0.0, 
                    0.0, 
                    0.0, 
                    0.0, 
                    0.0, 
                    0.0, 
                    0.0, 
                    0.0, 
                    0.0, 
                    0.0, 
                    0.0, 
                    0.0, 
                    0.0, 
                    0.0, 
                    0.0, 
                    0.0, 
                    0.0, 
                    0.0, 
                    0.0, 
                    0.0, 
                    0.0, 
                    0.0, 
                    0.0, 
                    0.0, 
                    0.0, 
                    0.0, 
                    0.0, 
                    0.0, 
                    0.0, 
                    0.0
                ]
            ], 
            "Pressure Outlet 1002": [
                0
            ]
        }
    ], 
    "Hemodynamic Parameters_1001_ABC": [
        {
            "A": 192282397.94922414, 
            "B": -1793338444649.9758, 
            "C": 9968612.309144013
        }
    ], 
    "Hemodynamic Parameters_1001_AB": [
        {
            "A": -166769378.1584343, 
            "B": 1554509750430.863
        }
    ], 
    "Bifurcation: ": [
        false
    ], 
    "Time": [
        {
            "Time": [
                0.06, 
                0.20496153601177683, 
                0.34992307202355366, 
                0.4948846080353305, 
                0.6398461440471074, 
                0.7848076800588842, 
                0.9297692160706611, 
                0.939769216070661, 
                0.944769216070661, 
                0.9743932359068647, 
                1.0023536594338522, 
                1.029737551807965, 
                1.0590695501409098, 
                1.090784826515507, 
                1.12490643387892, 
                1.166818849798778, 
                1.2157983345758818, 
                1.2723765048756175, 
                1.3386018547208178, 
                1.4186410335847581, 
                1.5181660725856503, 
                1.645137201254126, 
                1.8038950739178168, 
                1.965238428979284, 
                2.1621415523290257, 
                2.4107623310981983, 
                2.659383109867371, 
                2.9080038886365434, 
                3.156624667405716, 
                3.1666246674057157, 
                3.1716246674057156, 
                3.294684087384465, 
                3.4121228621864317, 
                3.5290332344195923, 
                3.6472151815855756, 
                3.7663377248568546, 
                3.8850818311499378, 
                4.02686991006737, 
                4.1970720443793885, 
                4.400694218413732, 
                4.502505305430904, 
                4.604316392448076, 
                4.707429377054691, 
                4.8118338194866865, 
                4.916813176555768, 
                5.021712422629654, 
                5.12627621356394, 
                5.230539772914386, 
                5.354493213606441, 
                5.502696199240387, 
                5.680773497337641, 
                5.858850795434894, 
                6.0709936159596305, 
                6.283136436484367, 
                6.495279257009103, 
                6.707422077533839, 
                6.919564898058575, 
                7.1317077185833115
            ]
        }
    ], 
    "name": [
        "I:/PROYECTOS/ESTUDIANTES/Sergio/V3/GID/berga\\Modelo_9_170.gid\\Modelo_9_170.json"
    ], 
    "Inlet": [
        {
            "Total_area_inlet": 0.00031298876267923, 
            "Diameter": 0.01996268363257169, 
            "Reynolds(mean)": -2046.7015486287773, 
            "Reynolds(peak)": -2046.7015486287773, 
            "Center Node": 83261, 
            "Centroid": [
                -0.00010319409110340921, 
                -2.6215637677039552e-05, 
                -0.031420356708522716
            ], 
            "Flow_inlet(peak)": -0.00010696534211358443, 
            "Flow_inlet(mean)": -0.00010696534211358443, 
            "Parabolic": true
        }
    ], 
    "Outlet 1001": [
        {
            "Diameter": 0.019962587721829687, 
            "Flow_outlet(mean)": 0.00010674487551754565, 
            "Reynolds(mean)": 2042.492898923963, 
            "Reynolds(peak)": 2048.505423142044, 
            "Centroid": [
                2.4036718636871383e-05, 
                6.826439260276346e-05, 
                0.289990000000001
            ],