{
    "Flow": [
        {
            "Flow Outlet 1002": [
                0
            ], 
            "Flow Outlet 1001": [
                [
                    0.0001012741029027179, 
                    0.00010682044402475712, 
                    0.0001066676802636533, 
                    0.00010676104251692922, 
                    0.00010675350816807885, 
                    0.00010676184491972021, 
                    0.00010675909968723664, 
                    0.00010675781234701827, 
                    0.00010675717672572801, 
                    0.00010675596149071923, 
                    0.00010674561430570407, 
                    0.00010671457002410284, 
                    0.00010670420005769604, 
                    0.00010673088767125004, 
                    0.0001067318177376408, 
                    0.00010666206144786187, 
                    0.00010662311603605987, 
                    0.00010660899198713948, 
                    0.00010662138245654572, 
                    0.0001066178302895789, 
                    0.00010660130528059267, 
                    0.00010660265600457439, 
                    0.00010662754397783651, 
                    0.00010666179870451174, 
                    0.0001067017783012891, 
                    0.00010672668441819128, 
                    0.00010672019649133788, 
                    0.00010670196545822395, 
                    0.00010665202306457051, 
                    0.00010662258366430478, 
                    0.0001066430889059527, 
                    0.00010664484005541979, 
                    0.00010666075659804036, 
                    0.0001066818265159601, 
                    0.0001066842448918207, 
                    0.0001066861756920839, 
                    0.0001066996313196239, 
                    0.00010671782777623787, 
                    0.0001067221267950213, 
                    0.00010670457650221311, 
                    0.00010665667853973997, 
                    0.00010661900192776179, 
                    0.00010663042118702832, 
                    0.00010662490197599058, 
                    0.00010665436259366073, 
                    0.0001066732691835399, 
                    0.00010665330504433849, 
                    0.00010664782650673207, 
                    0.00010664717742592039, 
                    0.000106658403057137, 
                    0.00010669933555736449, 
                    0.00010671725179645955
                ]
            ], 
            "Flow Inlet": [
                [
                    -0.00010687807116878307, 
                    -0.00010687807116878307, 
                    -0.00010687807116878307, 
                    -0.00010687807116878307, 
                    -0.00010687807116878307, 
                    -0.00010687807116878307, 
                    -0.00010687807116878307, 
                    -0.00010687807116878307, 
                    -0.00010687807116878307, 
                    -0.00010687807116878307, 
                    -0.00010687807116878307, 
                    -0.00010687807116878307, 
                    -0.00010687807116878307, 
                    -0.00010687807116878307, 
                    -0.00010687807116878307, 
                    -0.00010687807116878307, 
                    -0.00010687807116878307, 
                    -0.00010687807116878307, 
                    -0.00010687807116878307, 
                    -0.00010687807116878307, 
                    -0.00010687807116878307, 
                    -0.00010687807116878307, 
                    -0.00010687807116878307, 
                    -0.00010687807116878307, 
                    -0.00010687807116878307, 
                    -0.00010687807116878307, 
                    -0.00010687807116878307, 
                    -0.00010687807116878307, 
                    -0.00010687807116878307, 
                    -0.00010687807116878307, 
                    -0.00010687807116878307, 
                    -0.00010687807116878307, 
                    -0.00010687807116878307, 
                    -0.00010687807116878307, 
                    -0.00010687807116878307, 
                    -0.00010687807116878307, 
                    -0.00010687807116878307, 
                    -0.00010687807116878307, 
                    -0.00010687807116878307, 
                    -0.00010687807116878307, 
                    -0.00010687807116878307, 
                    -0.00010687807116878307, 
                    -0.00010687807116878307, 
                    -0.00010687807116878307, 
                    -0.00010687807116878307, 
                    -0.00010687807116878307, 
                    -0.00010687807116878307, 
                    -0.00010687807116878307, 
                    -0.00010687807116878307, 
                    -0.00010687807116878307, 
                    -0.00010687807116878307, 
                    -0.00010687807116878307
                ]
            ]
        }
    ], 
    "Hemodynamic Parameters_1001_ABC": [
        {
            "C": -5115991.05741249, 
            "B": -1043426470894.8286, 
            "A": 113255519.62460424
        }
    ], 
    "Inlet": [
        {
            "Center Node": 84693, 
            "Total_area_inlet": 0.00031298876267923, 
            "Reynolds(peak)": -2045.0316845929522, 
            "Diameter": 0.01996268363257169, 
            "Parabolic": true, 
            "Centroid": [
                -0.00010319409110340913, 
                -2.6215637677038762e-05, 
                -0.031420356708522716
            ], 
            "Flow_inlet(mean)": -0.00010687807116878307, 
            "Reynolds(mean)": -2045.0316845929522, 
            "Flow_inlet(peak)": -0.00010687807116878307
        }
    ], 
    "Bifurcation: ": [
        false
    ], 
    "Outlet 1001": [
        {
            "Center Node": 586, 
            "Total_area_outlet": 0.00031298575517654077, 
            "Reynolds(peak)": 2043.9388525457491, 
            "Diameter": 0.019962587721829687, 
            "Centroid": [
                2.4036718636871587e-05, 
                6.826439260276373e-05, 
                0.289990000000001
            ], 
            "Reynolds(mean)": 2039.3435273817886, 
            "Flow_outlet(peak)": 0.00010682044402475712, 
            "Flow_outlet(mean)": 0.00010658028288987727
        }
    ], 
    "Hemodynamic Parameters_1001_AB": [
        {
            "B": 1075299298942.8147, 
            "A": -116651419.78435622
        }
    ], 
    "Simulations_Parameters": [
        {
            "AutomaticDeltaTime": true, 
            "Dt": 0.06, 
            "SolverType(1:AMGCGL,2:AMGCL_NS_Solver,3:BICGSTABSolver)": 1, 
            "Time_vector": [
                0, 
                7.0
            ], 
            "Config_conditions(1:V-P-P),(2:V-V-P)": 1
        }
    ],