{
    "Bifurcation: ": [
        false
    ], 
    "Simulations_Parameters": [
        {
            "AutomaticDeltaTime": true, 
            "Config_conditions(1:V-P-P),(2:V-V-P)": 1, 
            "Time_vector": [
                0, 
                7.0
            ], 
            "SolverType(1:AMGCGL,2:AMGCL_NS_Solver,3:BICGSTABSolver)": 1, 
            "Dt": 0.06
        }
    ], 
    "Inlet": [
        {
            "Reynolds(peak)": -2047.5838339288225, 
            "Flow_inlet(peak)": -0.00010701145237769418, 
            "Reynolds(mean)": -2047.5838339288225, 
            "Flow_inlet(mean)": -0.00010701145237769418, 
            "Centroid": [
                -0.00010319409110340905, 
                -2.6215637677039877e-05, 
                -0.031420356708522716
            ], 
            "Center Node": 116645, 
            "Parabolic": true, 
            "Diameter": 0.01996268363257169, 
            "Total_area_inlet": 0.00031298876267923
        }
    ], 
    "Time": [
        {
            "Time": [
                0.06, 
                0.11385361161982573, 
                0.17569212447561777, 
                0.2470377502793969, 
                0.3292936407371786, 
                0.42230051863346, 
                0.5200440124925563, 
                0.633297706070145, 
                0.7897362761703062, 
                0.9452964010725362, 
                1.1437437659989087, 
                1.1537437659989085, 
                1.1587437659989084, 
                1.2668953165117018, 
                1.3677057400215884, 
                1.4575345702655544, 
                1.5516389197313802, 
                1.6423373924138827, 
                1.7415598642956918, 
                1.8605806757465055, 
                2.0114431399466004, 
                2.1790393106910497, 
                2.3831332512606096, 
                2.3931332512606094, 
                2.3981332512606093, 
                2.5186685088499092, 
                2.6376959576685257, 
                2.754447593592837, 
                2.8745682792991563, 
                2.9977669275444234, 
                3.1265157108802466, 
                3.27165261025343, 
                3.4401951766727583, 
                3.450195176672758, 
                3.455195176672758, 
                3.5581830708761806, 
                3.6534810849859003, 
                3.7539109659530925, 
                3.859253405576836, 
                3.9777264075253473, 
                4.089979067757378, 
                4.208799717563858, 
                4.338962227383873, 
                4.515293461121914, 
                4.731156305325131, 
                4.947019149528348, 
                5.162881993731565, 
                5.378744837934782, 
                5.594607682137999, 
                5.810470526341216, 
                6.0263333705444335, 
                6.242196214747651, 
                6.25219621474765, 
                6.25719621474765, 
                6.362617463014155, 
                6.464505829481174, 
                6.575755167733509, 
                6.69338741581965, 
                6.794653630420051, 
                6.888270618144517, 
                7.015230995038945
            ]
        }
    ], 
    "Hemodynamic Parameters_1001_ABC": [
        {
            "B": -608698286771.7074, 
            "C": -8372291.28740105, 
            "A": 67171911.09905598
        }
    ], 
    "Fluid Characteristic": [
        {
            "blood_kinematic_viscosity": 3.3333333333333333e-06, 
            "blood_dynamic_viscosity": 0.0035, 
            "blood_density": 1050.0
        }
    ], 
    "Flow": [
        {
            "Flow Outlet 1002": [
                0
            ], 
            "Flow Outlet 1001": [
                [
                    0.0001014480420019371, 
                    0.00010679389016663922, 
                    0.0001067194558090496, 
                    0.00010682895073671368, 
                    0.00010684361880269663, 
                    0.00010686403497386598, 
                    0.00010686939059406973, 
                    0.00010687051785526145, 
                    0.00010686787335029268, 
                    0.00010686552981037863, 
                    0.00010686485160526376, 
                    0.00010686580033674408, 
                    0.00010686537123870608, 
                    0.00010686731582107505, 
                    0.00010687006953997583, 
                    0.00010687146887718887, 
                    0.0001068704238082081, 
                    0.0001068634895812207, 
                    0.00010683478858282756, 
                    0.0001067848616021833, 
                    0.00010673679700881855, 
                    0.00010668094613038029, 
                    0.00010666803768271608, 
                    0.000106691439631492, 
                    0.00010668426405376633, 
                    0.0001067117604100458, 
                    0.00010678106282542629, 
                    0.00010680868111519144, 
                    0.00010679723682220322, 
                    0.00010679048400508338, 
                    0.00010680536425341842, 
                    0.00010681758684886142, 
                    0.00010680442187950388, 
                    0.00010679644958687082, 
                    0.00010678043875178255, 
                    0.00010676600235121712, 
                    0.00010680823120375313, 
                    0.00010683552515494171, 
                    0.00010679896579064879, 
                    0.00010676879453475108, 
                    0.000106771335028293, 
                    0.0001067942886521981, 
                    0.00010685328876184008, 
                    0.00010687502518079255, 
                    0.00010685594167527863, 
                    0.00010682627950140445, 
                    0.00010682102003919612, 
                    0.0001068387555930536, 
                    0.00010685332564003912, 
                    0.00010684501778743542, 
                    0.00010681514802561106, 
                    0.0001067931810927842, 
                    0.00010679621158936778, 
                    0.00010679195177486956, 
                    0.00010679053373029999, 
                    0.00010678722535617408, 
                    0.0001067597610305496, 
                    0.00010669712521514016, 
                    0.00010667259365351682, 
                    0.00010672529801277482, 
                    0.00010679719068881444
                ]
            ],