{
    "Simulations_Parameters": [
        {
            "AutomaticDeltaTime": true, 
            "Time_vector": [
                0, 
                7.0
            ], 
            "Dt": 0.05, 
            "SolverType(1:AMGCGL,2:AMGCL_NS_Solver,3:BICGSTABSolver)": 1, 
            "Config_conditions(1:V-P-P),(2:V-V-P)": 1
        }
    ], 
    "Hemodynamic Parameters_1001_AB": [
        {
            "A": 10772710.067844728, 
            "B": -177017231611.52417
        }
    ], 
    "Bifurcation: ": [
        false
    ], 
    "Outlet 1001": [
        {
            "Reynolds(peak)": 1231.4182027019501, 
            "Diameter": 0.019962587721750573, 
            "Reynolds(mean)": 1225.0092331054832, 
            "Flow_outlet(peak)": 6.435644541343983e-05, 
            "Centroid": [
                3.1174873052513927e-05, 
                6.931638458544458e-05, 
                0.289990000000001
            ], 
            "Flow_outlet(mean)": 6.402149949410357e-05, 
            "Total_area_outlet": 0.00031298575517405995, 
            "Center Node": 413
        }
    ], 
    "name": [
        "I:/PROYECTOS/ESTUDIANTES/Sergio/V1/GID\\Modelo_7_170_I.gid\\Modelo_7_170_I.json"
    ], 
    "Time": [
        {
            "Time": [
                0.05, 
                0.14227793729314586, 
                0.24176904290453688, 
                0.35538771236368827, 
                0.4858865024928293, 
                0.6385850701933873, 
                0.8211997247842069, 
                1.041874663202839, 
                1.307515194936657, 
                1.573155726670475, 
                1.838796258404293, 
                2.104436790138111, 
                2.4111624997875984, 
                2.7762277298561076, 
                3.230073759472894, 
                3.68391978908968, 
                3.6939197890896796, 
                3.6989197890896794, 
                3.9297281037483924, 
                4.1591919082611915, 
                4.38865571277399, 
                4.617035579266086, 
                4.836730238347627, 
                5.064029242441103, 
                5.288897522746762, 
                5.562438295352363, 
                5.890766962030187, 
                6.219095628708011, 
                6.547424295385835, 
                6.875752962063659, 
                7.204081628741483
            ]
        }
    ], 
    "Pressures": [
        {
            "Pressure Outlet 1002": [
                0
            ], 
            "Pressure Outlet 1001": [
                [
                    0.0, 
                    0.0, 
                    0.0, 
                    0.0, 
                    0.0, 
                    0.0, 
                    0.0, 
                    0.0, 
                    0.0, 
                    0.0, 
                    0.0, 
                    0.0, 
                    0.0, 
                    0.0, 
                    0.0, 
                    0.0, 
                    0.0, 
                    0.0, 
                    0.0, 
                    0.0, 
                    0.0, 
                    0.0, 
                    0.0, 
                    0.0, 
                    0.0, 
                    0.0, 
                    0.0, 
                    0.0, 
                    0.0, 
                    0.0, 
                    0.0
                ]
            ], 
            "Pressure Inlet": [
                [
                    1991.1023325579292, 
                    -845.23823324957, 
                    225.50554381608774, 
                    -21.39413075936412, 
                    40.3567156478152, 
                    31.283872389982314, 
                    41.251292296585746, 
                    45.43294280297563, 
                    44.61603434239769, 
                    38.97945476642121, 
                    38.63418009487633, 
                    47.49904327995629, 
                    54.21416978623275, 
                    53.17153561223049, 
                    44.76567888923018, 
                    38.24423995781466, 
                    36.41197538842468, 
                    31.0058984748563, 
                    32.915227512480215, 
                    32.14370903298408, 
                    34.41794184372387, 
                    35.94023070902238, 
                    35.90136411611852, 
                    34.74285398856282, 
                    32.04639434731271, 
                    30.907672505120757, 
                    30.825202872850845, 
                    29.872138194691203, 
                    28.61889387099608, 
                    29.287584134693468, 
                    30.533673463913953
                ]
            ]
        }
    ], 
    "Hemodynamic Parameters_1001_ABC": [
        {
            "A": 5476765.381565541, 
            "C": -4794179.666328814, 
            "B": -76221802134.29932
        }
    ], 
    "Fluid Characteristic": [
        {
            "blood_dynamic_viscosity": 0.0035, 
            "blood_density": 1050.0, 
            "blood_kinematic_viscosity": 3.3333333333333333e-06
        }
    ], 
    "Flow": [
        {
            "Flow Inlet": [
                [
                    -6.422547729115331e-05, 
                    -6.422547729115331e-05, 
                    -6.422547729115331e-05, 
                    -6.422547729115331e-05, 
                    -6.422547729115331e-05, 
                    -6.422547729115331e-05, 
                    -6.422547729115331e-05, 
                    -6.422547729115331e-05, 
                    -6.422547729115331e-05, 
                    -6.422547729115331e-05, 
                    -6.422547729115331e-05, 
                    -6.422547729115331e-05, 
                    -6.422547729115331e-05, 
                    -6.422547729115331e-05, 
                    -6.422547729115331e-05, 
                    -6.422547729115331e-05, 
                    -6.422547729115331e-05, 
                    -6.422547729115331e-05, 
                    -6.422547729115331e-05, 
                    -6.422547729115331e-05, 
                    -6.422547729115331e-05, 
                    -6.422547729115331e-05, 
                    -6.422547729115331e-05, 
                    -6.422547729115331e-05, 
                    -6.422547729115331e-05, 
                    -6.422547729115331e-05, 
                    -6.422547729115331e-05, 
                    -6.422547729115331e-05, 
                    -6.422547729115331e-05, 
                    -6.422547729115331e-05, 
                    -6.422547729115331e-05
                ]
            ], 
            "Flow Outlet 1002": [
                0
            ],