{
    "Fluid Characteristic": [
        {
            "blood_kinematic_viscosity": 3.3333333333333333e-06, 
            "blood_dynamic_viscosity": 0.0035, 
            "blood_density": 1050.0
        }
    ], 
    "Time": [
        {
            "Time": [
                0.06, 
                0.12223014031897289, 
                0.1905187019641414, 
                0.26927432092233883, 
                0.35807175784136874, 
                0.45823068367134007, 
                0.5744550084783667, 
                0.7031448205616698, 
                0.8539763822598679, 
                0.863976382259868, 
                0.868976382259868, 
                0.9683529280659995, 
                1.0677290225828238, 
                1.1671225332849835, 
                1.2665399604390382, 
                1.3659685133767232, 
                1.4653867111976813, 
                1.5846593145443089, 
                1.72773929933214, 
                1.8993797164898485, 
                2.105303580447429, 
                2.352405234132309, 
                2.6489807890070542, 
                2.9455563438817993, 
                3.2421318987565444, 
                3.5387074536312895, 
                3.8352830085060345, 
                4.13185856338078, 
                4.428434118255525, 
                4.72500967313027, 
                5.021585228005015, 
                5.377811439644097, 
                5.734037651283178, 
                5.744037651283178, 
                5.749037651283178, 
                5.9272117707205405, 
                6.105385890157903, 
                6.283580123678908, 
                6.461843931934408, 
                6.640172039417215, 
                6.810132051944279, 
                6.975357060770136, 
                7.17029596811132
            ]
        }
    ], 
    "name": [
        "I:/PROYECTOS/ESTUDIANTES/Sergio/V3/GID\\Modelo_15_170_I.gid\\Modelo_15_170_I.json"
    ], 
    "Outlet 1001": [
        {
            "Flow_outlet(peak)": 0.00010676598159341747, 
            "Reynolds(peak)": 2042.8967498342756, 
            "Total_area_outlet": 0.0003129857551620257, 
            "Flow_outlet(mean)": 0.00010658606542315645, 
            "Diameter": 0.019962587721366793, 
            "Center Node": 496, 
            "Reynolds(mean)": 2039.4541723954378, 
            "Centroid": [
                4.09431105279329e-05, 
                8.761835146427014e-05, 
                0.26997999999999905
            ]
        }
    ], 
    "Hemodynamic Parameters_1001_AB": [
        {
            "B": 1378969835146.3271, 
            "A": -148111432.8005809
        }
    ], 
    "Inlet": [
        {
            "Reynolds(peak)": -2044.9005091319098, 
            "Diameter": 0.01996268363257169, 
            "Total_area_inlet": 0.00031298876267923, 
            "Center Node": 102720, 
            "Centroid": [
                -0.00010319409110340905, 
                -2.6215637677039877e-05, 
                -0.031420356708522716
            ], 
            "Flow_inlet(peak)": -0.00010687121563673117, 
            "Reynolds(mean)": -2044.9005091319098, 
            "Flow_inlet(mean)": -0.00010687121563673117, 
            "Parabolic": true
        }
    ], 
    "Hemodynamic Parameters_1001_ABC": [
        {
            "B": -1382494757559.9346, 
            "C": 203194.54522049427, 
            "A": 148487651.1588844
        }
    ], 
    "Flow": [
        {
            "Flow Outlet 1001": [
                [
                    0.00010136865847899569, 
                    0.00010675820990378244, 
                    0.00010663752370697717, 
                    0.00010672978055827322, 
                    0.00010672986871943432, 
                    0.00010674384122416992, 
                    0.0001067455672259954, 
                    0.00010674503023673865, 
                    0.0001067436734380517, 
                    0.00010674175975648498, 
                    0.00010674167003505855, 
                    0.00010674429589508859, 
                    0.00010674489982460427, 
                    0.00010674780881947463, 
                    0.0001067523870497605, 
                    0.0001067556279327673, 
                    0.00010675007655956693, 
                    0.00010672234840062474, 
                    0.00010665816291513899, 
                    0.00010655068176801093, 
                    0.0001064857513141022, 
                    0.00010654359164828638, 
                    0.00010666380431571813, 
                    0.00010672087403317055, 
                    0.0001066752289623219, 
                    0.00010665630795601227, 
                    0.00010668638020533084, 
                    0.00010670774827754903, 
                    0.00010672543686045544, 
                    0.00010674003718113398, 
                    0.00010675458605307876, 
                    0.00010675204090569324, 
                    0.00010676598159341747, 
                    0.00010676530004665622, 
                    0.00010676437053779322, 
                    0.00010675062046283239, 
                    0.00010674608195243903, 
                    0.00010672424312771221, 
                    0.00010671635475081696, 
                    0.00010670108119161195, 
                    0.00010667645251687116, 
                    0.00010667351070880124, 
                    0.00010669315614492402
                ]
            ], 
            "Flow Inlet": [
                [
                    -0.00010687121563673117, 
                    -0.00010687121563673117, 
                    -0.00010687121563673117, 
                    -0.00010687121563673117, 
                    -0.00010687121563673117, 
                    -0.00010687121563673117, 
                    -0.00010687121563673117, 
                    -0.00010687121563673117, 
                    -0.00010687121563673117, 
                    -0.00010687121563673117, 
                    -0.00010687121563673117, 
                    -0.00010687121563673117, 
                    -0.00010687121563673117, 
                    -0.00010687121563673117, 
                    -0.00010687121563673117, 
                    -0.00010687121563673117, 
                    -0.00010687121563673117, 
                    -0.00010687121563673117, 
                    -0.00010687121563673117, 
                    -0.00010687121563673117, 
                    -0.00010687121563673117, 
                    -0.00010687121563673117, 
                    -0.00010687121563673117, 
                    -0.00010687121563673117, 
                    -0.00010687121563673117, 
                    -0.00010687121563673117, 
                    -0.00010687121563673117, 
                    -0.00010687121563673117, 
                    -0.00010687121563673117, 
                    -0.00010687121563673117, 
                    -0.00010687121563673117, 
                    -0.00010687121563673117, 
                    -0.00010687121563673117, 
                    -0.00010687121563673117, 
                    -0.00010687121563673117, 
                    -0.00010687121563673117, 
                    -0.00010687121563673117, 
                    -0.00010687121563673117, 
                    -0.00010687121563673117, 
                    -0.00010687121563673117, 
                    -0.00010687121563673117, 
                    -0.00010687121563673117, 
                    -0.00010687121563673117
                ]
            ], 
            "Flow Outlet 1002": [
                0
            ]
        }
    ], 
    "Bifurcation: ": [
        false
    ],