{
    "Hemodynamic Parameters_1001_AB": [
        {
            "B": 977596798718.7166, 
            "A": -105390257.75822158
        }
    ], 
    "Flow": [
        {
            "Flow Outlet 1001": [
                [
                    0.00010151550062121338, 
                    0.0001071574592631366, 
                    0.0001069566688722935, 
                    0.00010704175003571415, 
                    0.00010703764029281673, 
                    0.00010704793491991195, 
                    0.00010704613892736274, 
                    0.00010704474043016911, 
                    0.00010704458632931805, 
                    0.00010704728639838589, 
                    0.00010704664509800966, 
                    0.00010704636276263962, 
                    0.00010704726539234054, 
                    0.00010704927081640203, 
                    0.0001070516157800491, 
                    0.00010705317029389184, 
                    0.00010705234295158134, 
                    0.00010704521629419126, 
                    0.00010702412025636904, 
                    0.00010697914659739534, 
                    0.00010692920274368968, 
                    0.00010691724852632363, 
                    0.00010693672149516677, 
                    0.00010696990591401809, 
                    0.0001069878409806313, 
                    0.00010698829325485613, 
                    0.00010697980910259034, 
                    0.00010698289341108255, 
                    0.00010700565621377922, 
                    0.00010701752185392576, 
                    0.00010701903049957551, 
                    0.00010701812316580615, 
                    0.00010701738900654103, 
                    0.00010701933906353703, 
                    0.00010700363860639977, 
                    0.0001070163068171143, 
                    0.00010704219139283615, 
                    0.0001070583363547132, 
                    0.00010704826240849232, 
                    0.00010702714274012959, 
                    0.00010700868891498925, 
                    0.00010699105349275438, 
                    0.00010700248772279389, 
                    0.00010702187008436079
                ]
            ], 
            "Flow Outlet 1002": [
                0
            ], 
            "Flow Inlet": [
                [
                    -0.00010716504829292563, 
                    -0.00010716504829292563, 
                    -0.00010716504829292563, 
                    -0.00010716504829292563, 
                    -0.00010716504829292563, 
                    -0.00010716504829292563, 
                    -0.00010716504829292563, 
                    -0.00010716504829292563, 
                    -0.00010716504829292563, 
                    -0.00010716504829292563, 
                    -0.00010716504829292563, 
                    -0.00010716504829292563, 
                    -0.00010716504829292563, 
                    -0.00010716504829292563, 
                    -0.00010716504829292563, 
                    -0.00010716504829292563, 
                    -0.00010716504829292563, 
                    -0.00010716504829292563, 
                    -0.00010716504829292563, 
                    -0.00010716504829292563, 
                    -0.00010716504829292563, 
                    -0.00010716504829292563, 
                    -0.00010716504829292563, 
                    -0.00010716504829292563, 
                    -0.00010716504829292563, 
                    -0.00010716504829292563, 
                    -0.00010716504829292563, 
                    -0.00010716504829292563, 
                    -0.00010716504829292563, 
                    -0.00010716504829292563, 
                    -0.00010716504829292563, 
                    -0.00010716504829292563, 
                    -0.00010716504829292563, 
                    -0.00010716504829292563, 
                    -0.00010716504829292563, 
                    -0.00010716504829292563, 
                    -0.00010716504829292563, 
                    -0.00010716504829292563, 
                    -0.00010716504829292563, 
                    -0.00010716504829292563, 
                    -0.00010716504829292563, 
                    -0.00010716504829292563, 
                    -0.00010716504829292563, 
                    -0.00010716504829292563
                ]
            ]
        }
    ], 
    "Fluid Characteristic": [
        {
            "blood_kinematic_viscosity": 3.3333333333333333e-06, 
            "blood_density": 1050.0, 
            "blood_dynamic_viscosity": 0.0035
        }
    ], 
    "Pressures": [
        {
            "Pressure Inlet": [
                [
                    2780.009314422328, 
                    -1148.6000024097148, 
                    317.2365601271604, 
                    -12.656779469622402, 
                    83.42667931121444, 
                    86.06187124687015, 
                    112.11736460688202, 
                    110.50042310538218, 
                    85.63736391456769, 
                    66.82149535395432, 
                    73.00572681013408, 
                    63.30803160632442, 
                    58.77376650294865, 
                    65.48780760767431, 
                    83.12105251079144, 
                    97.30209681862449, 
                    103.61944064411675, 
                    107.45974882846264, 
                    109.28834453596563, 
                    107.01050139078889, 
                    99.91379265882433, 
                    88.92347198316774, 
                    85.0937628424239, 
                    92.9383132008687, 
                    89.71205714709282, 
                    89.67651495175043, 
                    89.13104773284392, 
                    78.50811251153308, 
                    76.04417282105398, 
                    74.61196901718999, 
                    76.86293737668939, 
                    78.85433184508358, 
                    79.45647691920405, 
                    78.51809629765138, 
                    74.82059785518801, 
                    74.03002014389514, 
                    78.63870263023153, 
                    79.45600129554235, 
                    75.59818097735642, 
                    76.59999753848709, 
                    77.5109951941252, 
                    78.97152521565216, 
                    83.1429346474726, 
                    83.6739355555909
                ]
            ], 
            "Pressure Outlet 1001": [
                [
                    0.0, 
                    0.0, 
                    0.0, 
                    0.0, 
                    0.0, 
                    0.0, 
                    0.0, 
                    0.0, 
                    0.0, 
                    0.0, 
                    0.0, 
                    0.0, 
                    0.0, 
                    0.0, 
                    0.0, 
                    0.0, 
                    0.0, 
                    0.0, 
                    0.0, 
                    0.0, 
                    0.0, 
                    0.0, 
                    0.0, 
                    0.0, 
                    0.0, 
                    0.0, 
                    0.0, 
                    0.0, 
                    0.0, 
                    0.0, 
                    0.0, 
                    0.0, 
                    0.0, 
                    0.0, 
                    0.0, 
                    0.0, 
                    0.0, 
                    0.0, 
                    0.0, 
                    0.0, 
                    0.0, 
                    0.0, 
                    0.0, 
                    0.0
                ]
            ], 
            "Pressure Outlet 1002": [
                0
            ]
        }
    ],