{
    "Inlet": [
        {
            "Reynolds(mean)": -2047.7503382302598, 
            "Flow_inlet(peak)": -0.00010702015427640459, 
            "Parabolic": true, 
            "Flow_inlet(mean)": -0.00010702015427640459, 
            "Center Node": 67722, 
            "Total_area_inlet": 0.00031298876267923, 
            "Diameter": 0.01996268363257169, 
            "Centroid": [
                -0.00010319409110340905, 
                -2.6215637677039877e-05, 
                -0.031420356708522716
            ], 
            "Reynolds(peak)": -2047.7503382302598
        }
    ], 
    "Bifurcation: ": [
        false
    ], 
    "Simulations_Parameters": [
        {
            "Config_conditions(1:V-P-P),(2:V-V-P)": 1, 
            "AutomaticDeltaTime": true, 
            "Dt": 0.06, 
            "Time_vector": [
                0, 
                7.0
            ], 
            "SolverType(1:AMGCGL,2:AMGCL_NS_Solver,3:BICGSTABSolver)": 1
        }
    ], 
    "Time": [
        {
            "Time": [
                0.06, 
                0.12787917362793944, 
                0.20192784372398487, 
                0.2860208224094696, 
                0.37937805063768143, 
                0.4829043748537557, 
                0.601457908048336, 
                0.7418759367800865, 
                0.9105210002083142, 
                1.113519439131063, 
                1.3575611587776801, 
                1.6504204917964076, 
                2.001660216067048, 
                2.4229705092565044, 
                2.8442808024459607, 
                3.265591095635417, 
                3.6869013888248734, 
                4.108211682014329, 
                4.529521975203785, 
                4.950832268393241, 
                5.372142561582697, 
                5.793452854772153, 
                6.214763147961609, 
                6.224763147961609, 
                6.2297631479616085, 
                6.440255560031547, 
                6.6507479721014855, 
                6.861240384171424, 
                7.0717327962413625
            ]
        }
    ], 
    "Flow": [
        {
            "Flow Inlet": [
                [
                    -0.00010702015427640459, 
                    -0.00010702015427640459, 
                    -0.00010702015427640459, 
                    -0.00010702015427640459, 
                    -0.00010702015427640459, 
                    -0.00010702015427640459, 
                    -0.00010702015427640459, 
                    -0.00010702015427640459, 
                    -0.00010702015427640459, 
                    -0.00010702015427640459, 
                    -0.00010702015427640459, 
                    -0.00010702015427640459, 
                    -0.00010702015427640459, 
                    -0.00010702015427640459, 
                    -0.00010702015427640459, 
                    -0.00010702015427640459, 
                    -0.00010702015427640459, 
                    -0.00010702015427640459, 
                    -0.00010702015427640459, 
                    -0.00010702015427640459, 
                    -0.00010702015427640459, 
                    -0.00010702015427640459, 
                    -0.00010702015427640459, 
                    -0.00010702015427640459, 
                    -0.00010702015427640459, 
                    -0.00010702015427640459, 
                    -0.00010702015427640459, 
                    -0.00010702015427640459, 
                    -0.00010702015427640459
                ]
            ], 
            "Flow Outlet 1001": [
                [
                    0.00010141679903455134, 
                    0.00010694301442873525, 
                    0.0001068108992484339, 
                    0.00010688973488258088, 
                    0.00010689042715611387, 
                    0.0001069047798978684, 
                    0.00010690570753290906, 
                    0.00010690554575855592, 
                    0.00010690872235449191, 
                    0.00010691859204335981, 
                    0.00010691118444653794, 
                    0.00010685077256518116, 
                    0.00010672941158124753, 
                    0.0001067713941201392, 
                    0.0001068902174727987, 
                    0.00010688280023851529, 
                    0.00010688470109374757, 
                    0.00010689763220759228, 
                    0.00010691229221162988, 
                    0.00010690228415560204, 
                    0.00010688790890361256, 
                    0.00010689242778625507, 
                    0.00010689670856381616, 
                    0.0001068962505235447, 
                    0.0001068954274441453, 
                    0.00010690972165338476, 
                    0.00010692119042650127, 
                    0.0001069223321896024, 
                    0.00010691908939233372
                ]
            ], 
            "Flow Outlet 1002": [
                0
            ]
        }
    ], 
    "Hemodynamic Parameters_1001_ABC": [
        {
            "C": 25504765.837999627, 
            "B": -2419915058468.804, 
            "A": 259351955.03212327
        }
    ], 
    "Hemodynamic Parameters_1001_AB": [
        {
            "B": 2024980952492.2505, 
            "A": -217137674.95533225
        }
    ], 
    "Pressures": [
        {
            "Pressure Outlet 1001": [
                [
                    0.0, 
                    0.0, 
                    0.0, 
                    0.0, 
                    0.0, 
                    0.0, 
                    0.0, 
                    0.0, 
                    0.0, 
                    0.0, 
                    0.0, 
                    0.0, 
                    0.0, 
                    0.0, 
                    0.0, 
                    0.0, 
                    0.0, 
                    0.0, 
                    0.0, 
                    0.0, 
                    0.0, 
                    0.0, 
                    0.0, 
                    0.0, 
                    0.0, 
                    0.0, 
                    0.0, 
                    0.0, 
                    0.0
                ]
            ], 
            "Pressure Inlet": [
                [
                    2575.9494498650974, 
                    -1041.2281543033826, 
                    287.92998649920173, 
                    -4.314682632195445, 
                    82.86149115385126, 
                    85.28858459486315, 
                    100.29791960302192, 
                    86.23389824962786, 
                    69.40941879189889, 
                    93.55457693677782, 
                    122.2750675948064, 
                    127.08389031500514, 
                    104.54628424533668, 
                    97.7967111505904, 
                    76.04783424927504, 
                    56.063402828708895, 
                    54.46082323728095, 
                    67.80809758094743, 
                    68.13097421099165, 
                    62.820726177544074, 
                    62.87236777153291, 
                    62.83792445703821, 
                    57.89782362012753, 
                    53.54680013205107, 
                    50.52323748456024, 
                    51.056406212356926, 
                    50.2973450218892, 
                    55.07223012601599, 
                    56.82289448443318
                ]
            ], 
            "Pressure Outlet 1002": [
                0
            ]
        }
    ], 
    "Fluid Characteristic": [
        {
            "blood_kinematic_viscosity": 3.3333333333333333e-06, 
            "blood_density": 1050.0, 
            "blood_dynamic_viscosity": 0.0035
        }
    ],