{
    "name": [
        "D:/edu_12/V3/GID\\Modelo_19_120.gid\\Modelo_19_120.json"
    ], 
    "Bifurcation: ": [
        false
    ], 
    "Outlet 1001": [
        {
            "Diameter": 0.01998285218771966, 
            "Reynolds(peak)": 2118.3685500996594, 
            "Total_area_outlet": 0.00031362151527428075, 
            "Centroid": [
                -4.771161774739451e-05, 
                2.3527594651755056e-05, 
                0.25
            ], 
            "Reynolds(mean)": 2115.7801187039568, 
            "Flow_outlet(peak)": 0.00011082267742204792, 
            "Flow_outlet(mean)": 0.00011068726335654853, 
            "Center Node": 1564
        }
    ], 
    "Hemodynamic Parameters_1001_ABC": [
        {
            "B": -186906592750.22705, 
            "C": -2586370.3306589574, 
            "A": 23856028.85720879
        }
    ], 
    "Inlet": [
        {
            "Diameter": 0.019982861320051996, 
            "Reynolds(peak)": -2117.6726553365556, 
            "Parabolic": true, 
            "Total_area_inlet": 0.0003136218019297123, 
            "Reynolds(mean)": -2117.6726553365556, 
            "Flow_inlet(mean)": -0.00011078632224329873, 
            "Center Node": 479365, 
            "Flow_inlet(peak)": -0.00011078632224329873, 
            "Centroid": [
                3.441915867130887e-05, 
                6.538258523934007e-05, 
                -0.03142035670497381
            ]
        }
    ], 
    "Time": [
        {
            "Time": [
                0.06, 
                0.09506407816264878, 
                0.1361384474963916, 
                0.18352638612592587, 
                0.2369164960620153, 
                0.2967757181858694, 
                0.3657568829747949, 
                0.44455618858189416, 
                0.5230251609532098, 
                0.6063914919676565, 
                0.6163914919676565, 
                0.6213914919676565, 
                0.6772456525812574, 
                0.7379281799393059, 
                0.800703119428628, 
                0.8627045074175316, 
                0.9244050463030874, 
                0.9833790512673319, 
                1.056032971513828, 
                1.1379823851251125, 
                1.2384294374276663, 
                1.3620886998582882, 
                1.5041799433872582, 
                1.6719552075273094, 
                1.874504751970611, 
                2.0770542964139125, 
                2.0870542964139123, 
                2.092054296413912, 
                2.1984659173185173, 
                2.2975271433441335, 
                2.4047866456640126, 
                2.51034264812541, 
                2.610009006917981, 
                2.714434280457193, 
                2.8409934164968407, 
                2.991956254301744, 
                3.001956254301744, 
                3.006956254301744, 
                3.0939419319023633, 
                3.1983932014671463, 
                3.3050666109196962, 
                3.4127071657697927, 
                3.5146165276599213, 
                3.612453278573101, 
                3.7162962133396977, 
                3.85437012216415, 
                4.015306168605752, 
                4.206546427641401, 
                4.397786686677049, 
                4.633875031209483, 
                4.6438750312094825, 
                4.648875031209482, 
                4.707849026130275, 
                4.765323781701094, 
                4.823181295417312, 
                4.872740526996921, 
                4.92550491155224, 
                4.980404440799255, 
                5.046202461655996, 
                5.126933614119924, 
                5.224519802051513, 
                5.330151332821404, 
                5.464238087473434, 
                5.6245531571075835, 
                5.784868226741733, 
                5.945183296375883, 
                6.147667627265667, 
                6.157667627265667, 
                6.162667627265667, 
                6.2629411722244805, 
                6.363367443907293, 
                6.464203739963026, 
                6.564832055930317, 
                6.662399586748348, 
                6.760969403932362, 
                6.879672155309011, 
                7.023002669284221
            ]
        }
    ], 
    "Hemodynamic Parameters_1001_AB": [
        {
            "B": 256981359511.66238, 
            "A": -31614781.33517935
        }
    ], 
    "Simulations_Parameters": [
        {
            "Config_conditions(1:V-P-P),(2:V-V-P)": 1, 
            "Time_vector": [
                0, 
                7.0
            ], 
            "SolverType(1:AMGCGL,2:AMGCL_NS_Solver,3:BICGSTABSolver)": 1, 
            "AutomaticDeltaTime": true, 
            "Dt": 0.06
        }
    ],