{
    "Pressures": [
        {
            "Pressure Outlet 1001": [
                [
                    0.0, 
                    0.0, 
                    0.0, 
                    0.0, 
                    0.0, 
                    0.0, 
                    0.0, 
                    0.0, 
                    0.0, 
                    0.0, 
                    0.0, 
                    0.0, 
                    0.0, 
                    0.0, 
                    0.0, 
                    0.0, 
                    0.0, 
                    0.0, 
                    0.0, 
                    0.0, 
                    0.0, 
                    0.0, 
                    0.0, 
                    0.0, 
                    0.0, 
                    0.0, 
                    0.0, 
                    0.0, 
                    0.0, 
                    0.0, 
                    0.0, 
                    0.0, 
                    0.0
                ]
            ], 
            "Pressure Inlet": [
                [
                    2779.053284293494, 
                    -1145.1863347621634, 
                    394.2104681917578, 
                    100.61672112695209, 
                    252.3466027182081, 
                    278.33779816656084, 
                    313.9854353210086, 
                    317.7307561653884, 
                    316.56556558162674, 
                    308.90699946967123, 
                    316.84712754037326, 
                    310.9067063252642, 
                    295.6260400447953, 
                    303.92073085052033, 
                    300.27884436287917, 
                    316.9573849458465, 
                    312.46925621454454, 
                    314.710828076198, 
                    301.0465715989803, 
                    310.6962672929376, 
                    306.16973953899196, 
                    282.3381564459546, 
                    268.9000888225728, 
                    272.81832551328284, 
                    303.25008866299163, 
                    311.23600899662694, 
                    310.96707797011703, 
                    309.14886220468316, 
                    278.3136137211107, 
                    285.08770301459725, 
                    313.9438465474468, 
                    330.6639627399555, 
                    332.2261596704766
                ]
            ], 
            "Pressure Outlet 1002": [
                0
            ]
        }
    ], 
    "name": [
        "I:/PROYECTOS/ESTUDIANTES/Sergio/V3/GID/berga\\Modelo_5_120_I.gid\\Modelo_5_120_I.json"
    ], 
    "Outlet 1001": [
        {
            "Total_area_outlet": 0.00031298575517654044, 
            "Diameter": 0.019962587721829676, 
            "Center Node": 394, 
            "Centroid": [
                7.05755534888268e-05, 
                0.0001495529299346057, 
                0.26997999999999905
            ], 
            "Flow_outlet(peak)": 0.0001071074236846524, 
            "Reynolds(mean)": 2043.0176710354078, 
            "Flow_outlet(mean)": 0.00010677230118631574, 
            "Reynolds(peak)": 2049.4300193547406
        }
    ], 
    "Hemodynamic Parameters_1001_AB": [
        {
            "A": -146422450.32658604, 
            "B": 1342702376948.415
        }
    ], 
    "Flow": [
        {
            "Flow Inlet": [
                [
                    -0.00010708648284655732, 
                    -0.00010708648284655732, 
                    -0.00010708648284655732, 
                    -0.00010708648284655732, 
                    -0.00010708648284655732, 
                    -0.00010708648284655732, 
                    -0.00010708648284655732, 
                    -0.00010708648284655732, 
                    -0.00010708648284655732, 
                    -0.00010708648284655732, 
                    -0.00010708648284655732, 
                    -0.00010708648284655732, 
                    -0.00010708648284655732, 
                    -0.00010708648284655732, 
                    -0.00010708648284655732, 
                    -0.00010708648284655732, 
                    -0.00010708648284655732, 
                    -0.00010708648284655732, 
                    -0.00010708648284655732, 
                    -0.00010708648284655732, 
                    -0.00010708648284655732, 
                    -0.00010708648284655732, 
                    -0.00010708648284655732, 
                    -0.00010708648284655732, 
                    -0.00010708648284655732, 
                    -0.00010708648284655732, 
                    -0.00010708648284655732, 
                    -0.00010708648284655732, 
                    -0.00010708648284655732, 
                    -0.00010708648284655732, 
                    -0.00010708648284655732, 
                    -0.00010708648284655732, 
                    -0.00010708648284655732
                ]
            ], 
            "Flow Outlet 1001": [
                [
                    0.00010164921282477908, 
                    0.0001071074236846524, 
                    0.00010689343294074342, 
                    0.00010697422555187458, 
                    0.00010696187101831118, 
                    0.00010696981481217464, 
                    0.00010696742080274204, 
                    0.00010696701430420389, 
                    0.00010696374881541893, 
                    0.00010694585732302358, 
                    0.00010693564602144625, 
                    0.00010696708866296912, 
                    0.00010693354224425482, 
                    0.0001068596501630769, 
                    0.00010690367795679838, 
                    0.00010690449771843743, 
                    0.00010690516855514337, 
                    0.0001069485968655156, 
                    0.00010694020377696265, 
                    0.0001069462858951343, 
                    0.00010694519756552216, 
                    0.0001069436680495988, 
                    0.00010696881468616533, 
                    0.00010696247739990431, 
                    0.00010693904028458605, 
                    0.00010690655600394205, 
                    0.00010687381212959192, 
                    0.00010688175071122224, 
                    0.0001069237274457739, 
                    0.0001068914948748692, 
                    0.00010688300937486987, 
                    0.00010689131651507476, 
                    0.0001068306941696362
                ]
            ], 
            "Flow Outlet 1002": [
                0
            ]
        }
    ], 
    "Time": [
        {
            "Time": [
                0.06, 
                0.16914787314753515, 
                0.28418506413337036, 
                0.3900679571619189, 
                0.5176525639239347, 
                0.6594901330561416, 
                0.8104723029810793, 
                0.9945246584802103, 
                1.2044993486810158, 
                1.411596819974947, 
                1.618694291268878, 
                1.8846248210275778, 
                2.207883183364092, 
                2.6653273187125346, 
                3.122771454060977, 
                3.132771454060977, 
                3.1377714540609767, 
                3.3539006514537832, 
                3.5554238542113255, 
                3.7569470569688677, 
                3.95847025972641, 
                4.159993462483952, 
                4.361516665241494, 
                4.563039867999036, 
                4.761028607708703, 
                4.973393911607403, 
                5.161590698718652, 
                5.3357830875506735, 
                5.557728852262827, 
                5.852992740378326, 
                6.207975260685497, 
                6.634445372234906, 
                7.060915483784315
            ]
        }
    ], 
    "Fluid Characteristic": [
        {
            "blood_density": 1050.0, 
            "blood_dynamic_viscosity": 0.0035,