{
    "Fluid Characteristic": [
        {
            "blood_dynamic_viscosity": 0.0035, 
            "blood_density": 1050.0, 
            "blood_kinematic_viscosity": 3.3333333333333333e-06
        }
    ], 
    "Hemodynamic Parameters_1001_ABC": [
        {
            "A": -5827271.943089485, 
            "B": 61119058730.07568, 
            "C": -30487348.834479094
        }
    ], 
    "Pressures": [
        {
            "Pressure Inlet": [
                [
                    2484.618981143974, 
                    -1074.314011429011, 
                    317.38783725802017, 
                    20.662503362477423, 
                    138.2467265166973, 
                    131.7363207431117, 
                    119.7470106552945, 
                    78.49703412549957, 
                    49.403479238201264, 
                    73.33632895884816, 
                    102.3895077456663, 
                    107.75839700506657, 
                    98.44179422274517, 
                    96.62213976302095, 
                    79.4409620269946, 
                    72.60870494797841, 
                    82.54108280937159, 
                    95.24269264296089, 
                    103.5492893256889, 
                    101.69242764401272, 
                    86.46661381043778, 
                    74.48339766718335, 
                    68.55769667636665, 
                    90.00548225970691, 
                    85.10804606211849, 
                    84.30811287496539, 
                    81.09883614831557, 
                    62.37630045401547, 
                    63.834895123691155, 
                    70.05010474959785, 
                    66.90991111549748, 
                    64.84162929213076, 
                    60.7979172900028, 
                    64.68755881736223, 
                    71.20694152415956, 
                    72.4558505418385, 
                    63.57086315845056, 
                    57.03791678805721, 
                    57.35192499571018, 
                    58.49047904665141, 
                    57.57308166738593, 
                    57.45164254798156
                ]
            ], 
            "Pressure Outlet 1001": [
                [
                    0.0, 
                    0.0, 
                    0.0, 
                    0.0, 
                    0.0, 
                    0.0, 
                    0.0, 
                    0.0, 
                    0.0, 
                    0.0, 
                    0.0, 
                    0.0, 
                    0.0, 
                    0.0, 
                    0.0, 
                    0.0, 
                    0.0, 
                    0.0, 
                    0.0, 
                    0.0, 
                    0.0, 
                    0.0, 
                    0.0, 
                    0.0, 
                    0.0, 
                    0.0, 
                    0.0, 
                    0.0, 
                    0.0, 
                    0.0, 
                    0.0, 
                    0.0, 
                    0.0, 
                    0.0, 
                    0.0, 
                    0.0, 
                    0.0, 
                    0.0, 
                    0.0, 
                    0.0, 
                    0.0, 
                    0.0
                ]
            ], 
            "Pressure Outlet 1002": [
                0
            ]
        }
    ], 
    "Inlet": [
        {
            "Flow_inlet(mean)": -0.00010696591358490939, 
            "Centroid": [
                -0.00010319409110340905, 
                -2.6215637677039877e-05, 
                -0.031420356708522716
            ], 
            "Flow_inlet(peak)": -0.00010696591358490939, 
            "Reynolds(mean)": -2046.712483303717, 
            "Reynolds(peak)": -2046.712483303717, 
            "Total_area_inlet": 0.00031298876267923, 
            "Diameter": 0.01996268363257169, 
            "Parabolic": true, 
            "Center Node": 165131
        }
    ], 
    "Bifurcation: ": [
        false
    ], 
    "Simulations_Parameters": [
        {
            "Dt": 0.06, 
            "Config_conditions(1:V-P-P),(2:V-V-P)": 1, 
            "SolverType(1:AMGCGL,2:AMGCL_NS_Solver,3:BICGSTABSolver)": 1, 
            "Time_vector": [
                0, 
                7.0
            ], 
            "AutomaticDeltaTime": true
        }
    ], 
    "Time": [
        {
            "Time": [
                0.06, 
                0.21146992985474422, 
                0.3696829809912582, 
                0.5327272761956474, 
                0.6816685954693098, 
                0.8148385409242057, 
                0.9624743594294156, 
                1.1283184364559824, 
                1.2941625134825492, 
                1.460006590509116, 
                1.7214508113807878, 
                1.7314508113807876, 
                1.7364508113807875, 
                1.8495989381474005, 
                1.9530205768183064, 
                2.0608949322281114, 
                2.1757737884794395, 
                2.2888963721894178, 
                2.3980618551458965, 
                2.526689963808809, 
                2.6837690880924217, 
                2.8546128821456738, 
                3.0604542738721845, 
                3.334840188614768, 
                3.6092261033573516, 
                3.883612018099935, 
                4.212100648028661, 
                4.5405892779573875, 
                4.869077907886114, 
                5.19756653781484, 
                5.526055167743566, 
                5.536055167743566, 
                5.541055167743566, 
                5.70806660785924, 
                5.875078047974914, 
                6.041796549020739, 
                6.2081475645738005, 
                6.373960406836937, 
                6.539765460296355, 
                6.706118509828054, 
                6.906168600591838, 
                7.146029407680218
            ]
        }
    ], 
    "Hemodynamic Parameters_1001_AB": [
        {
            "A": -42059106.15683502, 
            "B": 387041643178.51685
        }
    ], 
    "name": [
        "I:/PROYECTOS/ESTUDIANTES/Sergio/V3/GID/berga\\Modelo_22_170.gid\\Modelo_22_170.json"
    ], 
    "Outlet 1001": [
        {
            "Total_area_outlet": 0.00031298575516202547, 
            "Centroid": [
                2.1132281722222204e-05, 
                0.00012032486198441406, 
                0.26997999999999905
            ], 
            "Flow_outlet(mean)": 0.00010670889354004272, 
            "Reynolds(mean)": 2041.804407526801, 
            "Reynolds(peak)": 2048.2609174121044, 
            "Diameter": 0.019962587721366786, 
            "Flow_outlet(peak)": 0.00010704632401254602, 
            "Center Node": 427
        }
    ],