{
    "Flow": [
        {
            "Flow Outlet 1002": [
                0
            ], 
            "Flow Inlet": [
                [
                    -6.413615895606649e-05, 
                    -6.413615895606649e-05, 
                    -6.413615895606649e-05, 
                    -6.413615895606649e-05, 
                    -6.413615895606649e-05, 
                    -6.413615895606649e-05, 
                    -6.413615895606649e-05, 
                    -6.413615895606649e-05, 
                    -6.413615895606649e-05, 
                    -6.413615895606649e-05, 
                    -6.413615895606649e-05, 
                    -6.413615895606649e-05, 
                    -6.413615895606649e-05, 
                    -6.413615895606649e-05, 
                    -6.413615895606649e-05, 
                    -6.413615895606649e-05, 
                    -6.413615895606649e-05, 
                    -6.413615895606649e-05, 
                    -6.413615895606649e-05, 
                    -6.413615895606649e-05, 
                    -6.413615895606649e-05, 
                    -6.413615895606649e-05, 
                    -6.413615895606649e-05, 
                    -6.413615895606649e-05, 
                    -6.413615895606649e-05, 
                    -6.413615895606649e-05, 
                    -6.413615895606649e-05, 
                    -6.413615895606649e-05, 
                    -6.413615895606649e-05, 
                    -6.413615895606649e-05
                ]
            ], 
            "Flow Outlet 1001": [
                [
                    6.019393475689945e-05, 
                    6.424207610668073e-05, 
                    6.402052896435429e-05, 
                    6.409580335250323e-05, 
                    6.407704806946917e-05, 
                    6.408351714975118e-05, 
                    6.408175590113926e-05, 
                    6.408112429606816e-05, 
                    6.408028552245482e-05, 
                    6.408073546003029e-05, 
                    6.408272335672296e-05, 
                    6.408558287544684e-05, 
                    6.408487376696922e-05, 
                    6.407639713265554e-05, 
                    6.406453971104567e-05, 
                    6.40588981215469e-05, 
                    6.406796681792137e-05, 
                    6.406619816187731e-05, 
                    6.40695101496621e-05, 
                    6.407814290341041e-05, 
                    6.408312801265415e-05, 
                    6.408192830031232e-05, 
                    6.407999682084887e-05, 
                    6.408511008679647e-05, 
                    6.408878182107099e-05, 
                    6.408829315077042e-05, 
                    6.40894881695608e-05, 
                    6.409260032150989e-05, 
                    6.409051739576714e-05, 
                    6.40867970095324e-05
                ]
            ]
        }
    ], 
    "name": [
        "I:/PROYECTOS/ESTUDIANTES/Sergio/V1/GID/0\\Modelo_5.gid\\Modelo_5.json"
    ], 
    "Fluid Characteristic": [
        {
            "blood_density": 1050.0, 
            "blood_dynamic_viscosity": 0.0035, 
            "blood_kinematic_viscosity": 3.3333333333333333e-06
        }
    ], 
    "Inlet": [
        {
            "Center Node": 69887, 
            "Total_area_inlet": 0.0003129858587362684, 
            "Diameter": 0.019962591024408064, 
            "Flow_inlet(peak)": -6.413615895606649e-05, 
            "Reynolds(peak)": -1227.2029633727534, 
            "Centroid": [
                -2.3075977984530424e-05, 
                0.00011190079388950274, 
                -1.7727755627237566e-16
            ], 
            "Parabolic": true, 
            "Reynolds(mean)": -1227.2029633727534, 
            "Flow_inlet(mean)": -6.413615895606649e-05
        }
    ], 
    "Simulations_Parameters": [
        {
            "SolverType(1:AMGCGL,2:AMGCL_NS_Solver,3:BICGSTABSolver)": 1, 
            "Time_vector": [
                0, 
                7.0
            ], 
            "Dt": 0.05, 
            "AutomaticDeltaTime": true, 
            "Config_conditions(1:V-P-P),(2:V-V-P)": 1
        }
    ], 
    "Hemodynamic Parameters_1001_ABC": [
        {
            "A": 199305886.53143695, 
            "C": -2404109.626756031, 
            "B": -3103404467570.057
        }
    ], 
    "Outlet 1001": [
        {
            "Center Node": 399, 
            "Diameter": 0.019962587001534908, 
            "Total_area_outlet": 0.00031298573259009015, 
            "Reynolds(peak)": 1229.229865680573, 
            "Flow_outlet(peak)": 6.424207610668073e-05, 
            "Centroid": [
                -0.0001238296370141063, 
                5.144788582954435e-05, 
                0.2699799999999991
            ], 
            "Reynolds(mean)": 1223.7293804158378, 
            "Flow_outlet(mean)": 6.395460945551441e-05
        }
    ], 
    "Time": [
        {
            "Time": [
                0.05, 
                0.1321804395600276, 
                0.23046134294353263, 
                0.3489712146760786, 
                0.4911501874598581, 
                0.6618176787895137, 
                0.8631122794959372, 
                1.0929565893990922, 
                1.371074437003291, 
                1.6853934069978038, 
                1.9997123769923166, 
                2.405736723294813, 
                2.8117610695973094, 
                3.217785415899806, 
                3.7064064405790598, 
                4.195027465258313, 
                4.205027465258313, 
                4.210027465258313, 
                4.4532667178378285, 
                4.696085913890093, 
                4.939067670251502, 
                5.182214389655169, 
                5.425449282408246, 
                5.668705808879646, 
                5.9119869128453955, 
                6.155323383273136, 
                6.398730107651836, 
                6.642191760500214, 
                6.885678937083059, 
                7.1291733380967335
            ]
        }
    ], 
    "Hemodynamic Parameters_1001_AB": [
        {
            "A": -189535592.1290511, 
            "B": 2950950181315.3623
        }
    ], 
    "Pressures": [
        {
            "Pressure Outlet 1002": [
                0
            ], 
            "Pressure Outlet 1001": [
                [
                    0.0, 
                    0.0, 
                    0.0, 
                    0.0, 
                    0.0, 
                    0.0, 
                    0.0, 
                    0.0, 
                    0.0, 
                    0.0, 
                    0.0, 
                    0.0, 
                    0.0, 
                    0.0, 
                    0.0, 
                    0.0, 
                    0.0, 
                    0.0, 
                    0.0, 
                    0.0, 
                    0.0, 
                    0.0, 
                    0.0, 
                    0.0, 
                    0.0, 
                    0.0, 
                    0.0, 
                    0.0, 
                    0.0, 
                    0.0
                ]
            ],