{
    "Fluid Characteristic": [
        {
            "blood_dynamic_viscosity": 0.0035, 
            "blood_density": 1050.0, 
            "blood_kinematic_viscosity": 3.3333333333333333e-06
        }
    ], 
    "Hemodynamic Parameters_1001_ABC": [
        {
            "A": -152216351.8521614, 
            "B": 1445780187964.204, 
            "C": -11820876.065078124
        }
    ], 
    "Inlet": [
        {
            "Flow_inlet(mean)": -0.00010695420857819426, 
            "Centroid": [
                -0.00010319409110340905, 
                -2.6215637677039877e-05, 
                -0.031420356708522716
            ], 
            "Flow_inlet(peak)": -0.00010695420857819426, 
            "Reynolds(mean)": -2046.488516784308, 
            "Reynolds(peak)": -2046.488516784308, 
            "Total_area_inlet": 0.00031298876267923, 
            "Diameter": 0.01996268363257169, 
            "Parabolic": true, 
            "Center Node": 190264
        }
    ], 
    "Bifurcation: ": [
        false
    ], 
    "Simulations_Parameters": [
        {
            "Config_conditions(1:V-P-P),(2:V-V-P)": 1, 
            "Dt": 0.06, 
            "SolverType(1:AMGCGL,2:AMGCL_NS_Solver,3:BICGSTABSolver)": 1, 
            "Time_vector": [
                0, 
                7.0
            ], 
            "AutomaticDeltaTime": true
        }
    ], 
    "Time": [
        {
            "Time": [
                0.06, 
                0.1280714489094853, 
                0.20230406542490897, 
                0.28794626577250176, 
                0.38582113194136614, 
                0.49390126812114277, 
                0.6043521571189012, 
                0.7275858864585536, 
                0.8770760842216765, 
                1.0347067835611161, 
                1.2514311066591175, 
                1.4681554297571189, 
                1.6848797528551203, 
                1.9016040759531216, 
                2.118328399051123, 
                2.351049594231493, 
                2.5837707894118633, 
                2.8164919845922336, 
                3.103066281873549, 
                3.3896405791548645, 
                3.67621487643618, 
                3.9627891737174954, 
                4.2537508830909925, 
                4.5447125924644896, 
                4.835674301837987, 
                5.126636011211484, 
                5.417597720584981, 
                5.708559429958478, 
                5.999521139331975, 
                6.290482848705472, 
                6.581444558078969, 
                6.591444558078969, 
                6.596444558078969, 
                6.749738071822368, 
                6.916622643040403, 
                7.085125227421547
            ]
        }
    ], 
    "Hemodynamic Parameters_1001_AB": [
        {
            "A": 152807170.32340446, 
            "B": -1451202563842.4092
        }
    ], 
    "name": [
        "I:/PROYECTOS/ESTUDIANTES/Sergio/V3/GID\\Modelo_25_145_I.gid\\Modelo_25_145_I.json"
    ], 
    "Pressures": [
        {
            "Pressure Inlet": [
                [
                    2594.2506215232524, 
                    -1037.0421156746593, 
                    311.64497667198674, 
                    35.233233298169225, 
                    148.37732665517564, 
                    180.33749539131082, 
                    228.39985660661716, 
                    256.70683732676434, 
                    269.3909985956501, 
                    267.1403977234647, 
                    249.2231854222201, 
                    225.76013929744357, 
                    222.0304971649764, 
                    257.25624301198053, 
                    245.13891130915587, 
                    215.8519891871243, 
                    214.6906145677427, 
                    221.25174802453654, 
                    236.9852456530642, 
                    232.18631376458748, 
                    223.34596315631617, 
                    223.05062206080126, 
                    239.94752989394433, 
                    229.95466646167893, 
                    221.7996817307993, 
                    217.03203688612692, 
                    225.71171211881742, 
                    229.065820827495, 
                    226.19706183163086, 
                    224.00826546209117, 
                    211.39122311419808, 
                    215.37550059380754, 
                    207.43980144062553, 
                    216.63198634451211, 
                    226.4862935456585, 
                    221.97081854491225
                ]
            ], 
            "Pressure Outlet 1001": [
                [
                    0.0, 
                    0.0, 
                    0.0, 
                    0.0, 
                    0.0, 
                    0.0, 
                    0.0, 
                    0.0, 
                    0.0, 
                    0.0, 
                    0.0, 
                    0.0, 
                    0.0, 
                    0.0, 
                    0.0, 
                    0.0, 
                    0.0, 
                    0.0, 
                    0.0, 
                    0.0, 
                    0.0, 
                    0.0, 
                    0.0, 
                    0.0, 
                    0.0, 
                    0.0, 
                    0.0, 
                    0.0, 
                    0.0, 
                    0.0, 
                    0.0, 
                    0.0, 
                    0.0, 
                    0.0, 
                    0.0, 
                    0.0
                ]
            ], 
            "Pressure Outlet 1002": [
                0
            ]
        }
    ], 
    "Outlet 1001": [
        {
            "Total_area_outlet": 0.00031298575517654066, 
            "Centroid": [
                4.4686525919553125e-05, 
                0.0001027568349083484, 
                0.289990000000001
            ], 
            "Flow_outlet(mean)": 0.00010664420033767325, 
            "Reynolds(mean)": 2040.5665456541665, 
            "Reynolds(peak)": 2046.4720631949426, 
            "Diameter": 0.019962587721829683, 
            "Flow_outlet(peak)": 0.00010695283481815978, 
            "Center Node": 554
        }
    ], 
    "Flow": [
        {
            "Flow Outlet 1001": [
                [
                    0.0001014337817230059, 
                    0.00010695283481815978, 
                    0.0001067560088096644, 
                    0.00010684096858777569, 
                    0.00010683794301787912, 
                    0.00010684916495506773, 
                    0.00010684804035117408, 
                    0.00010684565878227812, 
                    0.00010684241211736171, 
                    0.0001068404969692056, 
                    0.00010683987223634032, 
                    0.00010684168566208035, 
                    0.00010684616016342838, 
                    0.00010684749161033953, 
                    0.00010683840446256309, 
                    0.00010681668109944593, 
                    0.00010676923421495785, 
                    0.00010672363084058393, 
                    0.00010674763558322689, 
                    0.00010679951708143716, 
                    0.00010679935983280623, 
                    0.00010670141061852106, 
                    0.00010666933476317209, 
                    0.00010676413275164814, 
                    0.00010682008801192428, 
                    0.00010679284927685617, 
                    0.00010672457468704124, 
                    0.00010673779715821419, 
                    0.00010677533018127607, 
                    0.00010675533002532649, 
                    0.00010670597408930858, 
                    0.00010672403703892728, 
                    0.00010673146652409372, 
                    0.00010676489536424238, 
                    0.00010680009105069909, 
                    0.0001068069176962047
                ]
            ],