{
    "Bifurcation: ": [
        false
    ], 
    "Hemodynamic Parameters_1001_AB": [
        {
            "B": 1950781995714.2578, 
            "A": -126476450.18795678
        }
    ], 
    "Pressures": [
        {
            "Pressure Inlet": [
                [
                    1861.9409757420558, 
                    -795.0984494943914, 
                    222.67624142331474, 
                    -7.0979871982705545, 
                    61.02112110463421, 
                    61.80892591700439, 
                    75.78825439230809, 
                    79.06938862159656, 
                    83.90370112463873, 
                    84.83073672502813, 
                    80.84912991643601, 
                    77.05113346161409, 
                    73.412585083015, 
                    72.16908033928668, 
                    72.27322294586601, 
                    72.49829085420858, 
                    73.6715553752706, 
                    80.86976236562641, 
                    84.79666367046504, 
                    79.38545272486301
                ]
            ], 
            "Pressure Outlet 1001": [
                [
                    0.0, 
                    0.0, 
                    0.0, 
                    0.0, 
                    0.0, 
                    0.0, 
                    0.0, 
                    0.0, 
                    0.0, 
                    0.0, 
                    0.0, 
                    0.0, 
                    0.0, 
                    0.0, 
                    0.0, 
                    0.0, 
                    0.0, 
                    0.0, 
                    0.0, 
                    0.0
                ]
            ], 
            "Pressure Outlet 1002": [
                0
            ]
        }
    ], 
    "Outlet 1001": [
        {
            "Total_area_outlet": 0.00031298578738930133, 
            "Reynolds(mean)": 1225.6669654391667, 
            "Centroid": [
                5.984660410938541e-05, 
                8.972251986735864e-05, 
                0.25
            ], 
            "Flow_outlet(peak)": 6.44401913845613e-05, 
            "Reynolds(peak)": 1233.0205632539523, 
            "Diameter": 0.019962588749112928, 
            "Flow_outlet(mean)": 6.405587723387159e-05, 
            "Center Node": 398
        }
    ], 
    "Hemodynamic Parameters_1001_ABC": [
        {
            "B": -1563656549597.789, 
            "C": -19107559.56212002, 
            "A": 101620781.94129999
        }
    ], 
    "Time": [
        {
            "Time": [
                0.05, 
                0.1596713394027904, 
                0.27635819433112674, 
                0.4072733663390873, 
                0.5520979854302627, 
                0.7161578567644653, 
                0.9088633053051762, 
                1.1403418880641734, 
                1.4097739550884185, 
                1.7317516771516779, 
                2.1361552651427087, 
                2.6164518439933655, 
                3.180205023681399, 
                3.7439582033694325, 
                4.307711383057466, 
                4.8714645627454995, 
                5.435217742433533, 
                5.998970922121567, 
                6.5627241018096, 
                7.204305706261547
            ]
        }
    ], 
    "Simulations_Parameters": [
        {
            "Time_vector": [
                0, 
                7.0
            ], 
            "Config_conditions(1:V-P-P),(2:V-V-P)": 1, 
            "AutomaticDeltaTime": true, 
            "Dt": 0.05, 
            "SolverType(1:AMGCGL,2:AMGCL_NS_Solver,3:BICGSTABSolver)": 1
        }
    ], 
    "Flow": [
        {
            "Flow Outlet 1001": [
                [
                    6.0606472606517434e-05, 
                    6.44401913845613e-05, 
                    6.41678990255352e-05, 
                    6.424781655565077e-05, 
                    6.422995009981531e-05, 
                    6.423801253166173e-05, 
                    6.423654369654494e-05, 
                    6.423615839379594e-05, 
                    6.423566727794817e-05, 
                    6.42343892790813e-05, 
                    6.422109278202498e-05, 
                    6.419474252194312e-05, 
                    6.421490888438844e-05, 
                    6.424043510249868e-05, 
                    6.424006502821496e-05, 
                    6.423425525526618e-05, 
                    6.4240664844114e-05, 
                    6.423438933075836e-05, 
                    6.421720325535257e-05, 
                    6.420668682175839e-05
                ]
            ], 
            "Flow Inlet": [
                [
                    -6.429126709406847e-05, 
                    -6.429126709406847e-05, 
                    -6.429126709406847e-05, 
                    -6.429126709406847e-05, 
                    -6.429126709406847e-05, 
                    -6.429126709406847e-05, 
                    -6.429126709406847e-05, 
                    -6.429126709406847e-05, 
                    -6.429126709406847e-05, 
                    -6.429126709406847e-05, 
                    -6.429126709406847e-05, 
                    -6.429126709406847e-05, 
                    -6.429126709406847e-05, 
                    -6.429126709406847e-05, 
                    -6.429126709406847e-05, 
                    -6.429126709406847e-05, 
                    -6.429126709406847e-05, 
                    -6.429126709406847e-05, 
                    -6.429126709406847e-05, 
                    -6.429126709406847e-05
                ]
            ], 
            "Flow Outlet 1002": [
                0
            ]
        }
    ], 
    "Fluid Characteristic": [
        {
            "blood_kinematic_viscosity": 3.3333333333333333e-06, 
            "blood_dynamic_viscosity": 0.0035, 
            "blood_density": 1050.0
        }
    ], 
    "Inlet": [
        {
            "Centroid": [
                -0.00010319409110340905, 
                -2.6215637677039877e-05, 
                -0.031420356708522716
            ], 
            "Reynolds(mean)": -1230.1651481188057, 
            "Parabolic": true, 
            "Reynolds(peak)": -1230.1651481188057, 
            "Flow_inlet(peak)": -6.429126709406847e-05, 
            "Diameter": 0.01996268363257169, 
            "Total_area_inlet": 0.00031298876267923, 
            "Flow_inlet(mean)": -6.429126709406847e-05, 
            "Center Node": 68681
        }
    ], 
    "name": [
        "I:/PROYECTOS/ESTUDIANTES/Sergio/V1/GID\\Modelo_3_145_I.gid\\Modelo_3_145_I.json"
    ]
}