{
    "name": [
        "I:/PROYECTOS/ESTUDIANTES/Sergio/V3/GID\\Modelo_19_145_I.gid\\Modelo_19_145_I.json"
    ], 
    "Time": [
        {
            "Time": [
                0.06, 
                0.11952236599365354, 
                0.18252185751259636, 
                0.25101124430139726, 
                0.3235136479969604, 
                0.40373731708058935, 
                0.49533383791546226, 
                0.6008007842081936, 
                0.7194993916359224, 
                0.8652721480087487, 
                1.0440348088066596, 
                1.2497232669734752, 
                1.4873946944941479, 
                1.7767454475241546, 
                1.7867454475241544, 
                1.7917454475241543, 
                1.9386189771048536, 
                2.092539659117146, 
                2.246554438690362, 
                2.3907721387250436, 
                2.5354479002438963, 
                2.6779233484177913, 
                2.853980749458362, 
                3.077320086248263, 
                3.3436242805774796, 
                3.6458922205972644, 
                3.996732579636352, 
                4.347572938675439, 
                4.698413297714526, 
                5.0492536567536135, 
                5.400094015792701, 
                5.83379005916946, 
                6.366653992079097, 
                6.899517924988735, 
                6.909517924988735, 
                6.9145179249887345, 
                7.171623001589712
            ]
        }
    ], 
    "Fluid Characteristic": [
        {
            "blood_density": 1050.0, 
            "blood_dynamic_viscosity": 0.0035, 
            "blood_kinematic_viscosity": 3.3333333333333333e-06
        }
    ], 
    "Inlet": [
        {
            "Center Node": 142233, 
            "Total_area_inlet": 0.00031298876267923, 
            "Diameter": 0.01996268363257169, 
            "Flow_inlet(peak)": -0.00010714032180446716, 
            "Reynolds(peak)": -2050.0496536993714, 
            "Centroid": [
                -0.00010319409110340905, 
                -2.6215637677039877e-05, 
                -0.031420356708522716
            ], 
            "Parabolic": true, 
            "Reynolds(mean)": -2050.0496536993714, 
            "Flow_inlet(mean)": -0.00010714032180446716
        }
    ], 
    "Simulations_Parameters": [
        {
            "SolverType(1:AMGCGL,2:AMGCL_NS_Solver,3:BICGSTABSolver)": 1, 
            "Time_vector": [
                0, 
                7.0
            ], 
            "Dt": 0.06, 
            "AutomaticDeltaTime": true, 
            "Config_conditions(1:V-P-P),(2:V-V-P)": 1
        }
    ], 
    "Hemodynamic Parameters_1001_ABC": [
        {
            "A": -38060471.672932655, 
            "C": 15529860.222174048, 
            "B": 374648134844.55994
        }
    ], 
    "Outlet 1001": [
        {
            "Total_area_outlet": 0.00031298578738930095, 
            "Center Node": 414, 
            "Diameter": 0.019962588749112914, 
            "Reynolds(peak)": 2049.767296035638, 
            "Flow_outlet(peak)": 0.00010712505596968418, 
            "Centroid": [
                6.215379717078656e-05, 
                5.614083298509638e-05, 
                0.25
            ], 
            "Reynolds(mean)": 2044.4547598849515, 
            "Flow_outlet(mean)": 0.00010684741190072866
        }
    ], 
    "Flow": [
        {
            "Flow Outlet 1002": [
                0
            ], 
            "Flow Inlet": [
                [
                    -0.00010714032180446716, 
                    -0.00010714032180446716, 
                    -0.00010714032180446716, 
                    -0.00010714032180446716, 
                    -0.00010714032180446716, 
                    -0.00010714032180446716, 
                    -0.00010714032180446716, 
                    -0.00010714032180446716, 
                    -0.00010714032180446716, 
                    -0.00010714032180446716, 
                    -0.00010714032180446716, 
                    -0.00010714032180446716, 
                    -0.00010714032180446716, 
                    -0.00010714032180446716, 
                    -0.00010714032180446716, 
                    -0.00010714032180446716, 
                    -0.00010714032180446716, 
                    -0.00010714032180446716, 
                    -0.00010714032180446716, 
                    -0.00010714032180446716, 
                    -0.00010714032180446716, 
                    -0.00010714032180446716, 
                    -0.00010714032180446716, 
                    -0.00010714032180446716, 
                    -0.00010714032180446716, 
                    -0.00010714032180446716, 
                    -0.00010714032180446716, 
                    -0.00010714032180446716, 
                    -0.00010714032180446716, 
                    -0.00010714032180446716, 
                    -0.00010714032180446716, 
                    -0.00010714032180446716, 
                    -0.00010714032180446716, 
                    -0.00010714032180446716, 
                    -0.00010714032180446716, 
                    -0.00010714032180446716, 
                    -0.00010714032180446716
                ]
            ], 
            "Flow Outlet 1001": [
                [
                    0.00010150329875318199, 
                    0.00010712505596968418, 
                    0.00010693942727660676, 
                    0.00010700711875097622, 
                    0.00010700582311926402, 
                    0.00010701880360337457, 
                    0.0001070224827862068, 
                    0.0001070254474566804, 
                    0.00010702643860236431, 
                    0.0001070264994271131, 
                    0.00010702557737853534, 
                    0.00010702266437124861, 
                    0.00010701832142974676, 
                    0.00010701552309065733, 
                    0.00010701327751084113, 
                    0.00010701146334426657, 
                    0.00010701246004115317, 
                    0.0001070083060246046, 
                    0.00010700960406802457, 
                    0.00010700056181943115, 
                    0.00010699754642575567, 
                    0.00010699442547471836, 
                    0.00010699215458171977, 
                    0.00010696745592544064, 
                    0.00010697098407057801, 
                    0.000106967453465188, 
                    0.00010691999351462774, 
                    0.00010691593290281621, 
                    0.00010695311812845647, 
                    0.00010699924211831419, 
                    0.00010693863877918525, 
                    0.0001068790982236524, 
                    0.00010699999079383784, 
                    0.0001070183954703306, 
                    0.00010700622945447018, 
                    0.00010700037939616394, 
                    0.00010699504677774345
                ]
            ]
        }
    ], 
    "Hemodynamic Parameters_1001_AB": [
        {
            "A": 39993123.72804523, 
            "B": -392569748972.67755
        }
    ], 
    "Pressures": [
        {
            "Pressure Outlet 1002": [
                0
            ],