{
    "Inlet": [
        {
            "Diameter": 0.01996268363257169, 
            "Reynolds(peak)": -2047.1136971459152, 
            "Centroid": [
                -0.00010319409110340913, 
                -2.6215637677038762e-05, 
                -0.031420356708522716
            ], 
            "Flow_inlet(mean)": -0.00010698688194540152, 
            "Parabolic": true, 
            "Flow_inlet(peak)": -0.00010698688194540152, 
            "Reynolds(mean)": -2047.1136971459152, 
            "Total_area_inlet": 0.00031298876267923, 
            "Center Node": 140840
        }
    ], 
    "Hemodynamic Parameters_1001_AB": [
        {
            "A": -222434353.43994457, 
            "B": 2075934607623.7417
        }
    ], 
    "name": [
        "I:/PROYECTOS/ESTUDIANTES/Sergio/V3/GID/berga\\Modelo_21_170.gid\\Modelo_21_170.json"
    ], 
    "Outlet 1001": [
        {
            "Diameter": 0.019962588749576307, 
            "Flow_outlet(mean)": 0.00010673577848477462, 
            "Total_area_outlet": 0.0003129857874038317, 
            "Reynolds(peak)": 2049.4523401120114, 
            "Flow_outlet(peak)": 0.00010710859572762872, 
            "Centroid": [
                4.244701675161105e-05, 
                0.0001242352117204307, 
                0.25
            ], 
            "Reynolds(mean)": 2042.3187280465108, 
            "Center Node": 581
        }
    ], 
    "Fluid Characteristic": [
        {
            "blood_dynamic_viscosity": 0.0035, 
            "blood_density": 1050.0, 
            "blood_kinematic_viscosity": 3.3333333333333333e-06
        }
    ], 
    "Time": [
        {
            "Time": [
                0.06, 
                0.2859674492321065, 
                0.511934898464213, 
                0.7379023476963196, 
                0.9638697969284261, 
                0.9738697969284261, 
                0.9788697969284261, 
                1.0071839777132536, 
                1.0366863247362395, 
                1.0640625045101353, 
                1.09133664723126, 
                1.1188600919744425, 
                1.1482627668218697, 
                1.1854925019075868, 
                1.2307104285005126, 
                1.2832307047788032, 
                1.3442235669805236, 
                1.4176464241167794, 
                1.5074097753113709, 
                1.6168034033383207, 
                1.748324233433648, 
                1.9048326180283202, 
                2.097923622088037, 
                2.3404333178262213, 
                2.630857127368025, 
                2.9641009859732224, 
                3.358545256152786, 
                3.7529895263323496, 
                4.147433796511913, 
                4.541878066691476, 
                4.936322336871039, 
                5.330766607050602, 
                5.7252108772301655, 
                6.119655147409729, 
                6.1296551474097285, 
                6.134655147409728, 
                6.337959467213028, 
                6.439611627114678, 
                6.5412637870163275, 
                6.6413623344258195, 
                6.7425513131706545, 
                6.844861638042651, 
                6.947490790425636, 
                7.04921359143935
            ]
        }
    ], 
    "Simulations_Parameters": [
        {
            "AutomaticDeltaTime": true, 
            "Config_conditions(1:V-P-P),(2:V-V-P)": 1, 
            "Time_vector": [
                0, 
                7.0
            ], 
            "SolverType(1:AMGCGL,2:AMGCL_NS_Solver,3:BICGSTABSolver)": 1, 
            "Dt": 0.06
        }
    ], 
    "Pressures": [
        {
            "Pressure Outlet 1002": [
                0
            ], 
            "Pressure Inlet": [
                [
                    2379.92266901115, 
                    -1047.2663160450616, 
                    325.71075325245533, 
                    52.048855363761824, 
                    159.0456398366043, 
                    133.67691800963317, 
                    122.93408824438981, 
                    108.0852614037415, 
                    79.78214367065304, 
                    52.49741369597425, 
                    29.962399480386317, 
                    18.677289787853383, 
                    25.671991082508637, 
                    47.56997439467545, 
                    63.99037589736275, 
                    61.79844708338963, 
                    49.55209378208329, 
                    48.68409592953259, 
                    72.07309508891812, 
                    88.30717550044821, 
                    87.0884781387387, 
                    80.82977808161104, 
                    74.32246584082918, 
                    84.54883551198826, 
                    90.70281992185097, 
                    83.13953901555423, 
                    73.57541869821817, 
                    68.65801490399033, 
                    63.20559489223119, 
                    72.48225950084422, 
                    83.18851501039896, 
                    75.76892513628263, 
                    72.81640591208424, 
                    64.07728239298841, 
                    63.04479507092052, 
                    60.30281110931833, 
                    64.6760187288184, 
                    69.50017207024358, 
                    73.3642822700799, 
                    73.9764479109379, 
                    72.71882607816403, 
                    71.74385374452723, 
                    71.07248718571982, 
                    69.15958618676683
                ]
            ], 
            "Pressure Outlet 1001": [
                [
                    0.0, 
                    0.0, 
                    0.0, 
                    0.0, 
                    0.0, 
                    0.0, 
                    0.0, 
                    0.0, 
                    0.0, 
                    0.0, 
                    0.0, 
                    0.0, 
                    0.0, 
                    0.0, 
                    0.0, 
                    0.0, 
                    0.0, 
                    0.0, 
                    0.0, 
                    0.0, 
                    0.0, 
                    0.0, 
                    0.0, 
                    0.0, 
                    0.0, 
                    0.0, 
                    0.0, 
                    0.0, 
                    0.0, 
                    0.0, 
                    0.0, 
                    0.0, 
                    0.0, 
                    0.0, 
                    0.0, 
                    0.0, 
                    0.0, 
                    0.0, 
                    0.0, 
                    0.0, 
                    0.0, 
                    0.0, 
                    0.0, 
                    0.0
                ]
            ]
        }
    ], 
    "Bifurcation: ": [
        false
    ], 
    "Hemodynamic Parameters_1001_ABC": [
        {
            "A": 220644520.25308725, 
            "B": -2059182402092.2266, 
            "C": -1838496.0620255005
        }
    ], 
    "Flow": [
        {
            "Flow Outlet 1002": [
                0
            ],