{
    "name": [
        "I:/PROYECTOS/ESTUDIANTES/Sergio/V3/GID/berga\\Modelo_2_170.gid\\Modelo_2_170.json"
    ], 
    "Outlet 1001": [
        {
            "Reynolds(peak)": 2050.085844951577, 
            "Flow_outlet(peak)": 0.000107141698477839, 
            "Diameter": 0.019962587721829687, 
            "Total_area_outlet": 0.0003129857551765408, 
            "Flow_outlet(mean)": 0.0001068260183363349, 
            "Center Node": 441, 
            "Centroid": [
                -1.8710628692159163e-05, 
                8.09623068897412e-05, 
                0.25
            ], 
            "Reynolds(mean)": 2044.0455133269695
        }
    ], 
    "Fluid Characteristic": [
        {
            "blood_dynamic_viscosity": 0.0035, 
            "blood_density": 1050.0, 
            "blood_kinematic_viscosity": 3.3333333333333333e-06
        }
    ], 
    "Hemodynamic Parameters_1001_ABC": [
        {
            "A": -210999657.1874526, 
            "B": 1978658999024.6929, 
            "C": -30432039.223176718
        }
    ], 
    "Hemodynamic Parameters_1001_AB": [
        {
            "A": 134574192.42116198, 
            "B": -1264429996849.5964
        }
    ], 
    "Flow": [
        {
            "Flow Outlet 1002": [
                0
            ], 
            "Flow Outlet 1001": [
                [
                    0.00010159619907943579, 
                    0.000107141698477839, 
                    0.00010692723266865293, 
                    0.00010700406544405146, 
                    0.00010699143299098873, 
                    0.00010699775174544258, 
                    0.00010699565565523784, 
                    0.00010699713262616654, 
                    0.000107001435340829, 
                    0.00010700668068188499, 
                    0.00010700524231144555, 
                    0.00010698896716825454, 
                    0.00010695229435476917, 
                    0.00010694124891018618, 
                    0.00010697657590670987, 
                    0.00010699318241846842, 
                    0.00010698525242819547, 
                    0.00010698294970252817, 
                    0.00010698562637572382, 
                    0.00010697983670451824, 
                    0.0001069872380931669, 
                    0.00010700491350376849, 
                    0.0001070022383720372, 
                    0.00010698446113954614, 
                    0.00010698087908712289, 
                    0.00010699331468904434, 
                    0.00010698961821086473, 
                    0.00010696741852746744, 
                    0.00010697450352434118, 
                    0.0001069838763448939, 
                    0.00010698911101986077, 
                    0.00010697428321244365, 
                    0.00010697628838316589
                ]
            ], 
            "Flow Inlet": [
                [
                    -0.00010709492862280704, 
                    -0.00010709492862280704, 
                    -0.00010709492862280704, 
                    -0.00010709492862280704, 
                    -0.00010709492862280704, 
                    -0.00010709492862280704, 
                    -0.00010709492862280704, 
                    -0.00010709492862280704, 
                    -0.00010709492862280704, 
                    -0.00010709492862280704, 
                    -0.00010709492862280704, 
                    -0.00010709492862280704, 
                    -0.00010709492862280704, 
                    -0.00010709492862280704, 
                    -0.00010709492862280704, 
                    -0.00010709492862280704, 
                    -0.00010709492862280704, 
                    -0.00010709492862280704, 
                    -0.00010709492862280704, 
                    -0.00010709492862280704, 
                    -0.00010709492862280704, 
                    -0.00010709492862280704, 
                    -0.00010709492862280704, 
                    -0.00010709492862280704, 
                    -0.00010709492862280704, 
                    -0.00010709492862280704, 
                    -0.00010709492862280704, 
                    -0.00010709492862280704, 
                    -0.00010709492862280704, 
                    -0.00010709492862280704, 
                    -0.00010709492862280704, 
                    -0.00010709492862280704, 
                    -0.00010709492862280704
                ]
            ]
        }
    ], 
    "Inlet": [
        {
            "Reynolds(peak)": -2049.1810892338613, 
            "Diameter": 0.01996268363257169, 
            "Centroid": [
                -0.00010319409110340905, 
                -2.6215637677039877e-05, 
                -0.031420356708522716
            ], 
            "Total_area_inlet": 0.00031298876267923, 
            "Center Node": 67482, 
            "Flow_inlet(mean)": -0.00010709492862280704, 
            "Parabolic": true, 
            "Flow_inlet(peak)": -0.00010709492862280704, 
            "Reynolds(mean)": -2049.1810892338613
        }
    ], 
    "Pressures": [
        {
            "Pressure Outlet 1002": [
                0
            ], 
            "Pressure Inlet": [
                [
                    2559.9060557369853, 
                    -1062.3788884173903, 
                    298.52544502235503, 
                    -3.3947336103344345, 
                    94.2204071597324, 
                    99.45723656207215, 
                    101.70138571279037, 
                    63.755414397282195, 
                    42.791276829133814, 
                    66.54465672152908, 
                    92.11332482908989, 
                    88.3755869410879, 
                    82.91307188514651, 
                    73.3190989052825, 
                    72.32655316809418, 
                    90.15289015148922, 
                    97.10408182966023, 
                    98.16654153519464, 
                    93.85927102796501, 
                    64.81414716441891, 
                    71.85096641795162, 
                    87.11182683565895, 
                    77.98528347638268, 
                    60.60333744371899, 
                    71.1121448047473, 
                    83.68787099926163, 
                    72.45651257128249, 
                    58.31501880641944, 
                    68.07630087581948, 
                    64.53693914080576, 
                    62.87824529338124, 
                    61.12561531637215, 
                    57.514767456824316
                ]
            ], 
            "Pressure Outlet 1001": [
                [
                    0.0, 
                    0.0, 
                    0.0, 
                    0.0, 
                    0.0, 
                    0.0, 
                    0.0, 
                    0.0, 
                    0.0, 
                    0.0, 
                    0.0, 
                    0.0, 
                    0.0, 
                    0.0, 
                    0.0, 
                    0.0, 
                    0.0, 
                    0.0, 
                    0.0, 
                    0.0, 
                    0.0, 
                    0.0, 
                    0.0, 
                    0.0, 
                    0.0, 
                    0.0, 
                    0.0, 
                    0.0, 
                    0.0, 
                    0.0, 
                    0.0, 
                    0.0, 
                    0.0
                ]
            ]
        }
    ], 
    "Simulations_Parameters": [
        {
            "SolverType(1:AMGCGL,2:AMGCL_NS_Solver,3:BICGSTABSolver)": 1, 
            "Dt": 0.06, 
            "Config_conditions(1:V-P-P),(2:V-V-P)": 1, 
            "AutomaticDeltaTime": true, 
            "Time_vector": [
                0, 
                7.0
            ]
        }
    ],