{
    "Pressures": [
        {
            "Pressure Inlet": [
                [
                    2543.0383050862606, 
                    -1057.4275857442603, 
                    298.420323282216, 
                    0.7363998633529746, 
                    107.61598533941992, 
                    128.85898473465485, 
                    146.64527815161608, 
                    110.33740991351803, 
                    73.74945465458667, 
                    75.74043056752842, 
                    58.39184573639869, 
                    48.67152789991811, 
                    75.17899768842646, 
                    113.77396139872535, 
                    127.93571818250844, 
                    130.58660526014762, 
                    137.3132547693809, 
                    143.14445991337206, 
                    134.5732613112268, 
                    108.60307995741886, 
                    109.53876175033118, 
                    133.4557588638952, 
                    130.5857453987192, 
                    124.2346091205365, 
                    108.57355058466509, 
                    96.79936606276664, 
                    94.47608539234193, 
                    94.31944232027732, 
                    94.1884617733462, 
                    78.57111098225354, 
                    69.4022442991847, 
                    66.36655385532048, 
                    76.68875420316147, 
                    86.19154107761618, 
                    91.32790803802226, 
                    88.21187658503594, 
                    81.58227297430236, 
                    82.58167365885306, 
                    84.17294918148708, 
                    83.48629207700661, 
                    88.83689759348428
                ]
            ], 
            "Pressure Outlet 1001": [
                [
                    0.0, 
                    0.0, 
                    0.0, 
                    0.0, 
                    0.0, 
                    0.0, 
                    0.0, 
                    0.0, 
                    0.0, 
                    0.0, 
                    0.0, 
                    0.0, 
                    0.0, 
                    0.0, 
                    0.0, 
                    0.0, 
                    0.0, 
                    0.0, 
                    0.0, 
                    0.0, 
                    0.0, 
                    0.0, 
                    0.0, 
                    0.0, 
                    0.0, 
                    0.0, 
                    0.0, 
                    0.0, 
                    0.0, 
                    0.0, 
                    0.0, 
                    0.0, 
                    0.0, 
                    0.0, 
                    0.0, 
                    0.0, 
                    0.0, 
                    0.0, 
                    0.0, 
                    0.0, 
                    0.0
                ]
            ], 
            "Pressure Outlet 1002": [
                0
            ]
        }
    ], 
    "Hemodynamic Parameters_1001_AB": [
        {
            "A": -105257080.68911405, 
            "B": 975807128719.2277
        }
    ], 
    "Fluid Characteristic": [
        {
            "blood_dynamic_viscosity": 0.0035, 
            "blood_density": 1050.0, 
            "blood_kinematic_viscosity": 3.3333333333333333e-06
        }
    ], 
    "Hemodynamic Parameters_1001_ABC": [
        {
            "A": 255337893.94261116, 
            "B": -2379012581893.5225, 
            "C": 60651489.68793288
        }
    ], 
    "Simulations_Parameters": [
        {
            "SolverType(1:AMGCGL,2:AMGCL_NS_Solver,3:BICGSTABSolver)": 1, 
            "Time_vector": [
                0, 
                7.0
            ], 
            "Dt": 0.06, 
            "Config_conditions(1:V-P-P),(2:V-V-P)": 1, 
            "AutomaticDeltaTime": true
        }
    ], 
    "Flow": [
        {
            "Flow Inlet": [
                [
                    -0.00010708960015424706, 
                    -0.00010708960015424706, 
                    -0.00010708960015424706, 
                    -0.00010708960015424706, 
                    -0.00010708960015424706, 
                    -0.00010708960015424706, 
                    -0.00010708960015424706, 
                    -0.00010708960015424706, 
                    -0.00010708960015424706, 
                    -0.00010708960015424706, 
                    -0.00010708960015424706, 
                    -0.00010708960015424706, 
                    -0.00010708960015424706, 
                    -0.00010708960015424706, 
                    -0.00010708960015424706, 
                    -0.00010708960015424706, 
                    -0.00010708960015424706, 
                    -0.00010708960015424706, 
                    -0.00010708960015424706, 
                    -0.00010708960015424706, 
                    -0.00010708960015424706, 
                    -0.00010708960015424706, 
                    -0.00010708960015424706, 
                    -0.00010708960015424706, 
                    -0.00010708960015424706, 
                    -0.00010708960015424706, 
                    -0.00010708960015424706, 
                    -0.00010708960015424706, 
                    -0.00010708960015424706, 
                    -0.00010708960015424706, 
                    -0.00010708960015424706, 
                    -0.00010708960015424706, 
                    -0.00010708960015424706, 
                    -0.00010708960015424706, 
                    -0.00010708960015424706, 
                    -0.00010708960015424706, 
                    -0.00010708960015424706, 
                    -0.00010708960015424706, 
                    -0.00010708960015424706, 
                    -0.00010708960015424706, 
                    -0.00010708960015424706
                ]
            ],