{
    "Fluid Characteristic": [
        {
            "blood_density": 1050.0, 
            "blood_kinematic_viscosity": 3.3333333333333333e-06, 
            "blood_dynamic_viscosity": 0.0035
        }
    ], 
    "Inlet": [
        {
            "Flow_inlet(peak)": -0.00010699517425269698, 
            "Reynolds(mean)": -2047.2723642230073, 
            "Flow_inlet(mean)": -0.00010699517425269698, 
            "Centroid": [
                -0.00010319409110340905, 
                -2.6215637677039877e-05, 
                -0.031420356708522716
            ], 
            "Total_area_inlet": 0.00031298876267923, 
            "Center Node": 164887, 
            "Parabolic": true, 
            "Diameter": 0.01996268363257169, 
            "Reynolds(peak)": -2047.2723642230073
        }
    ], 
    "Simulations_Parameters": [
        {
            "Config_conditions(1:V-P-P),(2:V-V-P)": 1, 
            "Dt": 0.06, 
            "AutomaticDeltaTime": true, 
            "Time_vector": [
                0, 
                7.0
            ], 
            "SolverType(1:AMGCGL,2:AMGCL_NS_Solver,3:BICGSTABSolver)": 1
        }
    ], 
    "Pressures": [
        {
            "Pressure Outlet 1001": [
                [
                    0.0, 
                    0.0, 
                    0.0, 
                    0.0, 
                    0.0, 
                    0.0, 
                    0.0, 
                    0.0, 
                    0.0, 
                    0.0, 
                    0.0, 
                    0.0, 
                    0.0, 
                    0.0, 
                    0.0, 
                    0.0, 
                    0.0, 
                    0.0, 
                    0.0, 
                    0.0, 
                    0.0, 
                    0.0, 
                    0.0, 
                    0.0, 
                    0.0, 
                    0.0, 
                    0.0, 
                    0.0, 
                    0.0, 
                    0.0, 
                    0.0, 
                    0.0, 
                    0.0, 
                    0.0, 
                    0.0
                ]
            ], 
            "Pressure Outlet 1002": [
                0
            ], 
            "Pressure Inlet": [
                [
                    2445.6840114350334, 
                    -979.4996653446278, 
                    273.1949521014556, 
                    5.905641458858681, 
                    99.70692753311636, 
                    120.84420594910591, 
                    152.2499843168787, 
                    148.24104167917437, 
                    108.00748721935912, 
                    56.16427029522412, 
                    63.026633592303845, 
                    86.02691667880511, 
                    100.13576078261227, 
                    119.42451635267895, 
                    132.4845158660267, 
                    136.02065264170528, 
                    120.59016438842528, 
                    104.95942560729988, 
                    98.51055462538869, 
                    89.11221566379919, 
                    82.387716900843, 
                    96.62369859934758, 
                    70.96628791536779, 
                    92.49691329701116, 
                    98.36636209856769, 
                    84.80674694166983, 
                    81.64868340320038, 
                    83.40610448976967, 
                    79.8164846579408, 
                    76.40319182264797, 
                    85.08698441385683, 
                    83.98310296988693, 
                    75.55462287056683, 
                    74.51506461925774, 
                    78.2473379217066
                ]
            ]
        }
    ], 
    "name": [
        "I:/PROYECTOS/ESTUDIANTES/Sergio/V3/GID\\Modelo_23_170_I.gid\\Modelo_23_170_I.json"
    ], 
    "Time": [
        {
            "Time": [
                0.06, 
                0.12385706643596725, 
                0.20004167807630416, 
                0.2862189922297999, 
                0.3877802986132374, 
                0.5095376828389641, 
                0.655776017403626, 
                0.8314754528835401, 
                1.0341004250476422, 
                1.2367253972117445, 
                1.4393503693758467, 
                1.641975341539949, 
                1.8446003137040512, 
                2.047225285868153, 
                2.2520959583442877, 
                2.5155090671142872, 
                2.8798683098751883, 
                3.3170993472592962, 
                3.754330384643404, 
                3.7643303846434044, 
                3.7693303846434043, 
                3.987932514619491, 
                4.206534644595577, 
                4.425136774571664, 
                4.64373890454775, 
                4.862354119985521, 
                5.08026306486509, 
                5.2988786458398245, 
                5.517494236094906, 
                5.721410331532548, 
                5.954836832755018, 
                6.2413240094563855, 
                6.527811186157753, 
                6.8142983628591205, 
                7.100785539560488
            ]
        }
    ], 
    "Hemodynamic Parameters_1001_AB": [
        {
            "A": -118197784.53163666, 
            "B": 1098389772769.181
        }
    ], 
    "Hemodynamic Parameters_1001_ABC": [
        {
            "A": 69513264.11905718, 
            "B": -642733550353.1206, 
            "C": -40435590.14479628
        }
    ], 
    "Flow": [
        {
            "Flow Outlet 1001": [
                [
                    0.00010147134476157755, 
                    0.00010690945817474633, 
                    0.0001067818533294271, 
                    0.00010686751977754634, 
                    0.00010686474008419419, 
                    0.00010687472706416718, 
                    0.00010687322207092214, 
                    0.00010687100050606935, 
                    0.00010686999482022661, 
                    0.00010687275245943051, 
                    0.00010687765341909997, 
                    0.00010688058905823508, 
                    0.00010686798967079531, 
                    0.00010683832281505712, 
                    0.00010679776985559948, 
                    0.00010671638721598902, 
                    0.00010661825919556936, 
                    0.00010666503802006898, 
                    0.00010677922905711189, 
                    0.00010677717827303057, 
                    0.00010677540169058515, 
                    0.00010685369608081713, 
                    0.0001068687650921546, 
                    0.00010686407660022193, 
                    0.00010686850146680682, 
                    0.00010685511768979483, 
                    0.00010681960775682518, 
                    0.00010680241088439825, 
                    0.00010680498939914294, 
                    0.00010681045143369304, 
                    0.00010681549926406722, 
                    0.00010681838841126182, 
                    0.0001068209857660738, 
                    0.00010681926127239458, 
                    0.00010683098801768669
                ]
            ], 
            "Flow Outlet 1002": [
                0
            ],