{
    "Outlet 1001": [
        {
            "Reynolds(peak)": 1230.588633319393, 
            "Flow_outlet(peak)": 6.431309041328296e-05, 
            "Diameter": 0.019962587721829683, 
            "Total_area_outlet": 0.0003129857551765407, 
            "Center Node": 434, 
            "Centroid": [
                2.4036718804469215e-05, 
                6.826439254633895e-05, 
                0.26997999999999905
            ], 
            "Reynolds(mean)": 1225.088344452729, 
            "Flow_outlet(mean)": 6.402563401591094e-05
        }
    ], 
    "name": [
        "I:/PROYECTOS/ESTUDIANTES/Sergio/V1/GID\\Modelo_6_145_I.gid\\Modelo_6_145_I.json"
    ], 
    "Fluid Characteristic": [
        {
            "blood_density": 1050.0, 
            "blood_dynamic_viscosity": 0.0035, 
            "blood_kinematic_viscosity": 3.3333333333333333e-06
        }
    ], 
    "Flow": [
        {
            "Flow Outlet 1002": [
                0
            ], 
            "Flow Inlet": [
                [
                    -6.422697955566398e-05, 
                    -6.422697955566398e-05, 
                    -6.422697955566398e-05, 
                    -6.422697955566398e-05, 
                    -6.422697955566398e-05, 
                    -6.422697955566398e-05, 
                    -6.422697955566398e-05, 
                    -6.422697955566398e-05, 
                    -6.422697955566398e-05, 
                    -6.422697955566398e-05, 
                    -6.422697955566398e-05, 
                    -6.422697955566398e-05, 
                    -6.422697955566398e-05, 
                    -6.422697955566398e-05, 
                    -6.422697955566398e-05, 
                    -6.422697955566398e-05, 
                    -6.422697955566398e-05, 
                    -6.422697955566398e-05, 
                    -6.422697955566398e-05, 
                    -6.422697955566398e-05, 
                    -6.422697955566398e-05, 
                    -6.422697955566398e-05, 
                    -6.422697955566398e-05, 
                    -6.422697955566398e-05, 
                    -6.422697955566398e-05, 
                    -6.422697955566398e-05, 
                    -6.422697955566398e-05, 
                    -6.422697955566398e-05, 
                    -6.422697955566398e-05, 
                    -6.422697955566398e-05, 
                    -6.422697955566398e-05
                ]
            ], 
            "Flow Outlet 1001": [
                [
                    6.0473422482415665e-05, 
                    6.431309041328296e-05, 
                    6.407472202073812e-05, 
                    6.416232695624574e-05, 
                    6.414711069707434e-05, 
                    6.415734076752951e-05, 
                    6.415704885611416e-05, 
                    6.415698138643817e-05, 
                    6.415589959422067e-05, 
                    6.415476232942824e-05, 
                    6.415343502275775e-05, 
                    6.41471084720398e-05, 
                    6.412680096625994e-05, 
                    6.413382132875175e-05, 
                    6.413184427945332e-05, 
                    6.412677895057818e-05, 
                    6.413795485539447e-05, 
                    6.413995495589738e-05, 
                    6.413135808469474e-05, 
                    6.412830988834665e-05, 
                    6.413543805397418e-05, 
                    6.414527152912346e-05, 
                    6.415174261978448e-05, 
                    6.414510477854388e-05, 
                    6.412687663242337e-05, 
                    6.413460581088797e-05, 
                    6.413205603982949e-05, 
                    6.412004896559722e-05, 
                    6.41196300427504e-05, 
                    6.41323428786721e-05, 
                    6.414146483399113e-05
                ]
            ]
        }
    ], 
    "Hemodynamic Parameters_1001_AB": [
        {
            "A": -14059273.629384099, 
            "B": 199882641201.63614
        }
    ], 
    "Pressures": [
        {
            "Pressure Outlet 1002": [
                0
            ], 
            "Pressure Outlet 1001": [
                [
                    0.0, 
                    0.0, 
                    0.0, 
                    0.0, 
                    0.0, 
                    0.0, 
                    0.0, 
                    0.0, 
                    0.0, 
                    0.0, 
                    0.0, 
                    0.0, 
                    0.0, 
                    0.0, 
                    0.0, 
                    0.0, 
                    0.0, 
                    0.0, 
                    0.0, 
                    0.0, 
                    0.0, 
                    0.0, 
                    0.0, 
                    0.0, 
                    0.0, 
                    0.0, 
                    0.0, 
                    0.0, 
                    0.0, 
                    0.0, 
                    0.0
                ]
            ], 
            "Pressure Inlet": [
                [
                    1938.0517514917083, 
                    -825.8821105623442, 
                    229.64196862702983, 
                    -9.450934206935962, 
                    59.34429940203935, 
                    58.577150291696576, 
                    74.11208395994588, 
                    80.38477165801666, 
                    83.54650852489337, 
                    88.36889084160177, 
                    87.07126354099806, 
                    79.69706662174771, 
                    80.93670767636547, 
                    82.23886595353764, 
                    74.04679191737752, 
                    80.10986312708265, 
                    75.81281982459952, 
                    72.41884441621464, 
                    73.75454920961407, 
                    78.57207836869286, 
                    83.64535439545952, 
                    83.46538554556774, 
                    77.88773643664946, 
                    71.96357157550786, 
                    72.14677869428694, 
                    80.57096904433152, 
                    78.21950486013294, 
                    87.29604790132375, 
                    89.37963988741959, 
                    79.99938786252916, 
                    71.15765150601506
                ]
            ]
        }
    ], 
    "Time": [
        {
            "Time": [
                0.05, 
                0.15470492662680635, 
                0.26603861013252594, 
                0.3971845564672375, 
                0.5368943990403867, 
                0.6838198171861577, 
                0.8478498433974304, 
                1.0405469291578955, 
                1.274433101699906, 
                1.5636367560185365, 
                1.9194074409336397, 
                2.3477740675583583, 
                2.8558340254161365, 
                2.8658340254161363, 
                2.870834025416136, 
                3.124514161435673, 
                3.3702094328526115, 
                3.624405124503101, 
                3.8784438228854574, 
                4.131709216906085, 
                4.384297335296079, 
                4.687198258118671, 
                5.051010077204307, 
                5.491283712525274, 
                6.0159757830630305, 
                6.02597578306303, 
                6.03097578306303, 
                6.346739147433188, 
                6.662347941651391, 
                6.977836007580603, 
                7.2933447943777185
            ]
        }
    ], 
    "Hemodynamic Parameters_1001_ABC": [
        {
            "A": -3366968.0178672746, 
            "C": -7066745.500694793, 
            "B": 71854050744.42615
        }
    ], 
    "Inlet": [
        {
            "Reynolds(peak)": -1228.9350543163637, 
            "Diameter": 0.01996268363257169,