{
    "Pressures": [
        {
            "Pressure Outlet 1002": [
                0
            ], 
            "Pressure Inlet": [
                [
                    2383.7616664898947, 
                    -886.8673565255888, 
                    239.9998910158623, 
                    10.87166657711804, 
                    81.34083288049457, 
                    93.68314884301229, 
                    125.96031966701688, 
                    145.22558499667073, 
                    141.54728033812137, 
                    103.01924633647599, 
                    50.33247240824782, 
                    62.530385161436435, 
                    72.5409863533692, 
                    69.02900852997163, 
                    99.8384435066012, 
                    116.79230568098576, 
                    115.71737167889401, 
                    103.63444201220595, 
                    100.0400932775804, 
                    96.61992439459145, 
                    97.2857319624508, 
                    90.04233611380015, 
                    89.6279690957774, 
                    91.20833975283367, 
                    90.51226236936233, 
                    85.01006339615402, 
                    79.07666559441651, 
                    82.41070323633194, 
                    79.8026689166184, 
                    72.4846699185419, 
                    66.23992620740593, 
                    72.25024651406002, 
                    73.60471169724826, 
                    71.27043924969331, 
                    69.13113732635013
                ]
            ], 
            "Pressure Outlet 1001": [
                [
                    0.0, 
                    0.0, 
                    0.0, 
                    0.0, 
                    0.0, 
                    0.0, 
                    0.0, 
                    0.0, 
                    0.0, 
                    0.0, 
                    0.0, 
                    0.0, 
                    0.0, 
                    0.0, 
                    0.0, 
                    0.0, 
                    0.0, 
                    0.0, 
                    0.0, 
                    0.0, 
                    0.0, 
                    0.0, 
                    0.0, 
                    0.0, 
                    0.0, 
                    0.0, 
                    0.0, 
                    0.0, 
                    0.0, 
                    0.0, 
                    0.0, 
                    0.0, 
                    0.0, 
                    0.0, 
                    0.0
                ]
            ]
        }
    ], 
    "Simulations_Parameters": [
        {
            "SolverType(1:AMGCGL,2:AMGCL_NS_Solver,3:BICGSTABSolver)": 1, 
            "Config_conditions(1:V-P-P),(2:V-V-P)": 1, 
            "Dt": 0.06, 
            "AutomaticDeltaTime": true, 
            "Time_vector": [
                0, 
                7.0
            ]
        }
    ], 
    "Hemodynamic Parameters_1001_ABC": [
        {
            "A": 70275928.39456943, 
            "B": -650829314799.3242, 
            "C": 20071406.15836934
        }
    ], 
    "Bifurcation: ": [
        false
    ], 
    "Flow": [
        {
            "Flow Outlet 1002": [
                0
            ], 
            "Flow Outlet 1001": [
                [
                    0.00010142227750800581, 
                    0.00010666610076185735, 
                    0.00010658395819470563, 
                    0.00010667376651829328, 
                    0.00010669340577985822, 
                    0.00010672043067440842, 
                    0.00010673261635862745, 
                    0.00010673874416824902, 
                    0.00010673904073887101, 
                    0.00010673825225053371, 
                    0.00010674166429566862, 
                    0.00010675131670916454, 
                    0.00010675801625000309, 
                    0.00010675069235422619, 
                    0.00010672563701865213, 
                    0.0001067168557698287, 
                    0.00010668668516748545, 
                    0.00010661554608613881, 
                    0.00010658229569807954, 
                    0.00010665506734252133, 
                    0.00010670146578283072, 
                    0.00010670286111187542, 
                    0.00010670742355767509, 
                    0.00010669975616401399, 
                    0.00010667633404237733, 
                    0.00010667806025193565, 
                    0.00010667756530697832, 
                    0.00010667572188060559, 
                    0.00010667461898440035, 
                    0.00010666692090629434, 
                    0.00010668632456347356, 
                    0.00010669519396147856, 
                    0.000106692157960888, 
                    0.00010671321363248061, 
                    0.0001067295383411563
                ]
            ], 
            "Flow Inlet": [
                [
                    -0.00010687129936922604, 
                    -0.00010687129936922604, 
                    -0.00010687129936922604, 
                    -0.00010687129936922604, 
                    -0.00010687129936922604, 
                    -0.00010687129936922604, 
                    -0.00010687129936922604, 
                    -0.00010687129936922604, 
                    -0.00010687129936922604, 
                    -0.00010687129936922604, 
                    -0.00010687129936922604, 
                    -0.00010687129936922604, 
                    -0.00010687129936922604, 
                    -0.00010687129936922604, 
                    -0.00010687129936922604, 
                    -0.00010687129936922604, 
                    -0.00010687129936922604, 
                    -0.00010687129936922604, 
                    -0.00010687129936922604, 
                    -0.00010687129936922604, 
                    -0.00010687129936922604, 
                    -0.00010687129936922604, 
                    -0.00010687129936922604, 
                    -0.00010687129936922604, 
                    -0.00010687129936922604, 
                    -0.00010687129936922604, 
                    -0.00010687129936922604, 
                    -0.00010687129936922604, 
                    -0.00010687129936922604, 
                    -0.00010687129936922604, 
                    -0.00010687129936922604, 
                    -0.00010687129936922604, 
                    -0.00010687129936922604, 
                    -0.00010687129936922604, 
                    -0.00010687129936922604
                ]
            ]
        }
    ], 
    "name": [
        "I:/PROYECTOS/ESTUDIANTES/Sergio/V3/GID\\Modelo_20_170_I.gid\\Modelo_20_170_I.json"
    ], 
    "Outlet 1001": [
        {
            "Reynolds(peak)": 2042.7443381860437, 
            "Centroid": [
                7.705501106926971e-05, 
                0.00014089454130671288, 
                0.25
            ], 
            "Reynolds(mean)": 2038.6654199588181, 
            "Center Node": 497, 
            "Flow_outlet(mean)": 0.00010654484360267548, 
            "Flow_outlet(peak)": 0.00010675801625000309, 
            "Diameter": 0.019962587721829676, 
            "Total_area_outlet": 0.0003129857551765405
        }
    ], 
    "Fluid Characteristic": [
        {
            "blood_dynamic_viscosity": 0.0035, 
            "blood_density": 1050.0, 
            "blood_kinematic_viscosity": 3.3333333333333333e-06
        }
    ], 
    "Inlet": [
        {
            "Total_area_inlet": 0.00031298876267923, 
            "Center Node": 140850, 
            "Flow_inlet(mean)": -0.00010687129936922604, 
            "Parabolic": true, 
            "Flow_inlet(peak)": -0.00010687129936922604,