{
    "Outlet 1001": [
        {
            "Reynolds(peak)": 2055.0827221359154, 
            "Diameter": 0.019962588749112914, 
            "Center Node": 420, 
            "Total_area_outlet": 0.00031298578738930095, 
            "Flow_outlet(mean)": 0.00010695622158933242, 
            "Flow_outlet(peak)": 0.00010740285107335093, 
            "Reynolds(mean)": 2046.5367615154098, 
            "Centroid": [
                6.215379717078656e-05, 
                5.614083298509638e-05, 
                0.25
            ]
        }
    ], 
    "Time": [
        {
            "Time": [
                0.06, 
                0.2956360397051562, 
                0.5312720794103123, 
                0.7669081191154685, 
                1.0025441588206248, 
                1.0125441588206245, 
                1.0175441588206244, 
                1.0400084299497843, 
                1.0637243615441812, 
                1.0914549907529958, 
                1.123452874151682, 
                1.1636329392685962, 
                1.2083686719486355, 
                1.263504618386484, 
                1.321366702254608, 
                1.373858773949472, 
                1.4371106106875704, 
                1.5105291743592637, 
                1.6151069019554583, 
                1.7365763778477998, 
                1.889983957965066, 
                2.0424740599738818, 
                2.2250583025481623, 
                2.4656977691670203, 
                2.77337865445609, 
                3.076807387334546, 
                3.450926166153963, 
                3.976889159283358, 
                4.656668981669684, 
                5.31505708780262, 
                5.9734451939355555, 
                6.69013164602697, 
                7.544184229612572
            ]
        }
    ], 
    "Inlet": [
        {
            "Parabolic": true, 
            "Reynolds(peak)": -2053.093385972982, 
            "Diameter": 0.01996268363257169, 
            "Total_area_inlet": 0.00031298876267923, 
            "Center Node": 141954, 
            "Reynolds(mean)": -2053.093385972982, 
            "Flow_inlet(peak)": -0.00010729939427117199, 
            "Centroid": [
                -0.00010319409110340905, 
                -2.6215637677039877e-05, 
                -0.031420356708522716
            ], 
            "Flow_inlet(mean)": -0.00010729939427117199
        }
    ], 
    "Bifurcation: ": [
        false
    ], 
    "Hemodynamic Parameters_1001_AB": [
        {
            "A": -354852355.82386106, 
            "B": 3293864238780.9634
        }
    ], 
    "Pressures": [
        {
            "Pressure Inlet": [
                [
                    2485.732514572391, 
                    -1083.3415963176628, 
                    364.1694157557296, 
                    91.42764458831391, 
                    203.05948432971, 
                    176.5278491351446, 
                    169.20637345373714, 
                    161.7489596936921, 
                    149.99652229728983, 
                    142.37524877822716, 
                    144.15121003810324, 
                    162.82156941553654, 
                    195.23671705121893, 
                    221.74023563843053, 
                    232.14374325781557, 
                    230.01596943599165, 
                    226.16171776500656, 
                    230.0022662753458, 
                    242.11071644376386, 
                    252.2956095143304, 
                    257.93059728070364, 
                    253.41035441654864, 
                    237.37776062413954, 
                    241.03706790201602, 
                    260.1430428929039, 
                    264.824856621653, 
                    247.56386327261094, 
                    215.55140351060209, 
                    217.54246564358183, 
                    224.20318215958577, 
                    242.080927939925, 
                    238.2847441029042, 
                    249.52505292068145
                ]
            ], 
            "Pressure Outlet 1001": [
                [
                    0.0, 
                    0.0, 
                    0.0, 
                    0.0, 
                    0.0, 
                    0.0, 
                    0.0, 
                    0.0, 
                    0.0, 
                    0.0, 
                    0.0, 
                    0.0, 
                    0.0, 
                    0.0, 
                    0.0, 
                    0.0, 
                    0.0, 
                    0.0, 
                    0.0, 
                    0.0, 
                    0.0, 
                    0.0, 
                    0.0, 
                    0.0, 
                    0.0, 
                    0.0, 
                    0.0, 
                    0.0, 
                    0.0, 
                    0.0, 
                    0.0, 
                    0.0, 
                    0.0
                ]
            ], 
            "Pressure Outlet 1002": [
                0
            ]
        }
    ], 
    "Hemodynamic Parameters_1001_ABC": [
        {
            "A": 353538322.0802753, 
            "C": -771781.0547162592, 
            "B": -3281597867471.1377
        }
    ], 
    "Flow": [
        {
            "Flow Inlet": [
                [
                    -0.00010729939427117199, 
                    -0.00010729939427117199, 
                    -0.00010729939427117199, 
                    -0.00010729939427117199, 
                    -0.00010729939427117199, 
                    -0.00010729939427117199, 
                    -0.00010729939427117199, 
                    -0.00010729939427117199, 
                    -0.00010729939427117199, 
                    -0.00010729939427117199, 
                    -0.00010729939427117199, 
                    -0.00010729939427117199, 
                    -0.00010729939427117199, 
                    -0.00010729939427117199, 
                    -0.00010729939427117199, 
                    -0.00010729939427117199, 
                    -0.00010729939427117199, 
                    -0.00010729939427117199, 
                    -0.00010729939427117199, 
                    -0.00010729939427117199, 
                    -0.00010729939427117199, 
                    -0.00010729939427117199, 
                    -0.00010729939427117199, 
                    -0.00010729939427117199, 
                    -0.00010729939427117199, 
                    -0.00010729939427117199, 
                    -0.00010729939427117199, 
                    -0.00010729939427117199, 
                    -0.00010729939427117199, 
                    -0.00010729939427117199, 
                    -0.00010729939427117199, 
                    -0.00010729939427117199, 
                    -0.00010729939427117199
                ]
            ],