{
    "Hemodynamic Parameters_1001_ABC": [
        {
            "B": 386122041124.23047, 
            "C": 6420963.809505895, 
            "A": -39181515.40261042
        }
    ], 
    "Hemodynamic Parameters_1001_AB": [
        {
            "B": -883031631663.5164, 
            "A": 92238139.4756842
        }
    ], 
    "Simulations_Parameters": [
        {
            "Time_vector": [
                0, 
                7.0
            ], 
            "Config_conditions(1:V-P-P),(2:V-V-P)": 1, 
            "AutomaticDeltaTime": true, 
            "Dt": 0.06, 
            "SolverType(1:AMGCGL,2:AMGCL_NS_Solver,3:BICGSTABSolver)": 1
        }
    ], 
    "Fluid Characteristic": [
        {
            "blood_kinematic_viscosity": 3.3333333333333333e-06, 
            "blood_dynamic_viscosity": 0.0035, 
            "blood_density": 1050.0
        }
    ], 
    "Pressures": [
        {
            "Pressure Inlet": [
                [
                    2585.8153689499254, 
                    -995.2759145996166, 
                    289.7619104645602, 
                    27.197035258175564, 
                    120.72316492597301, 
                    146.3044580497765, 
                    197.07026721049013, 
                    231.48970579937313, 
                    241.7553142952797, 
                    240.9006728837025, 
                    248.70419803723556, 
                    243.96338027321386, 
                    224.5927046172591, 
                    209.82635996081206, 
                    207.66679045835738, 
                    200.9560804471118, 
                    190.13171554840207, 
                    216.39483336914574, 
                    240.2549524098415, 
                    243.7862210449475, 
                    215.69363994144348, 
                    203.08782581248568, 
                    193.29416846408034, 
                    200.54674547211383, 
                    213.07933023398772, 
                    231.99352420847404, 
                    217.84484859815177, 
                    219.18645059909505, 
                    211.75771345541068, 
                    207.1908986588878, 
                    193.77748154299806, 
                    192.78549077916483, 
                    213.4983613797497
                ]
            ], 
            "Pressure Outlet 1001": [
                [
                    0.0, 
                    0.0, 
                    0.0, 
                    0.0, 
                    0.0, 
                    0.0, 
                    0.0, 
                    0.0, 
                    0.0, 
                    0.0, 
                    0.0, 
                    0.0, 
                    0.0, 
                    0.0, 
                    0.0, 
                    0.0, 
                    0.0, 
                    0.0, 
                    0.0, 
                    0.0, 
                    0.0, 
                    0.0, 
                    0.0, 
                    0.0, 
                    0.0, 
                    0.0, 
                    0.0, 
                    0.0, 
                    0.0, 
                    0.0, 
                    0.0, 
                    0.0, 
                    0.0
                ]
            ], 
            "Pressure Outlet 1002": [
                0
            ]
        }
    ], 
    "name": [
        "I:/PROYECTOS/ESTUDIANTES/Sergio/V3/GID\\Modelo_15_145_I.gid\\Modelo_15_145_I.json"
    ], 
    "Bifurcation: ": [
        false
    ], 
    "Time": [
        {
            "Time": [
                0.06, 
                0.11156499997061273, 
                0.16850413135285128, 
                0.23328412291084466, 
                0.304991785784643, 
                0.3842187457170058, 
                0.47460226243858983, 
                0.5814457826279673, 
                0.7098394257980674, 
                0.8644771987671044, 
                1.05090699137699, 
                1.2753119628539822, 
                1.5444722923806822, 
                1.8136326219073822, 
                2.135851975530914, 
                2.5221821659080192, 
                2.9085123562851245, 
                3.2948425466622298, 
                3.681172737039335, 
                4.067502927416441, 
                4.453833117793546, 
                4.463833117793546, 
                4.468833117793546, 
                4.70066327798774, 
                4.932510558464923, 
                5.164415892305962, 
                5.396261591078977, 
                5.628064002367312, 
                5.859940304911853, 
                6.138279149331266, 
                6.472259183058825, 
                6.806239216786384, 
                7.140219250513943
            ]
        }
    ], 
    "Flow": [
        {
            "Flow Outlet 1001": [
                [
                    0.00010139204861581822, 
                    0.00010679682480571879, 
                    0.00010668324803627657, 
                    0.00010677250249680175, 
                    0.00010677806290144915, 
                    0.00010679390928505959, 
                    0.00010679967721475967, 
                    0.00010680256609872599, 
                    0.00010680162106148667, 
                    0.00010680012411863827, 
                    0.00010679911025944939, 
                    0.00010679737035032087, 
                    0.00010679861357445472, 
                    0.0001068038317104774, 
                    0.00010679597710016998, 
                    0.00010677102395320412, 
                    0.00010673875203323371, 
                    0.00010671738215991755, 
                    0.00010670487980321378, 
                    0.00010671255222269997, 
                    0.00010671712698020883, 
                    0.00010670003722687873, 
                    0.00010668611864238787, 
                    0.00010663517621560706, 
                    0.00010669036959818326, 
                    0.00010674791569186423, 
                    0.0001067366208694871, 
                    0.0001067579986835734, 
                    0.00010682211616227654, 
                    0.00010680448202509237, 
                    0.00010674929791406544, 
                    0.00010676380699010345, 
                    0.00010673269925764326
                ]
            ],