{
    "Bifurcation: ": [
        false
    ], 
    "Hemodynamic Parameters_1001_AB": [
        {
            "B": 2135576875973.0076, 
            "A": -228409777.1875913
        }
    ], 
    "Pressures": [
        {
            "Pressure Inlet": [
                [
                    2642.3999247588495, 
                    -1050.2376579451025, 
                    286.9182728853514, 
                    -5.015124366343979, 
                    79.16560859973154, 
                    82.93435989060558, 
                    110.61532703921019, 
                    125.55637213572983, 
                    127.49492507670963, 
                    113.16570002787405, 
                    97.00179556365755, 
                    116.81726254157165, 
                    144.45347888147853, 
                    156.1867343158207, 
                    146.52832508909646, 
                    130.68437667468726, 
                    126.0063704121347, 
                    114.0386002365382, 
                    119.14488117130773, 
                    92.80795126499794, 
                    77.58553220738834, 
                    68.41952648957823, 
                    63.75600049143565, 
                    62.39548373695313, 
                    61.53056588251515, 
                    60.95975720912399, 
                    69.29358780452968, 
                    76.23460074410015, 
                    75.64824725286584, 
                    72.34060942866952, 
                    70.6489534304602, 
                    71.51073679213981, 
                    69.28472482272707, 
                    66.6973715739025, 
                    64.57162689531805, 
                    58.11550276214842, 
                    58.87597860164144, 
                    66.21571680951253, 
                    69.35905836314653, 
                    65.78133693207184, 
                    59.0541549794408
                ]
            ], 
            "Pressure Outlet 1001": [
                [
                    0.0, 
                    0.0, 
                    0.0, 
                    0.0, 
                    0.0, 
                    0.0, 
                    0.0, 
                    0.0, 
                    0.0, 
                    0.0, 
                    0.0, 
                    0.0, 
                    0.0, 
                    0.0, 
                    0.0, 
                    0.0, 
                    0.0, 
                    0.0, 
                    0.0, 
                    0.0, 
                    0.0, 
                    0.0, 
                    0.0, 
                    0.0, 
                    0.0, 
                    0.0, 
                    0.0, 
                    0.0, 
                    0.0, 
                    0.0, 
                    0.0, 
                    0.0, 
                    0.0, 
                    0.0, 
                    0.0, 
                    0.0, 
                    0.0, 
                    0.0, 
                    0.0, 
                    0.0, 
                    0.0
                ]
            ], 
            "Pressure Outlet 1002": [
                0
            ]
        }
    ], 
    "Outlet 1001": [
        {
            "Total_area_outlet": 0.0003129857551765408, 
            "Reynolds(mean)": 2036.6292636945327, 
            "Centroid": [
                2.4036718798882593e-05, 
                6.826439254075248e-05, 
                0.289990000000001
            ], 
            "Flow_outlet(peak)": 0.0001066201976625302, 
            "Reynolds(peak)": 2040.1072702716503, 
            "Diameter": 0.019962587721829687, 
            "Flow_outlet(mean)": 0.0001064384298927038, 
            "Center Node": 427
        }
    ], 
    "Hemodynamic Parameters_1001_ABC": [
        {
            "B": -2225953711312.8594, 
            "C": -3999343.1737897806, 
            "A": 238044661.86563626
        }
    ], 
    "Time": [
        {
            "Time": [
                0.06, 
                0.11862272047361122, 
                0.18353435354367964, 
                0.2582635022044132, 
                0.3423998486966341, 
                0.4369729357231388, 
                0.5466785149088638, 
                0.6773333515772827, 
                0.8338818715245222, 
                1.0217622588844983, 
                1.2096426462444745, 
                1.3975230336044506, 
                1.608499974093664, 
                1.8194769145828775, 
                2.0904107817975004, 
                2.415533096718938, 
                2.425533096718938, 
                2.430533096718938, 
                2.625550359271725, 
                2.820567621824512, 
                3.015584884377299, 
                3.210602146930086, 
                3.405619409482873, 
                3.60063667203566, 
                3.7956539345884472, 
                3.9906711971412343, 
                4.185688459694021, 
                4.380705722246809, 
                4.575722984799596, 
                4.770740247352384, 
                4.965757509905171, 
                5.160774772457959, 
                5.3512135159199525, 
                5.546289108859175, 
                5.741365038693735, 
                5.936441212062745, 
                6.131517566634354, 
                6.365609387894163, 
                6.599701209153972, 
                6.833793030413781, 
                7.06788485167359
            ]
        }
    ], 
    "Simulations_Parameters": [
        {
            "SolverType(1:AMGCGL,2:AMGCL_NS_Solver,3:BICGSTABSolver)": 1, 
            "AutomaticDeltaTime": true, 
            "Config_conditions(1:V-P-P),(2:V-V-P)": 1, 
            "Dt": 0.06, 
            "Time_vector": [
                0, 
                7.0
            ]
        }
    ],