{
    "Hemodynamic Parameters_1001_ABC": [
        {
            "A": -9062556.1251055, 
            "C": -24101850.678060085, 
            "B": 90456362404.07666
        }
    ], 
    "Hemodynamic Parameters_1001_AB": [
        {
            "A": -21849216.232996967, 
            "B": 199360615773.3737
        }
    ], 
    "name": [
        "I:/PROYECTOS/ESTUDIANTES/Sergio/V3/GID/berga\\Modelo_19_170.gid\\Modelo_19_170.json"
    ], 
    "Outlet 1001": [
        {
            "Diameter": 0.019962588749112914, 
            "Center Node": 416, 
            "Flow_outlet(peak)": 0.00010683164740374104, 
            "Total_area_outlet": 0.00031298578738930095, 
            "Reynolds(mean)": 2038.5440706215657, 
            "Flow_outlet(mean)": 0.00010653850711949606, 
            "Reynolds(peak)": 2044.153116631922, 
            "Centroid": [
                6.215379717078656e-05, 
                5.614083298509638e-05, 
                0.25
            ]
        }
    ], 
    "Flow": [
        {
            "Flow Inlet": [
                [
                    -0.00010683694751388581, 
                    -0.00010683694751388581, 
                    -0.00010683694751388581, 
                    -0.00010683694751388581, 
                    -0.00010683694751388581, 
                    -0.00010683694751388581, 
                    -0.00010683694751388581, 
                    -0.00010683694751388581, 
                    -0.00010683694751388581, 
                    -0.00010683694751388581, 
                    -0.00010683694751388581, 
                    -0.00010683694751388581, 
                    -0.00010683694751388581, 
                    -0.00010683694751388581, 
                    -0.00010683694751388581, 
                    -0.00010683694751388581, 
                    -0.00010683694751388581, 
                    -0.00010683694751388581, 
                    -0.00010683694751388581, 
                    -0.00010683694751388581, 
                    -0.00010683694751388581, 
                    -0.00010683694751388581, 
                    -0.00010683694751388581, 
                    -0.00010683694751388581, 
                    -0.00010683694751388581, 
                    -0.00010683694751388581, 
                    -0.00010683694751388581, 
                    -0.00010683694751388581, 
                    -0.00010683694751388581, 
                    -0.00010683694751388581, 
                    -0.00010683694751388581, 
                    -0.00010683694751388581, 
                    -0.00010683694751388581, 
                    -0.00010683694751388581, 
                    -0.00010683694751388581, 
                    -0.00010683694751388581, 
                    -0.00010683694751388581, 
                    -0.00010683694751388581
                ]
            ], 
            "Flow Outlet 1001": [
                [
                    0.0001011523854993207, 
                    0.00010683164740374104, 
                    0.00010661596680392065, 
                    0.00010670741925599244, 
                    0.00010669294938734157, 
                    0.00010669772632599694, 
                    0.00010669381172237382, 
                    0.0001066957741015835, 
                    0.00010670540059679517, 
                    0.00010671860682758344, 
                    0.00010671490639550564, 
                    0.00010669873442146987, 
                    0.00010668037085258984, 
                    0.00010665582753387031, 
                    0.00010664497282957322, 
                    0.00010663020616654597, 
                    0.00010657242368497195, 
                    0.00010656617653249085, 
                    0.00010664709636800378, 
                    0.00010664784272479465, 
                    0.00010664799157234559, 
                    0.0001066506320402672, 
                    0.00010665254915114354, 
                    0.00010668496351345595, 
                    0.00010671289276441866, 
                    0.0001067353093663007, 
                    0.00010674209657426889, 
                    0.00010672630775454081, 
                    0.00010669517407082616, 
                    0.00010666700323953562, 
                    0.00010667408837534124, 
                    0.0001066887095973419, 
                    0.00010670780710820771, 
                    0.00010671343864328805, 
                    0.00010670984863236719, 
                    0.00010670355316601836, 
                    0.00010669094195553774, 
                    0.00010668971758117926
                ]
            ], 
            "Flow Outlet 1002": [
                0
            ]
        }
    ], 
    "Time": [
        {
            "Time": [
                0.06, 
                0.17833488651615012, 
                0.2994623565172533, 
                0.4301664649874424, 
                0.564147715650164, 
                0.7025012873553289, 
                0.8510349824688825, 
                1.0250665342382432, 
                1.199098086007604, 
                1.4246768358016015, 
                1.6502555855955992, 
                1.8758343353895968, 
                2.1014130851835944, 
                2.326991834977592, 
                2.591363333236512, 
                2.9030218860003076, 
                3.274371194505367, 
                3.724107260637121, 
                4.173843326768875, 
                4.183843326768875, 
                4.1888433267688745, 
                4.198843326768874, 
                4.203843326768874, 
                4.315433782990705, 
                4.427913866768296, 
                4.540901545002033, 
                4.6549111531300555, 
                4.767408075598631, 
                4.879725898744154, 
                5.014570171674287, 
                5.180811705518089, 
                5.382027134183748, 
                5.6231893093286835, 
                5.906239303128262, 
                6.189289296927841, 
                6.47233929072742, 
                6.7553892845269985, 
                7.038439278326577
            ]
        }
    ], 
    "Pressures": [
        {
            "Pressure Outlet 1001": [
                [
                    0.0, 
                    0.0, 
                    0.0, 
                    0.0, 
                    0.0, 
                    0.0, 
                    0.0, 
                    0.0, 
                    0.0, 
                    0.0, 
                    0.0, 
                    0.0, 
                    0.0, 
                    0.0, 
                    0.0, 
                    0.0, 
                    0.0, 
                    0.0, 
                    0.0, 
                    0.0, 
                    0.0, 
                    0.0, 
                    0.0, 
                    0.0, 
                    0.0, 
                    0.0, 
                    0.0, 
                    0.0, 
                    0.0, 
                    0.0, 
                    0.0, 
                    0.0, 
                    0.0, 
                    0.0, 
                    0.0, 
                    0.0, 
                    0.0, 
                    0.0
                ]
            ],