{
    "Hemodynamic Parameters_1001_ABC": [
        {
            "B": -12913827363654.428, 
            "C": -11571352.560769007, 
            "A": 828317733.2167116
        }
    ], 
    "Flow": [
        {
            "Flow Outlet 1002": [
                0
            ], 
            "Flow Outlet 1001": [
                [
                    6.020745765765064e-05, 
                    6.42854986026852e-05, 
                    6.404520093682946e-05, 
                    6.412019327077895e-05, 
                    6.410445595095429e-05, 
                    6.41131423943805e-05, 
                    6.411160105847107e-05, 
                    6.411068976529072e-05, 
                    6.410995685969512e-05, 
                    6.411114642250315e-05, 
                    6.411393962564253e-05, 
                    6.411671653169291e-05, 
                    6.411695061721244e-05, 
                    6.411506271079629e-05, 
                    6.411832196984666e-05, 
                    6.411757515816972e-05, 
                    6.411687208447688e-05, 
                    6.411598165721774e-05, 
                    6.411518066614671e-05, 
                    6.411513090031658e-05, 
                    6.411592629532837e-05, 
                    6.411671494602078e-05, 
                    6.411660419530961e-05, 
                    6.411564385642237e-05, 
                    6.411441547400456e-05, 
                    6.411358082728383e-05, 
                    6.411369627471826e-05, 
                    6.41144525795821e-05, 
                    6.411487843051088e-05, 
                    6.411476492008924e-05, 
                    6.411453992795855e-05, 
                    6.411452730137721e-05, 
                    6.411483783163906e-05, 
                    6.411534475863594e-05, 
                    6.411580081921145e-05, 
                    6.411606920584568e-05, 
                    6.411615235331147e-05
                ]
            ], 
            "Flow Inlet": [
                [
                    -6.417613880681331e-05, 
                    -6.417613880681331e-05, 
                    -6.417613880681331e-05, 
                    -6.417613880681331e-05, 
                    -6.417613880681331e-05, 
                    -6.417613880681331e-05, 
                    -6.417613880681331e-05, 
                    -6.417613880681331e-05, 
                    -6.417613880681331e-05, 
                    -6.417613880681331e-05, 
                    -6.417613880681331e-05, 
                    -6.417613880681331e-05, 
                    -6.417613880681331e-05, 
                    -6.417613880681331e-05, 
                    -6.417613880681331e-05, 
                    -6.417613880681331e-05, 
                    -6.417613880681331e-05, 
                    -6.417613880681331e-05, 
                    -6.417613880681331e-05, 
                    -6.417613880681331e-05, 
                    -6.417613880681331e-05, 
                    -6.417613880681331e-05, 
                    -6.417613880681331e-05, 
                    -6.417613880681331e-05, 
                    -6.417613880681331e-05, 
                    -6.417613880681331e-05, 
                    -6.417613880681331e-05, 
                    -6.417613880681331e-05, 
                    -6.417613880681331e-05, 
                    -6.417613880681331e-05, 
                    -6.417613880681331e-05, 
                    -6.417613880681331e-05, 
                    -6.417613880681331e-05, 
                    -6.417613880681331e-05, 
                    -6.417613880681331e-05, 
                    -6.417613880681331e-05, 
                    -6.417613880681331e-05
                ]
            ]
        }
    ], 
    "Hemodynamic Parameters_1001_AB": [
        {
            "B": 11035535143219.4, 
            "A": -707892993.0898778
        }
    ], 
    "Pressures": [
        {
            "Pressure Outlet 1002": [
                0
            ], 
            "Pressure Outlet 1001": [
                [
                    0.0, 
                    0.0, 
                    0.0, 
                    0.0, 
                    0.0, 
                    0.0, 
                    0.0, 
                    0.0, 
                    0.0, 
                    0.0, 
                    0.0, 
                    0.0, 
                    0.0, 
                    0.0, 
                    0.0, 
                    0.0, 
                    0.0, 
                    0.0, 
                    0.0, 
                    0.0, 
                    0.0, 
                    0.0, 
                    0.0, 
                    0.0, 
                    0.0, 
                    0.0, 
                    0.0, 
                    0.0, 
                    0.0, 
                    0.0, 
                    0.0, 
                    0.0, 
                    0.0, 
                    0.0, 
                    0.0, 
                    0.0, 
                    0.0
                ]
            ], 
            "Pressure Inlet": [
                [
                    1657.3429018936233, 
                    -710.5309240742522, 
                    189.40221680456358, 
                    -18.39132260990799, 
                    36.93222729316768, 
                    32.19381678441993, 
                    41.47378245113668, 
                    39.07724976528284, 
                    28.326498572978593, 
                    18.390321635405186, 
                    19.279181415253905, 
                    23.416942234282835, 
                    27.129002264586997, 
                    23.130577544018998, 
                    24.045610788098944, 
                    21.158966537641064, 
                    20.167366080159383, 
                    21.425467218030672, 
                    23.047585940931405, 
                    23.39665061495097, 
                    22.722419889463122, 
                    22.04641606147687, 
                    21.834835837103405, 
                    21.80111211520299, 
                    21.492998588586424, 
                    20.912171790069117, 
                    20.529607571419017, 
                    20.65190128182977, 
                    20.99287840037963, 
                    21.102813626077896, 
                    20.914575348640074, 
                    20.690636243051785, 
                    20.668574827235044, 
                    20.806429041110302, 
                    20.882467830834674, 
                    20.798027480471855, 
                    20.664972988112925
                ]
            ]
        }
    ], 
    "Bifurcation: ": [
        false
    ],