{
    "Flow": [
        {
            "Flow Inlet": [
                [
                    -6.414298419695948e-05, 
                    -6.414298419695948e-05, 
                    -6.414298419695948e-05, 
                    -6.414298419695948e-05, 
                    -6.414298419695948e-05, 
                    -6.414298419695948e-05, 
                    -6.414298419695948e-05, 
                    -6.414298419695948e-05, 
                    -6.414298419695948e-05, 
                    -6.414298419695948e-05, 
                    -6.414298419695948e-05, 
                    -6.414298419695948e-05, 
                    -6.414298419695948e-05, 
                    -6.414298419695948e-05, 
                    -6.414298419695948e-05, 
                    -6.414298419695948e-05, 
                    -6.414298419695948e-05, 
                    -6.414298419695948e-05, 
                    -6.414298419695948e-05, 
                    -6.414298419695948e-05, 
                    -6.414298419695948e-05
                ]
            ], 
            "Flow Outlet 1002": [
                0
            ], 
            "Flow Outlet 1001": [
                [
                    6.039267381319133e-05, 
                    6.412582973334964e-05, 
                    6.393324341896828e-05, 
                    6.402734658529589e-05, 
                    6.402555337178356e-05, 
                    6.404324929910824e-05, 
                    6.404866845850186e-05, 
                    6.405093363301558e-05, 
                    6.405019427558095e-05, 
                    6.405147683132663e-05, 
                    6.405555409648118e-05, 
                    6.405196432627549e-05, 
                    6.402408948209701e-05, 
                    6.397795343523907e-05, 
                    6.396255881510103e-05, 
                    6.402043837916869e-05, 
                    6.40388979628881e-05, 
                    6.403724144464678e-05, 
                    6.403311658622502e-05, 
                    6.404701114869044e-05, 
                    6.407336485133051e-05
                ]
            ]
        }
    ], 
    "Bifurcation: ": [
        false
    ], 
    "Fluid Characteristic": [
        {
            "blood_dynamic_viscosity": 0.0035, 
            "blood_density": 1050.0, 
            "blood_kinematic_viscosity": 3.3333333333333333e-06
        }
    ], 
    "Pressures": [
        {
            "Pressure Outlet 1002": [
                0
            ], 
            "Pressure Outlet 1001": [
                [
                    0.0, 
                    0.0, 
                    0.0, 
                    0.0, 
                    0.0, 
                    0.0, 
                    0.0, 
                    0.0, 
                    0.0, 
                    0.0, 
                    0.0, 
                    0.0, 
                    0.0, 
                    0.0, 
                    0.0, 
                    0.0, 
                    0.0, 
                    0.0, 
                    0.0, 
                    0.0, 
                    0.0
                ]
            ], 
            "Pressure Inlet": [
                [
                    1836.0178558605235, 
                    -771.7648206709501, 
                    205.74755312366418, 
                    -17.189526388262127, 
                    39.40654420498322, 
                    32.19012823435731, 
                    41.30413410219499, 
                    42.47632255640959, 
                    34.791599986817815, 
                    25.844165693795315, 
                    35.05447071559837, 
                    44.79116186268189, 
                    46.0790899937068, 
                    41.22647715611542, 
                    32.21837337565369, 
                    33.12452117811535, 
                    35.90866469359733, 
                    32.452006612656504, 
                    27.32808263872188, 
                    23.676209091732336, 
                    24.92691637824225
                ]
            ]
        }
    ], 
    "name": [
        "I:/PROYECTOS/ESTUDIANTES/Sergio/V1/GID\\Modelo_1_170.gid\\Modelo_1_170.json"
    ], 
    "Hemodynamic Parameters_1001_AB": [
        {
            "A": -50338304.04901777, 
            "B": 777603886027.0166
        }
    ], 
    "Time": [
        {
            "Time": [
                0.05, 
                0.13398644175006344, 
                0.22816573911747245, 
                0.3323070173964514, 
                0.44622913447951473, 
                0.5763006902678548, 
                0.730258529513834, 
                0.9144571027878867, 
                1.135594259756236, 
                1.4013027633100341, 
                1.7202082416572912, 
                2.0391137200045484, 
                2.4217793656606736, 
                2.8809798035640353, 
                3.432021078417879, 
                4.093269478844122, 
                4.754517879270365, 
                5.415766279696608, 
                6.077014680122851, 
                6.7382630805490935, 
                7.399511480975336
            ]
        }
    ], 
    "Simulations_Parameters": [
        {
            "AutomaticDeltaTime": true, 
            "Time_vector": [
                0, 
                7.0
            ], 
            "Dt": 0.05, 
            "SolverType(1:AMGCGL,2:AMGCL_NS_Solver,3:BICGSTABSolver)": 1, 
            "Config_conditions(1:V-P-P),(2:V-V-P)": 1
        }
    ], 
    "Hemodynamic Parameters_1001_ABC": [
        {
            "A": 54457157.74900141, 
            "C": 6807527.489263497, 
            "B": -842023694277.5869
        }
    ], 
    "Outlet 1001": [
        {
            "Total_area_outlet": 0.0003129857551765408, 
            "Diameter": 0.019962587721829687, 
            "Reynolds(mean)": 1221.929397352753, 
            "Flow_outlet(peak)": 6.412582973334964e-05, 
            "Flow_outlet(mean)": 6.386054094991739e-05, 
            "Reynolds(peak)": 1227.005523524594, 
            "Centroid": [
                2.4036718799441194e-05, 
                6.826439254019365e-05, 
                0.25
            ], 
            "Center Node": 410
        }
    ], 
    "Inlet": [
        {
            "Reynolds(peak)": -1227.3278661623206, 
            "Diameter": 0.01996268363257169, 
            "Reynolds(mean)": -1227.3278661623206, 
            "Total_area_inlet": 0.00031298876267923, 
            "Flow_inlet(mean)": -6.414298419695948e-05, 
            "Parabolic": true, 
            "Flow_inlet(peak)": -6.414298419695948e-05, 
            "Centroid": [
                -0.00010319409110340905, 
                -2.6215637677039877e-05, 
                -0.031420356708522716
            ], 
            "Center Node": 67485
        }
    ]
}