{
    "Hemodynamic Parameters_1001_AB": [
        {
            "B": -1949424097419.822, 
            "A": 123519967.26416098
        }
    ], 
    "Fluid Characteristic": [
        {
            "blood_dynamic_viscosity": 0.0035, 
            "blood_kinematic_viscosity": 3.3333333333333333e-06, 
            "blood_density": 1050.0
        }
    ], 
    "Pressures": [
        {
            "Pressure Outlet 1001": [
                [
                    0.0, 
                    0.0, 
                    0.0, 
                    0.0, 
                    0.0, 
                    0.0, 
                    0.0, 
                    0.0, 
                    0.0, 
                    0.0, 
                    0.0, 
                    0.0, 
                    0.0, 
                    0.0, 
                    0.0, 
                    0.0, 
                    0.0, 
                    0.0, 
                    0.0, 
                    0.0, 
                    0.0, 
                    0.0, 
                    0.0, 
                    0.0, 
                    0.0, 
                    0.0
                ]
            ], 
            "Pressure Outlet 1002": [
                0
            ], 
            "Pressure Inlet": [
                [
                    1779.9755009091202, 
                    -756.1891664530905, 
                    213.27040742739104, 
                    -2.3516840742820255, 
                    65.9912756699119, 
                    71.46591698013836, 
                    88.40528444164619, 
                    93.00117779810542, 
                    93.00900774781852, 
                    91.42151867099615, 
                    91.90927903353457, 
                    90.83099979319702, 
                    84.3020915650893, 
                    83.58688146894787, 
                    93.16357038677044, 
                    92.33936824304901, 
                    88.38212839926668, 
                    81.69877562526614, 
                    79.41729085109017, 
                    86.16890232604337, 
                    91.95543206005185, 
                    95.02252360595068, 
                    93.76447077491936, 
                    86.86777016050665, 
                    77.50275004267678, 
                    82.38119308221052
                ]
            ]
        }
    ], 
    "Flow": [
        {
            "Flow Inlet": [
                [
                    -6.415661980814066e-05, 
                    -6.415661980814066e-05, 
                    -6.415661980814066e-05, 
                    -6.415661980814066e-05, 
                    -6.415661980814066e-05, 
                    -6.415661980814066e-05, 
                    -6.415661980814066e-05, 
                    -6.415661980814066e-05, 
                    -6.415661980814066e-05, 
                    -6.415661980814066e-05, 
                    -6.415661980814066e-05, 
                    -6.415661980814066e-05, 
                    -6.415661980814066e-05, 
                    -6.415661980814066e-05, 
                    -6.415661980814066e-05, 
                    -6.415661980814066e-05, 
                    -6.415661980814066e-05, 
                    -6.415661980814066e-05, 
                    -6.415661980814066e-05, 
                    -6.415661980814066e-05, 
                    -6.415661980814066e-05, 
                    -6.415661980814066e-05, 
                    -6.415661980814066e-05, 
                    -6.415661980814066e-05, 
                    -6.415661980814066e-05, 
                    -6.415661980814066e-05
                ]
            ], 
            "Flow Outlet 1001": [
                [
                    6.044831483894445e-05, 
                    6.422208056175925e-05, 
                    6.399006806682822e-05, 
                    6.408422291952868e-05, 
                    6.407111967448402e-05, 
                    6.408004659291637e-05, 
                    6.407859792460595e-05, 
                    6.407785921276463e-05, 
                    6.407679502978098e-05, 
                    6.407652524202425e-05, 
                    6.4075967637644e-05, 
                    6.407228962606845e-05, 
                    6.406436602716344e-05, 
                    6.406300870439112e-05, 
                    6.406075292841748e-05, 
                    6.405803773170057e-05, 
                    6.40475736856208e-05, 
                    6.404208575472916e-05, 
                    6.403942247973929e-05, 
                    6.403949484767563e-05, 
                    6.405655358303562e-05, 
                    6.406781863747809e-05, 
                    6.406456324366316e-05, 
                    6.405357950483544e-05, 
                    6.405266403589149e-05, 
                    6.40662338819793e-05
                ]
            ], 
            "Flow Outlet 1002": [
                0
            ]
        }
    ], 
    "Inlet": [
        {
            "Total_area_inlet": 0.00031298876267923, 
            "Parabolic": true, 
            "Center Node": 165776, 
            "Reynolds(mean)": -1227.5887733493548, 
            "Flow_inlet(peak)": -6.415661980814066e-05, 
            "Reynolds(peak)": -1227.5887733493548, 
            "Diameter": 0.01996268363257169, 
            "Centroid": [
                -0.00010319409110340905, 
                -2.6215637677039877e-05, 
                -0.031420356708522716
            ], 
            "Flow_inlet(mean)": -6.415661980814066e-05
        }
    ], 
    "Hemodynamic Parameters_1001_ABC": [
        {
            "C": 139489451.2265672, 
            "B": 1069906209535.9102, 
            "A": -67164463.33095154
        }
    ], 
    "Bifurcation: ": [
        false
    ], 
    "Simulations_Parameters": [
        {
            "Dt": 0.05, 
            "AutomaticDeltaTime": true, 
            "Config_conditions(1:V-P-P),(2:V-V-P)": 1, 
            "Time_vector": [
                0, 
                7.0
            ], 
            "SolverType(1:AMGCGL,2:AMGCL_NS_Solver,3:BICGSTABSolver)": 1
        }
    ], 
    "Time": [
        {
            "Time": [
                0.05, 
                0.1535479478984938, 
                0.2633668955144781, 
                0.3885685425934968, 
                0.5329353319454717, 
                0.7023993979674716, 
                0.8918609891231856, 
                1.1196513385357778, 
                1.3780594433158397, 
                1.681632780379061, 
                2.0570085286728306, 
                2.491709040464099, 
                2.9967163221161073, 
                3.3520346723001646, 
                3.5296938473921933, 
                3.7971669238856465, 
                4.068853475543307, 
                4.342562542984401, 
                4.6084478079347155, 
                4.874547306378396, 
                5.139599349119962, 
                5.463174728398928, 
                5.854883526860284, 
                6.317908360461815, 
                6.8676195931211454, 
                7.417330825780476
            ]
        }
    ], 
    "Outlet 1001": [
        {
            "Total_area_outlet": 0.0003129857551833543, 
            "Flow_outlet(mean)": 6.392807855283346e-05, 
            "Center Node": 435, 
            "Reynolds(mean)": 1223.2216848960788, 
            "Flow_outlet(peak)": 6.422208056175925e-05, 
            "Reynolds(peak)": 1228.8472197293183, 
            "Diameter": 0.019962587722046975, 
            "Centroid": [
                1.2343161578888893e-05, 
                9.51377092105258e-05, 
                0.26997999999999905
            ]
        }
    ],