{
    "Bifurcation: ": [
        false
    ], 
    "Outlet 1001": [
        {
            "Reynolds(peak)": 1229.3096712382116, 
            "Diameter": 0.019962587721366786, 
            "Center Node": 427, 
            "Total_area_outlet": 0.00031298575516202547, 
            "Flow_outlet(peak)": 6.424624922560384e-05, 
            "Flow_outlet(mean)": 6.398273557440886e-05, 
            "Centroid": [
                2.1132281722222204e-05, 
                0.00012032486198441406, 
                0.26997999999999905
            ], 
            "Reynolds(mean)": 1224.2675110526457
        }
    ], 
    "Flow": [
        {
            "Flow Inlet": [
                [
                    -6.417954811247512e-05, 
                    -6.417954811247512e-05, 
                    -6.417954811247512e-05, 
                    -6.417954811247512e-05, 
                    -6.417954811247512e-05, 
                    -6.417954811247512e-05, 
                    -6.417954811247512e-05, 
                    -6.417954811247512e-05, 
                    -6.417954811247512e-05, 
                    -6.417954811247512e-05, 
                    -6.417954811247512e-05, 
                    -6.417954811247512e-05, 
                    -6.417954811247512e-05, 
                    -6.417954811247512e-05, 
                    -6.417954811247512e-05, 
                    -6.417954811247512e-05, 
                    -6.417954811247512e-05, 
                    -6.417954811247512e-05, 
                    -6.417954811247512e-05, 
                    -6.417954811247512e-05, 
                    -6.417954811247512e-05, 
                    -6.417954811247512e-05, 
                    -6.417954811247512e-05, 
                    -6.417954811247512e-05, 
                    -6.417954811247512e-05, 
                    -6.417954811247512e-05, 
                    -6.417954811247512e-05, 
                    -6.417954811247512e-05, 
                    -6.417954811247512e-05, 
                    -6.417954811247512e-05
                ]
            ], 
            "Flow Outlet 1002": [
                0
            ], 
            "Flow Outlet 1001": [
                [
                    6.043138302403912e-05, 
                    6.424624922560384e-05, 
                    6.402604189665065e-05, 
                    6.411168980692322e-05, 
                    6.410012845015065e-05, 
                    6.411066965335303e-05, 
                    6.411103015204796e-05, 
                    6.411052039715489e-05, 
                    6.410855535981677e-05, 
                    6.410744191775165e-05, 
                    6.410835271938036e-05, 
                    6.41110699124101e-05, 
                    6.411260976133952e-05, 
                    6.411048093761076e-05, 
                    6.410553027149155e-05, 
                    6.409652112785191e-05, 
                    6.409136714274156e-05, 
                    6.41019810887511e-05, 
                    6.410291704737851e-05, 
                    6.41016037476433e-05, 
                    6.411098146916459e-05, 
                    6.409053152303565e-05, 
                    6.406195182487827e-05, 
                    6.406665540580815e-05, 
                    6.40867216754556e-05, 
                    6.410050778119323e-05, 
                    6.411247567288704e-05, 
                    6.411983173149779e-05, 
                    6.411458678433052e-05, 
                    6.411167972392454e-05
                ]
            ]
        }
    ], 
    "Hemodynamic Parameters_1001_ABC": [
        {
            "C": -14430022.154148005, 
            "B": 2342861660264.4604, 
            "A": -149607143.3993302
        }
    ], 
    "Hemodynamic Parameters_1001_AB": [
        {
            "B": -2075600625292.597, 
            "A": 132474279.96663669
        }
    ], 
    "name": [
        "I:/PROYECTOS/ESTUDIANTES/Sergio/V1/GID\\Modelo_22_170.gid\\Modelo_22_170.json"
    ], 
    "Pressures": [
        {
            "Pressure Inlet": [
                [
                    1772.971934197845, 
                    -742.5896305981303, 
                    198.7902363932692, 
                    -14.142170762202216, 
                    42.282960346377514, 
                    38.9552240602388, 
                    51.01211522102913, 
                    55.037852134332525, 
                    53.17785666611104, 
                    42.7492324064896, 
                    29.950752940373796, 
                    33.46343958750755, 
                    42.082124050454205, 
                    43.047042098955664, 
                    38.68306945879376, 
                    33.99638535054148, 
                    36.33516032209034, 
                    37.03512525472868, 
                    41.22329899353784, 
                    34.18720822239145, 
                    41.31238823304653, 
                    39.22986843354684, 
                    34.113328032941574, 
                    29.72726146922662, 
                    27.49202869412344, 
                    27.227662960116785, 
                    28.119143285357588, 
                    29.282093562348557, 
                    29.34200179856217, 
                    29.187666782849973
                ]
            ], 
            "Pressure Outlet 1002": [
                0
            ], 
            "Pressure Outlet 1001": [
                [
                    0.0, 
                    0.0, 
                    0.0, 
                    0.0, 
                    0.0, 
                    0.0, 
                    0.0, 
                    0.0, 
                    0.0, 
                    0.0, 
                    0.0, 
                    0.0, 
                    0.0, 
                    0.0, 
                    0.0, 
                    0.0, 
                    0.0, 
                    0.0, 
                    0.0, 
                    0.0, 
                    0.0, 
                    0.0, 
                    0.0, 
                    0.0, 
                    0.0, 
                    0.0, 
                    0.0, 
                    0.0, 
                    0.0, 
                    0.0
                ]
            ]
        }
    ], 
    "Inlet": [
        {
            "Reynolds(peak)": -1228.027489246126, 
            "Diameter": 0.01996268363257169, 
            "Parabolic": true, 
            "Center Node": 165131, 
            "Total_area_inlet": 0.00031298876267923, 
            "Centroid": [
                -0.00010319409110340905, 
                -2.6215637677039877e-05, 
                -0.031420356708522716
            ], 
            "Flow_inlet(mean)": -6.417954811247512e-05, 
            "Reynolds(mean)": -1228.027489246126, 
            "Flow_inlet(peak)": -6.417954811247512e-05
        }
    ],