{
    "Simulations_Parameters": [
        {
            "SolverType(1:AMGCGL,2:AMGCL_NS_Solver,3:BICGSTABSolver)": 1, 
            "AutomaticDeltaTime": true, 
            "Time_vector": [
                0, 
                7.0
            ], 
            "Config_conditions(1:V-P-P),(2:V-V-P)": 1, 
            "Dt": 0.05
        }
    ], 
    "Flow": [
        {
            "Flow Outlet 1002": [
                0
            ], 
            "Flow Outlet 1001": [
                [
                    6.062926765481595e-05, 
                    6.433834396300534e-05, 
                    6.408993852119799e-05, 
                    6.41791716949217e-05, 
                    6.416581187771063e-05, 
                    6.417696259893718e-05, 
                    6.417702342813966e-05, 
                    6.417698655179263e-05, 
                    6.417604388487149e-05, 
                    6.417607751927345e-05, 
                    6.417383064141533e-05, 
                    6.416373650350594e-05, 
                    6.41617459144062e-05, 
                    6.41724106967398e-05, 
                    6.416035138932067e-05, 
                    6.414512404397852e-05, 
                    6.414283561099551e-05, 
                    6.415610286859342e-05, 
                    6.415530102722388e-05, 
                    6.415213277985943e-05, 
                    6.415795130251245e-05, 
                    6.413805197851173e-05, 
                    6.41235445987805e-05, 
                    6.413642246806339e-05, 
                    6.415469741717102e-05, 
                    6.415908962610545e-05
                ]
            ], 
            "Flow Inlet": [
                [
                    -6.425189001787428e-05, 
                    -6.425189001787428e-05, 
                    -6.425189001787428e-05, 
                    -6.425189001787428e-05, 
                    -6.425189001787428e-05, 
                    -6.425189001787428e-05, 
                    -6.425189001787428e-05, 
                    -6.425189001787428e-05, 
                    -6.425189001787428e-05, 
                    -6.425189001787428e-05, 
                    -6.425189001787428e-05, 
                    -6.425189001787428e-05, 
                    -6.425189001787428e-05, 
                    -6.425189001787428e-05, 
                    -6.425189001787428e-05, 
                    -6.425189001787428e-05, 
                    -6.425189001787428e-05, 
                    -6.425189001787428e-05, 
                    -6.425189001787428e-05, 
                    -6.425189001787428e-05, 
                    -6.425189001787428e-05, 
                    -6.425189001787428e-05, 
                    -6.425189001787428e-05, 
                    -6.425189001787428e-05, 
                    -6.425189001787428e-05, 
                    -6.425189001787428e-05
                ]
            ]
        }
    ], 
    "Inlet": [
        {
            "Center Node": 77701, 
            "Flow_inlet(peak)": -6.425189001787428e-05, 
            "Parabolic": true, 
            "Centroid": [
                -0.00010319409110340905, 
                -2.6215637677039877e-05, 
                -0.031420356708522716
            ], 
            "Reynolds(peak)": -1229.4116973165678, 
            "Flow_inlet(mean)": -6.425189001787428e-05, 
            "Reynolds(mean)": -1229.4116973165678, 
            "Diameter": 0.01996268363257169, 
            "Total_area_inlet": 0.00031298876267923
        }
    ], 
    "Outlet 1001": [
        {
            "Center Node": 394, 
            "Total_area_outlet": 0.00031298575517654044, 
            "Centroid": [
                7.05755534888268e-05, 
                0.0001495529299346057, 
                0.26997999999999905
            ], 
            "Reynolds(peak)": 1231.071843363253, 
            "Flow_outlet(peak)": 6.433834396300534e-05, 
            "Flow_outlet(mean)": 6.402842140622497e-05, 
            "Reynolds(mean)": 1225.141679330824, 
            "Diameter": 0.019962587721829676
        }
    ], 
    "name": [
        "I:/PROYECTOS/ESTUDIANTES/Sergio/V1/GID\\Modelo_5_120_I.gid\\Modelo_5_120_I.json"
    ], 
    "Pressures": [
        {
            "Pressure Outlet 1002": [
                0
            ], 
            "Pressure Inlet": [
                [
                    1982.8093814784347, 
                    -837.3785413031245, 
                    246.75657104496617, 
                    10.671448207607561, 
                    91.66403769804656, 
                    97.50250139770094, 
                    116.06797184124063, 
                    123.63598029631247, 
                    126.06142818863825, 
                    124.59071745338254, 
                    121.67050073300167, 
                    121.80920932017631, 
                    124.81520634053598, 
                    114.53617516762476, 
                    105.44733799961104, 
                    111.19111220344821, 
                    121.0349612131185, 
                    129.2364310961151, 
                    136.41208645891547, 
                    126.4588511393303, 
                    131.54132908390878, 
                    119.34249381617352, 
                    111.91806467445556, 
                    118.3608655224601, 
                    123.40764583345388, 
                    128.48280572622227
                ]
            ], 
            "Pressure Outlet 1001": [
                [
                    0.0, 
                    0.0, 
                    0.0, 
                    0.0, 
                    0.0, 
                    0.0, 
                    0.0, 
                    0.0, 
                    0.0, 
                    0.0, 
                    0.0, 
                    0.0, 
                    0.0, 
                    0.0, 
                    0.0, 
                    0.0, 
                    0.0, 
                    0.0, 
                    0.0, 
                    0.0, 
                    0.0, 
                    0.0, 
                    0.0, 
                    0.0, 
                    0.0, 
                    0.0
                ]
            ]
        }
    ], 
    "Bifurcation: ": [
        false
    ], 
    "Hemodynamic Parameters_1001_AB": [
        {
            "B": -10566042432.985413, 
            "A": -1202488.8064463008
        }
    ], 
    "Hemodynamic Parameters_1001_ABC": [
        {
            "B": 154129221910.3208, 
            "C": -10668645.815234512, 
            "A": -8014657.462401181
        }
    ], 
    "Time": [
        {
            "Time": [
                0.05, 
                0.15424434947546933, 
                0.26735287945453556, 
                0.39848470387742285, 
                0.5430247225008986, 
                0.702120699705231, 
                0.8793821559436679, 
                1.0800197863957857, 
                1.3260281395101348, 
                1.5933199111283451, 
                1.8966854749166524, 
                2.2000510387049594, 
                2.6463146752167237, 
                3.092578311728488, 
                3.538841948240252, 
                4.112209738718792, 
                4.685577529197332, 
                5.324710450032364, 
                5.334710450032364, 
                5.3397104500323636, 
                5.6636001656703, 
                5.978259086935106, 
                6.268802134218845, 
                6.609975334135919, 
                6.912250670552961, 
                7.255840753294507
            ]
        }
    ], 
    "Fluid Characteristic": [
        {
            "blood_kinematic_viscosity": 3.3333333333333333e-06, 
            "blood_dynamic_viscosity": 0.0035, 
            "blood_density": 1050.0
        }
    ]
}