{
    "Fluid Characteristic": [
        {
            "blood_density": 1050.0, 
            "blood_kinematic_viscosity": 3.3333333333333333e-06, 
            "blood_dynamic_viscosity": 0.0035
        }
    ], 
    "Hemodynamic Parameters_1001_AB": [
        {
            "A": -37039099.92041091, 
            "B": 559323849224.5515
        }
    ], 
    "Simulations_Parameters": [
        {
            "Dt": 0.05, 
            "SolverType(1:AMGCGL,2:AMGCL_NS_Solver,3:BICGSTABSolver)": 1, 
            "AutomaticDeltaTime": true, 
            "Config_conditions(1:V-P-P),(2:V-V-P)": 1, 
            "Time_vector": [
                0, 
                7.0
            ]
        }
    ], 
    "Flow": [
        {
            "Flow Outlet 1001": [
                [
                    6.047772051995032e-05, 
                    6.417321350321964e-05, 
                    6.398134791376473e-05, 
                    6.406058951064056e-05, 
                    6.404765135581121e-05, 
                    6.405652523695977e-05, 
                    6.405712724802021e-05, 
                    6.405776871674126e-05, 
                    6.405674478235776e-05, 
                    6.405547085239738e-05, 
                    6.405472297216565e-05, 
                    6.405415331721153e-05, 
                    6.40493253048432e-05, 
                    6.403117363345501e-05, 
                    6.400188734194546e-05, 
                    6.399003985178577e-05, 
                    6.402074401097895e-05, 
                    6.404585366419746e-05, 
                    6.405579787228937e-05, 
                    6.405703947151083e-05
                ]
            ], 
            "Flow Outlet 1002": [
                0
            ], 
            "Flow Inlet": [
                [
                    -6.412346637376938e-05, 
                    -6.412346637376938e-05, 
                    -6.412346637376938e-05, 
                    -6.412346637376938e-05, 
                    -6.412346637376938e-05, 
                    -6.412346637376938e-05, 
                    -6.412346637376938e-05, 
                    -6.412346637376938e-05, 
                    -6.412346637376938e-05, 
                    -6.412346637376938e-05, 
                    -6.412346637376938e-05, 
                    -6.412346637376938e-05, 
                    -6.412346637376938e-05, 
                    -6.412346637376938e-05, 
                    -6.412346637376938e-05, 
                    -6.412346637376938e-05, 
                    -6.412346637376938e-05, 
                    -6.412346637376938e-05, 
                    -6.412346637376938e-05, 
                    -6.412346637376938e-05
                ]
            ]
        }
    ], 
    "Inlet": [
        {
            "Flow_inlet(peak)": -6.412346637376938e-05, 
            "Center Node": 103837, 
            "Flow_inlet(mean)": -6.412346637376938e-05, 
            "Total_area_inlet": 0.00031298876267923, 
            "Reynolds(mean)": -1226.954407262833, 
            "Centroid": [
                -0.00010319409110340905, 
                -2.6215637677039877e-05, 
                -0.031420356708522716
            ], 
            "Parabolic": true, 
            "Reynolds(peak)": -1226.954407262833, 
            "Diameter": 0.01996268363257169
        }
    ], 
    "Time": [
        {
            "Time": [
                0.05, 
                0.12349222381250256, 
                0.20483089418900396, 
                0.30399936619783163, 
                0.418774849065525, 
                0.5511081397884756, 
                0.7043149783825939, 
                0.8670311326695379, 
                1.0805190768501587, 
                1.3312316953413723, 
                1.6213815514698318, 
                1.9649253759429912, 
                2.373520711971588, 
                2.8621356968089584, 
                3.435993396088757, 
                4.166074851254647, 
                4.896156306420538, 
                5.626237761586429, 
                6.35631921675232, 
                7.086400671918211
            ]
        }
    ], 
    "name": [
        "I:/PROYECTOS/ESTUDIANTES/Sergio/V1/GID\\Modelo_13_145.gid\\Modelo_13_145.json"
    ], 
    "Outlet 1001": [
        {
            "Center Node": 539, 
            "Flow_outlet(mean)": 6.38692448540123e-05, 
            "Flow_outlet(peak)": 6.417321350321964e-05, 
            "Reynolds(mean)": 1222.09594083599, 
            "Centroid": [
                4.299313914413405e-05, 
                0.00010351568533516503, 
                0.26997999999999905
            ], 
            "Total_area_outlet": 0.00031298575517136034, 
            "Reynolds(peak)": 1227.9121807678505, 
            "Diameter": 0.01996258772166448
        }
    ], 
    "Hemodynamic Parameters_1001_ABC": [
        {
            "A": 4005009.747644186, 
            "C": -26659301.888945512, 
            "B": -43221935031.26074
        }
    ], 
    "Pressures": [
        {
            "Pressure Outlet 1001": [
                [
                    0.0, 
                    0.0, 
                    0.0, 
                    0.0, 
                    0.0, 
                    0.0, 
                    0.0, 
                    0.0, 
                    0.0, 
                    0.0, 
                    0.0, 
                    0.0, 
                    0.0, 
                    0.0, 
                    0.0, 
                    0.0, 
                    0.0, 
                    0.0, 
                    0.0, 
                    0.0
                ]
            ], 
            "Pressure Outlet 1002": [
                0
            ], 
            "Pressure Inlet": [
                [
                    1868.4185769776393, 
                    -770.5299523360635, 
                    210.85681897635183, 
                    -6.563446447239835, 
                    53.797996063850306, 
                    54.24071267372994, 
                    72.70139705708438, 
                    82.69059045417862, 
                    82.40959344229655, 
                    75.84265854901484, 
                    77.44791432554374, 
                    87.98863437959928, 
                    92.88478393154453, 
                    84.28010601218874, 
                    78.76758009616997, 
                    80.25207791219131, 
                    76.21664119092637, 
                    81.9607789242039, 
                    81.56792873526976, 
                    85.20811796428322
                ]
            ]
        }
    ], 
    "Bifurcation: ": [
        false
    ]
}