{
    "Outlet 1001": [
        {
            "Center Node": 436, 
            "Diameter": 0.019962587721368066, 
            "Reynolds(mean)": 1223.0171561885224, 
            "Flow_outlet(mean)": 6.391738946016658e-05, 
            "Reynolds(peak)": 1229.62670379083, 
            "Flow_outlet(peak)": 6.42628179982002e-05, 
            "Centroid": [
                1.234316127888889e-05, 
                9.513770873552552e-05, 
                0.26997999999999905
            ], 
            "Total_area_outlet": 0.00031298575516206564
        }
    ], 
    "Flow": [
        {
            "Flow Inlet": [
                [
                    -6.41437842702543e-05, 
                    -6.41437842702543e-05, 
                    -6.41437842702543e-05, 
                    -6.41437842702543e-05, 
                    -6.41437842702543e-05, 
                    -6.41437842702543e-05, 
                    -6.41437842702543e-05, 
                    -6.41437842702543e-05, 
                    -6.41437842702543e-05, 
                    -6.41437842702543e-05, 
                    -6.41437842702543e-05, 
                    -6.41437842702543e-05, 
                    -6.41437842702543e-05, 
                    -6.41437842702543e-05, 
                    -6.41437842702543e-05, 
                    -6.41437842702543e-05, 
                    -6.41437842702543e-05, 
                    -6.41437842702543e-05, 
                    -6.41437842702543e-05, 
                    -6.41437842702543e-05, 
                    -6.41437842702543e-05, 
                    -6.41437842702543e-05, 
                    -6.41437842702543e-05, 
                    -6.41437842702543e-05
                ]
            ], 
            "Flow Outlet 1001": [
                [
                    6.0485226873797724e-05, 
                    6.42628179982002e-05, 
                    6.400688379117178e-05, 
                    6.408828092104734e-05, 
                    6.407058541556183e-05, 
                    6.407883617726024e-05, 
                    6.407766360493666e-05, 
                    6.407688440636413e-05, 
                    6.407580129437697e-05, 
                    6.407508741032016e-05, 
                    6.407268957762789e-05, 
                    6.404989787936237e-05, 
                    6.400721448346154e-05, 
                    6.401817911531885e-05, 
                    6.403520983466407e-05, 
                    6.403533751602878e-05, 
                    6.405390401470273e-05, 
                    6.405784766873981e-05, 
                    6.407003162119896e-05, 
                    6.407792154415494e-05, 
                    6.406998173212145e-05, 
                    6.406027043335305e-05, 
                    6.405915516859678e-05, 
                    6.405163856162971e-05
                ]
            ], 
            "Flow Outlet 1002": [
                0
            ]
        }
    ], 
    "Bifurcation: ": [
        false
    ], 
    "Pressures": [
        {
            "Pressure Outlet 1001": [
                [
                    0.0, 
                    0.0, 
                    0.0, 
                    0.0, 
                    0.0, 
                    0.0, 
                    0.0, 
                    0.0, 
                    0.0, 
                    0.0, 
                    0.0, 
                    0.0, 
                    0.0, 
                    0.0, 
                    0.0, 
                    0.0, 
                    0.0, 
                    0.0, 
                    0.0, 
                    0.0, 
                    0.0, 
                    0.0, 
                    0.0, 
                    0.0
                ]
            ], 
            "Pressure Inlet": [
                [
                    1948.7025419960783, 
                    -826.4274584324507, 
                    228.7902447205683, 
                    -10.301615298434696, 
                    56.791562749745495, 
                    55.413065052776844, 
                    71.37377796465373, 
                    76.23939380111601, 
                    75.7520232505375, 
                    82.29377242963784, 
                    87.85541609912454, 
                    84.4291239034968, 
                    82.33554586658403, 
                    78.70780446736401, 
                    81.15470132539069, 
                    77.77817121592653, 
                    77.20417968777967, 
                    75.60501084153913, 
                    75.41920577866416, 
                    79.85164611340396, 
                    85.40547065833883, 
                    85.23926761345913, 
                    74.97057839969287, 
                    74.12577129072962
                ]
            ], 
            "Pressure Outlet 1002": [
                0
            ]
        }
    ], 
    "Time": [
        {
            "Time": [
                0.05, 
                0.14826986379477697, 
                0.25363540923874245, 
                0.37480911213692536, 
                0.5144855221475628, 
                0.6775557846821156, 
                0.8701109145334318, 
                1.0950619295377497, 
                1.3682689969567194, 
                1.6974577945192446, 
                2.0967647779275453, 
                2.530362810433073, 
                3.107183777256882, 
                3.7897082244913234, 
                3.799708224491323, 
                3.804708224491323, 
                4.206824273064493, 
                4.608940321637663, 
                4.999950625309529, 
                5.400129889200051, 
                5.794289977121339, 
                6.194906248868633, 
                6.60352443940389, 
                7.067140463170644
            ]
        }
    ], 
    "name": [
        "I:/PROYECTOS/ESTUDIANTES/Sergio/V1/GID\\Modelo_4_145.gid\\Modelo_4_145.json"
    ], 
    "Inlet": [
        {
            "Parabolic": true, 
            "Center Node": 76603, 
            "Total_area_inlet": 0.00031298876267923, 
            "Diameter": 0.01996268363257169, 
            "Reynolds(mean)": -1227.3431749643976, 
            "Flow_inlet(peak)": -6.41437842702543e-05, 
            "Reynolds(peak)": -1227.3431749643976, 
            "Centroid": [
                -0.00010319409110340905, 
                -2.6215637677039877e-05, 
                -0.031420356708522716
            ], 
            "Flow_inlet(mean)": -6.41437842702543e-05
        }
    ], 
    "Simulations_Parameters": [
        {
            "Time_vector": [
                0, 
                7.0
            ], 
            "SolverType(1:AMGCGL,2:AMGCL_NS_Solver,3:BICGSTABSolver)": 1, 
            "AutomaticDeltaTime": true, 
            "Dt": 0.05, 
            "Config_conditions(1:V-P-P),(2:V-V-P)": 1
        }
    ], 
    "Fluid Characteristic": [
        {
            "blood_density": 1050.0, 
            "blood_dynamic_viscosity": 0.0035, 
            "blood_kinematic_viscosity": 3.3333333333333333e-06
        }
    ], 
    "Hemodynamic Parameters_1001_AB": [
        {
            "A": -117482659.51221801, 
            "B": 1815244716076.457
        }
    ], 
    "Hemodynamic Parameters_1001_ABC": [
        {
            "A": 132051010.50638506, 
            "C": -4308745.356515266, 
            "B": -2042548343610.06
        }
    ]
}