{
    "Bifurcation: ": [
        false
    ], 
    "Simulations_Parameters": [
        {
            "Dt": 0.05, 
            "AutomaticDeltaTime": true, 
            "Config_conditions(1:V-P-P),(2:V-V-P)": 1, 
            "Time_vector": [
                0, 
                7.0
            ], 
            "SolverType(1:AMGCGL,2:AMGCL_NS_Solver,3:BICGSTABSolver)": 1
        }
    ], 
    "Hemodynamic Parameters_1001_AB": [
        {
            "B": -204123172232.7636, 
            "A": 11687846.365169121
        }
    ], 
    "Time": [
        {
            "Time": [
                0.05, 
                0.16453754320735564, 
                0.28617113305164354, 
                0.4249061252812655, 
                0.5835245363316225, 
                0.7593466541860856, 
                0.9499368341919958, 
                1.1543673238042722, 
                1.4026561575141956, 
                1.6943595272227703, 
                2.0550040835527343, 
                2.4156486398826984, 
                2.7762931962126625, 
                3.1369377525426265, 
                3.4975823088725906, 
                3.8582268652025546, 
                4.218871421532519, 
                4.579515977862483, 
                4.940160534192447, 
                5.353804065408283, 
                5.767447596624118, 
                6.181091127839953, 
                6.5947346590557885, 
                7.008378190271624
            ]
        }
    ], 
    "Outlet 1001": [
        {
            "Reynolds(mean)": 1223.5802179383243, 
            "Flow_outlet(peak)": 6.429573038984589e-05, 
            "Reynolds(peak)": 1230.2564607029237, 
            "Diameter": 0.019962587721829683, 
            "Centroid": [
                4.4686525919553125e-05, 
                0.0001027568349083484, 
                0.289990000000001
            ], 
            "Total_area_outlet": 0.00031298575517654066, 
            "Flow_outlet(mean)": 6.394681622558734e-05, 
            "Center Node": 554
        }
    ], 
    "name": [
        "I:/PROYECTOS/ESTUDIANTES/Sergio/V1/GID\\Modelo_25_145_I.gid\\Modelo_25_145_I.json"
    ], 
    "Hemodynamic Parameters_1001_ABC": [
        {
            "C": -28989843.29680212, 
            "B": 850544647891.6394, 
            "A": -53105711.98087321
        }
    ], 
    "Fluid Characteristic": [
        {
            "blood_dynamic_viscosity": 0.0035, 
            "blood_kinematic_viscosity": 3.3333333333333333e-06, 
            "blood_density": 1050.0
        }
    ], 
    "Inlet": [
        {
            "Reynolds(mean)": -1227.8931091537618, 
            "Flow_inlet(peak)": -6.417252509900126e-05, 
            "Reynolds(peak)": -1227.8931091537618, 
            "Diameter": 0.01996268363257169, 
            "Centroid": [
                -0.00010319409110340905, 
                -2.6215637677039877e-05, 
                -0.031420356708522716
            ], 
            "Flow_inlet(mean)": -6.417252509900126e-05, 
            "Total_area_inlet": 0.00031298876267923, 
            "Parabolic": true, 
            "Center Node": 190264
        }
    ], 
    "Pressures": [
        {
            "Pressure Outlet 1001": [
                [
                    0.0, 
                    0.0, 
                    0.0, 
                    0.0, 
                    0.0, 
                    0.0, 
                    0.0, 
                    0.0, 
                    0.0, 
                    0.0, 
                    0.0, 
                    0.0, 
                    0.0, 
                    0.0, 
                    0.0, 
                    0.0, 
                    0.0, 
                    0.0, 
                    0.0, 
                    0.0, 
                    0.0, 
                    0.0, 
                    0.0, 
                    0.0
                ]
            ], 
            "Pressure Outlet 1002": [
                0
            ], 
            "Pressure Inlet": [
                [
                    1851.061365141569, 
                    -793.0798417259552, 
                    223.56385400469404, 
                    -4.110157144420729, 
                    67.49240386156676, 
                    71.35395451302855, 
                    89.21104411805696, 
                    98.06112170816469, 
                    101.78091944981993, 
                    100.63962800906383, 
                    96.60197187796437, 
                    89.43002681376032, 
                    86.61654181001492, 
                    96.3821253751306, 
                    93.25260647671124, 
                    87.72410942124164, 
                    86.09096358251446, 
                    81.50599614905937, 
                    86.53871548567673, 
                    94.21119281181163, 
                    89.7432293015371, 
                    85.84483692349187, 
                    88.30204568829858, 
                    96.68231049268479
                ]
            ]
        }
    ], 
    "Flow": [
        {
            "Flow Inlet": [
                [
                    -6.417252509900126e-05, 
                    -6.417252509900126e-05, 
                    -6.417252509900126e-05, 
                    -6.417252509900126e-05, 
                    -6.417252509900126e-05, 
                    -6.417252509900126e-05, 
                    -6.417252509900126e-05, 
                    -6.417252509900126e-05, 
                    -6.417252509900126e-05, 
                    -6.417252509900126e-05, 
                    -6.417252509900126e-05, 
                    -6.417252509900126e-05, 
                    -6.417252509900126e-05, 
                    -6.417252509900126e-05, 
                    -6.417252509900126e-05, 
                    -6.417252509900126e-05, 
                    -6.417252509900126e-05, 
                    -6.417252509900126e-05, 
                    -6.417252509900126e-05, 
                    -6.417252509900126e-05, 
                    -6.417252509900126e-05, 
                    -6.417252509900126e-05, 
                    -6.417252509900126e-05, 
                    -6.417252509900126e-05
                ]
            ], 
            "Flow Outlet 1001": [
                [
                    6.049042006348416e-05, 
                    6.429573038984589e-05, 
                    6.40176127110794e-05, 
                    6.411202524844835e-05, 
                    6.409641079703771e-05, 
                    6.410549824026636e-05, 
                    6.410344528122528e-05, 
                    6.410200357355906e-05, 
                    6.410017743787738e-05, 
                    6.409923610407963e-05, 
                    6.409919450541448e-05, 
                    6.410062351423272e-05, 
                    6.410363739371878e-05, 
                    6.410575980879781e-05, 
                    6.410278268180025e-05, 
                    6.409551283280441e-05, 
                    6.408338398968233e-05, 
                    6.406947194784093e-05, 
                    6.407046333264246e-05, 
                    6.408356468108813e-05, 
                    6.4087836041911e-05, 
                    6.408335958861998e-05, 
                    6.40641443109624e-05, 
                    6.405129493767734e-05
                ]
            ], 
            "Flow Outlet 1002": [
                0
            ]
        }
    ]
}