{
    "Pressures": [
        {
            "Pressure Outlet 1002": [
                0
            ], 
            "Pressure Outlet 1001": [
                [
                    0.0, 
                    0.0, 
                    0.0, 
                    0.0, 
                    0.0, 
                    0.0, 
                    0.0, 
                    0.0, 
                    0.0, 
                    0.0, 
                    0.0, 
                    0.0, 
                    0.0, 
                    0.0, 
                    0.0, 
                    0.0, 
                    0.0, 
                    0.0, 
                    0.0
                ]
            ], 
            "Pressure Inlet": [
                [
                    1780.5607572451906, 
                    -733.2509313298358, 
                    220.0756239756164, 
                    21.60391304459308, 
                    96.0618609295114, 
                    108.89308162354295, 
                    128.1848288119964, 
                    131.77671921879838, 
                    131.33670460347832, 
                    131.98130274435692, 
                    129.93531797399388, 
                    123.61615734629581, 
                    123.07578891430292, 
                    137.26232614797462, 
                    123.14783630356334, 
                    118.90374548009892, 
                    118.67952712871951, 
                    120.35767900225551, 
                    132.99178086725064
                ]
            ]
        }
    ], 
    "Bifurcation: ": [
        false
    ], 
    "Outlet 1001": [
        {
            "Centroid": [
                7.705501106926971e-05, 
                0.00014089454130671288, 
                0.25
            ], 
            "Reynolds(mean)": 1223.1215508434052, 
            "Total_area_outlet": 0.0003129857551765405, 
            "Reynolds(peak)": 1229.0579586825945, 
            "Flow_outlet(mean)": 6.392284534080387e-05, 
            "Diameter": 0.019962587721829676, 
            "Flow_outlet(peak)": 6.42330942117544e-05, 
            "Center Node": 486
        }
    ], 
    "Flow": [
        {
            "Flow Outlet 1002": [
                0
            ], 
            "Flow Inlet": [
                [
                    -6.418871323999441e-05, 
                    -6.418871323999441e-05, 
                    -6.418871323999441e-05, 
                    -6.418871323999441e-05, 
                    -6.418871323999441e-05, 
                    -6.418871323999441e-05, 
                    -6.418871323999441e-05, 
                    -6.418871323999441e-05, 
                    -6.418871323999441e-05, 
                    -6.418871323999441e-05, 
                    -6.418871323999441e-05, 
                    -6.418871323999441e-05, 
                    -6.418871323999441e-05, 
                    -6.418871323999441e-05, 
                    -6.418871323999441e-05, 
                    -6.418871323999441e-05, 
                    -6.418871323999441e-05, 
                    -6.418871323999441e-05, 
                    -6.418871323999441e-05
                ]
            ], 
            "Flow Outlet 1001": [
                [
                    6.057641171633141e-05, 
                    6.42330942117544e-05, 
                    6.402666474628972e-05, 
                    6.411557350809912e-05, 
                    6.410538914010553e-05, 
                    6.411798785691742e-05, 
                    6.411984645624586e-05, 
                    6.412047315587806e-05, 
                    6.411911363285943e-05, 
                    6.411831356043438e-05, 
                    6.411780354472648e-05, 
                    6.411485288549525e-05, 
                    6.410470979630263e-05, 
                    6.409167562424841e-05, 
                    6.409435448524377e-05, 
                    6.41015627399929e-05, 
                    6.409890599413278e-05, 
                    6.406294745665397e-05, 
                    6.409438096356212e-05
                ]
            ]
        }
    ], 
    "Hemodynamic Parameters_1001_AB": [
        {
            "A": -217841483.08478305, 
            "B": 3369580246383.6855
        }
    ], 
    "Inlet": [
        {
            "Parabolic": true, 
            "Centroid": [
                -0.00010319409110340905, 
                -2.6215637677039877e-05, 
                -0.031420356708522716
            ], 
            "Reynolds(mean)": -1228.2028570831885, 
            "Reynolds(peak)": -1228.2028570831885, 
            "Flow_inlet(mean)": -6.418871323999441e-05, 
            "Diameter": 0.01996268363257169, 
            "Flow_inlet(peak)": -6.418871323999441e-05, 
            "Center Node": 143525, 
            "Total_area_inlet": 0.00031298876267923
        }
    ], 
    "Simulations_Parameters": [
        {
            "AutomaticDeltaTime": true, 
            "Time_vector": [
                0, 
                7.0
            ], 
            "SolverType(1:AMGCGL,2:AMGCL_NS_Solver,3:BICGSTABSolver)": 1, 
            "Config_conditions(1:V-P-P),(2:V-V-P)": 1, 
            "Dt": 0.05
        }
    ], 
    "Time": [
        {
            "Time": [
                0.05, 
                0.13247390798135497, 
                0.2233848058417559, 
                0.32572927278842284, 
                0.44040847978047115, 
                0.57705042936704, 
                0.7407839554335938, 
                0.9367849701989499, 
                1.161277446932296, 
                1.4256980518790099, 
                1.7375521340842655, 
                2.106847582018501, 
                2.5341743519088507, 
                3.042008951063909, 
                3.658978464310901, 
                4.417235586887542, 
                5.329486263878886, 
                6.329486263878886, 
                7.329486263878886
            ]
        }
    ], 
    "Hemodynamic Parameters_1001_ABC": [
        {
            "A": 18993262.64175347, 
            "C": 34386771.92984572, 
            "B": -266947659031.90173
        }
    ], 
    "name": [
        "I:/PROYECTOS/ESTUDIANTES/Sergio/V1/GID\\Modelo_20_120_I.gid\\Modelo_20_120_I.json"
    ], 
    "Fluid Characteristic": [
        {
            "blood_density": 1050.0, 
            "blood_dynamic_viscosity": 0.0035, 
            "blood_kinematic_viscosity": 3.3333333333333333e-06
        }
    ]
}