{
    "Bifurcation: ": [
        false
    ], 
    "Hemodynamic Parameters_1001_AB": [
        {
            "B": -361883255460.32947, 
            "A": 21944302.699977357
        }
    ], 
    "Hemodynamic Parameters_1001_ABC": [
        {
            "B": 664424620519.9248, 
            "C": -5685474.683212701, 
            "A": -41335177.365069196
        }
    ], 
    "Fluid Characteristic": [
        {
            "blood_kinematic_viscosity": 3.3333333333333333e-06, 
            "blood_dynamic_viscosity": 0.0035, 
            "blood_density": 1050.0
        }
    ], 
    "Simulations_Parameters": [
        {
            "AutomaticDeltaTime": true, 
            "Config_conditions(1:V-P-P),(2:V-V-P)": 1, 
            "Time_vector": [
                0, 
                7.0
            ], 
            "SolverType(1:AMGCGL,2:AMGCL_NS_Solver,3:BICGSTABSolver)": 1, 
            "Dt": 0.05
        }
    ], 
    "Flow": [
        {
            "Flow Outlet 1002": [
                0
            ], 
            "Flow Outlet 1001": [
                [
                    6.048907375061406e-05, 
                    6.429430566809117e-05, 
                    6.403497726229237e-05, 
                    6.410786887684337e-05, 
                    6.408845969581656e-05, 
                    6.409621502065816e-05, 
                    6.409478189893798e-05, 
                    6.409426464083727e-05, 
                    6.409346393191572e-05, 
                    6.409305339930907e-05, 
                    6.40933333933241e-05, 
                    6.4093510529472e-05, 
                    6.409312213902826e-05, 
                    6.409734430286224e-05, 
                    6.409587645199314e-05, 
                    6.409606284637897e-05, 
                    6.409536613522219e-05, 
                    6.409379209832642e-05, 
                    6.409080130821235e-05, 
                    6.408792508867482e-05, 
                    6.40882565406064e-05, 
                    6.408861445686038e-05, 
                    6.408944220473236e-05, 
                    6.409052678966914e-05, 
                    6.409797868080826e-05, 
                    6.410572827544516e-05, 
                    6.40986125213498e-05, 
                    6.408796760798298e-05, 
                    6.409096040796299e-05, 
                    6.408853995657225e-05, 
                    6.408915625330656e-05, 
                    6.40923376465324e-05, 
                    6.409136060638429e-05, 
                    6.408533826635066e-05
                ]
            ], 
            "Flow Inlet": [
                [
                    -6.414779796877977e-05, 
                    -6.414779796877977e-05, 
                    -6.414779796877977e-05, 
                    -6.414779796877977e-05, 
                    -6.414779796877977e-05, 
                    -6.414779796877977e-05, 
                    -6.414779796877977e-05, 
                    -6.414779796877977e-05, 
                    -6.414779796877977e-05, 
                    -6.414779796877977e-05, 
                    -6.414779796877977e-05, 
                    -6.414779796877977e-05, 
                    -6.414779796877977e-05, 
                    -6.414779796877977e-05, 
                    -6.414779796877977e-05, 
                    -6.414779796877977e-05, 
                    -6.414779796877977e-05, 
                    -6.414779796877977e-05, 
                    -6.414779796877977e-05, 
                    -6.414779796877977e-05, 
                    -6.414779796877977e-05, 
                    -6.414779796877977e-05, 
                    -6.414779796877977e-05, 
                    -6.414779796877977e-05, 
                    -6.414779796877977e-05, 
                    -6.414779796877977e-05, 
                    -6.414779796877977e-05, 
                    -6.414779796877977e-05, 
                    -6.414779796877977e-05, 
                    -6.414779796877977e-05, 
                    -6.414779796877977e-05, 
                    -6.414779796877977e-05, 
                    -6.414779796877977e-05, 
                    -6.414779796877977e-05
                ]
            ]
        }
    ], 
    "Inlet": [
        {
            "Reynolds(peak)": -1227.4199740735808, 
            "Reynolds(mean)": -1227.4199740735808, 
            "Diameter": 0.01996268363257169, 
            "Total_area_inlet": 0.00031298876267923, 
            "Center Node": 84463, 
            "Flow_inlet(mean)": -6.414779796877977e-05, 
            "Flow_inlet(peak)": -6.414779796877977e-05, 
            "Parabolic": true, 
            "Centroid": [
                -0.00010319409110340905, 
                -2.6215637677039877e-05, 
                -0.031420356708522716
            ]
        }
    ], 
    "Outlet 1001": [
        {
            "Reynolds(peak)": 1230.229199590361, 
            "Flow_outlet(mean)": 6.39914240780404e-05, 
            "Reynolds(mean)": 1224.4337598196548, 
            "Diameter": 0.019962587721829687, 
            "Center Node": 428, 
            "Flow_outlet(peak)": 6.429430566809117e-05, 
            "Centroid": [
                2.4036718636871438e-05, 
                6.82643926027637e-05, 
                0.289990000000001
            ], 
            "Total_area_outlet": 0.00031298575517654077
        }
    ], 
    "name": [
        "I:/PROYECTOS/ESTUDIANTES/Sergio/V1/GID\\Modelo_9_145_I.gid\\Modelo_9_145_I.json"
    ], 
    "Time": [
        {
            "Time": [
                0.05, 
                0.14725597797420667, 
                0.2508691054204473, 
                0.3706152295408571, 
                0.5125113151290053, 
                0.6813727485425087, 
                0.8823544184057126, 
                1.115819157704042, 
                1.3964857942770421, 
                1.7354423771662688, 
                2.149291305287945, 
                2.563140233409621, 
                2.9769891615312973, 
                2.986989161531297, 
                2.991989161531297, 
                3.1639373760902125, 
                3.3278140992342546, 
                3.502528526457347, 
                3.676007650458224, 
                3.845504251265969, 
                4.025628244350023, 
                4.270637714682146, 
                4.5646641356866615, 
                4.91195850138628, 
                5.259252867085899, 
                5.622199062228365, 
                5.985145257370831, 
                6.348091452513296, 
                6.358091452513296, 
                6.363091452513296, 
                6.5354710038627735, 
                6.708891562341186, 
                6.872733425536552, 
                7.0568146229776
            ]
        }
    ], 
    "Pressures": [
        {
            "Pressure Outlet 1002": [
                0
            ],