{
    "Bifurcation: ": [
        false
    ], 
    "Hemodynamic Parameters_1001_ABC": [
        {
            "B": -10194453113560.219, 
            "C": 28331949.259947658, 
            "A": 656612295.4217633
        }
    ], 
    "Simulations_Parameters": [
        {
            "Time_vector": [
                0, 
                7.0
            ], 
            "AutomaticDeltaTime": true, 
            "Config_conditions(1:V-P-P),(2:V-V-P)": 1, 
            "Dt": 0.05, 
            "SolverType(1:AMGCGL,2:AMGCL_NS_Solver,3:BICGSTABSolver)": 1
        }
    ], 
    "Pressures": [
        {
            "Pressure Inlet": [
                [
                    1773.4632000684257, 
                    -746.6365083648873, 
                    209.80106934677187, 
                    -2.6346390092696166, 
                    63.4598194553347, 
                    68.78180685288758, 
                    83.33895237256836, 
                    82.09960413230978, 
                    72.80265941063683, 
                    68.9121419500982, 
                    80.99963342173153, 
                    93.58887908174441, 
                    94.87090132135012, 
                    83.32449045062991, 
                    77.17862510965658, 
                    77.81129302889734, 
                    78.42213168855412, 
                    86.1580930281144, 
                    91.19920555428048
                ]
            ], 
            "Pressure Outlet 1001": [
                [
                    0.0, 
                    0.0, 
                    0.0, 
                    0.0, 
                    0.0, 
                    0.0, 
                    0.0, 
                    0.0, 
                    0.0, 
                    0.0, 
                    0.0, 
                    0.0, 
                    0.0, 
                    0.0, 
                    0.0, 
                    0.0, 
                    0.0, 
                    0.0, 
                    0.0
                ]
            ], 
            "Pressure Outlet 1002": [
                0
            ]
        }
    ], 
    "Hemodynamic Parameters_1001_AB": [
        {
            "B": 22738970875964.42, 
            "A": -1463057760.2058108
        }
    ], 
    "Time": [
        {
            "Time": [
                0.05, 
                0.1436366567394116, 
                0.24392837337527423, 
                0.3654611526077462, 
                0.5018920431937052, 
                0.6497764375854657, 
                0.8109522006275881, 
                0.9781982574672448, 
                1.1900910509542715, 
                1.4496397663636074, 
                1.763324356137363, 
                2.1459780114286793, 
                2.605364758109399, 
                3.1489835686064587, 
                3.7787178864095994, 
                4.5595317327933405, 
                5.502715518273284, 
                6.445899303753228, 
                7.389083089233171
            ]
        }
    ], 
    "Flow": [
        {
            "Flow Outlet 1001": [
                [
                    6.0542662135395264e-05, 
                    6.443480675422872e-05, 
                    6.421419143506117e-05, 
                    6.42998676810642e-05, 
                    6.428529011064155e-05, 
                    6.429542387377766e-05, 
                    6.429549702265947e-05, 
                    6.429536227449315e-05, 
                    6.429450737465588e-05, 
                    6.429461158921165e-05, 
                    6.42948814118669e-05, 
                    6.429088210791877e-05, 
                    6.428088210128937e-05, 
                    6.42846775478565e-05, 
                    6.429555065297125e-05, 
                    6.429317945216914e-05, 
                    6.428794635806689e-05, 
                    6.428264216926914e-05, 
                    6.427049518474998e-05
                ]
            ], 
            "Flow Inlet": [
                [
                    -6.437963670027765e-05, 
                    -6.437963670027765e-05, 
                    -6.437963670027765e-05, 
                    -6.437963670027765e-05, 
                    -6.437963670027765e-05, 
                    -6.437963670027765e-05, 
                    -6.437963670027765e-05, 
                    -6.437963670027765e-05, 
                    -6.437963670027765e-05, 
                    -6.437963670027765e-05, 
                    -6.437963670027765e-05, 
                    -6.437963670027765e-05, 
                    -6.437963670027765e-05, 
                    -6.437963670027765e-05, 
                    -6.437963670027765e-05, 
                    -6.437963670027765e-05, 
                    -6.437963670027765e-05, 
                    -6.437963670027765e-05, 
                    -6.437963670027765e-05
                ]
            ], 
            "Flow Outlet 1002": [
                0
            ]
        }
    ], 
    "Fluid Characteristic": [
        {
            "blood_kinematic_viscosity": 3.3333333333333333e-06, 
            "blood_dynamic_viscosity": 0.0035, 
            "blood_density": 1050.0
        }
    ], 
    "Inlet": [
        {
            "Flow_inlet(peak)": -6.437963670027765e-05, 
            "Reynolds(mean)": -1231.8560342161734, 
            "Flow_inlet(mean)": -6.437963670027765e-05, 
            "Parabolic": true, 
            "Total_area_inlet": 0.00031298876267923, 
            "Center Node": 141954, 
            "Diameter": 0.01996268363257169, 
            "Centroid": [
                -0.00010319409110340905, 
                -2.6215637677039877e-05, 
                -0.031420356708522716
            ], 
            "Reynolds(peak)": -1231.8560342161734
        }
    ], 
    "name": [
        "I:/PROYECTOS/ESTUDIANTES/Sergio/V1/GID\\Modelo_19_145.gid\\Modelo_19_145.json"
    ], 
    "Outlet 1001": [
        {
            "Reynolds(mean)": 1226.4441115058883, 
            "Centroid": [
                6.215379717078656e-05, 
                5.614083298509638e-05, 
                0.25
            ], 
            "Center Node": 420, 
            "Total_area_outlet": 0.00031298578738930095, 
            "Diameter": 0.019962588749112914, 
            "Flow_outlet(peak)": 6.443480675422872e-05, 
            "Flow_outlet(mean)": 6.409649248617614e-05, 
            "Reynolds(peak)": 1232.9175319037515
        }
    ]
}