{
    "Outlet 1001": [
        {
            "Reynolds(peak)": 1228.281605180413, 
            "Flow_outlet(peak)": 6.419252038259122e-05, 
            "Centroid": [
                7.287326260279321e-05, 
                0.00016334872656868424, 
                0.289990000000001
            ], 
            "Total_area_outlet": 0.00031298575517654066, 
            "Reynolds(mean)": 1223.1734792602754, 
            "Flow_outlet(mean)": 6.392555922656453e-05, 
            "Center Node": 405, 
            "Diameter": 0.019962587721829683
        }
    ], 
    "Hemodynamic Parameters_1001_AB": [
        {
            "A": -294488767.13529193, 
            "B": 4566235740217.063
        }
    ], 
    "Bifurcation: ": [
        false
    ], 
    "Flow": [
        {
            "Flow Outlet 1002": [
                0
            ], 
            "Flow Outlet 1001": [
                [
                    6.0553509245108106e-05, 
                    6.419252038259122e-05, 
                    6.398186614022838e-05, 
                    6.407796703325206e-05, 
                    6.406512173889314e-05, 
                    6.407511770584935e-05, 
                    6.407410190081729e-05, 
                    6.407338680265708e-05, 
                    6.407210729242786e-05, 
                    6.407179302359142e-05, 
                    6.407203748471082e-05, 
                    6.407193944923428e-05, 
                    6.406893319866632e-05, 
                    6.406374209564923e-05, 
                    6.406036395314864e-05, 
                    6.405307237161604e-05, 
                    6.40430931250907e-05, 
                    6.403839793404043e-05, 
                    6.404279999599574e-05, 
                    6.404112836969677e-05, 
                    6.404927595030808e-05, 
                    6.405248904677933e-05, 
                    6.404452333795127e-05, 
                    6.403562299848561e-05, 
                    6.403739421073759e-05, 
                    6.405223510315109e-05
                ]
            ], 
            "Flow Inlet": [
                [
                    -6.414526591125453e-05, 
                    -6.414526591125453e-05, 
                    -6.414526591125453e-05, 
                    -6.414526591125453e-05, 
                    -6.414526591125453e-05, 
                    -6.414526591125453e-05, 
                    -6.414526591125453e-05, 
                    -6.414526591125453e-05, 
                    -6.414526591125453e-05, 
                    -6.414526591125453e-05, 
                    -6.414526591125453e-05, 
                    -6.414526591125453e-05, 
                    -6.414526591125453e-05, 
                    -6.414526591125453e-05, 
                    -6.414526591125453e-05, 
                    -6.414526591125453e-05, 
                    -6.414526591125453e-05, 
                    -6.414526591125453e-05, 
                    -6.414526591125453e-05, 
                    -6.414526591125453e-05, 
                    -6.414526591125453e-05, 
                    -6.414526591125453e-05, 
                    -6.414526591125453e-05, 
                    -6.414526591125453e-05, 
                    -6.414526591125453e-05, 
                    -6.414526591125453e-05
                ]
            ]
        }
    ], 
    "name": [
        "I:/PROYECTOS/ESTUDIANTES/Sergio/V1/GID\\Modelo_18_120_I.gid\\Modelo_18_120_I.json"
    ], 
    "Inlet": [
        {
            "Reynolds(peak)": -1227.3715250530313, 
            "Parabolic": true, 
            "Reynolds(mean)": -1227.3715250530313, 
            "Flow_inlet(mean)": -6.414526591125453e-05, 
            "Total_area_inlet": 0.00031298876267923, 
            "Center Node": 117910, 
            "Diameter": 0.01996268363257169, 
            "Flow_inlet(peak)": -6.414526591125453e-05, 
            "Centroid": [
                -0.00010319409110340905, 
                -2.6215637677039877e-05, 
                -0.031420356708522716
            ]
        }
    ], 
    "Fluid Characteristic": [
        {
            "blood_dynamic_viscosity": 0.0035, 
            "blood_density": 1050.0, 
            "blood_kinematic_viscosity": 3.3333333333333333e-06
        }
    ], 
    "Pressures": [
        {
            "Pressure Outlet 1002": [
                0
            ], 
            "Pressure Inlet": [
                [
                    1946.3690337412274, 
                    -827.1329294919186, 
                    244.4428525758486, 
                    11.220052827508521, 
                    94.39606610505628, 
                    103.4902054649625, 
                    122.5668227346901, 
                    130.1107082508473, 
                    135.260690514857, 
                    134.79282305402498, 
                    123.15208489613131, 
                    122.7668460397474, 
                    123.79296842699766, 
                    122.30588589471907, 
                    120.77118965964453, 
                    126.20224638037772, 
                    132.90615046418048, 
                    133.76271514969932, 
                    139.1963274816393, 
                    128.7517798922879, 
                    130.38192106385347, 
                    123.74712766824334, 
                    133.0756820543087, 
                    135.90368762734576, 
                    132.6346969773866, 
                    121.55018531064502
                ]
            ], 
            "Pressure Outlet 1001": [
                [
                    0.0, 
                    0.0, 
                    0.0, 
                    0.0, 
                    0.0, 
                    0.0, 
                    0.0, 
                    0.0, 
                    0.0, 
                    0.0, 
                    0.0, 
                    0.0, 
                    0.0, 
                    0.0, 
                    0.0, 
                    0.0, 
                    0.0, 
                    0.0, 
                    0.0, 
                    0.0, 
                    0.0, 
                    0.0, 
                    0.0, 
                    0.0, 
                    0.0, 
                    0.0
                ]
            ]
        }
    ], 
    "Simulations_Parameters": [
        {
            "SolverType(1:AMGCGL,2:AMGCL_NS_Solver,3:BICGSTABSolver)": 1, 
            "Dt": 0.05, 
            "Config_conditions(1:V-P-P),(2:V-V-P)": 1, 
            "AutomaticDeltaTime": true, 
            "Time_vector": [
                0, 
                7.0
            ]
        }
    ], 
    "Time": [
        {
            "Time": [
                0.05, 
                0.16237020504812472, 
                0.2827304421917968, 
                0.42497587457343705, 
                0.5851302346662623, 
                0.7466641225577945, 
                0.9143270272373125, 
                1.1159815044790895, 
                1.3743865862040159, 
                1.6929423466002218, 
                2.066358527975747, 
                2.439774709351272, 
                2.813190890726797, 
                3.2679883179057927, 
                3.7227857450847885, 
                4.177583172263784, 
                4.632380599442779, 
                5.151163336863016, 
                5.161163336863016, 
                5.166163336863016, 
                5.5270380875395615, 
                5.872622490270574, 
                6.211945679940324, 
                6.5359453565113, 
                6.892114709786481, 
                7.232270452277989
            ]
        }
    ], 
    "Hemodynamic Parameters_1001_ABC": [
        {
            "A": 295859998.12310004, 
            "B": -4587642500375.697,