{
    "Outlet 1001": [
        {
            "Reynolds(peak)": 1227.2461878496472, 
            "Diameter": 0.019962588749112914, 
            "Reynolds(mean)": 1221.7582681851165, 
            "Centroid": [
                6.215379717078656e-05, 
                5.614083298509638e-05, 
                0.25
            ], 
            "Total_area_outlet": 0.00031298578738930095, 
            "Flow_outlet(mean)": 6.385160067383544e-05, 
            "Flow_outlet(peak)": 6.413841064604888e-05, 
            "Center Node": 416
        }
    ], 
    "name": [
        "I:/PROYECTOS/ESTUDIANTES/Sergio/V1/GID\\Modelo_19_170.gid\\Modelo_19_170.json"
    ], 
    "Pressures": [
        {
            "Pressure Inlet": [
                [
                    1729.1652268400637, 
                    -723.3961984572002, 
                    194.44380466836657, 
                    -12.220377962361189, 
                    43.70471079738071, 
                    40.496273334412514, 
                    50.59122130150678, 
                    51.994397512617006, 
                    45.3196023319504, 
                    29.632709206883582, 
                    27.114105003678127, 
                    37.03532896243011, 
                    41.50015394839755, 
                    37.01200513762892, 
                    29.566527975806146, 
                    32.56467197204882, 
                    37.0654182410351, 
                    35.87648530270188, 
                    32.281214766072274, 
                    29.502333969933215, 
                    27.18987645950981, 
                    26.17763835341616, 
                    24.853885536029388
                ]
            ], 
            "Pressure Outlet 1001": [
                [
                    0.0, 
                    0.0, 
                    0.0, 
                    0.0, 
                    0.0, 
                    0.0, 
                    0.0, 
                    0.0, 
                    0.0, 
                    0.0, 
                    0.0, 
                    0.0, 
                    0.0, 
                    0.0, 
                    0.0, 
                    0.0, 
                    0.0, 
                    0.0, 
                    0.0, 
                    0.0, 
                    0.0, 
                    0.0, 
                    0.0
                ]
            ], 
            "Pressure Outlet 1002": [
                0
            ]
        }
    ], 
    "Time": [
        {
            "Time": [
                0.05, 
                0.1314997854672496, 
                0.22172197677437555, 
                0.32934915162785666, 
                0.44797306388127606, 
                0.5818062986480369, 
                0.7387692666489618, 
                0.9263776409824509, 
                1.1514308776264768, 
                1.382117849618344, 
                1.706636264926645, 
                2.0311546802349465, 
                2.420571027681926, 
                2.8099873751289053, 
                3.1994037225758847, 
                3.588820070022864, 
                3.9782364174698435, 
                4.391661496566102, 
                4.89125461298085, 
                5.50096671080472, 
                6.11067880862859, 
                6.72039090645246, 
                7.33010300427633
            ]
        }
    ], 
    "Hemodynamic Parameters_1001_ABC": [
        {
            "A": -91902490.6361519, 
            "C": 13036682.156620882, 
            "B": 1444300958701.4673
        }
    ], 
    "Hemodynamic Parameters_1001_AB": [
        {
            "A": 66679135.15210822, 
            "B": -1050407077486.9111
        }
    ], 
    "Inlet": [
        {
            "Parabolic": true, 
            "Reynolds(peak)": -1226.5468855760457, 
            "Diameter": 0.01996268363257169, 
            "Reynolds(mean)": -1226.5468855760457, 
            "Centroid": [
                -0.00010319409110340905, 
                -2.6215637677039877e-05, 
                -0.031420356708522716
            ], 
            "Total_area_inlet": 0.00031298876267923, 
            "Flow_inlet(peak)": -6.410216835077472e-05, 
            "Center Node": 140909, 
            "Flow_inlet(mean)": -6.410216835077472e-05
        }
    ], 
    "Bifurcation: ": [
        false
    ], 
    "Fluid Characteristic": [
        {
            "blood_dynamic_viscosity": 0.0035, 
            "blood_density": 1050.0, 
            "blood_kinematic_viscosity": 3.3333333333333333e-06
        }
    ], 
    "Flow": [
        {
            "Flow Inlet": [
                [
                    -6.410216835077472e-05, 
                    -6.410216835077472e-05, 
                    -6.410216835077472e-05, 
                    -6.410216835077472e-05, 
                    -6.410216835077472e-05, 
                    -6.410216835077472e-05, 
                    -6.410216835077472e-05, 
                    -6.410216835077472e-05, 
                    -6.410216835077472e-05, 
                    -6.410216835077472e-05, 
                    -6.410216835077472e-05, 
                    -6.410216835077472e-05, 
                    -6.410216835077472e-05, 
                    -6.410216835077472e-05, 
                    -6.410216835077472e-05, 
                    -6.410216835077472e-05, 
                    -6.410216835077472e-05, 
                    -6.410216835077472e-05, 
                    -6.410216835077472e-05, 
                    -6.410216835077472e-05, 
                    -6.410216835077472e-05, 
                    -6.410216835077472e-05, 
                    -6.410216835077472e-05
                ]
            ], 
            "Flow Outlet 1001": [
                [
                    6.0316481009703066e-05, 
                    6.413841064604888e-05, 
                    6.391417988172372e-05, 
                    6.400496851392414e-05, 
                    6.399901972336287e-05, 
                    6.401328480801197e-05, 
                    6.401631485869866e-05, 
                    6.401744498691396e-05, 
                    6.401609082143771e-05, 
                    6.401571701030485e-05, 
                    6.401950680606505e-05, 
                    6.402515788175372e-05, 
                    6.40249605905897e-05, 
                    6.402028832407202e-05, 
                    6.401532765008602e-05, 
                    6.401002091119334e-05, 
                    6.400835811941674e-05, 
                    6.400073280929947e-05, 
                    6.398190785868991e-05, 
                    6.397938684420682e-05, 
                    6.399912974195724e-05, 
                    6.401890377836722e-05, 
                    6.403122192238816e-05
                ]
            ], 
            "Flow Outlet 1002": [
                0
            ]
        }
    ], 
    "Simulations_Parameters": [
        {
            "Time_vector": [
                0, 
                7.0
            ], 
            "SolverType(1:AMGCGL,2:AMGCL_NS_Solver,3:BICGSTABSolver)": 1, 
            "Config_conditions(1:V-P-P),(2:V-V-P)": 1, 
            "Dt": 0.05, 
            "AutomaticDeltaTime": true
        }
    ]
}