{
    "Bifurcation: ": [
        false
    ], 
    "Simulations_Parameters": [
        {
            "AutomaticDeltaTime": true, 
            "Time_vector": [
                0, 
                7.0
            ], 
            "SolverType(1:AMGCGL,2:AMGCL_NS_Solver,3:BICGSTABSolver)": 1, 
            "Config_conditions(1:V-P-P),(2:V-V-P)": 1, 
            "Dt": 0.05
        }
    ], 
    "Inlet": [
        {
            "Reynolds(peak)": -1225.9427538716468, 
            "Flow_inlet(peak)": -6.40705950349261e-05, 
            "Reynolds(mean)": -1225.9427538716468, 
            "Flow_inlet(mean)": -6.40705950349261e-05, 
            "Centroid": [
                -0.00010319409110340905, 
                -2.6215637677039877e-05, 
                -0.031420356708522716
            ], 
            "Center Node": 103742, 
            "Parabolic": true, 
            "Diameter": 0.01996268363257169, 
            "Total_area_inlet": 0.00031298876267923
        }
    ], 
    "Hemodynamic Parameters_1001_ABC": [
        {
            "B": -1108715173759.0654, 
            "C": -33967565.32720518, 
            "A": 72315540.39213863
        }
    ], 
    "Fluid Characteristic": [
        {
            "blood_kinematic_viscosity": 3.3333333333333333e-06, 
            "blood_dynamic_viscosity": 0.0035, 
            "blood_density": 1050.0
        }
    ], 
    "Flow": [
        {
            "Flow Outlet 1002": [
                0
            ], 
            "Flow Outlet 1001": [
                [
                    6.040344330107481e-05, 
                    6.414741395392394e-05, 
                    6.39183364662903e-05, 
                    6.400220237743076e-05, 
                    6.399291996974583e-05, 
                    6.40043756963488e-05, 
                    6.400632365473695e-05, 
                    6.400823882750621e-05, 
                    6.400762872803102e-05, 
                    6.400665163103175e-05, 
                    6.400617604750619e-05, 
                    6.400606133062613e-05, 
                    6.400429174879943e-05, 
                    6.399394737092126e-05, 
                    6.397519774767476e-05, 
                    6.397167197513769e-05, 
                    6.398483534090333e-05, 
                    6.398777319635317e-05, 
                    6.396779007335939e-05, 
                    6.396645540014986e-05, 
                    6.398638618084431e-05
                ]
            ], 
            "Flow Inlet": [
                [
                    -6.40705950349261e-05, 
                    -6.40705950349261e-05, 
                    -6.40705950349261e-05, 
                    -6.40705950349261e-05, 
                    -6.40705950349261e-05, 
                    -6.40705950349261e-05, 
                    -6.40705950349261e-05, 
                    -6.40705950349261e-05, 
                    -6.40705950349261e-05, 
                    -6.40705950349261e-05, 
                    -6.40705950349261e-05, 
                    -6.40705950349261e-05, 
                    -6.40705950349261e-05, 
                    -6.40705950349261e-05, 
                    -6.40705950349261e-05, 
                    -6.40705950349261e-05, 
                    -6.40705950349261e-05, 
                    -6.40705950349261e-05, 
                    -6.40705950349261e-05, 
                    -6.40705950349261e-05, 
                    -6.40705950349261e-05
                ]
            ]
        }
    ], 
    "Pressures": [
        {
            "Pressure Outlet 1002": [
                0
            ], 
            "Pressure Inlet": [
                [
                    1845.8255961876102, 
                    -769.0143418477643, 
                    212.21266605396386, 
                    -5.898053712050263, 
                    56.18420981122879, 
                    57.207607388406394, 
                    75.35376316937231, 
                    86.56314356706396, 
                    91.49435016398247, 
                    90.49202265757799, 
                    91.60964378886095, 
                    96.92901785028235, 
                    96.9918521132914, 
                    96.482616789835, 
                    87.56868741279835, 
                    78.20828077756615, 
                    82.94005593781026, 
                    87.87243527294885, 
                    97.03909874557901, 
                    93.74515026353825, 
                    92.09812685576303
                ]
            ], 
            "Pressure Outlet 1001": [
                [
                    0.0, 
                    0.0, 
                    0.0, 
                    0.0, 
                    0.0, 
                    0.0, 
                    0.0, 
                    0.0, 
                    0.0, 
                    0.0, 
                    0.0, 
                    0.0, 
                    0.0, 
                    0.0, 
                    0.0, 
                    0.0, 
                    0.0, 
                    0.0, 
                    0.0, 
                    0.0, 
                    0.0
                ]
            ]
        }
    ], 
    "Outlet 1001": [
        {
            "Reynolds(peak)": 1227.4185233715484, 
            "Flow_outlet(mean)": 6.382610100087599e-05, 
            "Reynolds(mean)": 1221.270411607393, 
            "Total_area_outlet": 0.00031298575517654055, 
            "Centroid": [
                9.262029203820218e-05, 
                0.0001651998312510945, 
                0.2699799999999991
            ], 
            "Center Node": 393, 
            "Flow_outlet(peak)": 6.414741395392394e-05, 
            "Diameter": 0.01996258772182968
        }
    ], 
    "name": [
        "I:/PROYECTOS/ESTUDIANTES/Sergio/V1/GID\\Modelo_14_145.gid\\Modelo_14_145.json"
    ], 
    "Hemodynamic Parameters_1001_AB": [
        {
            "B": 1461643080949.8118, 
            "A": -94875505.46194395
        }
    ], 
    "Time": [
        {
            "Time": [
                0.05, 
                0.13101365887191438, 
                0.22124904039115845, 
                0.3219365427000047, 
                0.42893061694339796, 
                0.5404455761358089, 
                0.6671587542709678, 
                0.8365737065576024, 
                1.0350790792164881, 
                1.2437289199342167, 
                1.4929769907269446, 
                1.8139107711067428, 
                2.2322055208158016, 
                2.768548707218945, 
                3.304891893622089, 
                3.8670814657411094, 
                4.518385904852843, 
                5.169690343964576, 
                5.8984667006257325, 
                6.627243057286889, 
                7.3560194139480455
            ]
        }
    ]
}