{
    "Simulations_Parameters": [
        {
            "AutomaticDeltaTime": true, 
            "Time_vector": [
                0, 
                7.0
            ], 
            "Dt": 0.05, 
            "SolverType(1:AMGCGL,2:AMGCL_NS_Solver,3:BICGSTABSolver)": 1, 
            "Config_conditions(1:V-P-P),(2:V-V-P)": 1
        }
    ], 
    "Hemodynamic Parameters_1001_AB": [
        {
            "A": -67771033.67342202, 
            "B": 1029462533817.3998
        }
    ], 
    "Fluid Characteristic": [
        {
            "blood_dynamic_viscosity": 0.0035, 
            "blood_density": 1050.0, 
            "blood_kinematic_viscosity": 3.3333333333333333e-06
        }
    ], 
    "Outlet 1001": [
        {
            "Total_area_outlet": 0.0003129857551765408, 
            "Centroid": [
                -1.8710628692159163e-05, 
                8.09623068897412e-05, 
                0.25
            ], 
            "Flow_outlet(mean)": 6.3987353922482e-05, 
            "Reynolds(peak)": 1230.3301309438982, 
            "Diameter": 0.019962587721829687, 
            "Reynolds(mean)": 1224.355880073341, 
            "Flow_outlet(peak)": 6.429958054800621e-05, 
            "Center Node": 425
        }
    ], 
    "Time": [
        {
            "Time": [
                0.05, 
                0.15794150156624703, 
                0.2730072573156886, 
                0.406992944861002, 
                0.5578328924894348, 
                0.727602639697225, 
                0.9228106503709672, 
                1.1327885685309909, 
                1.3823089368905201, 
                1.67233925260415, 
                1.9902739752886518, 
                2.350257086000197, 
                2.781033538308148, 
                3.302596448648115, 
                3.9267346550534423, 
                3.9367346550534417, 
                3.9417346550534416, 
                4.251119837912506, 
                4.547469810998362, 
                4.846742930129892, 
                5.161088994229719, 
                5.4722330850555005, 
                5.7886465219895085, 
                6.140804695438252, 
                6.530672912741503, 
                7.08264884449968
            ]
        }
    ], 
    "Pressures": [
        {
            "Pressure Outlet 1002": [
                0
            ], 
            "Pressure Outlet 1001": [
                [
                    0.0, 
                    0.0, 
                    0.0, 
                    0.0, 
                    0.0, 
                    0.0, 
                    0.0, 
                    0.0, 
                    0.0, 
                    0.0, 
                    0.0, 
                    0.0, 
                    0.0, 
                    0.0, 
                    0.0, 
                    0.0, 
                    0.0, 
                    0.0, 
                    0.0, 
                    0.0, 
                    0.0, 
                    0.0, 
                    0.0, 
                    0.0, 
                    0.0, 
                    0.0
                ]
            ], 
            "Pressure Inlet": [
                [
                    1904.2491334559188, 
                    -804.9011450701373, 
                    238.63984789796527, 
                    12.854966637579702, 
                    93.20948448514446, 
                    100.56229729919559, 
                    116.25370062592347, 
                    121.7589946727345, 
                    123.07883674333509, 
                    117.79512171432843, 
                    109.38130929863236, 
                    116.7938564275367, 
                    116.87148520275866, 
                    108.59469416872778, 
                    116.70083253838617, 
                    118.26348180991039, 
                    112.63883011160988, 
                    112.59027248496874, 
                    106.78206342202785, 
                    108.31424887031433, 
                    112.50266323931244, 
                    111.46270404650699, 
                    106.76371713576656, 
                    103.30769020732478, 
                    110.71015310334707, 
                    118.69151729776883
                ]
            ]
        }
    ], 
    "Hemodynamic Parameters_1001_ABC": [
        {
            "A": 74566494.03216207, 
            "C": -1673334.0043574572, 
            "B": -1135423664856.9043
        }
    ], 
    "Bifurcation: ": [
        false
    ], 
    "Flow": [
        {
            "Flow Inlet": [
                [
                    -6.420467770320529e-05, 
                    -6.420467770320529e-05, 
                    -6.420467770320529e-05, 
                    -6.420467770320529e-05, 
                    -6.420467770320529e-05, 
                    -6.420467770320529e-05, 
                    -6.420467770320529e-05, 
                    -6.420467770320529e-05, 
                    -6.420467770320529e-05, 
                    -6.420467770320529e-05, 
                    -6.420467770320529e-05, 
                    -6.420467770320529e-05, 
                    -6.420467770320529e-05, 
                    -6.420467770320529e-05, 
                    -6.420467770320529e-05, 
                    -6.420467770320529e-05, 
                    -6.420467770320529e-05, 
                    -6.420467770320529e-05, 
                    -6.420467770320529e-05, 
                    -6.420467770320529e-05, 
                    -6.420467770320529e-05, 
                    -6.420467770320529e-05, 
                    -6.420467770320529e-05, 
                    -6.420467770320529e-05, 
                    -6.420467770320529e-05, 
                    -6.420467770320529e-05
                ]
            ], 
            "Flow Outlet 1002": [
                0
            ], 
            "Flow Outlet 1001": [
                [
                    6.049236867313084e-05, 
                    6.429958054800621e-05, 
                    6.40506490861264e-05, 
                    6.414082983515902e-05, 
                    6.412721622064328e-05, 
                    6.41377317057747e-05, 
                    6.413708335047053e-05, 
                    6.413642476466228e-05, 
                    6.413529264908256e-05, 
                    6.413280973746713e-05, 
                    6.412245760655765e-05, 
                    6.411544913764283e-05, 
                    6.412287018620443e-05, 
                    6.411112772687801e-05, 
                    6.409421548956361e-05, 
                    6.410199647371221e-05, 
                    6.410249176329736e-05, 
                    6.41014724655377e-05, 
                    6.411269354436994e-05, 
                    6.412341553785752e-05, 
                    6.413186669531617e-05, 
                    6.413104004043852e-05, 
                    6.413317440236166e-05, 
                    6.413780523483234e-05, 
                    6.412518239548397e-05, 
                    6.41139567139552e-05
                ]
            ]
        }
    ], 
    "name": [
        "I:/PROYECTOS/ESTUDIANTES/Sergio/V1/GID\\Modelo_2_120_I.gid\\Modelo_2_120_I.json"
    ], 
    "Inlet": [
        {
            "Parabolic": true, 
            "Center Node": 70123, 
            "Flow_inlet(peak)": -6.420467770320529e-05, 
            "Centroid": [
                -0.00010319409110340905, 
                -2.6215637677039877e-05, 
                -0.031420356708522716
            ], 
            "Reynolds(peak)": -1228.5083251061117, 
            "Diameter": 0.01996268363257169, 
            "Reynolds(mean)": -1228.5083251061117, 
            "Total_area_inlet": 0.00031298876267923, 
            "Flow_inlet(mean)": -6.420467770320529e-05
        }
    ]
}