{
    "Simulations_Parameters": [
        {
            "AutomaticDeltaTime": true, 
            "Dt": 0.05, 
            "Config_conditions(1:V-P-P),(2:V-V-P)": 1, 
            "SolverType(1:AMGCGL,2:AMGCL_NS_Solver,3:BICGSTABSolver)": 1, 
            "Time_vector": [
                0, 
                7.0
            ]
        }
    ], 
    "Flow": [
        {
            "Flow Outlet 1002": [
                0
            ], 
            "Flow Outlet 1001": [
                [
                    6.059376975082058e-05, 
                    6.442185475677335e-05, 
                    6.41516697759178e-05, 
                    6.423021253715998e-05, 
                    6.421171253981816e-05, 
                    6.421891094909078e-05, 
                    6.421695670385826e-05, 
                    6.421635232474078e-05, 
                    6.421523050974377e-05, 
                    6.421364272976435e-05, 
                    6.42072985908464e-05, 
                    6.41945705107643e-05, 
                    6.419970057943591e-05, 
                    6.420409905784798e-05, 
                    6.419378366643703e-05, 
                    6.418807127043571e-05, 
                    6.419166725311306e-05, 
                    6.419325122442902e-05, 
                    6.419062013647542e-05, 
                    6.420186985094044e-05, 
                    6.420420812941542e-05, 
                    6.420432200700278e-05, 
                    6.42093249798927e-05, 
                    6.421241507078632e-05, 
                    6.421809136803692e-05, 
                    6.421636471013615e-05, 
                    6.421149863599136e-05
                ]
            ], 
            "Flow Inlet": [
                [
                    -6.427981654267913e-05, 
                    -6.427981654267913e-05, 
                    -6.427981654267913e-05, 
                    -6.427981654267913e-05, 
                    -6.427981654267913e-05, 
                    -6.427981654267913e-05, 
                    -6.427981654267913e-05, 
                    -6.427981654267913e-05, 
                    -6.427981654267913e-05, 
                    -6.427981654267913e-05, 
                    -6.427981654267913e-05, 
                    -6.427981654267913e-05, 
                    -6.427981654267913e-05, 
                    -6.427981654267913e-05, 
                    -6.427981654267913e-05, 
                    -6.427981654267913e-05, 
                    -6.427981654267913e-05, 
                    -6.427981654267913e-05, 
                    -6.427981654267913e-05, 
                    -6.427981654267913e-05, 
                    -6.427981654267913e-05, 
                    -6.427981654267913e-05, 
                    -6.427981654267913e-05, 
                    -6.427981654267913e-05, 
                    -6.427981654267913e-05, 
                    -6.427981654267913e-05, 
                    -6.427981654267913e-05
                ]
            ]
        }
    ], 
    "Fluid Characteristic": [
        {
            "blood_kinematic_viscosity": 3.3333333333333333e-06, 
            "blood_density": 1050.0, 
            "blood_dynamic_viscosity": 0.0035
        }
    ], 
    "name": [
        "I:/PROYECTOS/ESTUDIANTES/Sergio/V1/GID\\Modelo_2_145_I.gid\\Modelo_2_145_I.json"
    ], 
    "Time": [
        {
            "Time": [
                0.05, 
                0.1543747636551442, 
                0.2719869127863445, 
                0.40731314585147493, 
                0.5581210164982929, 
                0.7277312201506787, 
                0.9216198258271863, 
                1.1375363733505575, 
                1.3903318650760106, 
                1.67486439244703, 
                2.015399095766941, 
                2.4237832700190762, 
                2.935623111694836, 
                3.447462953370596, 
                3.959302795046356, 
                4.471142636722115, 
                4.982982478397875, 
                4.992982478397875, 
                4.997982478397875, 
                5.23336353737712, 
                5.46178561282364, 
                5.698342735552864, 
                5.939865193704364, 
                6.186329407546595, 
                6.4294882963714075, 
                6.710863103996743, 
                7.037930267314565
            ]
        }
    ], 
    "Inlet": [
        {
            "Centroid": [
                -0.00010319409110340905, 
                -2.6215637677039877e-05, 
                -0.031420356708522716
            ], 
            "Flow_inlet(mean)": -6.427981654267913e-05, 
            "Reynolds(mean)": -1229.9460504110984, 
            "Flow_inlet(peak)": -6.427981654267913e-05, 
            "Center Node": 68778, 
            "Total_area_inlet": 0.00031298876267923, 
            "Reynolds(peak)": -1229.9460504110984, 
            "Diameter": 0.01996268363257169, 
            "Parabolic": true
        }
    ], 
    "Hemodynamic Parameters_1001_ABC": [
        {
            "C": 888382.4809336215, 
            "B": 2573240096168.16, 
            "A": -164042491.6058626
        }
    ], 
    "Pressures": [
        {
            "Pressure Outlet 1002": [
                0
            ], 
            "Pressure Outlet 1001": [
                [
                    0.0, 
                    0.0, 
                    0.0, 
                    0.0, 
                    0.0, 
                    0.0, 
                    0.0, 
                    0.0, 
                    0.0, 
                    0.0, 
                    0.0, 
                    0.0, 
                    0.0, 
                    0.0, 
                    0.0, 
                    0.0, 
                    0.0, 
                    0.0, 
                    0.0, 
                    0.0, 
                    0.0, 
                    0.0, 
                    0.0, 
                    0.0, 
                    0.0, 
                    0.0, 
                    0.0
                ]
            ], 
            "Pressure Inlet": [
                [
                    1863.2349132141912, 
                    -792.750364639173, 
                    221.79709755372673, 
                    -6.758581594249583, 
                    61.6162488100736, 
                    62.68768119299034, 
                    76.70936055074702, 
                    81.24442727290231, 
                    85.9761698249083, 
                    84.07401778777546, 
                    75.91249119776874, 
                    74.51333253327716, 
                    78.36019813138101, 
                    77.074333021392, 
                    70.44581401038144, 
                    65.36692097802396, 
                    70.25002250487847, 
                    76.12353713425509, 
                    73.32081527127035, 
                    77.80240469455543, 
                    79.33249516230094, 
                    78.07414168738879, 
                    71.9487999070501, 
                    68.77042439173545, 
                    74.74004201816923, 
                    78.80919359265793, 
                    76.14718325018595
                ]
            ]
        }
    ], 
    "Hemodynamic Parameters_1001_AB": [
        {
            "B": -2569184454496.06, 
            "A": 163782359.4280209
        }
    ], 
    "Bifurcation: ": [
        false
    ], 
    "Outlet 1001": [
        {
            "Centroid": [
                -1.8710628692159163e-05, 
                8.09623068897412e-05, 
                0.25
            ], 
            "Reynolds(mean)": 1226.1083828665917, 
            "Flow_outlet(peak)": 6.442185475677335e-05, 
            "Flow_outlet(mean)": 6.407894331924721e-05, 
            "Center Node": 440, 
            "Total_area_outlet": 0.0003129857551765408, 
            "Reynolds(peak)": 1232.669767408108, 
            "Diameter": 0.019962587721829687
        }
    ]
}