{
    "Time": [
        {
            "Time": [
                0.05, 
                0.16056637978157823, 
                0.28246474061540383, 
                0.41573572538971054, 
                0.5635314405509132, 
                0.7367284773159981, 
                0.9435450322636002, 
                1.1917877124429557, 
                1.4400303926223113, 
                1.6836033178926708, 
                1.9737673994199239, 
                2.403444051675379, 
                2.9190538721676007, 
                3.53778546353688, 
                3.54778546353688, 
                3.55278546353688, 
                3.8604794910080558, 
                4.1681735184792315, 
                4.475867545950408, 
                4.783561573421584, 
                5.09125560089276, 
                5.4035578091047345, 
                5.711672648554003, 
                6.020957292405201, 
                6.334459414852463, 
                6.651678770599298, 
                7.034391971629196
            ]
        }
    ], 
    "Pressures": [
        {
            "Pressure Inlet": [
                [
                    1911.1114875999322, 
                    -822.1273845159527, 
                    221.3741615104708, 
                    -20.67931370517068, 
                    42.47745954605374, 
                    35.13801258086217, 
                    44.331798313608736, 
                    42.69338745425002, 
                    35.92257729407895, 
                    35.04797170767103, 
                    44.88781435640184, 
                    52.587921487739294, 
                    50.8823644526827, 
                    41.259740453510034, 
                    38.77309196869548, 
                    33.74338912457757, 
                    37.98379539584643, 
                    27.98670562793607, 
                    29.470846818499275, 
                    33.8038088094113, 
                    35.289687296212634, 
                    33.43684831516935, 
                    30.17558015006528, 
                    29.434150487984454, 
                    29.981714040337017, 
                    31.10201145090474, 
                    32.71581885618109
                ]
            ], 
            "Pressure Outlet 1002": [
                0
            ], 
            "Pressure Outlet 1001": [
                [
                    0.0, 
                    0.0, 
                    0.0, 
                    0.0, 
                    0.0, 
                    0.0, 
                    0.0, 
                    0.0, 
                    0.0, 
                    0.0, 
                    0.0, 
                    0.0, 
                    0.0, 
                    0.0, 
                    0.0, 
                    0.0, 
                    0.0, 
                    0.0, 
                    0.0, 
                    0.0, 
                    0.0, 
                    0.0, 
                    0.0, 
                    0.0, 
                    0.0, 
                    0.0, 
                    0.0
                ]
            ]
        }
    ], 
    "Flow": [
        {
            "Flow Inlet": [
                [
                    -6.412326935880018e-05, 
                    -6.412326935880018e-05, 
                    -6.412326935880018e-05, 
                    -6.412326935880018e-05, 
                    -6.412326935880018e-05, 
                    -6.412326935880018e-05, 
                    -6.412326935880018e-05, 
                    -6.412326935880018e-05, 
                    -6.412326935880018e-05, 
                    -6.412326935880018e-05, 
                    -6.412326935880018e-05, 
                    -6.412326935880018e-05, 
                    -6.412326935880018e-05, 
                    -6.412326935880018e-05, 
                    -6.412326935880018e-05, 
                    -6.412326935880018e-05, 
                    -6.412326935880018e-05, 
                    -6.412326935880018e-05, 
                    -6.412326935880018e-05, 
                    -6.412326935880018e-05, 
                    -6.412326935880018e-05, 
                    -6.412326935880018e-05, 
                    -6.412326935880018e-05, 
                    -6.412326935880018e-05, 
                    -6.412326935880018e-05, 
                    -6.412326935880018e-05, 
                    -6.412326935880018e-05
                ]
            ], 
            "Flow Outlet 1002": [
                0
            ], 
            "Flow Outlet 1001": [
                [
                    6.0422251205011496e-05, 
                    6.424116139037162e-05, 
                    6.397566797764987e-05, 
                    6.406325093462937e-05, 
                    6.40453517387469e-05, 
                    6.405400091170106e-05, 
                    6.405269739672331e-05, 
                    6.405198729059211e-05, 
                    6.405140420849239e-05, 
                    6.405248068603383e-05, 
                    6.405408737913977e-05, 
                    6.404802102308447e-05, 
                    6.402395261425898e-05, 
                    6.398564708827766e-05, 
                    6.400111270883785e-05, 
                    6.399757958353217e-05, 
                    6.400399726017134e-05, 
                    6.402920946593966e-05, 
                    6.404149079898989e-05, 
                    6.404870480120379e-05, 
                    6.406146551649857e-05, 
                    6.405995359701356e-05, 
                    6.405133793333701e-05, 
                    6.404860147441148e-05, 
                    6.405088767595135e-05, 
                    6.405483333609568e-05, 
                    6.405742312487078e-05
                ]
            ]
        }
    ], 
    "Simulations_Parameters": [
        {
            "Config_conditions(1:V-P-P),(2:V-V-P)": 1, 
            "Time_vector": [
                0, 
                7.0
            ], 
            "AutomaticDeltaTime": true, 
            "SolverType(1:AMGCGL,2:AMGCL_NS_Solver,3:BICGSTABSolver)": 1, 
            "Dt": 0.05
        }
    ], 
    "Fluid Characteristic": [
        {
            "blood_dynamic_viscosity": 0.0035, 
            "blood_kinematic_viscosity": 3.3333333333333333e-06, 
            "blood_density": 1050.0
        }
    ], 
    "name": [
        "I:/PROYECTOS/ESTUDIANTES/Sergio/V1/GID\\Modelo_4_170_I.gid\\Modelo_4_170_I.json"
    ], 
    "Outlet 1001": [
        {
            "Flow_outlet(peak)": 6.424116139037162e-05, 
            "Flow_outlet(mean)": 6.39121688563543e-05, 
            "Center Node": 436, 
            "Reynolds(peak)": 1229.2123188614253, 
            "Diameter": 0.019962587721368066, 
            "Centroid": [
                1.234316127888889e-05, 
                9.513770873552552e-05, 
                0.26997999999999905
            ], 
            "Total_area_outlet": 0.00031298575516206564, 
            "Reynolds(mean)": 1222.9172633724668
        }
    ], 
    "Bifurcation: ": [
        false
    ], 
    "Hemodynamic Parameters_1001_AB": [
        {
            "B": 757722536071.2684, 
            "A": -49097133.11569899
        }
    ], 
    "Hemodynamic Parameters_1001_ABC": [
        {
            "C": -2816988.849193031, 
            "B": -899192901137.2532, 
            "A": 58158561.97899262
        }
    ], 
    "Inlet": [
        {
            "Center Node": 75396, 
            "Flow_inlet(mean)": -6.412326935880018e-05, 
            "Flow_inlet(peak)": -6.412326935880018e-05, 
            "Reynolds(peak)": -1226.9506375292483, 
            "Diameter": 0.01996268363257169, 
            "Parabolic": true, 
            "Total_area_inlet": 0.00031298876267923, 
            "Centroid": [
                -0.00010319409110340905, 
                -2.6215637677039877e-05, 
                -0.031420356708522716
            ], 
            "Reynolds(mean)": -1226.9506375292483
        }
    ]
}