{
    "name": [
        "I:/PROYECTOS/ESTUDIANTES/Sergio/V1/GID\\Modelo_15_145_I.gid\\Modelo_15_145_I.json"
    ], 
    "Pressures": [
        {
            "Pressure Inlet": [
                [
                    1845.057202719615, 
                    -774.0094021290056, 
                    214.0463396053338, 
                    -6.411770540734945, 
                    57.096427544859374, 
                    59.122110188018155, 
                    78.13888777966206, 
                    88.4434904758095, 
                    91.59547947730952, 
                    91.50925582499607, 
                    94.22553547673799, 
                    92.51896511250602, 
                    86.31913989459403, 
                    77.53426613694721, 
                    77.69162442964144, 
                    79.75604169388659, 
                    78.82447109156955, 
                    84.68344013123497, 
                    93.57497499404701, 
                    95.25355031569308, 
                    88.95194972972718
                ]
            ], 
            "Pressure Outlet 1002": [
                0
            ], 
            "Pressure Outlet 1001": [
                [
                    0.0, 
                    0.0, 
                    0.0, 
                    0.0, 
                    0.0, 
                    0.0, 
                    0.0, 
                    0.0, 
                    0.0, 
                    0.0, 
                    0.0, 
                    0.0, 
                    0.0, 
                    0.0, 
                    0.0, 
                    0.0, 
                    0.0, 
                    0.0, 
                    0.0, 
                    0.0, 
                    0.0
                ]
            ]
        }
    ], 
    "Time": [
        {
            "Time": [
                0.05, 
                0.13668366785214997, 
                0.23038980415869345, 
                0.3362799488137614, 
                0.45324732404958334, 
                0.5830872496061766, 
                0.7319723509566375, 
                0.9085922713944122, 
                1.1210708084623993, 
                1.3770273406277436, 
                1.6855534444781233, 
                2.0565554142534443, 
                2.5011972747508473, 
                2.9458391352482503, 
                3.477973281454481, 
                4.010107427660712, 
                4.542241573866942, 
                5.0743757200731725, 
                5.713334994135843, 
                6.352294268198513, 
                7.118831390028106
            ]
        }
    ], 
    "Simulations_Parameters": [
        {
            "Config_conditions(1:V-P-P),(2:V-V-P)": 1, 
            "SolverType(1:AMGCGL,2:AMGCL_NS_Solver,3:BICGSTABSolver)": 1, 
            "Time_vector": [
                0, 
                7.0
            ], 
            "AutomaticDeltaTime": true, 
            "Dt": 0.05
        }
    ], 
    "Inlet": [
        {
            "Flow_inlet(mean)": -6.415263380453937e-05, 
            "Centroid": [
                -0.00010319409110340905, 
                -2.6215637677039877e-05, 
                -0.031420356708522716
            ], 
            "Flow_inlet(peak)": -6.415263380453937e-05, 
            "Reynolds(mean)": -1227.512504161762, 
            "Diameter": 0.01996268363257169, 
            "Reynolds(peak)": -1227.512504161762, 
            "Parabolic": true, 
            "Center Node": 103772, 
            "Total_area_inlet": 0.00031298876267923
        }
    ], 
    "Fluid Characteristic": [
        {
            "blood_dynamic_viscosity": 0.0035, 
            "blood_kinematic_viscosity": 3.3333333333333333e-06, 
            "blood_density": 1050.0
        }
    ], 
    "Bifurcation: ": [
        false
    ], 
    "Outlet 1001": [
        {
            "Flow_outlet(peak)": 6.420013532704598e-05, 
            "Flow_outlet(mean)": 6.389940830867216e-05, 
            "Centroid": [
                4.09431105279329e-05, 
                8.761835146427014e-05, 
                0.26997999999999905
            ], 
            "Reynolds(mean)": 1222.6730986957734, 
            "Diameter": 0.019962587721366793, 
            "Reynolds(peak)": 1228.427312156413, 
            "Total_area_outlet": 0.0003129857551620257, 
            "Center Node": 497
        }
    ], 
    "Hemodynamic Parameters_1001_ABC": [
        {
            "B": -3751310077501.306, 
            "C": -30661212.224917427, 
            "A": 241663124.11119574
        }
    ], 
    "Flow": [
        {
            "Flow Inlet": [
                [
                    -6.415263380453937e-05, 
                    -6.415263380453937e-05, 
                    -6.415263380453937e-05, 
                    -6.415263380453937e-05, 
                    -6.415263380453937e-05, 
                    -6.415263380453937e-05, 
                    -6.415263380453937e-05, 
                    -6.415263380453937e-05, 
                    -6.415263380453937e-05, 
                    -6.415263380453937e-05, 
                    -6.415263380453937e-05, 
                    -6.415263380453937e-05, 
                    -6.415263380453937e-05, 
                    -6.415263380453937e-05, 
                    -6.415263380453937e-05, 
                    -6.415263380453937e-05, 
                    -6.415263380453937e-05, 
                    -6.415263380453937e-05, 
                    -6.415263380453937e-05, 
                    -6.415263380453937e-05, 
                    -6.415263380453937e-05
                ]
            ], 
            "Flow Outlet 1002": [
                0
            ], 
            "Flow Outlet 1001": [
                [
                    6.0472631979677804e-05, 
                    6.420013532704598e-05, 
                    6.398027647023299e-05, 
                    6.407232767887151e-05, 
                    6.406279540268859e-05, 
                    6.407459728149909e-05, 
                    6.407664824426899e-05, 
                    6.407786586338109e-05, 
                    6.407682472198412e-05, 
                    6.407591389401693e-05, 
                    6.407551032128596e-05, 
                    6.407498504268026e-05, 
                    6.407607220211278e-05, 
                    6.407947096348922e-05, 
                    6.407858049505021e-05, 
                    6.407507732261905e-05, 
                    6.406534459394362e-05, 
                    6.4054808496107e-05, 
                    6.404615142160445e-05, 
                    6.404223022967163e-05, 
                    6.4049326529884e-05
                ]
            ]
        }
    ], 
    "Hemodynamic Parameters_1001_AB": [
        {
            "B": 3138530688429.1655, 
            "A": -202379920.2915725
        }
    ]
}