{
    "Pressures": [
        {
            "Pressure Outlet 1002": [
                0
            ], 
            "Pressure Outlet 1001": [
                [
                    0.0, 
                    0.0, 
                    0.0, 
                    0.0, 
                    0.0, 
                    0.0, 
                    0.0, 
                    0.0, 
                    0.0, 
                    0.0, 
                    0.0, 
                    0.0, 
                    0.0, 
                    0.0, 
                    0.0, 
                    0.0, 
                    0.0, 
                    0.0, 
                    0.0, 
                    0.0, 
                    0.0, 
                    0.0, 
                    0.0, 
                    0.0, 
                    0.0, 
                    0.0, 
                    0.0, 
                    0.0
                ]
            ], 
            "Pressure Inlet": [
                [
                    1820.5092659109132, 
                    -770.7295836465839, 
                    206.61414363511457, 
                    -17.389930587933765, 
                    40.325813331250544, 
                    34.171811346740434, 
                    44.34200466390744, 
                    43.4133728322184, 
                    31.93791659386143, 
                    23.7476037676637, 
                    30.92714981229404, 
                    37.027440388504, 
                    37.10757703053152, 
                    35.858008455524455, 
                    33.55767655641683, 
                    33.06255227871576, 
                    30.168074047543197, 
                    32.15659509530048, 
                    28.397235995202813, 
                    31.58857658702304, 
                    33.09782283997224, 
                    32.0983096414008, 
                    31.60974258567833, 
                    31.94176992415952, 
                    33.45734004339649, 
                    32.80596423265754, 
                    28.538013460397053, 
                    25.75985398355138
                ]
            ]
        }
    ], 
    "Bifurcation: ": [
        false
    ], 
    "name": [
        "I:/PROYECTOS/ESTUDIANTES/Sergio/V1/GID\\Modelo_3_170.gid\\Modelo_3_170.json"
    ], 
    "Hemodynamic Parameters_1001_AB": [
        {
            "A": 65201529.20553172, 
            "B": -1025884169131.4824
        }
    ], 
    "Time": [
        {
            "Time": [
                0.05, 
                0.1408497855095573, 
                0.23796505507153895, 
                0.3502565574969287, 
                0.4802549618353762, 
                0.634056758670737, 
                0.8180728712795899, 
                1.0397066529283052, 
                1.3095497674951182, 
                1.5793928820619314, 
                1.9151034298875458, 
                2.25081397771316, 
                2.5801460952143382, 
                3.0052512284505215, 
                3.5801356754182856, 
                3.590135675418286, 
                3.5951356754182857, 
                3.873654763608098, 
                4.15217385179791, 
                4.415002760336336, 
                4.678591091106467, 
                4.962854017335196, 
                5.233572756859034, 
                5.487955498610208, 
                5.843813742147971, 
                6.2392851156255675, 
                6.7247957726691565, 
                7.2103064297127455
            ]
        }
    ], 
    "Simulations_Parameters": [
        {
            "Config_conditions(1:V-P-P),(2:V-V-P)": 1, 
            "AutomaticDeltaTime": true, 
            "Dt": 0.05, 
            "SolverType(1:AMGCGL,2:AMGCL_NS_Solver,3:BICGSTABSolver)": 1, 
            "Time_vector": [
                0, 
                7.0
            ]
        }
    ], 
    "Inlet": [
        {
            "Diameter": 0.01996268363257169, 
            "Reynolds(peak)": -1226.8945314159973, 
            "Reynolds(mean)": -1226.8945314159973, 
            "Flow_inlet(mean)": -6.4120337123955e-05, 
            "Parabolic": true, 
            "Flow_inlet(peak)": -6.4120337123955e-05, 
            "Center Node": 67587, 
            "Total_area_inlet": 0.00031298876267923, 
            "Centroid": [
                -0.00010319409110340913, 
                -2.6215637677038762e-05, 
                -0.031420356708522716
            ]
        }
    ], 
    "Hemodynamic Parameters_1001_ABC": [
        {
            "A": -59525837.06070352, 
            "B": 937284561948.5938, 
            "C": -1203311.2854887526
        }
    ], 
    "Fluid Characteristic": [
        {
            "blood_dynamic_viscosity": 0.0035, 
            "blood_density": 1050.0, 
            "blood_kinematic_viscosity": 3.3333333333333333e-06
        }
    ], 
    "Flow": [
        {
            "Flow Inlet": [
                [
                    -6.4120337123955e-05, 
                    -6.4120337123955e-05, 
                    -6.4120337123955e-05, 
                    -6.4120337123955e-05, 
                    -6.4120337123955e-05, 
                    -6.4120337123955e-05, 
                    -6.4120337123955e-05, 
                    -6.4120337123955e-05, 
                    -6.4120337123955e-05, 
                    -6.4120337123955e-05, 
                    -6.4120337123955e-05, 
                    -6.4120337123955e-05, 
                    -6.4120337123955e-05, 
                    -6.4120337123955e-05, 
                    -6.4120337123955e-05, 
                    -6.4120337123955e-05, 
                    -6.4120337123955e-05, 
                    -6.4120337123955e-05, 
                    -6.4120337123955e-05, 
                    -6.4120337123955e-05, 
                    -6.4120337123955e-05, 
                    -6.4120337123955e-05, 
                    -6.4120337123955e-05, 
                    -6.4120337123955e-05, 
                    -6.4120337123955e-05, 
                    -6.4120337123955e-05, 
                    -6.4120337123955e-05, 
                    -6.4120337123955e-05
                ]
            ], 
            "Flow Outlet 1002": [
                0
            ], 
            "Flow Outlet 1001": [
                [
                    6.052814405893396e-05, 
                    6.42483893230641e-05, 
                    6.399491357947955e-05, 
                    6.406877896869219e-05, 
                    6.405322188925251e-05, 
                    6.406320824319672e-05, 
                    6.406336180677737e-05, 
                    6.406340182456441e-05, 
                    6.406293317963724e-05, 
                    6.406431003688548e-05, 
                    6.406764004839143e-05, 
                    6.406850383132175e-05, 
                    6.406014353704516e-05, 
                    6.404164155126733e-05, 
                    6.403833464902709e-05, 
                    6.40466337517415e-05, 
                    6.404442012995952e-05, 
                    6.40541217087902e-05, 
                    6.406347685081006e-05, 
                    6.406531257684762e-05, 
                    6.406325721656247e-05, 
                    6.405706959937214e-05, 
                    6.405179432878217e-05, 
                    6.405224668665337e-05, 
                    6.405527216966789e-05, 
                    6.405847003156478e-05, 
                    6.405601886282578e-05, 
                    6.405209959533384e-05
                ]
            ]
        }
    ], 
    "Outlet 1001": [
        {
            "Diameter": 0.019962588749112928, 
            "Flow_outlet(mean)": 6.393596857273027e-05, 
            "Flow_outlet(peak)": 6.42483893230641e-05, 
            "Reynolds(mean)": 1223.372592289075, 
            "Reynolds(peak)": 1229.3505573023997, 
            "Center Node": 574, 
            "Total_area_outlet": 0.00031298578738930133,