{
    "Outlet 1001": [
        {
            "Center Node": 1571, 
            "Centroid": [
                -3.0501985563613737e-05, 
                -6.569780479221494e-06, 
                0.25
            ], 
            "Reynolds(mean)": 1219.358134500225, 
            "Flow_outlet(mean)": 6.379084979557276e-05, 
            "Reynolds(peak)": 1221.1617185483267, 
            "Flow_outlet(peak)": 6.388520448584045e-05, 
            "Total_area_outlet": 0.0003136215003716969, 
            "Diameter": 0.019982851712949726
        }
    ], 
    "Inlet": [
        {
            "Parabolic": true, 
            "Flow_inlet(peak)": -6.38458055036017e-05, 
            "Center Node": 308514, 
            "Centroid": [
                3.441915867130887e-05, 
                6.538258523934007e-05, 
                -0.03142035670497381
            ], 
            "Reynolds(mean)": -1220.4080227159247, 
            "Reynolds(peak)": -1220.4080227159247, 
            "Flow_inlet(mean)": -6.38458055036017e-05, 
            "Total_area_inlet": 0.0003136218019297123, 
            "Diameter": 0.019982861320051996
        }
    ], 
    "Time": [
        {
            "Time": [
                0.1, 
                0.2, 
                0.30000000000000004, 
                0.4, 
                0.5, 
                0.6, 
                0.7, 
                0.7999999999999999, 
                0.8999999999999999, 
                0.9999999999999999, 
                1.0999999999999999, 
                1.2, 
                1.3, 
                1.4000000000000001, 
                1.5000000000000002, 
                1.6000000000000003, 
                1.7000000000000004, 
                1.8000000000000005, 
                1.9000000000000006, 
                2.0000000000000004, 
                2.1000000000000005, 
                2.2000000000000006, 
                2.3000000000000007, 
                2.400000000000001, 
                2.500000000000001, 
                2.600000000000001, 
                2.700000000000001, 
                2.800000000000001, 
                2.9000000000000012, 
                3.0000000000000013, 
                3.1000000000000014, 
                3.2000000000000015, 
                3.3000000000000016, 
                3.4000000000000017, 
                3.5000000000000018, 
                3.600000000000002, 
                3.700000000000002, 
                3.800000000000002, 
                3.900000000000002, 
                4.000000000000002, 
                4.100000000000001, 
                4.200000000000001, 
                4.300000000000001, 
                4.4, 
                4.5, 
                4.6, 
                4.699999999999999, 
                4.799999999999999, 
                4.899999999999999, 
                4.999999999999998, 
                5.099999999999998, 
                5.1999999999999975, 
                5.299999999999997, 
                5.399999999999997, 
                5.4999999999999964, 
                5.599999999999996, 
                5.699999999999996, 
                5.799999999999995, 
                5.899999999999995, 
                5.999999999999995, 
                6.099999999999994, 
                6.199999999999994, 
                6.299999999999994, 
                6.399999999999993, 
                6.499999999999993, 
                6.5999999999999925, 
                6.699999999999992, 
                6.799999999999992, 
                6.8999999999999915, 
                6.999999999999991, 
                7.099999999999991
            ]
        }
    ], 
    "Simulations_Parameters": [
        {
            "Time_vector": [
                0, 
                7.0
            ], 
            "SolverType(1:AMGCGL,2:AMGCL_NS_Solver,3:BICGSTABSolver)": 1, 
            "AutomaticDeltaTime": false, 
            "Dt": 0.1, 
            "Config_conditions(1:V-P-P),(2:V-V-P)": 1
        }
    ], 
    "Flow": [
        {
            "Flow Inlet": [
                [
                    -6.38458055036017e-05, 
                    -6.38458055036017e-05, 
                    -6.38458055036017e-05, 
                    -6.38458055036017e-05, 
                    -6.38458055036017e-05, 
                    -6.38458055036017e-05, 
                    -6.38458055036017e-05, 
                    -6.38458055036017e-05, 
                    -6.38458055036017e-05, 
                    -6.38458055036017e-05, 
                    -6.38458055036017e-05, 
                    -6.38458055036017e-05, 
                    -6.38458055036017e-05, 
                    -6.38458055036017e-05, 
                    -6.38458055036017e-05, 
                    -6.38458055036017e-05, 
                    -6.38458055036017e-05, 
                    -6.38458055036017e-05, 
                    -6.38458055036017e-05, 
                    -6.38458055036017e-05, 
                    -6.38458055036017e-05, 
                    -6.38458055036017e-05, 
                    -6.38458055036017e-05, 
                    -6.38458055036017e-05, 
                    -6.38458055036017e-05, 
                    -6.38458055036017e-05, 
                    -6.38458055036017e-05, 
                    -6.38458055036017e-05, 
                    -6.38458055036017e-05, 
                    -6.38458055036017e-05, 
                    -6.38458055036017e-05, 
                    -6.38458055036017e-05, 
                    -6.38458055036017e-05, 
                    -6.38458055036017e-05, 
                    -6.38458055036017e-05, 
                    -6.38458055036017e-05, 
                    -6.38458055036017e-05, 
                    -6.38458055036017e-05, 
                    -6.38458055036017e-05, 
                    -6.38458055036017e-05, 
                    -6.38458055036017e-05, 
                    -6.38458055036017e-05, 
                    -6.38458055036017e-05, 
                    -6.38458055036017e-05, 
                    -6.38458055036017e-05, 
                    -6.38458055036017e-05, 
                    -6.38458055036017e-05, 
                    -6.38458055036017e-05, 
                    -6.38458055036017e-05, 
                    -6.38458055036017e-05, 
                    -6.38458055036017e-05, 
                    -6.38458055036017e-05, 
                    -6.38458055036017e-05, 
                    -6.38458055036017e-05, 
                    -6.38458055036017e-05, 
                    -6.38458055036017e-05, 
                    -6.38458055036017e-05, 
                    -6.38458055036017e-05, 
                    -6.38458055036017e-05, 
                    -6.38458055036017e-05, 
                    -6.38458055036017e-05, 
                    -6.38458055036017e-05, 
                    -6.38458055036017e-05, 
                    -6.38458055036017e-05, 
                    -6.38458055036017e-05, 
                    -6.38458055036017e-05, 
                    -6.38458055036017e-05, 
                    -6.38458055036017e-05, 
                    -6.38458055036017e-05, 
                    -6.38458055036017e-05, 
                    -6.38458055036017e-05
                ]
            ],