{
    "Fluid Characteristic": [
        {
            "blood_density": 1050.0, 
            "blood_kinematic_viscosity": 3.3333333333333333e-06, 
            "blood_dynamic_viscosity": 0.0035
        }
    ], 
    "Inlet": [
        {
            "Flow_inlet(peak)": -6.432148126872174e-05, 
            "Reynolds(mean)": -1230.7432736764067, 
            "Flow_inlet(mean)": -6.432148126872174e-05, 
            "Centroid": [
                -0.00010319409110340905, 
                -2.6215637677039877e-05, 
                -0.031420356708522716
            ], 
            "Total_area_inlet": 0.00031298876267923, 
            "Center Node": 90971, 
            "Parabolic": true, 
            "Diameter": 0.01996268363257169, 
            "Reynolds(peak)": -1230.7432736764067
        }
    ], 
    "Simulations_Parameters": [
        {
            "Dt": 0.05, 
            "AutomaticDeltaTime": true, 
            "Config_conditions(1:V-P-P),(2:V-V-P)": 1, 
            "Time_vector": [
                0, 
                7.0
            ], 
            "SolverType(1:AMGCGL,2:AMGCL_NS_Solver,3:BICGSTABSolver)": 1
        }
    ], 
    "Flow": [
        {
            "Flow Outlet 1001": [
                [
                    6.0544782596661806e-05, 
                    6.439352768939052e-05, 
                    6.415472162012974e-05, 
                    6.425063095491737e-05, 
                    6.424176994035019e-05, 
                    6.425336401477107e-05, 
                    6.425379634455095e-05, 
                    6.425333602417713e-05, 
                    6.425240370960556e-05, 
                    6.425193582491023e-05, 
                    6.424690956961675e-05, 
                    6.421603341799021e-05, 
                    6.41774796621535e-05, 
                    6.420346197955138e-05, 
                    6.423772328465225e-05, 
                    6.424468760526993e-05, 
                    6.424539731621932e-05, 
                    6.424339013218781e-05, 
                    6.423911082746895e-05, 
                    6.423530325129587e-05, 
                    6.424054926178851e-05, 
                    6.424323964757591e-05, 
                    6.423417672626415e-05, 
                    6.423774500120081e-05, 
                    6.424988841244532e-05, 
                    6.425152032585236e-05
                ]
            ], 
            "Flow Outlet 1002": [
                0
            ], 
            "Flow Inlet": [
                [
                    -6.432148126872174e-05, 
                    -6.432148126872174e-05, 
                    -6.432148126872174e-05, 
                    -6.432148126872174e-05, 
                    -6.432148126872174e-05, 
                    -6.432148126872174e-05, 
                    -6.432148126872174e-05, 
                    -6.432148126872174e-05, 
                    -6.432148126872174e-05, 
                    -6.432148126872174e-05, 
                    -6.432148126872174e-05, 
                    -6.432148126872174e-05, 
                    -6.432148126872174e-05, 
                    -6.432148126872174e-05, 
                    -6.432148126872174e-05, 
                    -6.432148126872174e-05, 
                    -6.432148126872174e-05, 
                    -6.432148126872174e-05, 
                    -6.432148126872174e-05, 
                    -6.432148126872174e-05, 
                    -6.432148126872174e-05, 
                    -6.432148126872174e-05, 
                    -6.432148126872174e-05, 
                    -6.432148126872174e-05, 
                    -6.432148126872174e-05, 
                    -6.432148126872174e-05
                ]
            ]
        }
    ], 
    "name": [
        "I:/PROYECTOS/ESTUDIANTES/Sergio/V1/GID\\Modelo_11_145_I.gid\\Modelo_11_145_I.json"
    ], 
    "Hemodynamic Parameters_1001_AB": [
        {
            "A": -13191914.220347958, 
            "B": 186115238645.97675
        }
    ], 
    "Hemodynamic Parameters_1001_ABC": [
        {
            "A": 21067794.398625255, 
            "B": -308693448006.33936, 
            "C": 5739245.884714454
        }
    ], 
    "Time": [
        {
            "Time": [
                0.05, 
                0.1533311986491998, 
                0.26421655801898847, 
                0.389401040254309, 
                0.5268108821945772, 
                0.6753465615988439, 
                0.8693177773615336, 
                1.0734442962099027, 
                1.3046476090660721, 
                1.5795463795374598, 
                1.9056321650840475, 
                2.2841869724960793, 
                2.7271649688351984, 
                3.2560708515154637, 
                3.9235119724394334, 
                4.590953093363403, 
                4.600953093363403, 
                4.605953093363403, 
                4.935553287502549, 
                5.2674601326104895, 
                5.595706558004441, 
                5.918415176176272, 
                6.253425549905951, 
                6.577000793648221, 
                6.972749325242279, 
                7.436672786380658
            ]
        }
    ], 
    "Outlet 1001": [
        {
            "Reynolds(mean)": 1226.5089962489278, 
            "Centroid": [
                5.282075851584695e-05, 
                9.182701925898595e-05, 
                0.25
            ], 
            "Flow_outlet(mean)": 6.409988019773067e-05, 
            "Flow_outlet(peak)": 6.439352768939052e-05, 
            "Total_area_outlet": 0.0003129857551765407, 
            "Center Node": 429, 
            "Diameter": 0.019962587721829683, 
            "Reynolds(peak)": 1232.1277476278028
        }
    ], 
    "Bifurcation: ": [
        false
    ], 
    "Pressures": [
        {
            "Pressure Outlet 1001": [
                [
                    0.0, 
                    0.0, 
                    0.0, 
                    0.0, 
                    0.0, 
                    0.0, 
                    0.0, 
                    0.0, 
                    0.0, 
                    0.0, 
                    0.0, 
                    0.0, 
                    0.0, 
                    0.0, 
                    0.0, 
                    0.0, 
                    0.0, 
                    0.0, 
                    0.0, 
                    0.0, 
                    0.0, 
                    0.0, 
                    0.0, 
                    0.0, 
                    0.0, 
                    0.0
                ]
            ], 
            "Pressure Outlet 1002": [
                0
            ], 
            "Pressure Inlet": [
                [
                    1794.3709460398532, 
                    -761.8889210485032, 
                    214.92777308459534, 
                    -2.7104312800012886, 
                    65.50703770642195, 
                    69.8269857936008, 
                    85.2015078219856, 
                    88.96601839657657, 
                    88.5699000296987, 
                    89.58388674403876, 
                    89.35218134318859, 
                    87.4593611466931, 
                    83.2040917552334, 
                    78.07605311553733, 
                    72.936302699541, 
                    70.4906848862084, 
                    69.05757099301232, 
                    64.97390071503318, 
                    73.98956345086908, 
                    84.08168432469989, 
                    85.01800184220721, 
                    79.19260238726574, 
                    72.41253417342725, 
                    74.49203573455718, 
                    81.6538850080541, 
                    79.00577491943395
                ]
            ]
        }
    ]
}