{
    "Simulations_Parameters": [
        {
            "AutomaticDeltaTime": true, 
            "Dt": 0.05, 
            "SolverType(1:AMGCGL,2:AMGCL_NS_Solver,3:BICGSTABSolver)": 1, 
            "Time_vector": [
                0, 
                7.0
            ], 
            "Config_conditions(1:V-P-P),(2:V-V-P)": 1
        }
    ], 
    "Fluid Characteristic": [
        {
            "blood_kinematic_viscosity": 3.3333333333333333e-06, 
            "blood_density": 1050.0, 
            "blood_dynamic_viscosity": 0.0035
        }
    ], 
    "Time": [
        {
            "Time": [
                0.05, 
                0.15871601953022596, 
                0.27384863491853173, 
                0.4017553606130507, 
                0.5400201123651169, 
                0.698927136148305, 
                0.8655114633894055, 
                1.0509777484970366, 
                1.265877566832804, 
                1.5313115950444163, 
                1.853894191246838, 
                2.228900500010279, 
                2.2389005000102786, 
                2.2439005000102785, 
                2.4280041624325763, 
                2.6165309594874855, 
                2.808439694707473, 
                3.0064943532135535, 
                3.2079077524738366, 
                3.417132038214451, 
                3.663484686929036, 
                3.950910027798018, 
                4.287315506490824, 
                4.682408722061457, 
                5.077501937632091, 
                5.472595153202724, 
                5.992737943399842, 
                6.512880733596959, 
                6.522880733596959, 
                6.527880733596959, 
                6.765982753177149, 
                7.011181547288366
            ]
        }
    ], 
    "name": [
        "I:/PROYECTOS/ESTUDIANTES/Sergio/V1/GID\\Modelo_25_120_I.gid\\Modelo_25_120_I.json"
    ], 
    "Flow": [
        {
            "Flow Outlet 1002": [
                0
            ], 
            "Flow Outlet 1001": [
                [
                    6.052864730911238e-05, 
                    6.427730395493255e-05, 
                    6.40172322338334e-05, 
                    6.410594965425753e-05, 
                    6.409216337885452e-05, 
                    6.410230480281776e-05, 
                    6.41016525667553e-05, 
                    6.410164716944737e-05, 
                    6.410101043111145e-05, 
                    6.410073287101008e-05, 
                    6.410054692311751e-05, 
                    6.410114071102817e-05, 
                    6.410355038727741e-05, 
                    6.410184202668906e-05, 
                    6.410413278479592e-05, 
                    6.410607196956797e-05, 
                    6.410744625662653e-05, 
                    6.410405043191016e-05, 
                    6.40965182029621e-05, 
                    6.408791954567567e-05, 
                    6.408365366261259e-05, 
                    6.40876209762699e-05, 
                    6.408907001215072e-05, 
                    6.409586405334825e-05, 
                    6.409952698748194e-05, 
                    6.40721480215757e-05, 
                    6.40796085634294e-05, 
                    6.409656144730966e-05, 
                    6.409895397337396e-05, 
                    6.409645828632937e-05, 
                    6.408951474944621e-05, 
                    6.408286112453034e-05
                ]
            ], 
            "Flow Inlet": [
                [
                    -6.416193032451205e-05, 
                    -6.416193032451205e-05, 
                    -6.416193032451205e-05, 
                    -6.416193032451205e-05, 
                    -6.416193032451205e-05, 
                    -6.416193032451205e-05, 
                    -6.416193032451205e-05, 
                    -6.416193032451205e-05, 
                    -6.416193032451205e-05, 
                    -6.416193032451205e-05, 
                    -6.416193032451205e-05, 
                    -6.416193032451205e-05, 
                    -6.416193032451205e-05, 
                    -6.416193032451205e-05, 
                    -6.416193032451205e-05, 
                    -6.416193032451205e-05, 
                    -6.416193032451205e-05, 
                    -6.416193032451205e-05, 
                    -6.416193032451205e-05, 
                    -6.416193032451205e-05, 
                    -6.416193032451205e-05, 
                    -6.416193032451205e-05, 
                    -6.416193032451205e-05, 
                    -6.416193032451205e-05, 
                    -6.416193032451205e-05, 
                    -6.416193032451205e-05, 
                    -6.416193032451205e-05, 
                    -6.416193032451205e-05, 
                    -6.416193032451205e-05, 
                    -6.416193032451205e-05, 
                    -6.416193032451205e-05, 
                    -6.416193032451205e-05
                ]
            ]
        }
    ], 
    "Hemodynamic Parameters_1001_ABC": [
        {
            "C": -1315584.848911047, 
            "B": -3900423793119.6426, 
            "A": 252123821.87952292
        }
    ], 
    "Pressures": [
        {
            "Pressure Outlet 1002": [
                0
            ], 
            "Pressure Outlet 1001": [
                [
                    0.0, 
                    0.0, 
                    0.0, 
                    0.0, 
                    0.0, 
                    0.0, 
                    0.0, 
                    0.0, 
                    0.0, 
                    0.0, 
                    0.0, 
                    0.0, 
                    0.0, 
                    0.0, 
                    0.0, 
                    0.0, 
                    0.0, 
                    0.0, 
                    0.0, 
                    0.0, 
                    0.0, 
                    0.0, 
                    0.0, 
                    0.0, 
                    0.0, 
                    0.0, 
                    0.0, 
                    0.0, 
                    0.0, 
                    0.0, 
                    0.0, 
                    0.0
                ]
            ], 
            "Pressure Inlet": [
                [
                    1892.8135738141286, 
                    -800.0338851182177, 
                    240.68559221436496, 
                    19.07226603150404, 
                    102.46734295985132, 
                    114.59217587352636, 
                    136.77489476944186, 
                    143.7631609115315, 
                    144.93736573333817, 
                    147.46317850446124, 
                    145.8909014491329, 
                    134.4868694865683, 
                    129.02436025234186, 
                    122.54643656866415, 
                    119.18216894059282, 
                    121.94341932129197, 
                    130.6235764285565, 
                    136.91802074356642, 
                    137.9572815628981, 
                    143.47764560523547, 
                    142.37795055295194, 
                    135.38392060995136, 
                    127.9973951515821, 
                    133.87778848527407, 
                    142.07727863529857, 
                    140.3849860050059, 
                    132.39295606809978, 
                    134.0426500102493, 
                    139.47647358857995, 
                    130.95752591719358, 
                    140.99245578584734, 
                    143.75616012116072
                ]
            ]
        }
    ], 
    "Inlet": [
        {
            "Centroid": [
                -0.00010319409110340905, 
                -2.6215637677039877e-05, 
                -0.031420356708522716
            ], 
            "Flow_inlet(mean)": -6.416193032451205e-05, 
            "Reynolds(mean)": -1227.690386094816, 
            "Flow_inlet(peak)": -6.416193032451205e-05, 
            "Center Node": 191455,