{
    "Pressures": [
        {
            "Pressure Outlet 1002": [
                0
            ], 
            "Pressure Outlet 1001": [
                [
                    0.0, 
                    0.0, 
                    0.0, 
                    0.0, 
                    0.0, 
                    0.0, 
                    0.0, 
                    0.0, 
                    0.0, 
                    0.0, 
                    0.0, 
                    0.0, 
                    0.0, 
                    0.0, 
                    0.0, 
                    0.0, 
                    0.0, 
                    0.0, 
                    0.0
                ]
            ], 
            "Pressure Inlet": [
                [
                    1781.3922491372155, 
                    -739.5813283519303, 
                    204.3015284068005, 
                    -4.025581805983632, 
                    56.28145177999298, 
                    60.79766880577878, 
                    81.60318237318951, 
                    91.92765745214862, 
                    93.82519531090199, 
                    91.50023518855775, 
                    89.7809371584559, 
                    89.500028421532, 
                    93.4298798796568, 
                    95.92585316719678, 
                    95.69652615113533, 
                    87.44884357231471, 
                    90.11282166244443, 
                    96.1586334014194, 
                    97.3481747701152
                ]
            ]
        }
    ], 
    "Bifurcation: ": [
        false
    ], 
    "name": [
        "I:/PROYECTOS/ESTUDIANTES/Sergio/V1/GID\\Modelo_23_145.gid\\Modelo_23_145.json"
    ], 
    "Flow": [
        {
            "Flow Inlet": [
                [
                    -6.419185765593077e-05, 
                    -6.419185765593077e-05, 
                    -6.419185765593077e-05, 
                    -6.419185765593077e-05, 
                    -6.419185765593077e-05, 
                    -6.419185765593077e-05, 
                    -6.419185765593077e-05, 
                    -6.419185765593077e-05, 
                    -6.419185765593077e-05, 
                    -6.419185765593077e-05, 
                    -6.419185765593077e-05, 
                    -6.419185765593077e-05, 
                    -6.419185765593077e-05, 
                    -6.419185765593077e-05, 
                    -6.419185765593077e-05, 
                    -6.419185765593077e-05, 
                    -6.419185765593077e-05, 
                    -6.419185765593077e-05, 
                    -6.419185765593077e-05
                ]
            ], 
            "Flow Outlet 1002": [
                0
            ], 
            "Flow Outlet 1001": [
                [
                    6.046472270840143e-05, 
                    6.429787300158927e-05, 
                    6.403592783696562e-05, 
                    6.411913348819591e-05, 
                    6.410997963959033e-05, 
                    6.412195144843763e-05, 
                    6.412353546852757e-05, 
                    6.412445010580251e-05, 
                    6.412361330858203e-05, 
                    6.412292766843168e-05, 
                    6.412285211955681e-05, 
                    6.41232499969414e-05, 
                    6.41214964232906e-05, 
                    6.411581477726155e-05, 
                    6.411255159778962e-05, 
                    6.409540905020731e-05, 
                    6.40711015528092e-05, 
                    6.407945179717618e-05, 
                    6.409644846652195e-05
                ]
            ]
        }
    ], 
    "Time": [
        {
            "Time": [
                0.05, 
                0.128527509322161, 
                0.20837245710210145, 
                0.3019054372076077, 
                0.4161889152568529, 
                0.5535435800495472, 
                0.7099207308709147, 
                0.8846105545004194, 
                1.08292087118488, 
                1.3227289849444328, 
                1.6120169179064145, 
                1.9627075040242854, 
                2.384918274648112, 
                2.888373395371861, 
                3.492310050824529, 
                4.209679066052197, 
                5.0682440533409086, 
                6.0682440533409086, 
                7.0682440533409086
            ]
        }
    ], 
    "Simulations_Parameters": [
        {
            "AutomaticDeltaTime": true, 
            "Dt": 0.05, 
            "SolverType(1:AMGCGL,2:AMGCL_NS_Solver,3:BICGSTABSolver)": 1, 
            "Config_conditions(1:V-P-P),(2:V-V-P)": 1, 
            "Time_vector": [
                0, 
                7.0
            ]
        }
    ], 
    "Inlet": [
        {
            "Diameter": 0.01996268363257169, 
            "Reynolds(peak)": -1228.2630231223868, 
            "Center Node": 166171, 
            "Reynolds(mean)": -1228.2630231223868, 
            "Flow_inlet(mean)": -6.419185765593077e-05, 
            "Parabolic": true, 
            "Flow_inlet(peak)": -6.419185765593077e-05, 
            "Total_area_inlet": 0.00031298876267923, 
            "Centroid": [
                -0.00010319409110340905, 
                -2.6215637677039877e-05, 
                -0.031420356708522716
            ]
        }
    ], 
    "Hemodynamic Parameters_1001_ABC": [
        {
            "A": 152704961.5194681, 
            "B": -2361138394373.2993, 
            "C": 22866136.649027605
        }
    ], 
    "Fluid Characteristic": [
        {
            "blood_dynamic_viscosity": 0.0035, 
            "blood_density": 1050.0, 
            "blood_kinematic_viscosity": 3.3333333333333333e-06
        }
    ], 
    "Hemodynamic Parameters_1001_AB": [
        {
            "A": -281944675.7046455, 
            "B": 4377845087792.247
        }
    ], 
    "Outlet 1001": [
        {
            "Diameter": 0.019962587722046975, 
            "Flow_outlet(mean)": 6.392539423453045e-05, 
            "Flow_outlet(peak)": 6.429787300158927e-05, 
            "Reynolds(mean)": 1223.1703222330405, 
            "Reynolds(peak)": 1230.2974581542796, 
            "Center Node": 438, 
            "Total_area_outlet": 0.0003129857551833543, 
            "Centroid": [
                1.2343161578888893e-05, 
                9.51377092105258e-05, 
                0.26997999999999905
            ]
        }
    ]
}