{
    "Hemodynamic Parameters_1001_ABC": [
        {
            "B": -1624992291046.6978, 
            "C": 26007633.746086035, 
            "A": 104839369.67698935
        }
    ], 
    "Time": [
        {
            "Time": [
                0.05, 
                0.19367266863519755, 
                0.34035529903118383, 
                0.5045066072292739, 
                0.6982955364619158, 
                0.9308235530506015, 
                1.1626496185181256, 
                1.4305677896890088, 
                1.7658111480227474, 
                2.191780629305372, 
                2.716427003116238, 
                3.241073376927104, 
                3.835684057197871, 
                4.430294737468638, 
                5.024905417739405, 
                5.619516098010172, 
                6.2141267782809395, 
                6.808737458551707, 
                7.403348138822474
            ]
        }
    ], 
    "Pressures": [
        {
            "Pressure Outlet 1002": [
                0
            ], 
            "Pressure Outlet 1001": [
                [
                    0.0, 
                    0.0, 
                    0.0, 
                    0.0, 
                    0.0, 
                    0.0, 
                    0.0, 
                    0.0, 
                    0.0, 
                    0.0, 
                    0.0, 
                    0.0, 
                    0.0, 
                    0.0, 
                    0.0, 
                    0.0, 
                    0.0, 
                    0.0, 
                    0.0
                ]
            ], 
            "Pressure Inlet": [
                [
                    1490.6834102684793, 
                    -651.6774585297142, 
                    179.8042409828253, 
                    -9.137816070911223, 
                    49.30150743099179, 
                    45.43561521554018, 
                    44.94372172255417, 
                    28.832357228270627, 
                    18.4703630331823, 
                    29.582815257668592, 
                    39.53194694836013, 
                    40.22569312122903, 
                    30.621072614421966, 
                    27.608208950024885, 
                    24.151522572114484, 
                    24.904390878088446, 
                    26.580975862615908, 
                    22.115629247379353, 
                    22.59570419642833
                ]
            ]
        }
    ], 
    "Bifurcation: ": [
        false
    ], 
    "Hemodynamic Parameters_1001_AB": [
        {
            "B": 6943912124551.078, 
            "A": -446405626.019268
        }
    ], 
    "Outlet 1001": [
        {
            "Total_area_outlet": 0.00031298584079579784, 
            "Centroid": [
                -2.790748252833332e-05, 
                0.00014700342080000103, 
                0.25
            ], 
            "Reynolds(mean)": 1225.0382626659118, 
            "Diameter": 0.019962590452276333, 
            "Reynolds(peak)": 1231.5382353303485, 
            "Center Node": 414, 
            "Flow_outlet(peak)": 6.436272736889698e-05, 
            "Flow_outlet(mean)": 6.402302539578349e-05
        }
    ], 
    "Simulations_Parameters": [
        {
            "AutomaticDeltaTime": true, 
            "SolverType(1:AMGCGL,2:AMGCL_NS_Solver,3:BICGSTABSolver)": 1, 
            "Dt": 0.05, 
            "Config_conditions(1:V-P-P),(2:V-V-P)": 1, 
            "Time_vector": [
                0, 
                7.0
            ]
        }
    ], 
    "name": [
        "I:/PROYECTOS/ESTUDIANTES/Sergio/V1/GID\\Modelo_19.gid\\Modelo_19.json"
    ], 
    "Fluid Characteristic": [
        {
            "blood_kinematic_viscosity": 3.3333333333333333e-06, 
            "blood_density": 1050.0, 
            "blood_dynamic_viscosity": 0.0035
        }
    ], 
    "Flow": [
        {
            "Flow Outlet 1002": [
                0
            ], 
            "Flow Outlet 1001": [
                [
                    6.038040305158929e-05, 
                    6.436272736889698e-05, 
                    6.414139187104602e-05, 
                    6.423420727580395e-05, 
                    6.421639783815185e-05, 
                    6.422380481721409e-05, 
                    6.4220384848419e-05, 
                    6.422070866991917e-05, 
                    6.422508963583456e-05, 
                    6.42318726870876e-05, 
                    6.422946116094061e-05, 
                    6.421715471467401e-05, 
                    6.420057948432118e-05, 
                    6.420437159987026e-05, 
                    6.422508391071398e-05, 
                    6.423879410194161e-05, 
                    6.422020332548278e-05, 
                    6.421666745306776e-05, 
                    6.422817870491154e-05
                ]
            ], 
            "Flow Inlet": [
                [
                    -6.429175922731414e-05, 
                    -6.429175922731414e-05, 
                    -6.429175922731414e-05, 
                    -6.429175922731414e-05, 
                    -6.429175922731414e-05, 
                    -6.429175922731414e-05, 
                    -6.429175922731414e-05, 
                    -6.429175922731414e-05, 
                    -6.429175922731414e-05, 
                    -6.429175922731414e-05, 
                    -6.429175922731414e-05, 
                    -6.429175922731414e-05, 
                    -6.429175922731414e-05, 
                    -6.429175922731414e-05, 
                    -6.429175922731414e-05, 
                    -6.429175922731414e-05, 
                    -6.429175922731414e-05, 
                    -6.429175922731414e-05, 
                    -6.429175922731414e-05
                ]
            ]
        }
    ], 
    "Inlet": [
        {
            "Centroid": [
                -0.00011264752207188776, 
                7.922032327307591e-05, 
                1.0823686532045463e-16
            ], 
            "Reynolds(mean)": -1230.1804047713115, 
            "Diameter": 0.01996258886345206, 
            "Reynolds(peak)": -1230.1804047713115, 
            "Parabolic": true, 
            "Flow_inlet(mean)": -6.429175922731414e-05, 
            "Center Node": 135786, 
            "Flow_inlet(peak)": -6.429175922731414e-05, 
            "Total_area_inlet": 0.00031298579097466033
        }
    ]
}