{
    "Hemodynamic Parameters_1001_ABC": [
        {
            "C": 2453916.9299268723, 
            "B": -1890868889507.4546, 
            "A": 122071031.18451013
        }
    ], 
    "Fluid Characteristic": [
        {
            "blood_kinematic_viscosity": 3.3333333333333333e-06, 
            "blood_density": 1050.0, 
            "blood_dynamic_viscosity": 0.0035
        }
    ], 
    "Outlet 1001": [
        {
            "Flow_outlet(peak)": 6.436212777206552e-05, 
            "Reynolds(peak)": 1231.5269308922814, 
            "Total_area_outlet": 0.0003129857551740598, 
            "Diameter": 0.019962587721750566, 
            "Center Node": 564, 
            "Flow_outlet(mean)": 6.408947378396558e-05, 
            "Reynolds(mean)": 1226.3098763792705, 
            "Centroid": [
                5.3095341566111e-05, 
                0.00011870255665385932, 
                0.289990000000001
            ]
        }
    ], 
    "name": [
        "I:/PROYECTOS/ESTUDIANTES/Sergio/V1/GID\\Modelo_27_170.gid\\Modelo_27_170.json"
    ], 
    "Hemodynamic Parameters_1001_AB": [
        {
            "B": 1856423057339.2363, 
            "A": -119858921.33310597
        }
    ], 
    "Pressures": [
        {
            "Pressure Outlet 1001": [
                [
                    0.0, 
                    0.0, 
                    0.0, 
                    0.0, 
                    0.0, 
                    0.0, 
                    0.0, 
                    0.0, 
                    0.0, 
                    0.0, 
                    0.0, 
                    0.0, 
                    0.0, 
                    0.0, 
                    0.0, 
                    0.0, 
                    0.0, 
                    0.0, 
                    0.0, 
                    0.0, 
                    0.0, 
                    0.0, 
                    0.0, 
                    0.0, 
                    0.0, 
                    0.0, 
                    0.0, 
                    0.0, 
                    0.0, 
                    0.0, 
                    0.0, 
                    0.0
                ]
            ], 
            "Pressure Inlet": [
                [
                    1786.5593324936128, 
                    -760.9102453472506, 
                    205.15819482157198, 
                    -15.735757438122166, 
                    45.11096443017447, 
                    44.731599296835405, 
                    60.19483928833961, 
                    64.18935740357588, 
                    60.21417622946926, 
                    51.78967073819247, 
                    46.16916072641707, 
                    43.650309487976514, 
                    39.424865550739234, 
                    28.49244969838698, 
                    24.423759482732073, 
                    26.076253275306946, 
                    29.990892205732326, 
                    37.188040943991474, 
                    45.056948789897575, 
                    49.0918679615896, 
                    49.13444552246367, 
                    45.94987699259566, 
                    45.648129181138, 
                    49.716973642488746, 
                    51.345168289857554, 
                    45.76268940965707, 
                    40.210068642019074, 
                    38.62305759594388, 
                    34.00409887662303, 
                    42.46863062762829, 
                    40.25973548406453, 
                    45.59589904195562
                ]
            ], 
            "Pressure Outlet 1002": [
                0
            ]
        }
    ], 
    "Time": [
        {
            "Time": [
                0.05, 
                0.14806909011989255, 
                0.25389005447975743, 
                0.37834905563824195, 
                0.528433447589171, 
                0.709389114196804, 
                0.9264490042346767, 
                1.145130125323243, 
                1.40206501523698, 
                1.7419041662415096, 
                1.7519041662415094, 
                1.7569041662415092, 
                1.9444336616428666, 
                2.119945722097471, 
                2.290426441955497, 
                2.461301795602366, 
                2.6364900674249667, 
                2.819751970924308, 
                3.030680153765478, 
                3.276667325574859, 
                3.5694893962040473, 
                3.9204858379972385, 
                4.340349141361745, 
                4.846326672265658, 
                5.35230420316957, 
                5.858281734073483, 
                6.364259264977395, 
                6.374259264977395, 
                6.379259264977395, 
                6.631482424169787, 
                6.883705583362179, 
                7.152438682653209
            ]
        }
    ], 
    "Flow": [
        {
            "Flow Inlet": [
                [
                    -6.428122189734877e-05, 
                    -6.428122189734877e-05, 
                    -6.428122189734877e-05, 
                    -6.428122189734877e-05, 
                    -6.428122189734877e-05, 
                    -6.428122189734877e-05, 
                    -6.428122189734877e-05, 
                    -6.428122189734877e-05, 
                    -6.428122189734877e-05, 
                    -6.428122189734877e-05, 
                    -6.428122189734877e-05, 
                    -6.428122189734877e-05, 
                    -6.428122189734877e-05, 
                    -6.428122189734877e-05, 
                    -6.428122189734877e-05, 
                    -6.428122189734877e-05, 
                    -6.428122189734877e-05, 
                    -6.428122189734877e-05, 
                    -6.428122189734877e-05, 
                    -6.428122189734877e-05, 
                    -6.428122189734877e-05, 
                    -6.428122189734877e-05, 
                    -6.428122189734877e-05, 
                    -6.428122189734877e-05, 
                    -6.428122189734877e-05, 
                    -6.428122189734877e-05, 
                    -6.428122189734877e-05, 
                    -6.428122189734877e-05, 
                    -6.428122189734877e-05, 
                    -6.428122189734877e-05, 
                    -6.428122189734877e-05, 
                    -6.428122189734877e-05
                ]
            ], 
            "Flow Outlet 1001": [
                [
                    6.0598266054049605e-05, 
                    6.436212777206552e-05, 
                    6.412891521443094e-05, 
                    6.421157303311387e-05, 
                    6.419843224221066e-05, 
                    6.420917351089861e-05, 
                    6.42086635885152e-05, 
                    6.420787633998145e-05, 
                    6.420685500574309e-05, 
                    6.420699002090758e-05, 
                    6.42084499541309e-05, 
                    6.420652625803894e-05, 
                    6.420841980280475e-05, 
                    6.4208670601551e-05, 
                    6.421010153926748e-05, 
                    6.421211074953845e-05, 
                    6.421400998895257e-05, 
                    6.421407784887481e-05, 
                    6.42098798565551e-05, 
                    6.419995927650246e-05, 
                    6.418567290089693e-05, 
                    6.416205178228667e-05, 
                    6.414037989705856e-05, 
                    6.415720561610502e-05, 
                    6.418756092939581e-05, 
                    6.420346691224664e-05, 
                    6.420200361832742e-05, 
                    6.420384810646995e-05, 
                    6.420183247624239e-05, 
                    6.419801739868052e-05, 
                    6.419238165280922e-05, 
                    6.419766113824658e-05
                ]
            ], 
            "Flow Outlet 1002": [
                0
            ]
        }
    ],