{
    "Pressures": [
        {
            "Pressure Inlet": [
                [
                    1773.7787079019465, 
                    -736.4124919793773, 
                    203.79673137852848, 
                    -3.15276155164455, 
                    58.159571490488176, 
                    62.2666975930759, 
                    81.554841369388, 
                    92.13916912770614, 
                    95.2486314785915, 
                    93.46465767110882, 
                    91.36865736435861, 
                    93.11036840554418, 
                    95.38375707241973, 
                    95.28109148453935, 
                    96.18897768752417, 
                    91.9931370994215, 
                    85.54513340435734, 
                    83.57457429902857, 
                    97.06980327267145, 
                    95.6414235236155
                ]
            ], 
            "Pressure Outlet 1001": [
                [
                    0.0, 
                    0.0, 
                    0.0, 
                    0.0, 
                    0.0, 
                    0.0, 
                    0.0, 
                    0.0, 
                    0.0, 
                    0.0, 
                    0.0, 
                    0.0, 
                    0.0, 
                    0.0, 
                    0.0, 
                    0.0, 
                    0.0, 
                    0.0, 
                    0.0, 
                    0.0
                ]
            ], 
            "Pressure Outlet 1002": [
                0
            ]
        }
    ], 
    "Flow": [
        {
            "Flow Outlet 1001": [
                [
                    6.0489866146423196e-05, 
                    6.413121939423452e-05, 
                    6.39181942090038e-05, 
                    6.400616775574708e-05, 
                    6.399855311041534e-05, 
                    6.401091095470294e-05, 
                    6.401355770176068e-05, 
                    6.401495888280668e-05, 
                    6.401422703808745e-05, 
                    6.401330436336342e-05, 
                    6.401304098994539e-05, 
                    6.40131651315629e-05, 
                    6.401121361402067e-05, 
                    6.39981056856962e-05, 
                    6.397268380493214e-05, 
                    6.396824490757617e-05, 
                    6.39839994644946e-05, 
                    6.399393006068931e-05, 
                    6.399843647212962e-05, 
                    6.399716296902005e-05
                ]
            ], 
            "Flow Outlet 1002": [
                0
            ], 
            "Flow Inlet": [
                [
                    -6.40856590390759e-05, 
                    -6.40856590390759e-05, 
                    -6.40856590390759e-05, 
                    -6.40856590390759e-05, 
                    -6.40856590390759e-05, 
                    -6.40856590390759e-05, 
                    -6.40856590390759e-05, 
                    -6.40856590390759e-05, 
                    -6.40856590390759e-05, 
                    -6.40856590390759e-05, 
                    -6.40856590390759e-05, 
                    -6.40856590390759e-05, 
                    -6.40856590390759e-05, 
                    -6.40856590390759e-05, 
                    -6.40856590390759e-05, 
                    -6.40856590390759e-05, 
                    -6.40856590390759e-05, 
                    -6.40856590390759e-05, 
                    -6.40856590390759e-05, 
                    -6.40856590390759e-05
                ]
            ]
        }
    ], 
    "Inlet": [
        {
            "Total_area_inlet": 0.00031298876267923, 
            "Parabolic": true, 
            "Center Node": 165935, 
            "Centroid": [
                -0.00010319409110340913, 
                -2.6215637677038762e-05, 
                -0.031420356708522716
            ], 
            "Flow_inlet(mean)": -6.40856590390759e-05, 
            "Reynolds(mean)": -1226.2309922861905, 
            "Flow_inlet(peak)": -6.40856590390759e-05, 
            "Reynolds(peak)": -1226.2309922861905, 
            "Diameter": 0.01996268363257169
        }
    ], 
    "Fluid Characteristic": [
        {
            "blood_kinematic_viscosity": 3.3333333333333333e-06, 
            "blood_density": 1050.0, 
            "blood_dynamic_viscosity": 0.0035
        }
    ], 
    "Hemodynamic Parameters_1001_ABC": [
        {
            "C": -33758955.82491304, 
            "B": -890316587407.1382, 
            "A": 58385377.82735694
        }
    ], 
    "Hemodynamic Parameters_1001_AB": [
        {
            "B": 1058089268441.0852, 
            "A": -69093711.3284673
        }
    ], 
    "Time": [
        {
            "Time": [
                0.05, 
                0.12827541563618447, 
                0.2137177321051124, 
                0.31292161510133587, 
                0.4209674213747515, 
                0.538712187993193, 
                0.6837877116551594, 
                0.8505642484110038, 
                1.048026030211539, 
                1.2846210414300248, 
                1.5657026925811426, 
                1.90775615003654, 
                2.3054671114327676, 
                2.742414567417721, 
                3.272538227050371, 
                3.9040907514695724, 
                4.631261652876784, 
                5.451787338713473, 
                6.43784268758864, 
                7.423898036463807
            ]
        }
    ], 
    "Outlet 1001": [
        {
            "Total_area_outlet": 0.00031298575517654055, 
            "Center Node": 598, 
            "Centroid": [
                5.862708639720694e-05, 
                0.00010353839509326675, 
                0.26997999999999905
            ], 
            "Flow_outlet(mean)": 6.382804713283061e-05, 
            "Reynolds(mean)": 1221.307649560769, 
            "Flow_outlet(peak)": 6.413121939423452e-05, 
            "Reynolds(peak)": 1227.108651136404, 
            "Diameter": 0.01996258772182968
        }
    ], 
    "name": [
        "I:/PROYECTOS/ESTUDIANTES/Sergio/V1/GID\\Modelo_24_145.gid\\Modelo_24_145.json"
    ], 
    "Bifurcation: ": [
        false
    ], 
    "Simulations_Parameters": [
        {
            "Config_conditions(1:V-P-P),(2:V-V-P)": 1, 
            "SolverType(1:AMGCGL,2:AMGCL_NS_Solver,3:BICGSTABSolver)": 1, 
            "Dt": 0.05, 
            "Time_vector": [
                0, 
                7.0
            ], 
            "AutomaticDeltaTime": true
        }
    ]
}