{
    "Time": [
        {
            "Time": [
                0.05, 
                0.15000590931502011, 
                0.25772415569359586, 
                0.380695594568624, 
                0.5177395033830072, 
                0.6717688568902165, 
                0.8506379748235525, 
                1.0635645308471502, 
                1.3267852125203896, 
                1.590005894193629, 
                1.8532265758668685, 
                2.116447257540108, 
                2.428825739819106, 
                2.7412042220981045, 
                3.1155524099751126, 
                3.4899005978521207, 
                3.9386982788724736, 
                4.387495959892827, 
                4.83629364091318, 
                5.285091321933533, 
                5.2950913219335325, 
                5.300091321933532, 
                5.524810616655453, 
                5.749757920944929, 
                5.974556932486957, 
                6.199193112015945, 
                6.423704593407837, 
                6.644739670388178, 
                6.909976311884376, 
                7.221024420128025
            ]
        }
    ], 
    "name": [
        "I:/PROYECTOS/ESTUDIANTES/Sergio/V1/GID\\Modelo_5_170.gid\\Modelo_5_170.json"
    ], 
    "Flow": [
        {
            "Flow Outlet 1001": [
                [
                    6.046318788547957e-05, 
                    6.417020855266145e-05, 
                    6.392010123457531e-05, 
                    6.401120011433416e-05, 
                    6.400004440073664e-05, 
                    6.401060493845364e-05, 
                    6.401068432184912e-05, 
                    6.401050191232117e-05, 
                    6.400960181094436e-05, 
                    6.40103218796258e-05, 
                    6.401274915805091e-05, 
                    6.401563202365549e-05, 
                    6.401554756581776e-05, 
                    6.401083188043173e-05, 
                    6.399959380170616e-05, 
                    6.398426777720525e-05, 
                    6.397579235642294e-05, 
                    6.397726084597252e-05, 
                    6.398202480566532e-05, 
                    6.398738834233288e-05, 
                    6.398929055252024e-05, 
                    6.398611583708176e-05, 
                    6.399468717701688e-05, 
                    6.40013648007702e-05, 
                    6.400592091215247e-05, 
                    6.401041292038954e-05, 
                    6.401508568184563e-05, 
                    6.401302244782624e-05, 
                    6.400622954357096e-05, 
                    6.400438987104015e-05
                ]
            ], 
            "Flow Outlet 1002": [
                0
            ], 
            "Flow Inlet": [
                [
                    -6.407921712939977e-05, 
                    -6.407921712939977e-05, 
                    -6.407921712939977e-05, 
                    -6.407921712939977e-05, 
                    -6.407921712939977e-05, 
                    -6.407921712939977e-05, 
                    -6.407921712939977e-05, 
                    -6.407921712939977e-05, 
                    -6.407921712939977e-05, 
                    -6.407921712939977e-05, 
                    -6.407921712939977e-05, 
                    -6.407921712939977e-05, 
                    -6.407921712939977e-05, 
                    -6.407921712939977e-05, 
                    -6.407921712939977e-05, 
                    -6.407921712939977e-05, 
                    -6.407921712939977e-05, 
                    -6.407921712939977e-05, 
                    -6.407921712939977e-05, 
                    -6.407921712939977e-05, 
                    -6.407921712939977e-05, 
                    -6.407921712939977e-05, 
                    -6.407921712939977e-05, 
                    -6.407921712939977e-05, 
                    -6.407921712939977e-05, 
                    -6.407921712939977e-05, 
                    -6.407921712939977e-05, 
                    -6.407921712939977e-05, 
                    -6.407921712939977e-05, 
                    -6.407921712939977e-05
                ]
            ]
        }
    ], 
    "Fluid Characteristic": [
        {
            "blood_kinematic_viscosity": 3.3333333333333333e-06, 
            "blood_density": 1050.0, 
            "blood_dynamic_viscosity": 0.0035
        }
    ], 
    "Pressures": [
        {
            "Pressure Inlet": [
                [
                    1898.6906929462257, 
                    -810.5212566287867, 
                    217.07015214536088, 
                    -20.27116359706666, 
                    40.68154937058141, 
                    33.21860986910001, 
                    43.68579442050801, 
                    45.622610607324184, 
                    38.74721317885383, 
                    26.830579484657306, 
                    24.138380799016893, 
                    30.356292374359796, 
                    35.86416946161347, 
                    35.99251573818804, 
                    35.86880926454892, 
                    35.094870655017594, 
                    32.257044242166245, 
                    30.93842475752332, 
                    34.547562394487855, 
                    36.20885407269568, 
                    35.200116754396355, 
                    31.89918885850477, 
                    34.863279110116096, 
                    29.876947262926553, 
                    32.458758840025915, 
                    35.711325775720105, 
                    34.46940878779226, 
                    30.93201954088142, 
                    31.791674149287456, 
                    35.936334063463754
                ]
            ], 
            "Pressure Outlet 1001": [
                [
                    0.0, 
                    0.0, 
                    0.0, 
                    0.0, 
                    0.0, 
                    0.0, 
                    0.0, 
                    0.0, 
                    0.0, 
                    0.0, 
                    0.0, 
                    0.0, 
                    0.0, 
                    0.0, 
                    0.0, 
                    0.0, 
                    0.0, 
                    0.0, 
                    0.0, 
                    0.0, 
                    0.0, 
                    0.0, 
                    0.0, 
                    0.0, 
                    0.0, 
                    0.0, 
                    0.0, 
                    0.0, 
                    0.0, 
                    0.0
                ]
            ], 
            "Pressure Outlet 1002": [
                0
            ]
        }
    ], 
    "Hemodynamic Parameters_1001_AB": [
        {
            "B": -365328001969.9031, 
            "A": 22848046.837559976
        }
    ], 
    "Bifurcation: ": [
        false
    ], 
    "Outlet 1001": [
        {
            "Center Node": 395, 
            "Flow_outlet(peak)": 6.417020855266145e-05, 
            "Flow_outlet(mean)": 6.388680217841521e-05, 
            "Diameter": 0.019962587721829676, 
            "Reynolds(peak)": 1227.8546830075913, 
            "Total_area_outlet": 0.00031298575517654044, 
            "Centroid": [
                7.05755534888268e-05, 
                0.0001495529299346057, 
                0.26997999999999905
            ], 
            "Reynolds(mean)": 1222.4318886663998
        }
    ], 
    "Hemodynamic Parameters_1001_ABC": [
        {
            "B": 386327034396.1933, 
            "C": -1145382.1888595112, 
            "A": -24192265.49035351
        }
    ], 
    "Inlet": [
        {
            "Center Node": 75429, 
            "Flow_inlet(mean)": -6.407921712939977e-05, 
            "Reynolds(mean)": -1226.1077311789034, 
            "Diameter": 0.01996268363257169, 
            "Reynolds(peak)": -1226.1077311789034, 
            "Total_area_inlet": 0.00031298876267923,