{
    "Hemodynamic Parameters_1001_AB": [
        {
            "B": 1447253171.5341702, 
            "A": -635511.0817835258
        }
    ], 
    "Hemodynamic Parameters_1001_ABC": [
        {
            "C": -806973.4885878544, 
            "B": 7705111248.443184, 
            "A": 47834.70998907639
        }
    ], 
    "Simulations_Parameters": [
        {
            "Config_conditions(1:V-P-P),(2:V-V-P)": 1, 
            "AutomaticDeltaTime": true, 
            "Dt": 0.05, 
            "Time_vector": [
                0, 
                7.0
            ], 
            "SolverType(1:AMGCGL,2:AMGCL_NS_Solver,3:BICGSTABSolver)": 1
        }
    ], 
    "Fluid Characteristic": [
        {
            "blood_kinematic_viscosity": 3.3333333333333333e-06, 
            "blood_density": 1050.0, 
            "blood_dynamic_viscosity": 0.0035
        }
    ], 
    "name": [
        "I:/PROYECTOS/ESTUDIANTES/Sergio/V1/GID\\Modelo_8_170.gid\\Modelo_8_170.json"
    ], 
    "Flow": [
        {
            "Flow Inlet": [
                [
                    -6.429902765582675e-05, 
                    -6.429902765582675e-05, 
                    -6.429902765582675e-05, 
                    -6.429902765582675e-05, 
                    -6.429902765582675e-05, 
                    -6.429902765582675e-05, 
                    -6.429902765582675e-05, 
                    -6.429902765582675e-05, 
                    -6.429902765582675e-05, 
                    -6.429902765582675e-05, 
                    -6.429902765582675e-05, 
                    -6.429902765582675e-05, 
                    -6.429902765582675e-05, 
                    -6.429902765582675e-05, 
                    -6.429902765582675e-05, 
                    -6.429902765582675e-05, 
                    -6.429902765582675e-05, 
                    -6.429902765582675e-05, 
                    -6.429902765582675e-05, 
                    -6.429902765582675e-05, 
                    -6.429902765582675e-05, 
                    -6.429902765582675e-05, 
                    -6.429902765582675e-05, 
                    -6.429902765582675e-05, 
                    -6.429902765582675e-05, 
                    -6.429902765582675e-05, 
                    -6.429902765582675e-05, 
                    -6.429902765582675e-05, 
                    -6.429902765582675e-05, 
                    -6.429902765582675e-05, 
                    -6.429902765582675e-05, 
                    -6.429902765582675e-05, 
                    -6.429902765582675e-05, 
                    -6.429902765582675e-05, 
                    -6.429902765582675e-05, 
                    -6.429902765582675e-05, 
                    -6.429902765582675e-05
                ]
            ], 
            "Flow Outlet 1001": [
                [
                    6.053799328584416e-05, 
                    6.438248189579884e-05, 
                    6.413401585692003e-05, 
                    6.422305158249702e-05, 
                    6.421291722064682e-05, 
                    6.422431795160568e-05, 
                    6.422487974496848e-05, 
                    6.422456572902374e-05, 
                    6.422351087796788e-05, 
                    6.422697049160494e-05, 
                    6.422517342019231e-05, 
                    6.422423907791228e-05, 
                    6.422412856249386e-05, 
                    6.422487025170277e-05, 
                    6.422589556050701e-05, 
                    6.422716361042755e-05, 
                    6.422841413744497e-05, 
                    6.422813068601615e-05, 
                    6.422393580632471e-05, 
                    6.421567726943565e-05, 
                    6.420242466320191e-05, 
                    6.418777364535416e-05, 
                    6.41720069313108e-05, 
                    6.416549669969226e-05, 
                    6.417921857184091e-05, 
                    6.419555839452133e-05, 
                    6.420188829167718e-05, 
                    6.420667568452667e-05, 
                    6.420461576681885e-05, 
                    6.420189345581491e-05, 
                    6.420206487559919e-05, 
                    6.420573652769188e-05, 
                    6.421214554846369e-05, 
                    6.421781900773664e-05, 
                    6.421776068048597e-05, 
                    6.421393812337968e-05, 
                    6.421302968822326e-05
                ]
            ], 
            "Flow Outlet 1002": [
                0
            ]
        }
    ], 
    "Bifurcation: ": [
        false
    ], 
    "Pressures": [
        {
            "Pressure Outlet 1001": [
                [
                    0.0, 
                    0.0, 
                    0.0, 
                    0.0, 
                    0.0, 
                    0.0, 
                    0.0, 
                    0.0, 
                    0.0, 
                    0.0, 
                    0.0, 
                    0.0, 
                    0.0, 
                    0.0, 
                    0.0, 
                    0.0, 
                    0.0, 
                    0.0, 
                    0.0, 
                    0.0, 
                    0.0, 
                    0.0, 
                    0.0, 
                    0.0, 
                    0.0, 
                    0.0, 
                    0.0, 
                    0.0, 
                    0.0, 
                    0.0, 
                    0.0, 
                    0.0, 
                    0.0, 
                    0.0, 
                    0.0, 
                    0.0, 
                    0.0
                ]
            ], 
            "Pressure Inlet": [
                [
                    1983.9284927347003, 
                    -840.5741884988033, 
                    223.76256183324813, 
                    -21.578627945973, 
                    40.428749445733914, 
                    31.960576366316992, 
                    42.876150556753636, 
                    46.705789540721696, 
                    42.788209044954094, 
                    38.676003523164276, 
                    37.41593103551463, 
                    33.45416447794075, 
                    26.959395696529192, 
                    25.11535310869046, 
                    28.352409289500738, 
                    33.27582771489874, 
                    36.23542030852797, 
                    37.589088691795325, 
                    39.04531198024102, 
                    40.9131088626016, 
                    41.56253729787728, 
                    39.262478064785604, 
                    34.79901540642538, 
                    33.99904099783575, 
                    35.989262433851756, 
                    36.39076670401406, 
                    33.43122194804995, 
                    32.62424822983091, 
                    30.07953423555024, 
                    32.61723883282489, 
                    32.40845909992789, 
                    33.88218753590477, 
                    34.1737852531277, 
                    33.316247593598206, 
                    32.06971365336558, 
                    31.002909126575663, 
                    31.05309332554759
                ]
            ], 
            "Pressure Outlet 1002": [
                0
            ]
        }
    ], 
    "Inlet": [
        {
            "Flow_inlet(peak)": -6.429902765582675e-05, 
            "Diameter": 0.01996268363257169, 
            "Center Node": 83313, 
            "Total_area_inlet": 0.00031298876267923, 
            "Flow_inlet(mean)": -6.429902765582675e-05, 
            "Reynolds(mean)": -1230.3136406440954, 
            "Parabolic": true, 
            "Centroid": [
                -0.00010319409110340905, 
                -2.6215637677039877e-05, 
                -0.031420356708522716
            ], 
            "Reynolds(peak)": -1230.3136406440954
        }
    ],