{
    "name": [
        "I:/PROYECTOS/ESTUDIANTES/Sergio/V1/GID\\Modelo_14_170_I.gid\\Modelo_14_170_I.json"
    ], 
    "Simulations_Parameters": [
        {
            "Dt": 0.05, 
            "Config_conditions(1:V-P-P),(2:V-V-P)": 1, 
            "AutomaticDeltaTime": true, 
            "SolverType(1:AMGCGL,2:AMGCL_NS_Solver,3:BICGSTABSolver)": 1, 
            "Time_vector": [
                0, 
                7.0
            ]
        }
    ], 
    "Time": [
        {
            "Time": [
                0.05, 
                0.16490696413257955, 
                0.2879803026591201, 
                0.42762013047572467, 
                0.5854629160283409, 
                0.7728918054404365, 
                0.9981760244756201, 
                1.2690826057128053, 
                1.5516108657472332, 
                1.834139125781661, 
                2.116667385816089, 
                2.4572136943399077, 
                2.8521144076850087, 
                3.3202053539899103, 
                3.985667721621767, 
                4.651130089253623, 
                5.3165924568854805, 
                5.32659245688548, 
                5.33159245688548, 
                5.571025216300111, 
                5.83331588041363, 
                6.078757457216596, 
                6.338806694180846, 
                6.61656886554823, 
                6.8943198058113495, 
                7.211707430730702
            ]
        }
    ], 
    "Inlet": [
        {
            "Flow_inlet(mean)": -6.423795105154112e-05, 
            "Centroid": [
                -0.00010319409110340905, 
                -2.6215637677039877e-05, 
                -0.031420356708522716
            ], 
            "Center Node": 102656, 
            "Flow_inlet(peak)": -6.423795105154112e-05, 
            "Parabolic": true, 
            "Diameter": 0.01996268363257169, 
            "Total_area_inlet": 0.00031298876267923, 
            "Reynolds(peak)": -1229.144985656355, 
            "Reynolds(mean)": -1229.144985656355
        }
    ], 
    "Outlet 1001": [
        {
            "Flow_outlet(peak)": 6.434870822758912e-05, 
            "Center Node": 391, 
            "Centroid": [
                9.262029203820218e-05, 
                0.0001651998312510945, 
                0.2699799999999991
            ], 
            "Diameter": 0.01996258772182968, 
            "Total_area_outlet": 0.00031298575517654055, 
            "Reynolds(peak)": 1231.2701567409426, 
            "Flow_outlet(mean)": 6.401627852064774e-05, 
            "Reynolds(mean)": 1224.9093332116895
        }
    ], 
    "Hemodynamic Parameters_1001_ABC": [
        {
            "B": -1032924769972.9922, 
            "C": -16052048.455970464, 
            "A": 66908568.35773244
        }
    ], 
    "Flow": [
        {
            "Flow Outlet 1002": [
                0
            ], 
            "Flow Outlet 1001": [
                [
                    6.0535695302972596e-05, 
                    6.434870822758912e-05, 
                    6.40816616213514e-05, 
                    6.417468875390436e-05, 
                    6.415885093601674e-05, 
                    6.416818532406546e-05, 
                    6.416610158292466e-05, 
                    6.41651305695641e-05, 
                    6.416500483573929e-05, 
                    6.416696420783639e-05, 
                    6.416994454077277e-05, 
                    6.417025510446218e-05, 
                    6.416168367078929e-05, 
                    6.413095866903611e-05, 
                    6.408881724600443e-05, 
                    6.409664303406167e-05, 
                    6.412631767395785e-05, 
                    6.413388279984861e-05, 
                    6.41328926562988e-05, 
                    6.414728074062067e-05, 
                    6.416089195530494e-05, 
                    6.416269979088947e-05, 
                    6.415997576717406e-05, 
                    6.415117546685311e-05, 
                    6.414446968702318e-05, 
                    6.415436137177985e-05
                ]
            ], 
            "Flow Inlet": [
                [
                    -6.423795105154112e-05, 
                    -6.423795105154112e-05, 
                    -6.423795105154112e-05, 
                    -6.423795105154112e-05, 
                    -6.423795105154112e-05, 
                    -6.423795105154112e-05, 
                    -6.423795105154112e-05, 
                    -6.423795105154112e-05, 
                    -6.423795105154112e-05, 
                    -6.423795105154112e-05, 
                    -6.423795105154112e-05, 
                    -6.423795105154112e-05, 
                    -6.423795105154112e-05, 
                    -6.423795105154112e-05, 
                    -6.423795105154112e-05, 
                    -6.423795105154112e-05, 
                    -6.423795105154112e-05, 
                    -6.423795105154112e-05, 
                    -6.423795105154112e-05, 
                    -6.423795105154112e-05, 
                    -6.423795105154112e-05, 
                    -6.423795105154112e-05, 
                    -6.423795105154112e-05, 
                    -6.423795105154112e-05, 
                    -6.423795105154112e-05, 
                    -6.423795105154112e-05
                ]
            ]
        }
    ], 
    "Fluid Characteristic": [
        {
            "blood_kinematic_viscosity": 3.3333333333333333e-06, 
            "blood_dynamic_viscosity": 0.0035, 
            "blood_density": 1050.0
        }
    ], 
    "Bifurcation: ": [
        false
    ], 
    "Hemodynamic Parameters_1001_AB": [
        {
            "B": 929734662156.0992, 
            "A": -60283429.83021079
        }
    ], 
    "Pressures": [
        {
            "Pressure Outlet 1002": [
                0
            ], 
            "Pressure Inlet": [
                [
                    1814.6415053501787, 
                    -781.879185306558, 
                    211.90754834325756, 
                    -17.082194781046866, 
                    46.3370984451045, 
                    44.07513413797131, 
                    56.202126635570615, 
                    54.37786018655295, 
                    40.62131276870904, 
                    28.289955694981852, 
                    37.24257555857901, 
                    50.93563611937205, 
                    53.74834479735166, 
                    55.90669287994445, 
                    52.786550253151695, 
                    48.55562479574853, 
                    40.490106507759684, 
                    33.55828279626212, 
                    28.071847840715673, 
                    32.75406184531312, 
                    32.99890355591311, 
                    37.87162455400711, 
                    36.93623497741239, 
                    34.16414365993916, 
                    32.54139065086244, 
                    32.87453428420751
                ]
            ],