{
    "Hemodynamic Parameters_1001_ABC": [
        {
            "B": 419201005415.27637, 
            "C": -9920691.04921332, 
            "A": -25654276.94871679
        }
    ], 
    "Fluid Characteristic": [
        {
            "blood_dynamic_viscosity": 0.0035, 
            "blood_kinematic_viscosity": 3.3333333333333333e-06, 
            "blood_density": 1050.0
        }
    ], 
    "Simulations_Parameters": [
        {
            "Dt": 0.05, 
            "Time_vector": [
                0, 
                7.0
            ], 
            "AutomaticDeltaTime": true, 
            "Config_conditions(1:V-P-P),(2:V-V-P)": 1, 
            "SolverType(1:AMGCGL,2:AMGCL_NS_Solver,3:BICGSTABSolver)": 1
        }
    ], 
    "Hemodynamic Parameters_1001_AB": [
        {
            "B": -131866529294.93353, 
            "A": 7267472.057406298
        }
    ], 
    "Inlet": [
        {
            "Flow_inlet(peak)": -6.411266716148604e-05, 
            "Total_area_inlet": 0.00031298876267923, 
            "Parabolic": true, 
            "Center Node": 68402, 
            "Centroid": [
                -0.00010319409110340913, 
                -2.6215637677038762e-05, 
                -0.031420356708522716
            ], 
            "Reynolds(mean)": -1226.747772440118, 
            "Diameter": 0.01996268363257169, 
            "Reynolds(peak)": -1226.747772440118, 
            "Flow_inlet(mean)": -6.411266716148604e-05
        }
    ], 
    "Outlet 1001": [
        {
            "Total_area_outlet": 0.00031298578738930133, 
            "Center Node": 575, 
            "Centroid": [
                5.984660410938545e-05, 
                8.972251986735976e-05, 
                0.25
            ], 
            "Flow_outlet(peak)": 6.419824783517751e-05, 
            "Reynolds(mean)": 1222.4143236734558, 
            "Diameter": 0.019962588749112928, 
            "Reynolds(peak)": 1228.391133000455, 
            "Flow_outlet(mean)": 6.388588748338869e-05
        }
    ], 
    "Bifurcation: ": [
        false
    ], 
    "Time": [
        {
            "Time": [
                0.05, 
                0.14545824167140287, 
                0.24658108963595354, 
                0.3587416269092315, 
                0.4816323197784815, 
                0.6263375280434667, 
                0.8108684841594445, 
                1.0027124166030563, 
                1.2427104887459348, 
                1.5616724201437717, 
                1.8381825808177972, 
                2.2739142716202108, 
                2.83170500113669, 
                3.5061862782247317, 
                4.180667555312773, 
                4.855148832400815, 
                5.529630109488856, 
                5.539630109488856, 
                5.544630109488856, 
                5.855601061033833, 
                6.200563727360876, 
                6.5415868354415, 
                6.8761815397465, 
                7.224093934567174
            ]
        }
    ], 
    "Pressures": [
        {
            "Pressure Outlet 1001": [
                [
                    0.0, 
                    0.0, 
                    0.0, 
                    0.0, 
                    0.0, 
                    0.0, 
                    0.0, 
                    0.0, 
                    0.0, 
                    0.0, 
                    0.0, 
                    0.0, 
                    0.0, 
                    0.0, 
                    0.0, 
                    0.0, 
                    0.0, 
                    0.0, 
                    0.0, 
                    0.0, 
                    0.0, 
                    0.0, 
                    0.0, 
                    0.0
                ]
            ], 
            "Pressure Outlet 1002": [
                0
            ], 
            "Pressure Inlet": [
                [
                    1856.3955416570514, 
                    -784.3892472143074, 
                    217.87275065324428, 
                    -7.264757271646335, 
                    57.21395381228619, 
                    57.394399414026665, 
                    73.22015327957578, 
                    79.44125805555899, 
                    82.52598786331977, 
                    85.90791949711279, 
                    82.04569853889227, 
                    76.37436318272715, 
                    75.03999944368944, 
                    74.24740290552536, 
                    72.52689922410404, 
                    67.36995642989483, 
                    71.56821628102978, 
                    79.70432114040185, 
                    75.42823861276138, 
                    85.4195204143494, 
                    85.8747050964936, 
                    78.75796537227328, 
                    71.12681490537017, 
                    74.3531859263676
                ]
            ]
        }
    ], 
    "name": [
        "I:/PROYECTOS/ESTUDIANTES/Sergio/V1/GID\\Modelo_3_145.gid\\Modelo_3_145.json"
    ], 
    "Flow": [
        {
            "Flow Inlet": [
                [
                    -6.411266716148604e-05, 
                    -6.411266716148604e-05, 
                    -6.411266716148604e-05, 
                    -6.411266716148604e-05, 
                    -6.411266716148604e-05, 
                    -6.411266716148604e-05, 
                    -6.411266716148604e-05, 
                    -6.411266716148604e-05, 
                    -6.411266716148604e-05, 
                    -6.411266716148604e-05, 
                    -6.411266716148604e-05, 
                    -6.411266716148604e-05, 
                    -6.411266716148604e-05, 
                    -6.411266716148604e-05, 
                    -6.411266716148604e-05, 
                    -6.411266716148604e-05, 
                    -6.411266716148604e-05, 
                    -6.411266716148604e-05, 
                    -6.411266716148604e-05, 
                    -6.411266716148604e-05, 
                    -6.411266716148604e-05, 
                    -6.411266716148604e-05, 
                    -6.411266716148604e-05, 
                    -6.411266716148604e-05
                ]
            ], 
            "Flow Outlet 1001": [
                [
                    6.0498167571840595e-05, 
                    6.419824783517751e-05, 
                    6.396434126437396e-05, 
                    6.403910522299721e-05, 
                    6.40268705955894e-05, 
                    6.40391994593098e-05, 
                    6.404082503572126e-05, 
                    6.404097312982767e-05, 
                    6.403987711020451e-05, 
                    6.403898064588063e-05, 
                    6.403248772653152e-05, 
                    6.40032878921128e-05, 
                    6.398002170136993e-05, 
                    6.402586162217279e-05, 
                    6.406134787817663e-05, 
                    6.40450703047478e-05, 
                    6.402357968777953e-05, 
                    6.403183869782904e-05, 
                    6.4032051727426e-05, 
                    6.403083758172763e-05, 
                    6.403498607577722e-05, 
                    6.401964473236443e-05, 
                    6.400582872659438e-05, 
                    6.400786737579638e-05
                ]
            ], 
            "Flow Outlet 1002": [
                0
            ]
        }
    ]
}