{
    "Hemodynamic Parameters_1001_AB": [
        {
            "A": 105625968.52994297, 
            "B": -1686541768912.586
        }
    ], 
    "Pressures": [
        {
            "Pressure Outlet 1002": [
                0
            ], 
            "Pressure Outlet 1001": [
                [
                    0.0, 
                    0.0, 
                    0.0, 
                    0.0, 
                    0.0, 
                    0.0, 
                    0.0, 
                    0.0, 
                    0.0, 
                    0.0, 
                    0.0, 
                    0.0, 
                    0.0, 
                    0.0, 
                    0.0, 
                    0.0, 
                    0.0, 
                    0.0, 
                    0.0, 
                    0.0, 
                    0.0, 
                    0.0, 
                    0.0, 
                    0.0, 
                    0.0, 
                    0.0, 
                    0.0, 
                    0.0, 
                    0.0, 
                    0.0, 
                    0.0, 
                    0.0, 
                    0.0, 
                    0.0, 
                    0.0, 
                    0.0, 
                    0.0, 
                    0.0, 
                    0.0, 
                    0.0, 
                    0.0, 
                    0.0, 
                    0.0, 
                    0.0, 
                    0.0, 
                    0.0, 
                    0.0, 
                    0.0, 
                    0.0, 
                    0.0, 
                    0.0, 
                    0.0, 
                    0.0, 
                    0.0, 
                    0.0, 
                    0.0, 
                    0.0, 
                    0.0, 
                    0.0, 
                    0.0, 
                    0.0, 
                    0.0, 
                    0.0, 
                    0.0, 
                    0.0, 
                    0.0, 
                    0.0, 
                    0.0, 
                    0.0, 
                    0.0, 
                    0.0
                ]
            ], 
            "Pressure Inlet": [
                [
                    966.3863978335293, 
                    -396.1124004901028, 
                    143.10634603246652, 
                    26.1630899285364, 
                    74.47662990890956, 
                    86.56539405105055, 
                    105.63182169517482, 
                    116.23403273978458, 
                    120.438101904246, 
                    121.37122349261412, 
                    124.32471203119236, 
                    126.56530658274875, 
                    122.33297488016991, 
                    115.66686979777985, 
                    113.39232194962915, 
                    115.63904787836375, 
                    121.87989962865143, 
                    129.86464105618785, 
                    134.51438487743488, 
                    129.73653874298518, 
                    117.59670786455361, 
                    106.04479370222845, 
                    103.36964628623286, 
                    114.40040431148371, 
                    133.64140009352727, 
                    147.15966089648532, 
                    143.98206378991725, 
                    128.32418109355896, 
                    114.47294259037854, 
                    110.3065885508065, 
                    116.89357298369586, 
                    128.83359440171745, 
                    136.47995452618665, 
                    134.17893194089345, 
                    121.72257050294907, 
                    106.68546279338014, 
                    99.95526966739503, 
                    106.67214315690856, 
                    120.41187826470171, 
                    129.44258305711392, 
                    128.91895844017114, 
                    121.59946970191483, 
                    115.4293227941374, 
                    114.7869343825527, 
                    117.36529363207903, 
                    119.66709074514215, 
                    122.79727878717917, 
                    124.96979286436796, 
                    123.43807773254922, 
                    120.7400462527228, 
                    120.32189862112935, 
                    119.03915127552418, 
                    115.48499278368946, 
                    112.65002728730366, 
                    114.87905297065156, 
                    121.82613711211025, 
                    128.42417564757991, 
                    128.55252565909683, 
                    121.57920800382396, 
                    112.37916442672054, 
                    105.92921217746917, 
                    105.37302222957459, 
                    110.543826393811, 
                    117.46316109996069, 
                    121.35680747642611, 
                    122.78034245166735, 
                    124.3794868501898, 
                    126.50193988080626, 
                    125.29184547720865, 
                    119.13614477975239, 
                    111.08924447474315
                ]
            ]
        }
    ], 
    "Bifurcation: ": [
        false
    ], 
    "name": [
        "I:/PROYECTOS/ESTUDIANTES/Sergio/V1/GID\\Modelo_14_120.gid\\Modelo_14_120.json"
    ],