{
    "Time": [
        {
            "Time": [
                0.05, 
                0.15775905723044645, 
                0.27491508188678204, 
                0.39757787584296456, 
                0.5457675518676959, 
                0.717628945773416, 
                0.8824519025134789, 
                1.0791445033091922, 
                1.3382964463749063, 
                1.6319481232412774, 
                1.9944012556708224, 
                2.3969871543396666, 
                2.820571441507953, 
                3.2441557286762395, 
                3.667740015844526, 
                4.091324303012812, 
                4.597609396303419, 
                5.274120661679001, 
                5.950631927054584, 
                6.627143192430166, 
                6.637143192430166, 
                6.642143192430166, 
                6.955319513712457, 
                7.30649072069379
            ]
        }
    ], 
    "name": [
        "I:/PROYECTOS/ESTUDIANTES/Sergio/V1/GID\\Modelo_26_120_I.gid\\Modelo_26_120_I.json"
    ], 
    "Outlet 1001": [
        {
            "Flow_outlet(peak)": 6.435378940524884e-05, 
            "Diameter": 0.019962587721750566, 
            "Center Node": 401, 
            "Centroid": [
                8.330871757666676e-05, 
                0.00013302512240608139, 
                0.289990000000001
            ], 
            "Total_area_outlet": 0.00031298575517405973, 
            "Reynolds(mean)": 1225.0844770331964, 
            "Flow_outlet(mean)": 6.402543189636619e-05, 
            "Reynolds(peak)": 1231.3673817342617
        }
    ], 
    "Flow": [
        {
            "Flow Inlet": [
                [
                    -6.425032501248522e-05, 
                    -6.425032501248522e-05, 
                    -6.425032501248522e-05, 
                    -6.425032501248522e-05, 
                    -6.425032501248522e-05, 
                    -6.425032501248522e-05, 
                    -6.425032501248522e-05, 
                    -6.425032501248522e-05, 
                    -6.425032501248522e-05, 
                    -6.425032501248522e-05, 
                    -6.425032501248522e-05, 
                    -6.425032501248522e-05, 
                    -6.425032501248522e-05, 
                    -6.425032501248522e-05, 
                    -6.425032501248522e-05, 
                    -6.425032501248522e-05, 
                    -6.425032501248522e-05, 
                    -6.425032501248522e-05, 
                    -6.425032501248522e-05, 
                    -6.425032501248522e-05, 
                    -6.425032501248522e-05, 
                    -6.425032501248522e-05, 
                    -6.425032501248522e-05, 
                    -6.425032501248522e-05
                ]
            ], 
            "Flow Outlet 1001": [
                [
                    6.0632569324944236e-05, 
                    6.435378940524884e-05, 
                    6.41007661481838e-05, 
                    6.418948046822813e-05, 
                    6.417673511463182e-05, 
                    6.418757541693756e-05, 
                    6.418666082305334e-05, 
                    6.418633340489161e-05, 
                    6.41852231020709e-05, 
                    6.418490129196762e-05, 
                    6.41849771586587e-05, 
                    6.418569729236801e-05, 
                    6.418747566909603e-05, 
                    6.418825037696943e-05, 
                    6.41837829011825e-05, 
                    6.41687098984944e-05, 
                    6.415422126577839e-05, 
                    6.416527727585732e-05, 
                    6.413970116306136e-05, 
                    6.411493091107261e-05, 
                    6.412753761218851e-05, 
                    6.412739438155136e-05, 
                    6.414250385631139e-05, 
                    6.41558712500406e-05
                ]
            ], 
            "Flow Outlet 1002": [
                0
            ]
        }
    ], 
    "Hemodynamic Parameters_1001_ABC": [
        {
            "A": -123944972.42776865, 
            "C": -11254250.21049501, 
            "B": 1963038303666.251
        }
    ], 
    "Fluid Characteristic": [
        {
            "blood_density": 1050.0, 
            "blood_dynamic_viscosity": 0.0035, 
            "blood_kinematic_viscosity": 3.3333333333333333e-06
        }
    ], 
    "Hemodynamic Parameters_1001_AB": [
        {
            "A": 163373524.39170894, 
            "B": -2577257051082.7305
        }
    ], 
    "Bifurcation: ": [
        false
    ], 
    "Pressures": [
        {
            "Pressure Outlet 1001": [
                [
                    0.0, 
                    0.0, 
                    0.0, 
                    0.0, 
                    0.0, 
                    0.0, 
                    0.0, 
                    0.0, 
                    0.0, 
                    0.0, 
                    0.0, 
                    0.0, 
                    0.0, 
                    0.0, 
                    0.0, 
                    0.0, 
                    0.0, 
                    0.0, 
                    0.0, 
                    0.0, 
                    0.0, 
                    0.0, 
                    0.0, 
                    0.0
                ]
            ], 
            "Pressure Inlet": [
                [
                    1868.4377957225895, 
                    -790.053482943874, 
                    236.2993384751912, 
                    17.13353337759107, 
                    99.2619410663242, 
                    112.81250010584935, 
                    134.34530550365895, 
                    140.63705896026514, 
                    142.92853325165763, 
                    143.33588405189417, 
                    136.30554643342742, 
                    129.41868774477754, 
                    125.60821933293246, 
                    134.85860610421508, 
                    133.46444090217116, 
                    131.26674446929752, 
                    135.9685006124886, 
                    136.62714503459804, 
                    120.68082274827445, 
                    114.97274212657818, 
                    127.27577888391835, 
                    122.56703794773729, 
                    123.7929573305865, 
                    121.24140253856338
                ]
            ], 
            "Pressure Outlet 1002": [
                0
            ]
        }
    ], 
    "Inlet": [
        {
            "Total_area_inlet": 0.00031298876267923, 
            "Diameter": 0.01996268363257169, 
            "Parabolic": true, 
            "Center Node": 190912, 
            "Centroid": [
                -0.00010319409110340905, 
                -2.6215637677039877e-05, 
                -0.031420356708522716
            ], 
            "Flow_inlet(mean)": -6.425032501248522e-05, 
            "Reynolds(mean)": -1229.3817521129147, 
            "Flow_inlet(peak)": -6.425032501248522e-05, 
            "Reynolds(peak)": -1229.3817521129147
        }
    ], 
    "Simulations_Parameters": [
        {
            "Dt": 0.05, 
            "SolverType(1:AMGCGL,2:AMGCL_NS_Solver,3:BICGSTABSolver)": 1, 
            "Time_vector": [
                0, 
                7.0
            ], 
            "AutomaticDeltaTime": true, 
            "Config_conditions(1:V-P-P),(2:V-V-P)": 1
        }
    ]
}