{
    "Simulations_Parameters": [
        {
            "AutomaticDeltaTime": true, 
            "Time_vector": [
                0, 
                7.0
            ], 
            "Dt": 0.05, 
            "SolverType(1:AMGCGL,2:AMGCL_NS_Solver,3:BICGSTABSolver)": 1, 
            "Config_conditions(1:V-P-P),(2:V-V-P)": 1
        }
    ], 
    "Bifurcation: ": [
        false
    ], 
    "Outlet 1001": [
        {
            "Total_area_outlet": 0.0003129857551765408, 
            "Centroid": [
                2.4036718799441194e-05, 
                6.826439254019365e-05, 
                0.25
            ], 
            "Flow_outlet(mean)": 6.398563384528459e-05, 
            "Reynolds(peak)": 1230.18514977092, 
            "Diameter": 0.019962587721829687, 
            "Reynolds(mean)": 1224.3229675288815, 
            "Flow_outlet(peak)": 6.429200353401997e-05, 
            "Center Node": 414
        }
    ], 
    "Hemodynamic Parameters_1001_AB": [
        {
            "A": -114758456.68064229, 
            "B": 1780705389918.6853
        }
    ], 
    "Flow": [
        {
            "Flow Inlet": [
                [
                    -6.421209329719197e-05, 
                    -6.421209329719197e-05, 
                    -6.421209329719197e-05, 
                    -6.421209329719197e-05, 
                    -6.421209329719197e-05, 
                    -6.421209329719197e-05, 
                    -6.421209329719197e-05, 
                    -6.421209329719197e-05, 
                    -6.421209329719197e-05, 
                    -6.421209329719197e-05, 
                    -6.421209329719197e-05, 
                    -6.421209329719197e-05, 
                    -6.421209329719197e-05, 
                    -6.421209329719197e-05, 
                    -6.421209329719197e-05, 
                    -6.421209329719197e-05, 
                    -6.421209329719197e-05, 
                    -6.421209329719197e-05, 
                    -6.421209329719197e-05, 
                    -6.421209329719197e-05, 
                    -6.421209329719197e-05, 
                    -6.421209329719197e-05, 
                    -6.421209329719197e-05, 
                    -6.421209329719197e-05
                ]
            ], 
            "Flow Outlet 1002": [
                0
            ], 
            "Flow Outlet 1001": [
                [
                    6.0484060486271976e-05, 
                    6.429200353401997e-05, 
                    6.405699154731013e-05, 
                    6.414594595655296e-05, 
                    6.413337935349597e-05, 
                    6.414434193503226e-05, 
                    6.41434173210773e-05, 
                    6.414313699296306e-05, 
                    6.414475705187624e-05, 
                    6.414984672432966e-05, 
                    6.414727814132432e-05, 
                    6.412518711928434e-05, 
                    6.408299216781437e-05, 
                    6.408755182222058e-05, 
                    6.410393249874159e-05, 
                    6.41076157457529e-05, 
                    6.413105038519362e-05, 
                    6.413486460316709e-05, 
                    6.413603681703747e-05, 
                    6.415375253296439e-05, 
                    6.415533139434457e-05, 
                    6.415215648672313e-05, 
                    6.41513369882561e-05, 
                    6.414824468107607e-05
                ]
            ]
        }
    ], 
    "Time": [
        {
            "Time": [
                0.05, 
                0.16418565551190317, 
                0.2855413893817631, 
                0.422043305902268, 
                0.57288736119413, 
                0.7407254585375067, 
                0.933874680523742, 
                1.1637217952872947, 
                1.4405898027437725, 
                1.7740301745440625, 
                2.174714459264572, 
                2.655457775911766, 
                3.2321013635045324, 
                3.923928471831806, 
                3.9339284718318055, 
                3.9389284718318054, 
                4.353958213682493, 
                4.76898795553318, 
                5.184017697383867, 
                5.599047439234554, 
                6.014077181085241, 
                6.429106922935929, 
                6.844087844896469, 
                7.25906876685701
            ]
        }
    ], 
    "Fluid Characteristic": [
        {
            "blood_dynamic_viscosity": 0.0035, 
            "blood_density": 1050.0, 
            "blood_kinematic_viscosity": 3.3333333333333333e-06
        }
    ], 
    "Pressures": [
        {
            "Pressure Outlet 1002": [
                0
            ], 
            "Pressure Outlet 1001": [
                [
                    0.0, 
                    0.0, 
                    0.0, 
                    0.0, 
                    0.0, 
                    0.0, 
                    0.0, 
                    0.0, 
                    0.0, 
                    0.0, 
                    0.0, 
                    0.0, 
                    0.0, 
                    0.0, 
                    0.0, 
                    0.0, 
                    0.0, 
                    0.0, 
                    0.0, 
                    0.0, 
                    0.0, 
                    0.0, 
                    0.0, 
                    0.0
                ]
            ], 
            "Pressure Inlet": [
                [
                    1838.0779093358578, 
                    -791.6268762591117, 
                    214.13752835755523, 
                    -18.438560473981727, 
                    43.625272980184334, 
                    37.0611665098285, 
                    43.3588904763629, 
                    36.653119466612324, 
                    30.93116053568042, 
                    39.36870601572276, 
                    47.94963919053465, 
                    50.314273982080664, 
                    43.343983313423955, 
                    39.23379789917949, 
                    37.420185544531336, 
                    30.71757465767362, 
                    34.86756745150768, 
                    26.29107988611566, 
                    27.48587021758072, 
                    28.312140414628576, 
                    27.435018230718104, 
                    27.971858310797764, 
                    29.467250359078236, 
                    30.1051547373354
                ]
            ]
        }
    ], 
    "name": [
        "I:/PROYECTOS/ESTUDIANTES/Sergio/V1/GID\\Modelo_1_170_I.gid\\Modelo_1_170_I.json"
    ], 
    "Hemodynamic Parameters_1001_ABC": [
        {
            "A": 127154160.31844571, 
            "C": -2861714.4643077627, 
            "B": -1973879426175.8936
        }
    ], 
    "Inlet": [
        {
            "Parabolic": true, 
            "Total_area_inlet": 0.00031298876267923, 
            "Flow_inlet(peak)": -6.421209329719197e-05, 
            "Centroid": [
                -0.00010319409110340905, 
                -2.6215637677039877e-05, 
                -0.031420356708522716
            ], 
            "Reynolds(peak)": -1228.6502169319745, 
            "Diameter": 0.01996268363257169, 
            "Reynolds(mean)": -1228.6502169319745, 
            "Center Node": 67722, 
            "Flow_inlet(mean)": -6.421209329719197e-05
        }
    ]
}