{
    "Simulations_Parameters": [
        {
            "AutomaticDeltaTime": true, 
            "Time_vector": [
                0, 
                7.0
            ], 
            "Dt": 0.05, 
            "SolverType(1:AMGCGL,2:AMGCL_NS_Solver,3:BICGSTABSolver)": 1, 
            "Config_conditions(1:V-P-P),(2:V-V-P)": 1
        }
    ], 
    "Flow": [
        {
            "Flow Inlet": [
                [
                    -6.413968131251905e-05, 
                    -6.413968131251905e-05, 
                    -6.413968131251905e-05, 
                    -6.413968131251905e-05, 
                    -6.413968131251905e-05, 
                    -6.413968131251905e-05, 
                    -6.413968131251905e-05, 
                    -6.413968131251905e-05, 
                    -6.413968131251905e-05, 
                    -6.413968131251905e-05, 
                    -6.413968131251905e-05, 
                    -6.413968131251905e-05, 
                    -6.413968131251905e-05, 
                    -6.413968131251905e-05, 
                    -6.413968131251905e-05, 
                    -6.413968131251905e-05, 
                    -6.413968131251905e-05, 
                    -6.413968131251905e-05, 
                    -6.413968131251905e-05, 
                    -6.413968131251905e-05, 
                    -6.413968131251905e-05, 
                    -6.413968131251905e-05, 
                    -6.413968131251905e-05, 
                    -6.413968131251905e-05, 
                    -6.413968131251905e-05, 
                    -6.413968131251905e-05, 
                    -6.413968131251905e-05, 
                    -6.413968131251905e-05, 
                    -6.413968131251905e-05, 
                    -6.413968131251905e-05, 
                    -6.413968131251905e-05, 
                    -6.413968131251905e-05, 
                    -6.413968131251905e-05, 
                    -6.413968131251905e-05, 
                    -6.413968131251905e-05, 
                    -6.413968131251905e-05, 
                    -6.413968131251905e-05, 
                    -6.413968131251905e-05, 
                    -6.413968131251905e-05, 
                    -6.413968131251905e-05
                ]
            ], 
            "Flow Outlet 1002": [
                0
            ], 
            "Flow Outlet 1001": [
                [
                    6.022433948974833e-05, 
                    6.427812536636162e-05, 
                    6.400217907248303e-05, 
                    6.408894082421892e-05, 
                    6.407163301708157e-05, 
                    6.407932517748981e-05, 
                    6.407750936390907e-05, 
                    6.407685835016411e-05, 
                    6.407601022409672e-05, 
                    6.407585493878555e-05, 
                    6.407682737780926e-05, 
                    6.407462124770422e-05, 
                    6.407691925206878e-05, 
                    6.407700422415716e-05, 
                    6.40781962533389e-05, 
                    6.408069201020558e-05, 
                    6.40839308879819e-05, 
                    6.408534606398741e-05, 
                    6.408436554920972e-05, 
                    6.407946203329707e-05, 
                    6.407206244898134e-05, 
                    6.405789438960131e-05, 
                    6.40354396878228e-05, 
                    6.401344381550582e-05, 
                    6.400372179354806e-05, 
                    6.40161353191518e-05, 
                    6.404409992642948e-05, 
                    6.406928734539214e-05, 
                    6.407547117517638e-05, 
                    6.406015150003171e-05, 
                    6.404707753919585e-05, 
                    6.405349651443877e-05, 
                    6.406095836929456e-05, 
                    6.406153746107103e-05, 
                    6.40601509222564e-05, 
                    6.405776714561172e-05, 
                    6.405240500739038e-05, 
                    6.40556332408831e-05, 
                    6.406391512049596e-05, 
                    6.406671809855743e-05
                ]
            ]
        }
    ], 
    "Bifurcation: ": [
        false
    ], 
    "Outlet 1001": [
        {
            "Total_area_outlet": 0.00031298573259009015, 
            "Centroid": [
                -0.0001238296370141063, 
                5.144788582954435e-05, 
                0.28999000000000097
            ], 
            "Flow_outlet(mean)": 6.397188768862337e-05, 
            "Reynolds(peak)": 1229.9196445501389, 
            "Diameter": 0.019962587001534908, 
            "Reynolds(mean)": 1224.0599880401687, 
            "Flow_outlet(peak)": 6.427812536636162e-05, 
            "Center Node": 397
        }
    ], 
    "Time": [
        {
            "Time": [
                0.05, 
                0.15982863009112283, 
                0.28062939148866084, 
                0.4262582248231782, 
                0.5929741157186604, 
                0.7729475611127341, 
                0.9786429925150604, 
                1.1922028366909698, 
                1.4097104589267022, 
                1.7098384089927856, 
                1.7198384089927854, 
                1.7248384089927853, 
                1.9267532681820492, 
                2.1255605077949475, 
                2.310261954249588, 
                2.49509213753877, 
                2.6857720990479383, 
                2.880613007709692, 
                3.0766860787828683, 
                3.2728963125083546, 
                3.4701228351739157, 
                3.669783554243338, 
                3.8726334996265064, 
                4.077184088445442, 
                4.2792494600654605, 
                4.475271992270686, 
                4.665505571166209, 
                4.854210297063973, 
                5.044717041768988, 
                5.236704842142452, 
                5.427444851008452, 
                5.61570801372434, 
                5.802960774475854, 
                5.991664272329782, 
                6.182880489856124, 
                6.375222881261979, 
                6.566392137771277, 
                6.756072459383753, 
                6.943885174142862, 
                7.131293697015682
            ]
        }
    ], 
    "Pressures": [
        {
            "Pressure Outlet 1002": [
                0
            ], 
            "Pressure Outlet 1001": [
                [
                    0.0, 
                    0.0, 
                    0.0, 
                    0.0, 
                    0.0, 
                    0.0, 
                    0.0, 
                    0.0, 
                    0.0, 
                    0.0, 
                    0.0, 
                    0.0, 
                    0.0, 
                    0.0, 
                    0.0, 
                    0.0, 
                    0.0, 
                    0.0, 
                    0.0, 
                    0.0, 
                    0.0, 
                    0.0, 
                    0.0, 
                    0.0, 
                    0.0, 
                    0.0, 
                    0.0, 
                    0.0, 
                    0.0, 
                    0.0, 
                    0.0, 
                    0.0, 
                    0.0, 
                    0.0, 
                    0.0, 
                    0.0, 
                    0.0, 
                    0.0, 
                    0.0, 
                    0.0
                ]
            ],