{
    "Flow": [
        {
            "Flow Inlet": [
                [
                    -6.417059641422872e-05, 
                    -6.417059641422872e-05, 
                    -6.417059641422872e-05, 
                    -6.417059641422872e-05, 
                    -6.417059641422872e-05, 
                    -6.417059641422872e-05, 
                    -6.417059641422872e-05, 
                    -6.417059641422872e-05, 
                    -6.417059641422872e-05, 
                    -6.417059641422872e-05, 
                    -6.417059641422872e-05, 
                    -6.417059641422872e-05, 
                    -6.417059641422872e-05, 
                    -6.417059641422872e-05, 
                    -6.417059641422872e-05, 
                    -6.417059641422872e-05, 
                    -6.417059641422872e-05, 
                    -6.417059641422872e-05, 
                    -6.417059641422872e-05, 
                    -6.417059641422872e-05, 
                    -6.417059641422872e-05, 
                    -6.417059641422872e-05, 
                    -6.417059641422872e-05, 
                    -6.417059641422872e-05, 
                    -6.417059641422872e-05, 
                    -6.417059641422872e-05, 
                    -6.417059641422872e-05, 
                    -6.417059641422872e-05, 
                    -6.417059641422872e-05, 
                    -6.417059641422872e-05, 
                    -6.417059641422872e-05, 
                    -6.417059641422872e-05
                ]
            ], 
            "Flow Outlet 1001": [
                [
                    6.0433730631657425e-05, 
                    6.424853837759526e-05, 
                    6.402575627132939e-05, 
                    6.410684672833075e-05, 
                    6.409337586852222e-05, 
                    6.410374372465393e-05, 
                    6.410215316467442e-05, 
                    6.410135713290021e-05, 
                    6.410106268383909e-05, 
                    6.41032666690565e-05, 
                    6.410771050986346e-05, 
                    6.411100727088504e-05, 
                    6.410609431037487e-05, 
                    6.40845624290948e-05, 
                    6.405853332090776e-05, 
                    6.405608512949925e-05, 
                    6.406439424732905e-05, 
                    6.406457116471261e-05, 
                    6.407450062959451e-05, 
                    6.408763273201028e-05, 
                    6.409351364510828e-05, 
                    6.409494996716682e-05, 
                    6.409831997513797e-05, 
                    6.409911549589694e-05, 
                    6.409479800171366e-05, 
                    6.409069206126186e-05, 
                    6.409392476056904e-05, 
                    6.409530389311822e-05, 
                    6.409434990097248e-05, 
                    6.409783619335465e-05, 
                    6.4096474817868e-05, 
                    6.410118505312621e-05
                ]
            ], 
            "Flow Outlet 1002": [
                0
            ]
        }
    ], 
    "Inlet": [
        {
            "Center Node": 75411, 
            "Total_area_inlet": 0.00031298876267923, 
            "Centroid": [
                -0.00010319409110340921, 
                -2.6215637677039552e-05, 
                -0.031420356708522716
            ], 
            "Reynolds(mean)": -1227.856205218031, 
            "Flow_inlet(peak)": -6.417059641422872e-05, 
            "Parabolic": true, 
            "Flow_inlet(mean)": -6.417059641422872e-05, 
            "Reynolds(peak)": -1227.856205218031, 
            "Diameter": 0.01996268363257169
        }
    ], 
    "Pressures": [
        {
            "Pressure Outlet 1001": [
                [
                    0.0, 
                    0.0, 
                    0.0, 
                    0.0, 
                    0.0, 
                    0.0, 
                    0.0, 
                    0.0, 
                    0.0, 
                    0.0, 
                    0.0, 
                    0.0, 
                    0.0, 
                    0.0, 
                    0.0, 
                    0.0, 
                    0.0, 
                    0.0, 
                    0.0, 
                    0.0, 
                    0.0, 
                    0.0, 
                    0.0, 
                    0.0, 
                    0.0, 
                    0.0, 
                    0.0, 
                    0.0, 
                    0.0, 
                    0.0, 
                    0.0, 
                    0.0
                ]
            ], 
            "Pressure Inlet": [
                [
                    1899.4587360086193, 
                    -819.4297108266153, 
                    221.02114136227272, 
                    -20.896687260614122, 
                    43.21734374902654, 
                    36.66105835353477, 
                    46.33914524297901, 
                    43.68426642900273, 
                    33.7066520196281, 
                    26.26772362018878, 
                    31.4983416822492, 
                    38.54224024188036, 
                    39.82671940863187, 
                    39.62585739061685, 
                    37.93971861269431, 
                    35.00387421536095, 
                    33.798606987294654, 
                    30.44960762401048, 
                    32.02682230570401, 
                    30.149667337133934, 
                    32.21033737142745, 
                    33.57047231884239, 
                    34.161519491305704, 
                    34.016231306999174, 
                    34.073527013245844, 
                    34.17054626256839, 
                    35.5248502619493, 
                    34.34562632231175, 
                    29.771337585252606, 
                    27.711785559419585, 
                    24.503601917062802, 
                    28.347615602870146
                ]
            ], 
            "Pressure Outlet 1002": [
                0
            ]
        }
    ], 
    "Bifurcation: ": [
        false
    ], 
    "Simulations_Parameters": [
        {
            "Dt": 0.05, 
            "Config_conditions(1:V-P-P),(2:V-V-P)": 1, 
            "SolverType(1:AMGCGL,2:AMGCL_NS_Solver,3:BICGSTABSolver)": 1, 
            "Time_vector": [
                0, 
                7.0
            ], 
            "AutomaticDeltaTime": true
        }
    ], 
    "Time": [
        {
            "Time": [
                0.05, 
                0.165062467053568, 
                0.2952427531846997, 
                0.441431958801785, 
                0.6037508573199839, 
                0.7835286451938496, 
                0.9868140754921574, 
                1.216401556999188, 
                1.4459890385062184, 
                1.7315642446503, 
                2.017139450794381, 
                2.3027146569384627, 
                2.6423384200453492, 
                3.0543261784095286, 
                3.466313936773708, 
                3.8783016951378873, 
                3.888301695137887, 
                3.893301695137887, 
                4.098832908533702, 
                4.3041019214715, 
                4.509193620304576, 
                4.709268791397674, 
                4.914044969783513, 
                5.118797322289542, 
                5.36447645520043, 
                5.659321474582703, 
                6.013242390790462, 
                6.438158427356986, 
                6.8630744639235095, 
                6.873074463923509, 
                6.878074463923509, 
                7.090928318123462
            ]
        }
    ], 
    "Fluid Characteristic": [
        {
            "blood_kinematic_viscosity": 3.3333333333333333e-06, 
            "blood_density": 1050.0, 
            "blood_dynamic_viscosity": 0.0035
        }
    ], 
    "Outlet 1001": [
        {
            "Center Node": 555,