{
    "Hemodynamic Parameters_1001_AB": [
        {
            "B": 1162831848780.5647, 
            "A": -75056538.24222061
        }
    ], 
    "Fluid Characteristic": [
        {
            "blood_dynamic_viscosity": 0.0035, 
            "blood_kinematic_viscosity": 3.3333333333333333e-06, 
            "blood_density": 1050.0
        }
    ], 
    "name": [
        "I:/PROYECTOS/ESTUDIANTES/Sergio/V1/GID\\Modelo_24_170_I.gid\\Modelo_24_170_I.json"
    ], 
    "Inlet": [
        {
            "Reynolds(mean)": -1227.0089782458042, 
            "Center Node": 164791, 
            "Reynolds(peak)": -1227.0089782458042, 
            "Diameter": 0.01996268363257169, 
            "Flow_inlet(mean)": -6.41263183791665e-05, 
            "Flow_inlet(peak)": -6.41263183791665e-05, 
            "Total_area_inlet": 0.00031298876267923, 
            "Parabolic": true, 
            "Centroid": [
                -0.00010319409110340921, 
                -2.621563767704026e-05, 
                -0.031420356708522716
            ]
        }
    ], 
    "Time": [
        {
            "Time": [
                0.05, 
                0.1653442691460617, 
                0.2873420864348726, 
                0.42746731875510874, 
                0.584400199512655, 
                0.7660187451909575, 
                0.9828014587394647, 
                1.2431597423062644, 
                1.5557098906270954, 
                1.5657098906270952, 
                1.570709890627095, 
                1.7582898642628466, 
                1.9130578239698108, 
                2.075755143305969, 
                2.2413793026473074, 
                2.409813489474172, 
                2.597423954663752, 
                2.822554746548407, 
                3.0927103493943813, 
                3.4168963029933743, 
                3.805918508215685, 
                4.230170297795862, 
                4.790359921787959, 
                5.350549545780057, 
                5.910739169772154, 
                6.4709287937642515, 
                6.480928793764251, 
                6.485928793764251, 
                6.730391168157182, 
                6.974853542550114, 
                7.24556930391444
            ]
        }
    ], 
    "Flow": [
        {
            "Flow Inlet": [
                [
                    -6.41263183791665e-05, 
                    -6.41263183791665e-05, 
                    -6.41263183791665e-05, 
                    -6.41263183791665e-05, 
                    -6.41263183791665e-05, 
                    -6.41263183791665e-05, 
                    -6.41263183791665e-05, 
                    -6.41263183791665e-05, 
                    -6.41263183791665e-05, 
                    -6.41263183791665e-05, 
                    -6.41263183791665e-05, 
                    -6.41263183791665e-05, 
                    -6.41263183791665e-05, 
                    -6.41263183791665e-05, 
                    -6.41263183791665e-05, 
                    -6.41263183791665e-05, 
                    -6.41263183791665e-05, 
                    -6.41263183791665e-05, 
                    -6.41263183791665e-05, 
                    -6.41263183791665e-05, 
                    -6.41263183791665e-05, 
                    -6.41263183791665e-05, 
                    -6.41263183791665e-05, 
                    -6.41263183791665e-05, 
                    -6.41263183791665e-05, 
                    -6.41263183791665e-05, 
                    -6.41263183791665e-05, 
                    -6.41263183791665e-05, 
                    -6.41263183791665e-05, 
                    -6.41263183791665e-05, 
                    -6.41263183791665e-05
                ]
            ], 
            "Flow Outlet 1001": [
                [
                    6.04554221421325e-05, 
                    6.416031034413553e-05, 
                    6.394896205475665e-05, 
                    6.404689943712165e-05, 
                    6.40374327568139e-05, 
                    6.404870375727563e-05, 
                    6.404756985743226e-05, 
                    6.404646004964632e-05, 
                    6.404573572633978e-05, 
                    6.404798766076692e-05, 
                    6.404636253598234e-05, 
                    6.404753866311806e-05, 
                    6.404834253742501e-05, 
                    6.40504415947976e-05, 
                    6.405277359245114e-05, 
                    6.405460857020025e-05, 
                    6.405467205674201e-05, 
                    6.405020112516806e-05, 
                    6.403872679256785e-05, 
                    6.402184546510869e-05, 
                    6.399790268662923e-05, 
                    6.397470349779044e-05, 
                    6.400198488319046e-05, 
                    6.403466091101219e-05, 
                    6.404369782225676e-05, 
                    6.403401069993791e-05, 
                    6.40368252904558e-05, 
                    6.403495278148347e-05, 
                    6.403037550728638e-05, 
                    6.403238720512422e-05, 
                    6.403607342618565e-05
                ]
            ], 
            "Flow Outlet 1002": [
                0
            ]
        }
    ], 
    "Bifurcation: ": [
        false
    ], 
    "Hemodynamic Parameters_1001_ABC": [
        {
            "C": -2207594.6028905436, 
            "B": -1122334456674.543, 
            "A": 72462914.7636324
        }
    ], 
    "Pressures": [
        {
            "Pressure Outlet 1001": [
                [
                    0.0, 
                    0.0, 
                    0.0, 
                    0.0, 
                    0.0, 
                    0.0, 
                    0.0, 
                    0.0, 
                    0.0, 
                    0.0, 
                    0.0, 
                    0.0, 
                    0.0, 
                    0.0, 
                    0.0, 
                    0.0, 
                    0.0, 
                    0.0, 
                    0.0, 
                    0.0, 
                    0.0, 
                    0.0, 
                    0.0, 
                    0.0, 
                    0.0, 
                    0.0, 
                    0.0, 
                    0.0, 
                    0.0, 
                    0.0, 
                    0.0
                ]
            ], 
            "Pressure Outlet 1002": [
                0
            ],