{
    "Outlet 1001": [
        {
            "Reynolds(peak)": 1231.1178941559263, 
            "Flow_outlet(peak)": 6.434075067204899e-05, 
            "Centroid": [
                9.262029203820218e-05, 
                0.0001651998312510945, 
                0.2699799999999991
            ], 
            "Reynolds(mean)": 1225.066414740524, 
            "Total_area_outlet": 0.00031298575517654055, 
            "Center Node": 388, 
            "Diameter": 0.01996258772182968, 
            "Flow_outlet(mean)": 6.402448792409308e-05
        }
    ], 
    "Flow": [
        {
            "Flow Outlet 1002": [
                0
            ], 
            "Flow Inlet": [
                [
                    -6.423325744400948e-05, 
                    -6.423325744400948e-05, 
                    -6.423325744400948e-05, 
                    -6.423325744400948e-05, 
                    -6.423325744400948e-05, 
                    -6.423325744400948e-05, 
                    -6.423325744400948e-05, 
                    -6.423325744400948e-05, 
                    -6.423325744400948e-05, 
                    -6.423325744400948e-05, 
                    -6.423325744400948e-05, 
                    -6.423325744400948e-05, 
                    -6.423325744400948e-05, 
                    -6.423325744400948e-05, 
                    -6.423325744400948e-05, 
                    -6.423325744400948e-05, 
                    -6.423325744400948e-05, 
                    -6.423325744400948e-05, 
                    -6.423325744400948e-05, 
                    -6.423325744400948e-05, 
                    -6.423325744400948e-05, 
                    -6.423325744400948e-05, 
                    -6.423325744400948e-05, 
                    -6.423325744400948e-05, 
                    -6.423325744400948e-05, 
                    -6.423325744400948e-05
                ]
            ], 
            "Flow Outlet 1001": [
                [
                    6.0548468562034195e-05, 
                    6.434075067204899e-05, 
                    6.409536975850741e-05, 
                    6.41753154226635e-05, 
                    6.415792973684882e-05, 
                    6.416645990491434e-05, 
                    6.416451951179833e-05, 
                    6.416392401328631e-05, 
                    6.416333602632298e-05, 
                    6.416299879868791e-05, 
                    6.416096975941834e-05, 
                    6.41515940745564e-05, 
                    6.414062045720435e-05, 
                    6.414675222865505e-05, 
                    6.414491118949486e-05, 
                    6.415357239902253e-05, 
                    6.4159429469507e-05, 
                    6.415816485053938e-05, 
                    6.416672970639605e-05, 
                    6.416584036145216e-05, 
                    6.415996844016283e-05, 
                    6.415497002129831e-05, 
                    6.41541947157657e-05, 
                    6.416229835482404e-05, 
                    6.41629541070544e-05, 
                    6.415464348395573e-05
                ]
            ]
        }
    ], 
    "Time": [
        {
            "Time": [
                0.05, 
                0.17180762752652906, 
                0.29985305626534187, 
                0.44778141086153145, 
                0.6067736669342274, 
                0.7774480247557867, 
                0.9704020266484852, 
                1.204616963833785, 
                1.4778810801510578, 
                1.791006920374617, 
                2.1556618841124946, 
                2.5858858814663415, 
                3.0161098788201883, 
                3.542776637900507, 
                4.069443396980826, 
                4.596110156061145, 
                4.606110156061144, 
                4.611110156061144, 
                4.9302168864236275, 
                5.24407301461269, 
                5.561327177928865, 
                5.878845947750526, 
                6.199026881716764, 
                6.51904946229845, 
                6.90000957089595, 
                7.28096967949345
            ]
        }
    ], 
    "Hemodynamic Parameters_1001_ABC": [
        {
            "A": -92458515.3713544, 
            "C": -9981634.711182624, 
            "B": 1460564406041.5798
        }
    ], 
    "Bifurcation: ": [
        false
    ], 
    "Pressures": [
        {
            "Pressure Outlet 1002": [
                0
            ], 
            "Pressure Outlet 1001": [
                [
                    0.0, 
                    0.0, 
                    0.0, 
                    0.0, 
                    0.0, 
                    0.0, 
                    0.0, 
                    0.0, 
                    0.0, 
                    0.0, 
                    0.0, 
                    0.0, 
                    0.0, 
                    0.0, 
                    0.0, 
                    0.0, 
                    0.0, 
                    0.0, 
                    0.0, 
                    0.0, 
                    0.0, 
                    0.0, 
                    0.0, 
                    0.0, 
                    0.0, 
                    0.0
                ]
            ], 
            "Pressure Inlet": [
                [
                    1850.1673686354445, 
                    -795.8163001373742, 
                    224.62938032717102, 
                    -5.164027896636649, 
                    66.89735371944991, 
                    70.29419223261044, 
                    85.8593836006155, 
                    89.67278522673352, 
                    91.22301395969603, 
                    92.85036545012527, 
                    88.46063954542768, 
                    79.79308539524769, 
                    84.71722894918553, 
                    82.42230209199157, 
                    76.3698611452387, 
                    71.21481467934406, 
                    72.1531589865769, 
                    69.07057099213878, 
                    76.04481229147203, 
                    83.01587645285734, 
                    80.17931533785273, 
                    78.3305292343331, 
                    75.24997763801883, 
                    77.13936719223256, 
                    77.38500917325635, 
                    78.16294987957866
                ]
            ]
        }
    ], 
    "name": [
        "I:/PROYECTOS/ESTUDIANTES/Sergio/V1/GID\\Modelo_14_145_I.gid\\Modelo_14_145_I.json"
    ], 
    "Fluid Characteristic": [
        {
            "blood_density": 1050.0, 
            "blood_dynamic_viscosity": 0.0035, 
            "blood_kinematic_viscosity": 3.3333333333333333e-06
        }
    ], 
    "Hemodynamic Parameters_1001_AB": [
        {
            "A": 108807611.01651871, 
            "B": -1715361621076.7214
        }
    ], 
    "Simulations_Parameters": [
        {
            "SolverType(1:AMGCGL,2:AMGCL_NS_Solver,3:BICGSTABSolver)": 1, 
            "Time_vector": [
                0, 
                7.0
            ], 
            "Dt": 0.05, 
            "AutomaticDeltaTime": true, 
            "Config_conditions(1:V-P-P),(2:V-V-P)": 1
        }
    ], 
    "Inlet": [
        {
            "Reynolds(peak)": -1229.0551769985798, 
            "Total_area_inlet": 0.00031298876267923, 
            "Parabolic": true, 
            "Reynolds(mean)": -1229.0551769985798, 
            "Centroid": [
                -0.00010319409110340905, 
                -2.6215637677039877e-05, 
                -0.031420356708522716
            ], 
            "Center Node": 103665, 
            "Flow_inlet(peak)": -6.423325744400948e-05, 
            "Diameter": 0.01996268363257169,