{
    "Hemodynamic Parameters_1001_ABC": [
        {
            "C": -3855183.463603314, 
            "B": -1333039536134.2332, 
            "A": 86095684.4736504
        }
    ], 
    "Pressures": [
        {
            "Pressure Outlet 1002": [
                0
            ], 
            "Pressure Outlet 1001": [
                [
                    0.0, 
                    0.0, 
                    0.0, 
                    0.0, 
                    0.0, 
                    0.0, 
                    0.0, 
                    0.0, 
                    0.0, 
                    0.0, 
                    0.0, 
                    0.0, 
                    0.0, 
                    0.0, 
                    0.0, 
                    0.0, 
                    0.0, 
                    0.0, 
                    0.0, 
                    0.0, 
                    0.0, 
                    0.0, 
                    0.0, 
                    0.0, 
                    0.0, 
                    0.0, 
                    0.0, 
                    0.0, 
                    0.0, 
                    0.0, 
                    0.0, 
                    0.0, 
                    0.0, 
                    0.0, 
                    0.0
                ]
            ], 
            "Pressure Inlet": [
                [
                    1834.4220828024454, 
                    -759.4291568333657, 
                    201.03265241772388, 
                    -15.551664466196305, 
                    39.577180949798375, 
                    34.10353154316267, 
                    45.93487802488929, 
                    51.53497581725156, 
                    50.06788432096456, 
                    38.65399731689705, 
                    32.12842354893726, 
                    43.51342230111216, 
                    50.60537109290022, 
                    52.78069511679863, 
                    54.32709426333717, 
                    49.303663166326466, 
                    44.03663613615764, 
                    42.76172187020797, 
                    36.303193931121875, 
                    40.30793310691959, 
                    30.188702959903633, 
                    23.92119373602273, 
                    29.235004598300225, 
                    31.76434926661791, 
                    37.65402824426392, 
                    36.58897063803089, 
                    32.77470848118112, 
                    31.100349870976185, 
                    31.322719985821657, 
                    31.027461256382306, 
                    31.101384372668957, 
                    31.874135321638935, 
                    31.603045287176556, 
                    29.428690272978255, 
                    28.75158297630397
                ]
            ]
        }
    ], 
    "Fluid Characteristic": [
        {
            "blood_kinematic_viscosity": 3.3333333333333333e-06, 
            "blood_density": 1050.0, 
            "blood_dynamic_viscosity": 0.0035
        }
    ], 
    "Time": [
        {
            "Time": [
                0.05, 
                0.12133737611281245, 
                0.20423373408084752, 
                0.30452389250539985, 
                0.42465881941916506, 
                0.5688758723618237, 
                0.7419220367696385, 
                0.9495819184225117, 
                1.1987731912551103, 
                1.497803371475683, 
                1.796833551696256, 
                2.095863731916829, 
                2.408368054910253, 
                2.8003371359397757, 
                3.1923062169692984, 
                3.70903029612295, 
                4.329099209904076, 
                4.3390992099040755, 
                4.344099209904075, 
                4.716140127366568, 
                4.726140127366568, 
                4.731140127366568, 
                4.909715453059176, 
                5.0873939395418715, 
                5.273414666536553, 
                5.455448080797947, 
                5.641468717731662, 
                5.827489355134005, 
                6.013509996239862, 
                6.199530637242477, 
                6.3717221364159755, 
                6.539256646140481, 
                6.7003386714081286, 
                6.860944967114716, 
                7.028900734088932
            ]
        }
    ], 
    "Bifurcation: ": [
        false
    ], 
    "Inlet": [
        {
            "Centroid": [
                -0.00010319409110340905, 
                -2.6215637677039877e-05, 
                -0.031420356708522716
            ], 
            "Flow_inlet(mean)": -6.423362680100447e-05, 
            "Reynolds(peak)": -1229.0622443674931, 
            "Reynolds(mean)": -1229.0622443674931, 
            "Flow_inlet(peak)": -6.423362680100447e-05, 
            "Diameter": 0.01996268363257169, 
            "Total_area_inlet": 0.00031298876267923, 
            "Center Node": 102860, 
            "Parabolic": true
        }
    ], 
    "name": [
        "I:/PROYECTOS/ESTUDIANTES/Sergio/V1/GID\\Modelo_13_170.gid\\Modelo_13_170.json"
    ], 
    "Hemodynamic Parameters_1001_AB": [
        {
            "B": 988260760495.1787, 
            "A": -63972291.10314682
        }
    ], 
    "Flow": [
        {
            "Flow Outlet 1002": [
                0
            ], 
            "Flow Inlet": [
                [
                    -6.423362680100447e-05, 
                    -6.423362680100447e-05, 
                    -6.423362680100447e-05, 
                    -6.423362680100447e-05, 
                    -6.423362680100447e-05, 
                    -6.423362680100447e-05, 
                    -6.423362680100447e-05, 
                    -6.423362680100447e-05, 
                    -6.423362680100447e-05, 
                    -6.423362680100447e-05, 
                    -6.423362680100447e-05, 
                    -6.423362680100447e-05, 
                    -6.423362680100447e-05, 
                    -6.423362680100447e-05, 
                    -6.423362680100447e-05, 
                    -6.423362680100447e-05, 
                    -6.423362680100447e-05, 
                    -6.423362680100447e-05, 
                    -6.423362680100447e-05, 
                    -6.423362680100447e-05, 
                    -6.423362680100447e-05, 
                    -6.423362680100447e-05, 
                    -6.423362680100447e-05, 
                    -6.423362680100447e-05, 
                    -6.423362680100447e-05, 
                    -6.423362680100447e-05, 
                    -6.423362680100447e-05, 
                    -6.423362680100447e-05, 
                    -6.423362680100447e-05, 
                    -6.423362680100447e-05, 
                    -6.423362680100447e-05, 
                    -6.423362680100447e-05, 
                    -6.423362680100447e-05, 
                    -6.423362680100447e-05, 
                    -6.423362680100447e-05
                ]
            ],