{
    "Fluid Characteristic": [
        {
            "blood_density": 1050.0, 
            "blood_kinematic_viscosity": 3.3333333333333333e-06, 
            "blood_dynamic_viscosity": 0.0035
        }
    ], 
    "Pressures": [
        {
            "Pressure Outlet 1001": [
                [
                    0.0, 
                    0.0, 
                    0.0, 
                    0.0, 
                    0.0, 
                    0.0, 
                    0.0, 
                    0.0, 
                    0.0, 
                    0.0, 
                    0.0, 
                    0.0, 
                    0.0, 
                    0.0, 
                    0.0, 
                    0.0, 
                    0.0, 
                    0.0, 
                    0.0
                ]
            ], 
            "Pressure Outlet 1002": [
                0
            ], 
            "Pressure Inlet": [
                [
                    1787.2624953581033, 
                    -748.0774263515179, 
                    208.08540086056823, 
                    -4.020694774553383, 
                    59.21608095053183, 
                    63.52463797915779, 
                    82.19819593516904, 
                    89.16531319217071, 
                    88.4509962511275, 
                    88.98916835392752, 
                    94.20999637613693, 
                    87.76295140503701, 
                    78.14525734840402, 
                    76.51150578124198, 
                    86.47088515607773, 
                    83.73648173401217, 
                    82.59824008193696, 
                    88.8086754138555, 
                    85.55761749876369
                ]
            ]
        }
    ], 
    "Simulations_Parameters": [
        {
            "Dt": 0.05, 
            "SolverType(1:AMGCGL,2:AMGCL_NS_Solver,3:BICGSTABSolver)": 1, 
            "AutomaticDeltaTime": true, 
            "Time_vector": [
                0, 
                7.0
            ], 
            "Config_conditions(1:V-P-P),(2:V-V-P)": 1
        }
    ], 
    "name": [
        "I:/PROYECTOS/ESTUDIANTES/Sergio/V1/GID\\Modelo_12_145_I.gid\\Modelo_12_145_I.json"
    ], 
    "Time": [
        {
            "Time": [
                0.05, 
                0.1363065211252716, 
                0.2291894983989515, 
                0.3357399751460838, 
                0.4580166818327624, 
                0.6001431993921537, 
                0.7678425237503822, 
                0.9679667659766418, 
                1.1786946943964585, 
                1.4431908150592825, 
                1.7872762144768437, 
                2.228855377365694, 
                2.7407585232655065, 
                3.3561697122945584, 
                4.127519809692619, 
                5.021481206618749, 
                5.9154426035448795, 
                6.9154426035448795, 
                7.9154426035448795
            ]
        }
    ], 
    "Hemodynamic Parameters_1001_AB": [
        {
            "A": 10289143.707934393, 
            "B": -179398792877.53137
        }
    ], 
    "Flow": [
        {
            "Flow Outlet 1001": [
                [
                    6.0353699307254874e-05, 
                    6.41785780101094e-05, 
                    6.39690467041147e-05, 
                    6.405815122231687e-05, 
                    6.405468424717431e-05, 
                    6.407106868821491e-05, 
                    6.407504560808405e-05, 
                    6.407632437185129e-05, 
                    6.407533106659722e-05, 
                    6.407489975447153e-05, 
                    6.407291989941668e-05, 
                    6.404952540144438e-05, 
                    6.398846656220647e-05, 
                    6.399582042410003e-05, 
                    6.405570131624253e-05, 
                    6.406591287197874e-05, 
                    6.400145622677125e-05, 
                    6.403027496504899e-05, 
                    6.4068631210833e-05
                ]
            ], 
            "Flow Outlet 1002": [
                0
            ], 
            "Flow Inlet": [
                [
                    -6.416710108731975e-05, 
                    -6.416710108731975e-05, 
                    -6.416710108731975e-05, 
                    -6.416710108731975e-05, 
                    -6.416710108731975e-05, 
                    -6.416710108731975e-05, 
                    -6.416710108731975e-05, 
                    -6.416710108731975e-05, 
                    -6.416710108731975e-05, 
                    -6.416710108731975e-05, 
                    -6.416710108731975e-05, 
                    -6.416710108731975e-05, 
                    -6.416710108731975e-05, 
                    -6.416710108731975e-05, 
                    -6.416710108731975e-05, 
                    -6.416710108731975e-05, 
                    -6.416710108731975e-05, 
                    -6.416710108731975e-05, 
                    -6.416710108731975e-05
                ]
            ]
        }
    ], 
    "Hemodynamic Parameters_1001_ABC": [
        {
            "A": -5529475.665139705, 
            "C": 29644127.94844303, 
            "B": 105733530841.16461
        }
    ], 
    "Outlet 1001": [
        {
            "Reynolds(mean)": 1221.8943486492258, 
            "Centroid": [
                6.215379717078656e-05, 
                5.614083298509638e-05, 
                0.25
            ], 
            "Flow_outlet(mean)": 6.385871251885427e-05, 
            "Flow_outlet(peak)": 6.41785780101094e-05, 
            "Center Node": 431, 
            "Total_area_outlet": 0.0003129857873893009, 
            "Reynolds(peak)": 1228.0147638702053, 
            "Diameter": 0.019962588749112914
        }
    ], 
    "Inlet": [
        {
            "Reynolds(mean)": -1227.7893247607146, 
            "Flow_inlet(peak)": -6.416710108731975e-05, 
            "Centroid": [
                -0.00010319409110340905, 
                -2.6215637677039877e-05, 
                -0.031420356708522716
            ], 
            "Flow_inlet(mean)": -6.416710108731975e-05, 
            "Total_area_inlet": 0.00031298876267923, 
            "Center Node": 91175, 
            "Parabolic": true, 
            "Reynolds(peak)": -1227.7893247607146, 
            "Diameter": 0.01996268363257169
        }
    ], 
    "Bifurcation: ": [
        false
    ]
}