{
    "Simulations_Parameters": [
        {
            "AutomaticDeltaTime": true, 
            "Time_vector": [
                0, 
                7.0
            ], 
            "SolverType(1:AMGCGL,2:AMGCL_NS_Solver,3:BICGSTABSolver)": 1, 
            "Config_conditions(1:V-P-P),(2:V-V-P)": 1, 
            "Dt": 0.05
        }
    ], 
    "Time": [
        {
            "Time": [
                0.05, 
                0.15783380176164294, 
                0.27157518308716144, 
                0.40001808059183985, 
                0.5473157017448811, 
                0.7223302168163741, 
                0.9366028842371378, 
                1.1734272591651398, 
                1.43097648420473, 
                1.7740807124114835, 
                2.117184940618237, 
                2.460289168824991, 
                2.878539996723114, 
                3.2967908246212367, 
                3.8081915170494027, 
                4.418055904339924, 
                5.027920291630445, 
                5.6377846789209665, 
                5.647784678920966, 
                5.652784678920966, 
                5.955920668723484, 
                6.259056658526001, 
                6.5621926483285185, 
                6.865930606786025, 
                7.168976359686983
            ]
        }
    ], 
    "Hemodynamic Parameters_1001_ABC": [
        {
            "A": -80780045.36380333, 
            "C": 3229354.8225530535, 
            "B": 1266378405785.7314
        }
    ], 
    "Hemodynamic Parameters_1001_AB": [
        {
            "A": 82549581.1265161, 
            "B": -1293928249786.9255
        }
    ], 
    "name": [
        "I:/PROYECTOS/ESTUDIANTES/Sergio/V1/GID\\Modelo_2_170.gid\\Modelo_2_170.json"
    ], 
    "Fluid Characteristic": [
        {
            "blood_density": 1050.0, 
            "blood_dynamic_viscosity": 0.0035, 
            "blood_kinematic_viscosity": 3.3333333333333333e-06
        }
    ], 
    "Flow": [
        {
            "Flow Outlet 1002": [
                0
            ], 
            "Flow Inlet": [
                [
                    -6.42569569408916e-05, 
                    -6.42569569408916e-05, 
                    -6.42569569408916e-05, 
                    -6.42569569408916e-05, 
                    -6.42569569408916e-05, 
                    -6.42569569408916e-05, 
                    -6.42569569408916e-05, 
                    -6.42569569408916e-05, 
                    -6.42569569408916e-05, 
                    -6.42569569408916e-05, 
                    -6.42569569408916e-05, 
                    -6.42569569408916e-05, 
                    -6.42569569408916e-05, 
                    -6.42569569408916e-05, 
                    -6.42569569408916e-05, 
                    -6.42569569408916e-05, 
                    -6.42569569408916e-05, 
                    -6.42569569408916e-05, 
                    -6.42569569408916e-05, 
                    -6.42569569408916e-05, 
                    -6.42569569408916e-05, 
                    -6.42569569408916e-05, 
                    -6.42569569408916e-05, 
                    -6.42569569408916e-05, 
                    -6.42569569408916e-05
                ]
            ], 
            "Flow Outlet 1001": [
                [
                    6.0588817319141054e-05, 
                    6.438301273229304e-05, 
                    6.411170831146544e-05, 
                    6.41974363731417e-05, 
                    6.418131647941779e-05, 
                    6.419051881981814e-05, 
                    6.418944292004742e-05, 
                    6.41893776013329e-05, 
                    6.418990472437718e-05, 
                    6.419299005433153e-05, 
                    6.41955267702441e-05, 
                    6.419390199795627e-05, 
                    6.418738076727421e-05, 
                    6.417789774503293e-05, 
                    6.417382161212089e-05, 
                    6.41829325614351e-05, 
                    6.419214004339183e-05, 
                    6.419081282161737e-05, 
                    6.419045864322012e-05, 
                    6.418858489996812e-05, 
                    6.419074095272963e-05, 
                    6.418826706236977e-05, 
                    6.419372074215148e-05, 
                    6.419747505391427e-05, 
                    6.419327713549778e-05
                ]
            ]
        }
    ], 
    "Bifurcation: ": [
        false
    ], 
    "Outlet 1001": [
        {
            "Diameter": 0.019962587721829687, 
            "Center Node": 441, 
            "Flow_outlet(mean)": 6.40500585657716e-05, 
            "Centroid": [
                -1.8710628692159163e-05, 
                8.09623068897412e-05, 
                0.25
            ], 
            "Reynolds(mean)": 1225.5556921301504, 
            "Total_area_outlet": 0.0003129857551765408, 
            "Reynolds(peak)": 1231.9265508480983, 
            "Flow_outlet(peak)": 6.438301273229304e-05
        }
    ], 
    "Inlet": [
        {
            "Diameter": 0.01996268363257169, 
            "Flow_inlet(peak)": -6.42569569408916e-05, 
            "Centroid": [
                -0.00010319409110340905, 
                -2.6215637677039877e-05, 
                -0.031420356708522716
            ], 
            "Center Node": 67482, 
            "Flow_inlet(mean)": -6.42569569408916e-05, 
            "Parabolic": true, 
            "Reynolds(mean)": -1229.5086490860049, 
            "Total_area_inlet": 0.00031298876267923, 
            "Reynolds(peak)": -1229.5086490860049
        }
    ], 
    "Pressures": [
        {
            "Pressure Outlet 1002": [
                0
            ], 
            "Pressure Outlet 1001": [
                [
                    0.0, 
                    0.0, 
                    0.0, 
                    0.0, 
                    0.0, 
                    0.0, 
                    0.0, 
                    0.0, 
                    0.0, 
                    0.0, 
                    0.0, 
                    0.0, 
                    0.0, 
                    0.0, 
                    0.0, 
                    0.0, 
                    0.0, 
                    0.0, 
                    0.0, 
                    0.0, 
                    0.0, 
                    0.0, 
                    0.0, 
                    0.0, 
                    0.0
                ]
            ], 
            "Pressure Inlet": [
                [
                    1826.6296573296092, 
                    -783.323740316321, 
                    211.46666061326314, 
                    -18.207954691772198, 
                    42.50405810562119, 
                    36.827634520232195, 
                    45.344438752850664, 
                    38.79889964678555, 
                    25.367041726038764, 
                    22.7228085277416, 
                    31.620375419873607, 
                    35.83848188812862, 
                    33.57460385498954, 
                    31.72594260162509, 
                    30.209149582156694, 
                    30.407198391109794, 
                    33.98981877087328, 
                    35.12963316185859, 
                    32.61771221957198, 
                    28.842193029780663, 
                    32.1349690058762, 
                    28.497049511532072, 
                    35.29902068482306, 
                    33.344098397962185, 
                    28.555848102234204
                ]
            ]
        }
    ]
}