{
    "name": [
        "I:/PROYECTOS/ESTUDIANTES/Sergio/V1/GID\\Modelo_14_170.gid\\Modelo_14_170.json"
    ], 
    "Outlet 1001": [
        {
            "Centroid": [
                9.262029203820218e-05, 
                0.0001651998312510945, 
                0.2699799999999991
            ], 
            "Diameter": 0.01996258772182968, 
            "Reynolds(peak)": 1231.5104864192883, 
            "Flow_outlet(peak)": 6.436126835037423e-05, 
            "Reynolds(mean)": 1226.3791422273093, 
            "Flow_outlet(mean)": 6.409309375975557e-05, 
            "Center Node": 380, 
            "Total_area_outlet": 0.00031298575517654055
        }
    ], 
    "Time": [
        {
            "Time": [
                0.05, 
                0.1354543840684366, 
                0.22734312324737382, 
                0.3325622560843061, 
                0.45335083832781065, 
                0.5943496886607293, 
                0.7558174758736745, 
                0.9442411310268284, 
                1.1690426744597504, 
                1.4388667853500172, 
                1.448866785350017, 
                1.453866785350017, 
                1.6158563936847072, 
                1.7780250545705165, 
                1.940241368387774, 
                2.102458069581384, 
                2.262046578070958, 
                2.4242886222663973, 
                2.5865343334468456, 
                2.7487795976482845, 
                2.9110175543160257, 
                3.07324026095021, 
                3.2332114406363415, 
                3.3953863038031407, 
                3.557536034953837, 
                3.7196647620229104, 
                3.8817782436446953, 
                4.043882422268768, 
                4.205982326844609, 
                4.368080751317839, 
                4.53010749548843, 
                4.692196981311241, 
                4.854275962517446, 
                5.016343526134636, 
                5.178402645561478, 
                5.340458476915442, 
                5.502515574390112, 
                5.664575794523802, 
                5.825888771295245, 
                5.9749741347509, 
                6.116815295780402, 
                6.266407707275118, 
                6.428462077380601, 
                6.590515029644177, 
                6.735647496027511, 
                6.874391596750686, 
                7.013548962089264
            ]
        }
    ], 
    "Simulations_Parameters": [
        {
            "SolverType(1:AMGCGL,2:AMGCL_NS_Solver,3:BICGSTABSolver)": 1, 
            "Config_conditions(1:V-P-P),(2:V-V-P)": 1, 
            "AutomaticDeltaTime": true, 
            "Time_vector": [
                0, 
                7.0
            ], 
            "Dt": 0.05
        }
    ], 
    "Hemodynamic Parameters_1001_ABC": [
        {
            "A": 120889683.36668271, 
            "B": -1873832878106.627, 
            "C": 19779467.355853822
        }
    ], 
    "Bifurcation: ": [
        false
    ], 
    "Inlet": [
        {
            "Flow_inlet(mean)": -6.425376080964889e-05, 
            "Centroid": [
                -0.00010319409110340905, 
                -2.6215637677039877e-05, 
                -0.031420356708522716
            ], 
            "Diameter": 0.01996268363257169, 
            "Reynolds(peak)": -1229.4474935132293, 
            "Flow_inlet(peak)": -6.425376080964889e-05, 
            "Reynolds(mean)": -1229.4474935132293, 
            "Center Node": 102717, 
            "Parabolic": true, 
            "Total_area_inlet": 0.00031298876267923
        }
    ], 
    "Pressures": [
        {
            "Pressure Inlet": [
                [
                    1814.7187505114905, 
                    -764.485098408005, 
                    204.45364289283722, 
                    -16.371788624722008, 
                    40.96867919171354, 
                    36.51250754576275, 
                    50.02404880835006, 
                    56.47934037154197, 
                    55.41664014898997, 
                    43.72861834949518, 
                    33.85898128907083, 
                    33.240326076731606, 
                    29.22981809660063, 
                    26.054367713266448, 
                    32.46719323016604, 
                    41.013712253638666, 
                    45.04273209724844, 
                    48.40123022831173, 
                    51.630785291992126, 
                    52.09554868557994, 
                    50.691968953357566, 
                    47.67871786851898, 
                    46.086578760836026, 
                    49.30692085031141, 
                    52.238315578612784, 
                    49.94038188253877, 
                    45.6847201869383, 
                    43.59883751152513, 
                    42.57027912084353, 
                    42.30101899821162, 
                    42.77711078305586, 
                    45.32736240157118, 
                    48.04837301299162, 
                    49.85139169928174, 
                    50.216583800849314, 
                    44.1581032821751, 
                    37.799153710875416, 
                    37.101920530084556, 
                    40.8464806916264, 
                    43.08003490573645, 
                    41.70612957116785, 
                    37.49349392433528, 
                    32.60003518685786, 
                    30.5305076865556, 
                    32.156662639137174, 
                    36.162628258799316, 
                    38.78975539828146
                ]
            ], 
            "Pressure Outlet 1002": [
                0
            ], 
            "Pressure Outlet 1001": [
                [
                    0.0, 
                    0.0, 
                    0.0, 
                    0.0, 
                    0.0, 
                    0.0, 
                    0.0, 
                    0.0, 
                    0.0, 
                    0.0, 
                    0.0, 
                    0.0, 
                    0.0, 
                    0.0, 
                    0.0, 
                    0.0, 
                    0.0, 
                    0.0, 
                    0.0, 
                    0.0, 
                    0.0, 
                    0.0, 
                    0.0, 
                    0.0, 
                    0.0, 
                    0.0, 
                    0.0, 
                    0.0, 
                    0.0, 
                    0.0, 
                    0.0, 
                    0.0, 
                    0.0, 
                    0.0, 
                    0.0, 
                    0.0, 
                    0.0, 
                    0.0, 
                    0.0, 
                    0.0, 
                    0.0, 
                    0.0, 
                    0.0, 
                    0.0, 
                    0.0, 
                    0.0, 
                    0.0
                ]
            ]
        }
    ], 
    "Flow": [
        {
            "Flow Outlet 1002": [
                0
            ],