{
    "Outlet 1001": [
        {
            "Center Node": 604, 
            "Centroid": [
                5.862708639720694e-05, 
                0.00010353839509326675, 
                0.26997999999999905
            ], 
            "Reynolds(mean)": 1221.6559251365088, 
            "Flow_outlet(mean)": 6.384624873000516e-05, 
            "Total_area_outlet": 0.00031298575517654055, 
            "Flow_outlet(peak)": 6.410594708646776e-05, 
            "Reynolds(peak)": 1226.6250821697179, 
            "Diameter": 0.01996258772182968
        }
    ], 
    "Inlet": [
        {
            "Parabolic": true, 
            "Flow_inlet(peak)": -6.405125639344817e-05, 
            "Center Node": 165068, 
            "Centroid": [
                -0.00010319409110340913, 
                -2.6215637677038762e-05, 
                -0.031420356708522716
            ], 
            "Reynolds(mean)": -1225.5727234797537, 
            "Reynolds(peak)": -1225.5727234797537, 
            "Flow_inlet(mean)": -6.405125639344817e-05, 
            "Total_area_inlet": 0.00031298876267923, 
            "Diameter": 0.01996268363257169
        }
    ], 
    "Flow": [
        {
            "Flow Inlet": [
                [
                    -6.405125639344817e-05, 
                    -6.405125639344817e-05, 
                    -6.405125639344817e-05, 
                    -6.405125639344817e-05, 
                    -6.405125639344817e-05, 
                    -6.405125639344817e-05, 
                    -6.405125639344817e-05, 
                    -6.405125639344817e-05, 
                    -6.405125639344817e-05, 
                    -6.405125639344817e-05, 
                    -6.405125639344817e-05, 
                    -6.405125639344817e-05, 
                    -6.405125639344817e-05, 
                    -6.405125639344817e-05, 
                    -6.405125639344817e-05, 
                    -6.405125639344817e-05, 
                    -6.405125639344817e-05, 
                    -6.405125639344817e-05, 
                    -6.405125639344817e-05, 
                    -6.405125639344817e-05, 
                    -6.405125639344817e-05, 
                    -6.405125639344817e-05, 
                    -6.405125639344817e-05, 
                    -6.405125639344817e-05, 
                    -6.405125639344817e-05, 
                    -6.405125639344817e-05, 
                    -6.405125639344817e-05, 
                    -6.405125639344817e-05, 
                    -6.405125639344817e-05
                ]
            ], 
            "Flow Outlet 1001": [
                [
                    6.0434802957171786e-05, 
                    6.410594708646776e-05, 
                    6.389354510270206e-05, 
                    6.397207038135464e-05, 
                    6.396471553553588e-05, 
                    6.397760304360598e-05, 
                    6.397950136697691e-05, 
                    6.398020535447546e-05, 
                    6.397915043399437e-05, 
                    6.397859598065342e-05, 
                    6.397981684600032e-05, 
                    6.398327623933321e-05, 
                    6.39862727399416e-05, 
                    6.3984721618451e-05, 
                    6.397826440104234e-05, 
                    6.396664198879503e-05, 
                    6.395496569806026e-05, 
                    6.393516831101933e-05, 
                    6.39236685741144e-05, 
                    6.392280254364118e-05, 
                    6.393360620998431e-05, 
                    6.395483242097269e-05, 
                    6.396214483598085e-05, 
                    6.396277250710194e-05, 
                    6.39731199571212e-05, 
                    6.397179889529698e-05, 
                    6.396881552937127e-05, 
                    6.396659709202547e-05, 
                    6.396578951895821e-05
                ]
            ], 
            "Flow Outlet 1002": [
                0
            ]
        }
    ], 
    "Simulations_Parameters": [
        {
            "Time_vector": [
                0, 
                7.0
            ], 
            "SolverType(1:AMGCGL,2:AMGCL_NS_Solver,3:BICGSTABSolver)": 1, 
            "AutomaticDeltaTime": true, 
            "Dt": 0.05, 
            "Config_conditions(1:V-P-P),(2:V-V-P)": 1
        }
    ], 
    "Pressures": [
        {
            "Pressure Outlet 1001": [
                [
                    0.0, 
                    0.0, 
                    0.0, 
                    0.0, 
                    0.0, 
                    0.0, 
                    0.0, 
                    0.0, 
                    0.0, 
                    0.0, 
                    0.0, 
                    0.0, 
                    0.0, 
                    0.0, 
                    0.0, 
                    0.0, 
                    0.0, 
                    0.0, 
                    0.0, 
                    0.0, 
                    0.0, 
                    0.0, 
                    0.0, 
                    0.0, 
                    0.0, 
                    0.0, 
                    0.0, 
                    0.0, 
                    0.0
                ]
            ], 
            "Pressure Inlet": [
                [
                    1737.3254716849183, 
                    -718.2890633015179, 
                    190.8839903505683, 
                    -12.684537922505054, 
                    41.078498961341104, 
                    39.48629131740397, 
                    54.43073138786062, 
                    61.51650525211196, 
                    60.79952208033504, 
                    52.30129845079509, 
                    36.15711167771325, 
                    26.841832053601323, 
                    32.97853028214487, 
                    33.17174503188294, 
                    35.71402096467967, 
                    45.82036300787574, 
                    51.58019417619279, 
                    48.351289983737075, 
                    41.676063686199804, 
                    38.855628353400405, 
                    36.47136261298121, 
                    38.62479159507519, 
                    38.3331697930882, 
                    37.041587812307135, 
                    38.7055118689758, 
                    37.26922469480104, 
                    37.4382901786805, 
                    40.21196854775925, 
                    42.00231233639601
                ]
            ], 
            "Pressure Outlet 1002": [
                0
            ]
        }
    ], 
    "name": [
        "I:/PROYECTOS/ESTUDIANTES/Sergio/V1/GID\\Modelo_24_170.gid\\Modelo_24_170.json"
    ], 
    "Hemodynamic Parameters_1001_AB": [
        {
            "A": 5491879.927582962, 
            "B": -96099383588.01564
        }
    ], 
    "Bifurcation: ": [
        false
    ], 
    "Fluid Characteristic": [
        {
            "blood_density": 1050.0, 
            "blood_dynamic_viscosity": 0.0035, 
            "blood_kinematic_viscosity": 3.3333333333333333e-06
        }
    ],