{
    "Outlet 1001": [
        {
            "Centroid": [
                -0.0001238296370141063, 
                5.144788582954435e-05, 
                0.28999000000000097
            ], 
            "Total_area_outlet": 0.00031298573259009015, 
            "Flow_outlet(mean)": 6.398874710692908e-05, 
            "Center Node": 411, 
            "Diameter": 0.019962587001534908, 
            "Reynolds(peak)": 1230.8230076663226, 
            "Flow_outlet(peak)": 6.43253369772101e-05, 
            "Reynolds(mean)": 1224.3825819187502
        }
    ], 
    "Pressures": [
        {
            "Pressure Inlet": [
                [
                    1747.484822841493, 
                    -754.8929539010982, 
                    201.49044472701453, 
                    -20.66050684360396, 
                    36.611828415847214, 
                    29.78957949129269, 
                    39.13705971252299, 
                    39.97454223241488, 
                    34.270291785921714, 
                    27.173108633545812, 
                    29.59120178589468, 
                    38.063383038900334, 
                    44.57186140041425, 
                    45.207781805978165, 
                    38.28473133279652, 
                    30.82264663038409, 
                    27.181130708204087, 
                    23.567993973798625, 
                    25.960614337356414, 
                    26.998950225379357, 
                    30.077293775161817, 
                    29.82931241430988, 
                    25.545171718711536, 
                    21.684902888138957, 
                    22.625834234304232, 
                    24.639344491883254, 
                    26.28301234126051, 
                    27.01165416609975
                ]
            ], 
            "Pressure Outlet 1002": [
                0
            ], 
            "Pressure Outlet 1001": [
                [
                    0.0, 
                    0.0, 
                    0.0, 
                    0.0, 
                    0.0, 
                    0.0, 
                    0.0, 
                    0.0, 
                    0.0, 
                    0.0, 
                    0.0, 
                    0.0, 
                    0.0, 
                    0.0, 
                    0.0, 
                    0.0, 
                    0.0, 
                    0.0, 
                    0.0, 
                    0.0, 
                    0.0, 
                    0.0, 
                    0.0, 
                    0.0, 
                    0.0, 
                    0.0, 
                    0.0, 
                    0.0
                ]
            ]
        }
    ], 
    "Simulations_Parameters": [
        {
            "SolverType(1:AMGCGL,2:AMGCL_NS_Solver,3:BICGSTABSolver)": 1, 
            "Config_conditions(1:V-P-P),(2:V-V-P)": 1, 
            "AutomaticDeltaTime": true, 
            "Time_vector": [
                0, 
                7.0
            ], 
            "Dt": 0.05
        }
    ], 
    "Bifurcation: ": [
        false
    ], 
    "Hemodynamic Parameters_1001_ABC": [
        {
            "A": 112099058.312221, 
            "B": -1740577032790.6697, 
            "C": -8211150.177021138
        }
    ], 
    "Flow": [
        {
            "Flow Outlet 1002": [
                0
            ], 
            "Flow Outlet 1001": [
                [
                    6.025473931730455e-05, 
                    6.43253369772101e-05, 
                    6.404982398330991e-05, 
                    6.413587846923371e-05, 
                    6.411749364262969e-05, 
                    6.412652443943894e-05, 
                    6.412534877708148e-05, 
                    6.412482683568848e-05, 
                    6.412419380889193e-05, 
                    6.412510000269494e-05, 
                    6.412755570428561e-05, 
                    6.413015741770573e-05, 
                    6.412827112077781e-05, 
                    6.411658372229472e-05, 
                    6.40861417322108e-05, 
                    6.408372565453928e-05, 
                    6.409664063408813e-05, 
                    6.409916862526685e-05, 
                    6.411672418613855e-05, 
                    6.412427149278054e-05, 
                    6.41278150777142e-05, 
                    6.41286205204691e-05, 
                    6.412885854452079e-05, 
                    6.413284896878179e-05, 
                    6.413428257178561e-05, 
                    6.413717425112233e-05, 
                    6.414028840808877e-05, 
                    6.413652410796011e-05
                ]
            ], 
            "Flow Inlet": [
                [
                    -6.418790511376368e-05, 
                    -6.418790511376368e-05, 
                    -6.418790511376368e-05, 
                    -6.418790511376368e-05, 
                    -6.418790511376368e-05, 
                    -6.418790511376368e-05, 
                    -6.418790511376368e-05, 
                    -6.418790511376368e-05, 
                    -6.418790511376368e-05, 
                    -6.418790511376368e-05, 
                    -6.418790511376368e-05, 
                    -6.418790511376368e-05, 
                    -6.418790511376368e-05, 
                    -6.418790511376368e-05, 
                    -6.418790511376368e-05, 
                    -6.418790511376368e-05, 
                    -6.418790511376368e-05, 
                    -6.418790511376368e-05, 
                    -6.418790511376368e-05, 
                    -6.418790511376368e-05, 
                    -6.418790511376368e-05, 
                    -6.418790511376368e-05, 
                    -6.418790511376368e-05, 
                    -6.418790511376368e-05, 
                    -6.418790511376368e-05, 
                    -6.418790511376368e-05, 
                    -6.418790511376368e-05, 
                    -6.418790511376368e-05
                ]
            ]
        }
    ], 
    "name": [
        "I:/PROYECTOS/ESTUDIANTES/Sergio/V1/GID/0\\Modelo_7.gid\\Modelo_7.json"
    ], 
    "Hemodynamic Parameters_1001_AB": [
        {
            "A": -69604109.07737526, 
            "B": 1078008282227.4498
        }
    ], 
    "Time": [
        {
            "Time": [
                0.05, 
                0.16221977425316136, 
                0.27842159546698025, 
                0.40384206540102996, 
                0.5467049294864506, 
                0.7167455237132803, 
                0.9207382733173133, 
                1.1658773115223626, 
                1.4486644573903908, 
                1.731451603258419, 
                2.0142387491264473, 
                2.2970258949944755, 
                2.633714804170399, 
                3.0334782018340505, 
                3.520797514738822, 
                4.131238619286395, 
                4.141238619286395, 
                4.146238619286395, 
                4.451428341466544, 
                4.756618063646693, 
                5.061807785826842, 
                5.3390558986750705, 
                5.620705930727397, 
                5.918953946229935, 
                6.217201961732473, 
                6.515449977235011, 
                6.813697992737549, 
                7.111946008240087
            ]
        }
    ], 
    "Fluid Characteristic": [
        {
            "blood_density": 1050.0, 
            "blood_kinematic_viscosity": 3.3333333333333333e-06, 
            "blood_dynamic_viscosity": 0.0035
        }
    ], 
    "Inlet": [
        {
            "Centroid": [
                -3.449869273666672e-05, 
                0.00014884578886999934, 
                -2.359397471277777e-16
            ], 
            "Parabolic": true, 
            "Total_area_inlet": 0.0003129858587362685, 
            "Flow_inlet(peak)": -6.418790511376368e-05, 
            "Flow_inlet(mean)": -6.418790511376368e-05, 
            "Center Node": 77856,