{
    "Hemodynamic Parameters_1001_ABC": [
        {
            "C": 11440472.008886114, 
            "B": 592820633995.7363, 
            "A": -35815142.63168591
        }
    ], 
    "Fluid Characteristic": [
        {
            "blood_kinematic_viscosity": 3.3333333333333333e-06, 
            "blood_density": 1050.0, 
            "blood_dynamic_viscosity": 0.0035
        }
    ], 
    "Bifurcation: ": [
        false
    ], 
    "Pressures": [
        {
            "Pressure Outlet 1002": [
                0
            ], 
            "Pressure Outlet 1001": [
                [
                    0.0, 
                    0.0, 
                    0.0, 
                    0.0, 
                    0.0, 
                    0.0, 
                    0.0, 
                    0.0, 
                    0.0, 
                    0.0, 
                    0.0, 
                    0.0, 
                    0.0, 
                    0.0, 
                    0.0, 
                    0.0, 
                    0.0, 
                    0.0, 
                    0.0, 
                    0.0, 
                    0.0, 
                    0.0, 
                    0.0, 
                    0.0, 
                    0.0, 
                    0.0, 
                    0.0, 
                    0.0, 
                    0.0, 
                    0.0, 
                    0.0, 
                    0.0, 
                    0.0, 
                    0.0, 
                    0.0, 
                    0.0, 
                    0.0, 
                    0.0, 
                    0.0, 
                    0.0, 
                    0.0, 
                    0.0, 
                    0.0, 
                    0.0, 
                    0.0, 
                    0.0, 
                    0.0, 
                    0.0, 
                    0.0, 
                    0.0, 
                    0.0, 
                    0.0, 
                    0.0, 
                    0.0, 
                    0.0, 
                    0.0, 
                    0.0, 
                    0.0, 
                    0.0, 
                    0.0, 
                    0.0, 
                    0.0, 
                    0.0, 
                    0.0, 
                    0.0, 
                    0.0, 
                    0.0, 
                    0.0, 
                    0.0, 
                    0.0, 
                    0.0
                ]
            ], 
            "Pressure Inlet": [
                [
                    1005.6816014284615, 
                    -412.95240035321604, 
                    147.53387773960728, 
                    23.654252498007086, 
                    70.86102890327919, 
                    79.753875138076, 
                    97.14753030628113, 
                    107.73074276810088, 
                    111.58622628930608, 
                    109.67625975925648, 
                    110.39367194717052, 
                    114.38522792110983, 
                    115.28988992662107, 
                    112.47706049916094, 
                    107.73707790583804, 
                    104.86818434963217, 
                    106.68949583928497, 
                    113.58385832408487, 
                    123.42507034422812, 
                    132.9543953488412, 
                    138.02409507675083, 
                    136.6340101224338, 
                    130.58278276137554, 
                    126.0537241268531, 
                    126.15734114799125, 
                    130.88444400709392, 
                    136.3199283666877, 
                    138.89659850717092, 
                    136.06707121816515, 
                    129.48586640481403, 
                    124.58191723210999, 
                    123.623251452997, 
                    126.69078207406494, 
                    129.94987628549725, 
                    128.53428227303084, 
                    121.0885673234232, 
                    113.76837841253274, 
                    112.42026581633112, 
                    118.68582552542854, 
                    129.31389888150036, 
                    137.82112767822505, 
                    139.08300428898528, 
                    133.28930351431242, 
                    124.76446426435614, 
                    119.46378304612819, 
                    118.83478031671135, 
                    122.3302878860968, 
                    127.40043119968958, 
                    129.27345977318916, 
                    125.67479086520011, 
                    120.67628164840382, 
                    117.52456293563777, 
                    117.38354180388468, 
                    118.84839350480095, 
                    121.30019783984622, 
                    124.26172026659476, 
                    128.05524637305834, 
                    131.47412624317246, 
                    133.44386088444767, 
                    133.26752161223683, 
                    131.2478745255786, 
                    126.90635662943569, 
                    119.08142935605912, 
                    113.42889398379832, 
                    115.73554891642019, 
                    124.10416560421228, 
                    131.29117368587123, 
                    131.6577385255702, 
                    126.55221013166332, 
                    121.07374436238976, 
                    120.06493305581554
                ]
            ]
        }
    ], 
    "Hemodynamic Parameters_1001_AB": [
        {
            "B": -948404300183.3467, 
            "A": 58475988.17285678
        }
    ], 
    "name": [
        "I:/PROYECTOS/ESTUDIANTES/Sergio/V1/GID\\Modelo_16_120.gid\\Modelo_16_120.json"
    ],