{
    "Outlet 1001": [
        {
            "Reynolds(peak)": 1227.2618648512528, 
            "Flow_outlet(peak)": 6.413922665777396e-05, 
            "Diameter": 0.01996258772182968, 
            "Total_area_outlet": 0.00031298575517654055, 
            "Center Node": 376, 
            "Centroid": [
                5.8627086397206703e-05, 
                0.00010353839509326638, 
                0.26997999999999905
            ], 
            "Reynolds(mean)": 1220.7270770577434, 
            "Flow_outlet(mean)": 6.379770522094585e-05
        }
    ], 
    "name": [
        "I:/PROYECTOS/ESTUDIANTES/Sergio/V1/GID\\Modelo_24_145_I.gid\\Modelo_24_145_I.json"
    ], 
    "Hemodynamic Parameters_1001_ABC": [
        {
            "A": 227153082.81680185, 
            "C": 30074853.133841746, 
            "B": -3528566690320.7715
        }
    ], 
    "Fluid Characteristic": [
        {
            "blood_density": 1050.0, 
            "blood_dynamic_viscosity": 0.0035, 
            "blood_kinematic_viscosity": 3.3333333333333333e-06
        }
    ], 
    "Flow": [
        {
            "Flow Outlet 1002": [
                0
            ], 
            "Flow Inlet": [
                [
                    -6.409489173630016e-05, 
                    -6.409489173630016e-05, 
                    -6.409489173630016e-05, 
                    -6.409489173630016e-05, 
                    -6.409489173630016e-05, 
                    -6.409489173630016e-05, 
                    -6.409489173630016e-05, 
                    -6.409489173630016e-05, 
                    -6.409489173630016e-05, 
                    -6.409489173630016e-05, 
                    -6.409489173630016e-05, 
                    -6.409489173630016e-05, 
                    -6.409489173630016e-05, 
                    -6.409489173630016e-05, 
                    -6.409489173630016e-05, 
                    -6.409489173630016e-05, 
                    -6.409489173630016e-05, 
                    -6.409489173630016e-05
                ]
            ], 
            "Flow Outlet 1001": [
                [
                    6.046634814860258e-05, 
                    6.413922665777396e-05, 
                    6.390013778796895e-05, 
                    6.399760698033545e-05, 
                    6.399212666140067e-05, 
                    6.400642658275619e-05, 
                    6.400797582095381e-05, 
                    6.400791208678655e-05, 
                    6.400652328561845e-05, 
                    6.400617149259127e-05, 
                    6.40060324531857e-05, 
                    6.400019166643676e-05, 
                    6.397757282469023e-05, 
                    6.395584598780602e-05, 
                    6.396353668520082e-05, 
                    6.397635273159687e-05, 
                    6.397824027211208e-05, 
                    6.39704658512088e-05
                ]
            ]
        }
    ], 
    "Hemodynamic Parameters_1001_AB": [
        {
            "A": -307159084.702869, 
            "B": 4779564674760.969
        }
    ], 
    "Pressures": [
        {
            "Pressure Outlet 1002": [
                0
            ], 
            "Pressure Outlet 1001": [
                [
                    0.0, 
                    0.0, 
                    0.0, 
                    0.0, 
                    0.0, 
                    0.0, 
                    0.0, 
                    0.0, 
                    0.0, 
                    0.0, 
                    0.0, 
                    0.0, 
                    0.0, 
                    0.0, 
                    0.0, 
                    0.0, 
                    0.0, 
                    0.0
                ]
            ], 
            "Pressure Inlet": [
                [
                    1774.2223403890762, 
                    -752.9483633570395, 
                    212.29807964991414, 
                    -2.367600410336607, 
                    64.59871795630977, 
                    70.93501108986192, 
                    89.89672176462918, 
                    95.93406514637785, 
                    94.90604362158808, 
                    91.55869020339462, 
                    93.01686031079997, 
                    96.67312103240164, 
                    96.997180047251, 
                    99.51137332933254, 
                    95.48752409419582, 
                    89.313154607107, 
                    85.01938890243449, 
                    99.54416170455406
                ]
            ]
        }
    ], 
    "Inlet": [
        {
            "Reynolds(peak)": -1226.4076530188495, 
            "Diameter": 0.01996268363257169, 
            "Centroid": [
                -0.00010319409110340905, 
                -2.6215637677039877e-05, 
                -0.031420356708522716
            ], 
            "Center Node": 166081, 
            "Total_area_inlet": 0.00031298876267923, 
            "Parabolic": true, 
            "Flow_inlet(mean)": -6.409489173630016e-05, 
            "Reynolds(mean)": -1226.4076530188495, 
            "Flow_inlet(peak)": -6.409489173630016e-05
        }
    ], 
    "Time": [
        {
            "Time": [
                0.05, 
                0.15192613486233914, 
                0.2551197348813544, 
                0.36679120141263744, 
                0.49495927698829734, 
                0.6476173297704652, 
                0.8304796944660771, 
                1.0500430695810623, 
                1.3136698118006889, 
                1.6109843480921513, 
                1.9846379274678816, 
                2.4402146370993676, 
                2.9755168745070204, 
                3.5675696444243044, 
                4.264122587518122, 
                5.12647352170031, 
                6.12647352170031, 
                7.12647352170031
            ]
        }
    ], 
    "Simulations_Parameters": [
        {
            "SolverType(1:AMGCGL,2:AMGCL_NS_Solver,3:BICGSTABSolver)": 1, 
            "Time_vector": [
                0, 
                7.0
            ], 
            "Dt": 0.05, 
            "AutomaticDeltaTime": true, 
            "Config_conditions(1:V-P-P),(2:V-V-P)": 1
        }
    ], 
    "Bifurcation: ": [
        false
    ]
}