{
    "Bifurcation: ": [
        false
    ], 
    "Flow": [
        {
            "Flow Outlet 1002": [
                0
            ], 
            "Flow Inlet": [
                [
                    -6.412277964925447e-05, 
                    -6.412277964925447e-05, 
                    -6.412277964925447e-05, 
                    -6.412277964925447e-05, 
                    -6.412277964925447e-05, 
                    -6.412277964925447e-05, 
                    -6.412277964925447e-05, 
                    -6.412277964925447e-05, 
                    -6.412277964925447e-05, 
                    -6.412277964925447e-05, 
                    -6.412277964925447e-05, 
                    -6.412277964925447e-05, 
                    -6.412277964925447e-05, 
                    -6.412277964925447e-05, 
                    -6.412277964925447e-05, 
                    -6.412277964925447e-05, 
                    -6.412277964925447e-05, 
                    -6.412277964925447e-05, 
                    -6.412277964925447e-05, 
                    -6.412277964925447e-05, 
                    -6.412277964925447e-05, 
                    -6.412277964925447e-05
                ]
            ], 
            "Flow Outlet 1001": [
                [
                    6.049725343089263e-05, 
                    6.412211476992666e-05, 
                    6.392589643873478e-05, 
                    6.401649664458808e-05, 
                    6.401545983044502e-05, 
                    6.40326434950277e-05, 
                    6.40378059752598e-05, 
                    6.404044911007181e-05, 
                    6.40397025291229e-05, 
                    6.403898779818594e-05, 
                    6.404133996359638e-05, 
                    6.404645425699277e-05, 
                    6.404905976203768e-05, 
                    6.404518615401348e-05, 
                    6.403638780635838e-05, 
                    6.402898583991665e-05, 
                    6.402294901781288e-05, 
                    6.400632142870449e-05, 
                    6.399448751657612e-05, 
                    6.400132151405301e-05, 
                    6.400946621721235e-05, 
                    6.402899479662733e-05
                ]
            ]
        }
    ], 
    "Inlet": [
        {
            "Reynolds(peak)": -1226.9412673045963, 
            "Reynolds(mean)": -1226.9412673045963, 
            "Flow_inlet(peak)": -6.412277964925447e-05, 
            "Centroid": [
                -0.00010319409110340905, 
                -2.6215637677039877e-05, 
                -0.031420356708522716
            ], 
            "Flow_inlet(mean)": -6.412277964925447e-05, 
            "Center Node": 140850, 
            "Parabolic": true, 
            "Diameter": 0.01996268363257169, 
            "Total_area_inlet": 0.00031298876267923
        }
    ], 
    "Time": [
        {
            "Time": [
                0.05, 
                0.12029393894476606, 
                0.1964071986252593, 
                0.28457826510969225, 
                0.38678691622418493, 
                0.5069485908698771, 
                0.6501011948488333, 
                0.8217250770101988, 
                1.0254110000674117, 
                1.2729039326694076, 
                1.5679525717392464, 
                1.8630012108090852, 
                2.158049849878924, 
                2.504306729606582, 
                2.85056360933424, 
                3.2675567709610336, 
                3.684549932587827, 
                4.244911022573303, 
                4.80527211255878, 
                5.407469364156303, 
                6.215544627776803, 
                7.023619891397304
            ]
        }
    ], 
    "Hemodynamic Parameters_1001_ABC": [
        {
            "C": 3553899.839728646, 
            "B": -367374070626.65356, 
            "A": 24148878.211428344
        }
    ], 
    "Simulations_Parameters": [
        {
            "AutomaticDeltaTime": true, 
            "Time_vector": [
                0, 
                7.0
            ], 
            "Config_conditions(1:V-P-P),(2:V-V-P)": 1, 
            "SolverType(1:AMGCGL,2:AMGCL_NS_Solver,3:BICGSTABSolver)": 1, 
            "Dt": 0.05
        }
    ], 
    "Pressures": [
        {
            "Pressure Outlet 1002": [
                0
            ], 
            "Pressure Outlet 1001": [
                [
                    0.0, 
                    0.0, 
                    0.0, 
                    0.0, 
                    0.0, 
                    0.0, 
                    0.0, 
                    0.0, 
                    0.0, 
                    0.0, 
                    0.0, 
                    0.0, 
                    0.0, 
                    0.0, 
                    0.0, 
                    0.0, 
                    0.0, 
                    0.0, 
                    0.0, 
                    0.0, 
                    0.0, 
                    0.0
                ]
            ], 
            "Pressure Inlet": [
                [
                    1700.728378283742, 
                    -700.2066635258108, 
                    186.45541828063722, 
                    -10.365702856066225, 
                    41.74640806328442, 
                    39.88406194582099, 
                    52.80675639786956, 
                    58.6175462095647, 
                    56.48317743763975, 
                    42.06421496717239, 
                    24.31743890494538, 
                    29.624695189897437, 
                    33.60040892422322, 
                    28.583950864911486, 
                    36.32399409974165, 
                    44.144166088674595, 
                    44.29884134467736, 
                    41.23415017153508, 
                    38.88669228376041, 
                    37.45221823118766, 
                    39.049138801977925, 
                    36.87958994100259
                ]
            ]
        }
    ], 
    "Hemodynamic Parameters_1001_AB": [
        {
            "B": 479321212338.8887, 
            "A": -31320224.126042247
        }
    ], 
    "Outlet 1001": [
        {
            "Reynolds(peak)": 1226.9344401458902, 
            "Reynolds(mean)": 1222.0562609921005, 
            "Flow_outlet(mean)": 6.386717110437076e-05, 
            "Centroid": [
                7.705501106926971e-05, 
                0.00014089454130671288, 
                0.25
            ], 
            "Total_area_outlet": 0.0003129857551765405, 
            "Center Node": 497, 
            "Diameter": 0.019962587721829676, 
            "Flow_outlet(peak)": 6.412211476992666e-05
        }
    ], 
    "Fluid Characteristic": [
        {
            "blood_kinematic_viscosity": 3.3333333333333333e-06, 
            "blood_density": 1050.0, 
            "blood_dynamic_viscosity": 0.0035
        }
    ], 
    "name": [
        "I:/PROYECTOS/ESTUDIANTES/Sergio/V1/GID\\Modelo_20_170_I.gid\\Modelo_20_170_I.json"
    ]
}