{
    "name": [
        "I:/PROYECTOS/ESTUDIANTES/Sergio/V1/GID\\Modelo_3_170_I.gid\\Modelo_3_170_I.json"
    ], 
    "Inlet": [
        {
            "Flow_inlet(mean)": -6.414619741817373e-05, 
            "Diameter": 0.01996268363257169, 
            "Total_area_inlet": 0.00031298876267923, 
            "Reynolds(mean)": -1227.3893487388762, 
            "Centroid": [
                -0.00010319409110340905, 
                -2.6215637677039877e-05, 
                -0.031420356708522716
            ], 
            "Center Node": 67570, 
            "Parabolic": true, 
            "Flow_inlet(peak)": -6.414619741817373e-05, 
            "Reynolds(peak)": -1227.3893487388762
        }
    ], 
    "Time": [
        {
            "Time": [
                0.05, 
                0.13484901428204454, 
                0.22640012185583516, 
                0.3326811766208213, 
                0.4541189580891797, 
                0.5991865730888349, 
                0.7733572353721015, 
                0.9672819951150236, 
                1.2013570850208908, 
                1.485871017404587, 
                1.7703849497882833, 
                2.0548988821719796, 
                2.3953263196582446, 
                2.8234580134871043, 
                3.251589707315964, 
                3.261589707315964, 
                3.2665897073159638, 
                3.521932686067998, 
                3.7763186704821745, 
                4.0299135970119915, 
                4.282903987164664, 
                4.535529966872749, 
                4.788041600278833, 
                5.091248629614374, 
                5.455645318453197, 
                5.893793092563186, 
                6.420649055522211, 
                6.947505018481236, 
                7.4743609814402605
            ]
        }
    ], 
    "Pressures": [
        {
            "Pressure Inlet": [
                [
                    1821.8678957724478, 
                    -766.4068600009657, 
                    204.04542322074295, 
                    -17.069069975736365, 
                    39.33451053356237, 
                    32.93978935696914, 
                    43.29697616726963, 
                    44.59121590090169, 
                    35.65417848573289, 
                    24.60726270916496, 
                    27.794690207692867, 
                    35.41687137570528, 
                    37.082937696124716, 
                    35.6506245595712, 
                    34.351661814775575, 
                    35.00478092758846, 
                    31.708921865787815, 
                    33.061488497820356, 
                    28.062286753754226, 
                    28.300316678386395, 
                    30.338478471978775, 
                    30.03543936839768, 
                    29.169368072281447, 
                    30.68587096537764, 
                    32.28723307115182, 
                    31.73457644847505, 
                    28.825121151917102, 
                    27.459116321732107, 
                    28.062326432261507
                ]
            ], 
            "Pressure Outlet 1002": [
                0
            ], 
            "Pressure Outlet 1001": [
                [
                    0.0, 
                    0.0, 
                    0.0, 
                    0.0, 
                    0.0, 
                    0.0, 
                    0.0, 
                    0.0, 
                    0.0, 
                    0.0, 
                    0.0, 
                    0.0, 
                    0.0, 
                    0.0, 
                    0.0, 
                    0.0, 
                    0.0, 
                    0.0, 
                    0.0, 
                    0.0, 
                    0.0, 
                    0.0, 
                    0.0, 
                    0.0, 
                    0.0, 
                    0.0, 
                    0.0, 
                    0.0, 
                    0.0
                ]
            ]
        }
    ], 
    "Flow": [
        {
            "Flow Outlet 1002": [
                0
            ], 
            "Flow Outlet 1001": [
                [
                    6.0485039167728164e-05, 
                    6.417818252595408e-05, 
                    6.395067432019473e-05, 
                    6.403897930088675e-05, 
                    6.403692995894082e-05, 
                    6.405434119486509e-05, 
                    6.40589133539766e-05, 
                    6.40604289237561e-05, 
                    6.405996322904183e-05, 
                    6.406170002483718e-05, 
                    6.406623836587486e-05, 
                    6.406767776486472e-05, 
                    6.405447444196844e-05, 
                    6.402600424230381e-05, 
                    6.401195825793926e-05, 
                    6.40200510309711e-05, 
                    6.401819065601296e-05, 
                    6.402101915935757e-05, 
                    6.403279575635832e-05, 
                    6.403810966462852e-05, 
                    6.404604400738685e-05, 
                    6.405503819152868e-05, 
                    6.405400142402018e-05, 
                    6.404434065841065e-05, 
                    6.404186826809426e-05, 
                    6.403798068133576e-05, 
                    6.403978254714147e-05, 
                    6.404009851543962e-05, 
                    6.40475054569703e-05
                ]
            ], 
            "Flow Inlet": [
                [
                    -6.414619741817373e-05, 
                    -6.414619741817373e-05, 
                    -6.414619741817373e-05, 
                    -6.414619741817373e-05, 
                    -6.414619741817373e-05, 
                    -6.414619741817373e-05, 
                    -6.414619741817373e-05, 
                    -6.414619741817373e-05, 
                    -6.414619741817373e-05, 
                    -6.414619741817373e-05, 
                    -6.414619741817373e-05, 
                    -6.414619741817373e-05, 
                    -6.414619741817373e-05, 
                    -6.414619741817373e-05, 
                    -6.414619741817373e-05, 
                    -6.414619741817373e-05, 
                    -6.414619741817373e-05, 
                    -6.414619741817373e-05, 
                    -6.414619741817373e-05, 
                    -6.414619741817373e-05, 
                    -6.414619741817373e-05, 
                    -6.414619741817373e-05, 
                    -6.414619741817373e-05, 
                    -6.414619741817373e-05, 
                    -6.414619741817373e-05, 
                    -6.414619741817373e-05, 
                    -6.414619741817373e-05, 
                    -6.414619741817373e-05, 
                    -6.414619741817373e-05
                ]
            ]
        }
    ], 
    "Bifurcation: ": [
        false
    ], 
    "Fluid Characteristic": [
        {
            "blood_density": 1050.0, 
            "blood_kinematic_viscosity": 3.3333333333333333e-06, 
            "blood_dynamic_viscosity": 0.0035
        }
    ], 
    "Hemodynamic Parameters_1001_AB": [
        {
            "A": 24809471.719307013, 
            "B": -395265256333.07916
        }
    ], 
    "Outlet 1001": [
        {
            "Centroid": [
                5.984660410938541e-05, 
                8.972251986735864e-05, 
                0.25
            ], 
            "Diameter": 0.019962588749112928, 
            "Total_area_outlet": 0.00031298578738930133, 
            "Flow_outlet(peak)": 6.417818252595408e-05, 
            "Reynolds(mean)": 1223.112129366033, 
            "Flow_outlet(mean)": 6.392235624450995e-05, 
            "Center Node": 405, 
            "Reynolds(peak)": 1228.0071965417176
        }
    ], 
    "Simulations_Parameters": [
        {
            "SolverType(1:AMGCGL,2:AMGCL_NS_Solver,3:BICGSTABSolver)": 1,