{
    "Time": [
        {
            "Time": [
                0.05, 
                0.14128485763127485, 
                0.24356644787980453, 
                0.3647344559301583, 
                0.5096544929788502, 
                0.6841412616209268, 
                0.8937122987671592, 
                1.1451308365917738, 
                1.4479284813842752, 
                1.8240255180530778, 
                1.8340255180530776, 
                1.8390255180530775, 
                2.0273352326974536, 
                2.215638935462717, 
                2.3932051366086142, 
                2.5630644192597147, 
                2.7359453288941724, 
                2.9166974671547363, 
                3.0995661980590965, 
                3.2753556547187874, 
                3.448406863918156, 
                3.6253996000981106, 
                3.805979146997363, 
                3.9837230790978553, 
                4.155162534852694, 
                4.319424595003646, 
                4.478977160849692, 
                4.638509578750788, 
                4.801412631267113, 
                4.968439614827941, 
                5.139345286662222, 
                5.313245288134948, 
                5.4838188086445125, 
                5.654214358028769, 
                5.825719379566245, 
                5.997625693557116, 
                6.169770131596969, 
                6.341717516296201, 
                6.513563678673647, 
                6.686084633408263, 
                6.859688719736226, 
                7.034006347603556
            ]
        }
    ], 
    "Pressures": [
        {
            "Pressure Inlet": [
                [
                    1497.6308626700154, 
                    -635.5386273494695, 
                    170.52794732838709, 
                    -11.904044326984305, 
                    40.61866069883321, 
                    43.18807248252832, 
                    56.58810932387702, 
                    56.70905415697967, 
                    47.49896141555821, 
                    29.067030245167096, 
                    15.54723383162908, 
                    17.251883019201756, 
                    21.27915028894299, 
                    25.31477729840824, 
                    22.796101684039623, 
                    19.89711024855902, 
                    19.38321054923643, 
                    22.448314227518836, 
                    24.60601047061017, 
                    22.592375104547553, 
                    20.05347369515299, 
                    20.366114301788944, 
                    23.264765058370436, 
                    25.476944744323013, 
                    25.7506574593065, 
                    25.52098681048525, 
                    25.629606563100463, 
                    25.72827926826967, 
                    25.24038351017099, 
                    23.999325247342206, 
                    22.465000300678817, 
                    21.33853713667068, 
                    21.072669121256308, 
                    21.570378759301992, 
                    22.18829532400791, 
                    22.60681066710258, 
                    22.748592940059382, 
                    22.473692972915334, 
                    22.029506131709773, 
                    21.615073448307427, 
                    21.26756538488203, 
                    21.07467704912845
                ]
            ], 
            "Pressure Outlet 1001": [
                [
                    0.0, 
                    0.0, 
                    0.0, 
                    0.0, 
                    0.0, 
                    0.0, 
                    0.0, 
                    0.0, 
                    0.0, 
                    0.0, 
                    0.0, 
                    0.0, 
                    0.0, 
                    0.0, 
                    0.0, 
                    0.0, 
                    0.0, 
                    0.0, 
                    0.0, 
                    0.0, 
                    0.0, 
                    0.0, 
                    0.0, 
                    0.0, 
                    0.0, 
                    0.0, 
                    0.0, 
                    0.0, 
                    0.0, 
                    0.0, 
                    0.0, 
                    0.0, 
                    0.0, 
                    0.0, 
                    0.0, 
                    0.0, 
                    0.0, 
                    0.0, 
                    0.0, 
                    0.0, 
                    0.0, 
                    0.0
                ]
            ], 
            "Pressure Outlet 1002": [
                0
            ]
        }
    ], 
    "name": [
        "I:/PROYECTOS/ESTUDIANTES/Sergio/V1/GID/0\\Modelo_24.gid\\Modelo_24.json"
    ], 
    "Bifurcation: ": [
        false
    ], 
    "Flow": [
        {
            "Flow Outlet 1001": [
                [
                    6.0241688124920104e-05, 
                    6.42373419907629e-05, 
                    6.402269400537241e-05, 
                    6.41038532855884e-05, 
                    6.408877269831711e-05, 
                    6.409922122918719e-05, 
                    6.409898759301393e-05, 
                    6.40982535273557e-05, 
                    6.409725216383527e-05, 
                    6.409845032805227e-05, 
                    6.410151622136263e-05, 
                    6.409972910686737e-05, 
                    6.410179275937449e-05, 
                    6.410320029962963e-05, 
                    6.410483770386119e-05, 
                    6.410645009565084e-05, 
                    6.410851324677733e-05, 
                    6.410969231225943e-05, 
                    6.410847614709078e-05, 
                    6.410653946299847e-05, 
                    6.410579651946159e-05, 
                    6.410630728825768e-05, 
                    6.410696871405118e-05, 
                    6.41070618537464e-05, 
                    6.4107011709607e-05, 
                    6.410724386710052e-05, 
                    6.410734075395717e-05, 
                    6.410643229264821e-05, 
                    6.410398163458385e-05, 
                    6.410023745191238e-05, 
                    6.409658159939553e-05, 
                    6.409517834371328e-05, 
                    6.409746661804327e-05, 
                    6.410261516732771e-05, 
                    6.410753359049304e-05, 
                    6.410884055084964e-05, 
                    6.410613577668903e-05, 
                    6.410306872385901e-05, 
                    6.41030921663066e-05, 
                    6.410514516666523e-05, 
                    6.410608347249701e-05, 
                    6.4105206237443e-05
                ]
            ],