{
    "Hemodynamic Parameters_1001_AB": [
        {
            "A": -458374630.32250196, 
            "B": 7161923000766.913
        }
    ], 
    "Flow": [
        {
            "Flow Outlet 1001": [
                [
                    6.285716245924458e-05, 
                    6.381865788007502e-05, 
                    6.374102946801135e-05, 
                    6.37510317024458e-05, 
                    6.374712809934714e-05, 
                    6.374931980997135e-05, 
                    6.374939364861046e-05, 
                    6.374973331410332e-05, 
                    6.37496715001471e-05, 
                    6.374953544925406e-05, 
                    6.374940002344303e-05, 
                    6.37493141705899e-05, 
                    6.374931727889649e-05, 
                    6.374926202192429e-05, 
                    6.374928108991335e-05, 
                    6.374931324525119e-05, 
                    6.374937596474796e-05, 
                    6.374944974323953e-05, 
                    6.374950554829823e-05, 
                    6.374953733151614e-05, 
                    6.374947378825016e-05, 
                    6.374913841004757e-05, 
                    6.374856842243918e-05, 
                    6.374803112186135e-05, 
                    6.374778011448227e-05, 
                    6.37478847683578e-05, 
                    6.374785849264107e-05, 
                    6.374784475278587e-05, 
                    6.374750071150394e-05, 
                    6.374619934556983e-05, 
                    6.374542306839597e-05, 
                    6.374529361666407e-05, 
                    6.374541545878255e-05, 
                    6.374720906545039e-05, 
                    6.374888979530405e-05, 
                    6.37497616868998e-05, 
                    6.374960360738328e-05, 
                    6.37471503321523e-05, 
                    6.374481947363213e-05, 
                    6.374547296744706e-05, 
                    6.374746284293593e-05, 
                    6.374865338082168e-05, 
                    6.374746859434267e-05, 
                    6.374430859097763e-05, 
                    6.374219834304351e-05, 
                    6.374147707953268e-05, 
                    6.374241540973854e-05, 
                    6.374430753346817e-05, 
                    6.374473984441572e-05, 
                    6.374505256112035e-05, 
                    6.374717588824148e-05, 
                    6.374778003733893e-05, 
                    6.374775231824778e-05, 
                    6.37488891245227e-05, 
                    6.37486683411846e-05, 
                    6.374705509268361e-05, 
                    6.374508561783374e-05, 
                    6.374233856543986e-05, 
                    6.373574626245277e-05, 
                    6.373268987602055e-05, 
                    6.373404049687762e-05, 
                    6.373572531888438e-05, 
                    6.373486351103374e-05, 
                    6.373501145305397e-05, 
                    6.373658981884095e-05, 
                    6.373836383758587e-05, 
                    6.374145488839602e-05, 
                    6.374330887721649e-05, 
                    6.374463616800005e-05, 
                    6.374710698173643e-05, 
                    6.374624145213605e-05
                ]
            ], 
            "Flow Outlet 1002": [
                0
            ], 
            "Flow Inlet": [
                [
                    -6.378336003610534e-05, 
                    -6.378336003610534e-05, 
                    -6.378336003610534e-05, 
                    -6.378336003610534e-05, 
                    -6.378336003610534e-05, 
                    -6.378336003610534e-05, 
                    -6.378336003610534e-05, 
                    -6.378336003610534e-05, 
                    -6.378336003610534e-05, 
                    -6.378336003610534e-05, 
                    -6.378336003610534e-05, 
                    -6.378336003610534e-05, 
                    -6.378336003610534e-05, 
                    -6.378336003610534e-05, 
                    -6.378336003610534e-05, 
                    -6.378336003610534e-05, 
                    -6.378336003610534e-05, 
                    -6.378336003610534e-05, 
                    -6.378336003610534e-05, 
                    -6.378336003610534e-05, 
                    -6.378336003610534e-05, 
                    -6.378336003610534e-05, 
                    -6.378336003610534e-05, 
                    -6.378336003610534e-05, 
                    -6.378336003610534e-05, 
                    -6.378336003610534e-05, 
                    -6.378336003610534e-05, 
                    -6.378336003610534e-05, 
                    -6.378336003610534e-05, 
                    -6.378336003610534e-05, 
                    -6.378336003610534e-05, 
                    -6.378336003610534e-05, 
                    -6.378336003610534e-05, 
                    -6.378336003610534e-05, 
                    -6.378336003610534e-05, 
                    -6.378336003610534e-05, 
                    -6.378336003610534e-05, 
                    -6.378336003610534e-05, 
                    -6.378336003610534e-05, 
                    -6.378336003610534e-05, 
                    -6.378336003610534e-05, 
                    -6.378336003610534e-05, 
                    -6.378336003610534e-05, 
                    -6.378336003610534e-05, 
                    -6.378336003610534e-05, 
                    -6.378336003610534e-05, 
                    -6.378336003610534e-05, 
                    -6.378336003610534e-05, 
                    -6.378336003610534e-05, 
                    -6.378336003610534e-05, 
                    -6.378336003610534e-05, 
                    -6.378336003610534e-05, 
                    -6.378336003610534e-05, 
                    -6.378336003610534e-05, 
                    -6.378336003610534e-05, 
                    -6.378336003610534e-05, 
                    -6.378336003610534e-05, 
                    -6.378336003610534e-05, 
                    -6.378336003610534e-05, 
                    -6.378336003610534e-05, 
                    -6.378336003610534e-05, 
                    -6.378336003610534e-05, 
                    -6.378336003610534e-05, 
                    -6.378336003610534e-05, 
                    -6.378336003610534e-05, 
                    -6.378336003610534e-05, 
                    -6.378336003610534e-05, 
                    -6.378336003610534e-05, 
                    -6.378336003610534e-05, 
                    -6.378336003610534e-05, 
                    -6.378336003610534e-05
                ]
            ]
        }
    ], 
    "Hemodynamic Parameters_1001_ABC": [
        {
            "A": 453164806.5370995, 
            "C": -3819298.0245179534, 
            "B": -7080194441108.166
        }
    ], 
    "Outlet 1001": [
        {
            "Center Node": 1635, 
            "Total_area_outlet": 0.0003136215003447765, 
            "Reynolds(peak)": 1219.8896843618618, 
            "Diameter": 0.01998285171209209, 
            "Reynolds(mean)": 1218.2769321106746, 
            "Centroid": [
                -1.2053825400250349e-05, 
                1.6348687390463153e-05, 
                0.26998000000000066
            ], 
            "Flow_outlet(mean)": 6.373428657545359e-05, 
            "Flow_outlet(peak)": 6.381865788007502e-05
        }
    ],