{
    "Fluid Characteristic": [
        {
            "blood_density": 1050.0, 
            "blood_kinematic_viscosity": 3.3333333333333333e-06, 
            "blood_dynamic_viscosity": 0.0035
        }
    ], 
    "Flow": [
        {
            "Flow Outlet 1001": [
                [
                    6.017643525998051e-05, 
                    6.423276903413764e-05, 
                    6.398364539928783e-05, 
                    6.407863415888036e-05, 
                    6.406648988530274e-05, 
                    6.407680975847925e-05, 
                    6.407556791692123e-05, 
                    6.407470849148467e-05, 
                    6.407392775074504e-05, 
                    6.407478676455598e-05, 
                    6.407728308222403e-05, 
                    6.408100053552784e-05, 
                    6.408441538468332e-05, 
                    6.408615848206763e-05, 
                    6.408558015214106e-05, 
                    6.40837585383139e-05, 
                    6.408204926436052e-05, 
                    6.408110564218224e-05, 
                    6.407991139736563e-05, 
                    6.407804958799443e-05, 
                    6.40771812065184e-05, 
                    6.407974727843287e-05, 
                    6.40856434714618e-05, 
                    6.40897159075666e-05, 
                    6.408797900933433e-05, 
                    6.408436016914679e-05
                ]
            ], 
            "Flow Outlet 1002": [
                0
            ], 
            "Flow Inlet": [
                [
                    -6.41449794839508e-05, 
                    -6.41449794839508e-05, 
                    -6.41449794839508e-05, 
                    -6.41449794839508e-05, 
                    -6.41449794839508e-05, 
                    -6.41449794839508e-05, 
                    -6.41449794839508e-05, 
                    -6.41449794839508e-05, 
                    -6.41449794839508e-05, 
                    -6.41449794839508e-05, 
                    -6.41449794839508e-05, 
                    -6.41449794839508e-05, 
                    -6.41449794839508e-05, 
                    -6.41449794839508e-05, 
                    -6.41449794839508e-05, 
                    -6.41449794839508e-05, 
                    -6.41449794839508e-05, 
                    -6.41449794839508e-05, 
                    -6.41449794839508e-05, 
                    -6.41449794839508e-05, 
                    -6.41449794839508e-05, 
                    -6.41449794839508e-05, 
                    -6.41449794839508e-05, 
                    -6.41449794839508e-05, 
                    -6.41449794839508e-05, 
                    -6.41449794839508e-05
                ]
            ]
        }
    ], 
    "Simulations_Parameters": [
        {
            "Dt": 0.05, 
            "SolverType(1:AMGCGL,2:AMGCL_NS_Solver,3:BICGSTABSolver)": 1, 
            "AutomaticDeltaTime": true, 
            "Time_vector": [
                0, 
                7.0
            ], 
            "Config_conditions(1:V-P-P),(2:V-V-P)": 1
        }
    ], 
    "Time": [
        {
            "Time": [
                0.05, 
                0.16286444300107134, 
                0.2832037988530382, 
                0.4211330641254199, 
                0.5802135627038447, 
                0.7666178046937311, 
                0.987640206177778, 
                1.2097378116256645, 
                1.4828465908091264, 
                1.7559553699925883, 
                2.02906414917605, 
                2.302172928359512, 
                2.575281707542974, 
                2.878962886634886, 
                3.182644065726798, 
                3.48632524481871, 
                3.790006423910622, 
                4.093687603002534, 
                4.463360343434556, 
                4.833033083866578, 
                5.2027058242986, 
                5.572378564730622, 
                5.942051305162644, 
                6.311724045594666, 
                6.681396786026688, 
                7.0510695264587095
            ]
        }
    ], 
    "Inlet": [
        {
            "Flow_inlet(peak)": -6.41449794839508e-05, 
            "Center Node": 77764, 
            "Flow_inlet(mean)": -6.41449794839508e-05, 
            "Total_area_inlet": 0.0003129858587362685, 
            "Reynolds(mean)": -1227.3717383373648, 
            "Centroid": [
                -3.449869273666632e-05, 
                0.00014884578886999953, 
                5.69724477677778e-17
            ], 
            "Parabolic": true, 
            "Reynolds(peak)": -1227.3717383373648, 
            "Diameter": 0.019962591024408068
        }
    ], 
    "Pressures": [
        {
            "Pressure Outlet 1001": [
                [
                    0.0, 
                    0.0, 
                    0.0, 
                    0.0, 
                    0.0, 
                    0.0, 
                    0.0, 
                    0.0, 
                    0.0, 
                    0.0, 
                    0.0, 
                    0.0, 
                    0.0, 
                    0.0, 
                    0.0, 
                    0.0, 
                    0.0, 
                    0.0, 
                    0.0, 
                    0.0, 
                    0.0, 
                    0.0, 
                    0.0, 
                    0.0, 
                    0.0, 
                    0.0
                ]
            ], 
            "Pressure Outlet 1002": [
                0
            ], 
            "Pressure Inlet": [
                [
                    1734.7856220585736, 
                    -749.9071350069514, 
                    200.13732545356265, 
                    -20.683746002230503, 
                    37.13995534362639, 
                    31.053576843598325, 
                    40.86688328435313, 
                    41.01242346707566, 
                    33.473770382002925, 
                    22.83267803155049, 
                    18.942609476823986, 
                    21.465827810546013, 
                    23.91866902163051, 
                    23.57044722767784, 
                    22.120162290345114, 
                    22.508053047636885, 
                    24.247130114971135, 
                    25.193548432324395, 
                    24.98085619477154, 
                    23.810698622779935, 
                    22.304690002376894, 
                    21.82111361061492, 
                    22.51100124978471, 
                    23.153917665277493, 
                    22.976156981543426, 
                    22.221646262789186
                ]
            ]
        }
    ], 
    "Hemodynamic Parameters_1001_AB": [
        {
            "A": -683655092.7219023, 
            "B": 10662414395936.162
        }
    ], 
    "name": [
        "I:/PROYECTOS/ESTUDIANTES/Sergio/V1/GID/0\\Modelo_9.gid\\Modelo_9.json"
    ], 
    "Outlet 1001": [
        {
            "Center Node": 468, 
            "Flow_outlet(mean)": 6.39322197511191e-05, 
            "Flow_outlet(peak)": 6.423276903413764e-05, 
            "Reynolds(mean)": 1223.3009681509418, 
            "Centroid": [
                -0.00012382963701410485, 
                5.144788582954523e-05, 
                0.28999000000000097
            ], 
            "Total_area_outlet": 0.00031298573259009015, 
            "Reynolds(peak)": 1229.05178096997, 
            "Diameter": 0.019962587001534908
        }
    ], 
    "Hemodynamic Parameters_1001_ABC": [
        {
            "A": 741341124.4464852, 
            "C": 52803361.20501931, 
            "B": -11562627978560.113
        }
    ], 
    "Bifurcation: ": [
        false
    ]
}