{
    "Flow": [
        {
            "Flow Outlet 1001": [
                [
                    6.0442443048327966e-05, 
                    6.416958293507372e-05, 
                    6.395321747999311e-05, 
                    6.40442122743258e-05, 
                    6.403748743628832e-05, 
                    6.40515877600987e-05, 
                    6.405322129598661e-05, 
                    6.405315733278819e-05, 
                    6.405185843298142e-05, 
                    6.405220322730285e-05, 
                    6.405418878650572e-05, 
                    6.405275556806015e-05, 
                    6.40540161784901e-05, 
                    6.405488519802718e-05, 
                    6.405663217919401e-05, 
                    6.405815676408434e-05, 
                    6.405847803857598e-05, 
                    6.405670356734853e-05, 
                    6.405022874106426e-05, 
                    6.403637648979799e-05, 
                    6.401601979563061e-05, 
                    6.400049660462875e-05, 
                    6.400393838426418e-05, 
                    6.401832140210713e-05, 
                    6.40229513065438e-05, 
                    6.402219183490508e-05, 
                    6.402726931920069e-05, 
                    6.403310479765836e-05, 
                    6.404057398751373e-05, 
                    6.404489352490036e-05, 
                    6.40459532948542e-05, 
                    6.404617736651688e-05, 
                    6.40424881769669e-05, 
                    6.403811836905528e-05, 
                    6.40360611263469e-05, 
                    6.404321968884311e-05, 
                    6.405095399993367e-05, 
                    6.405011961354423e-05, 
                    6.40500005925777e-05
                ]
            ], 
            "Flow Outlet 1002": [
                0
            ], 
            "Flow Inlet": [
                [
                    -6.413054213594024e-05, 
                    -6.413054213594024e-05, 
                    -6.413054213594024e-05, 
                    -6.413054213594024e-05, 
                    -6.413054213594024e-05, 
                    -6.413054213594024e-05, 
                    -6.413054213594024e-05, 
                    -6.413054213594024e-05, 
                    -6.413054213594024e-05, 
                    -6.413054213594024e-05, 
                    -6.413054213594024e-05, 
                    -6.413054213594024e-05, 
                    -6.413054213594024e-05, 
                    -6.413054213594024e-05, 
                    -6.413054213594024e-05, 
                    -6.413054213594024e-05, 
                    -6.413054213594024e-05, 
                    -6.413054213594024e-05, 
                    -6.413054213594024e-05, 
                    -6.413054213594024e-05, 
                    -6.413054213594024e-05, 
                    -6.413054213594024e-05, 
                    -6.413054213594024e-05, 
                    -6.413054213594024e-05, 
                    -6.413054213594024e-05, 
                    -6.413054213594024e-05, 
                    -6.413054213594024e-05, 
                    -6.413054213594024e-05, 
                    -6.413054213594024e-05, 
                    -6.413054213594024e-05, 
                    -6.413054213594024e-05, 
                    -6.413054213594024e-05, 
                    -6.413054213594024e-05, 
                    -6.413054213594024e-05, 
                    -6.413054213594024e-05, 
                    -6.413054213594024e-05, 
                    -6.413054213594024e-05, 
                    -6.413054213594024e-05, 
                    -6.413054213594024e-05
                ]
            ]
        }
    ], 
    "Fluid Characteristic": [
        {
            "blood_kinematic_viscosity": 3.3333333333333333e-06, 
            "blood_density": 1050.0, 
            "blood_dynamic_viscosity": 0.0035
        }
    ], 
    "Pressures": [
        {
            "Pressure Inlet": [
                [
                    1976.734313878583, 
                    -839.1779659479313, 
                    223.48267608174473, 
                    -21.63635193508047, 
                    40.07346755508609, 
                    31.514407113385683, 
                    42.13460553297613, 
                    46.30339033125587, 
                    43.88622002780427, 
                    34.59870039677488, 
                    29.798472200668865, 
                    29.37575637249262, 
                    29.348156894262512, 
                    29.68291624480366, 
                    33.08563560568415, 
                    37.135603176551, 
                    39.57710020842057, 
                    41.81873162919859, 
                    43.781787186658754, 
                    43.46763447135532, 
                    40.998915323222754, 
                    37.932819087886664, 
                    34.09722916433186, 
                    32.75349368559969, 
                    35.18798256304278, 
                    31.785778942363237, 
                    33.86185377668602, 
                    32.52184489522878, 
                    32.23916630394869, 
                    35.11456482619711, 
                    38.61976132155185, 
                    40.798270923209415, 
                    42.142993183927956, 
                    40.548089734370286, 
                    36.09074628157193, 
                    34.99626938062844, 
                    35.668544201554205, 
                    35.54558315002486, 
                    34.89620349528827
                ]
            ], 
            "Pressure Outlet 1001": [
                [
                    0.0, 
                    0.0, 
                    0.0, 
                    0.0, 
                    0.0, 
                    0.0, 
                    0.0, 
                    0.0, 
                    0.0, 
                    0.0, 
                    0.0, 
                    0.0, 
                    0.0, 
                    0.0, 
                    0.0, 
                    0.0, 
                    0.0, 
                    0.0, 
                    0.0, 
                    0.0, 
                    0.0, 
                    0.0, 
                    0.0, 
                    0.0, 
                    0.0, 
                    0.0, 
                    0.0, 
                    0.0, 
                    0.0, 
                    0.0, 
                    0.0, 
                    0.0, 
                    0.0, 
                    0.0, 
                    0.0, 
                    0.0, 
                    0.0, 
                    0.0, 
                    0.0
                ]
            ], 
            "Pressure Outlet 1002": [
                0
            ]
        }
    ],