{
    "Fluid Characteristic": [
        {
            "blood_density": 1050.0, 
            "blood_kinematic_viscosity": 3.3333333333333333e-06, 
            "blood_dynamic_viscosity": 0.0035
        }
    ], 
    "Simulations_Parameters": [
        {
            "Dt": 0.05, 
            "SolverType(1:AMGCGL,2:AMGCL_NS_Solver,3:BICGSTABSolver)": 1, 
            "AutomaticDeltaTime": true, 
            "Time_vector": [
                0, 
                7.0
            ], 
            "Config_conditions(1:V-P-P),(2:V-V-P)": 1
        }
    ], 
    "Time": [
        {
            "Time": [
                0.05, 
                0.16124607658625334, 
                0.29014961508313064, 
                0.43363685603378843, 
                0.5920980452149205, 
                0.7702600664518259, 
                0.9767743231945543, 
                1.2223811149684647, 
                1.517381748296929, 
                1.527381748296929, 
                1.5323817482969289, 
                1.7098227485372988, 
                1.8876213701217663, 
                2.0654555460404644, 
                2.2432422196885335, 
                2.420974082594758, 
                2.598655486852114, 
                2.8118305722711754, 
                3.0676062333900633, 
                3.3600902748269803, 
                3.6848438478176035, 
                4.065601933499479, 
                4.595899680307173, 
                5.232285857081487, 
                5.995986255229148, 
                6.005986255229148, 
                6.010986255229148, 
                6.392905877416646, 
                6.774825499604144, 
                7.156745121791642
            ]
        }
    ], 
    "Pressures": [
        {
            "Pressure Outlet 1001": [
                [
                    0.0, 
                    0.0, 
                    0.0, 
                    0.0, 
                    0.0, 
                    0.0, 
                    0.0, 
                    0.0, 
                    0.0, 
                    0.0, 
                    0.0, 
                    0.0, 
                    0.0, 
                    0.0, 
                    0.0, 
                    0.0, 
                    0.0, 
                    0.0, 
                    0.0, 
                    0.0, 
                    0.0, 
                    0.0, 
                    0.0, 
                    0.0, 
                    0.0, 
                    0.0, 
                    0.0, 
                    0.0, 
                    0.0, 
                    0.0
                ]
            ], 
            "Pressure Outlet 1002": [
                0
            ], 
            "Pressure Inlet": [
                [
                    1790.6304393994033, 
                    -770.1031006419869, 
                    209.03058844830773, 
                    -15.908220277172054, 
                    48.11925874851372, 
                    47.776978936100555, 
                    61.139269788808, 
                    62.240075406264545, 
                    57.09085660791444, 
                    55.52575623155972, 
                    51.489169814760984, 
                    48.55873267186746, 
                    36.169818148996725, 
                    25.280638565864553, 
                    27.070910881468592, 
                    35.887755315583284, 
                    42.57393119958315, 
                    49.67803212069899, 
                    56.83882829358719, 
                    56.815389237134404, 
                    55.41150049677173, 
                    52.77829350720599, 
                    54.767202336342635, 
                    57.78716897753884, 
                    56.04605986603421, 
                    59.1114814575945, 
                    51.603709738379564, 
                    53.20508706733988, 
                    49.25139813559849, 
                    49.30085083157266
                ]
            ]
        }
    ], 
    "name": [
        "I:/PROYECTOS/ESTUDIANTES/Sergio/V1/GID\\Modelo_26_170.gid\\Modelo_26_170.json"
    ], 
    "Hemodynamic Parameters_1001_AB": [
        {
            "A": -255863442.10764745, 
            "B": 3972292963627.23
        }
    ], 
    "Flow": [
        {
            "Flow Outlet 1001": [
                [
                    6.065414323367409e-05, 
                    6.447765280968124e-05, 
                    6.415652563796919e-05, 
                    6.423839318699704e-05, 
                    6.422023970759766e-05, 
                    6.422757602073153e-05, 
                    6.42256233645969e-05, 
                    6.422533143703942e-05, 
                    6.422495948366316e-05, 
                    6.42246276302136e-05, 
                    6.422249346189221e-05, 
                    6.422576854145148e-05, 
                    6.422534666517705e-05, 
                    6.422571728656897e-05, 
                    6.422675091137246e-05, 
                    6.422836336843931e-05, 
                    6.422918747628119e-05, 
                    6.42268517975512e-05, 
                    6.422393903462336e-05, 
                    6.422093834156931e-05, 
                    6.42081561946504e-05, 
                    6.418732776486057e-05, 
                    6.418270932775528e-05, 
                    6.419529600305069e-05, 
                    6.419914684835822e-05, 
                    6.420484320933623e-05, 
                    6.420402427700822e-05, 
                    6.419922859374963e-05, 
                    6.420563176071548e-05, 
                    6.421989060615664e-05
                ]
            ], 
            "Flow Outlet 1002": [
                0
            ], 
            "Flow Inlet": [
                [
                    -6.428668541500462e-05, 
                    -6.428668541500462e-05, 
                    -6.428668541500462e-05, 
                    -6.428668541500462e-05, 
                    -6.428668541500462e-05, 
                    -6.428668541500462e-05, 
                    -6.428668541500462e-05, 
                    -6.428668541500462e-05, 
                    -6.428668541500462e-05, 
                    -6.428668541500462e-05, 
                    -6.428668541500462e-05, 
                    -6.428668541500462e-05, 
                    -6.428668541500462e-05, 
                    -6.428668541500462e-05, 
                    -6.428668541500462e-05, 
                    -6.428668541500462e-05, 
                    -6.428668541500462e-05, 
                    -6.428668541500462e-05, 
                    -6.428668541500462e-05, 
                    -6.428668541500462e-05, 
                    -6.428668541500462e-05, 
                    -6.428668541500462e-05, 
                    -6.428668541500462e-05, 
                    -6.428668541500462e-05, 
                    -6.428668541500462e-05, 
                    -6.428668541500462e-05, 
                    -6.428668541500462e-05, 
                    -6.428668541500462e-05, 
                    -6.428668541500462e-05, 
                    -6.428668541500462e-05
                ]
            ]
        }
    ], 
    "Inlet": [
        {
            "Reynolds(mean)": -1230.0774811282645, 
            "Flow_inlet(peak)": -6.428668541500462e-05, 
            "Centroid": [
                -0.00010319409110340905, 
                -2.6215637677039877e-05, 
                -0.031420356708522716
            ], 
            "Flow_inlet(mean)": -6.428668541500462e-05, 
            "Total_area_inlet": 0.00031298876267923, 
            "Center Node": 189036, 
            "Parabolic": true, 
            "Reynolds(peak)": -1230.0774811282645, 
            "Diameter": 0.01996268363257169
        }
    ], 
    "Outlet 1001": [
        {
            "Reynolds(mean)": 1226.5984671913147,