{
    "Bifurcation: ": [
        false
    ], 
    "Outlet 1001": [
        {
            "Reynolds(peak)": 1225.844406201419, 
            "Diameter": 0.019962587721366793, 
            "Center Node": 477, 
            "Total_area_outlet": 0.0003129857551620257, 
            "Flow_outlet(peak)": 6.406514735485856e-05, 
            "Flow_outlet(mean)": 6.385241825537232e-05, 
            "Centroid": [
                4.094311052793287e-05, 
                8.761835146427065e-05, 
                0.26997999999999905
            ], 
            "Reynolds(mean)": 1221.7739749699565
        }
    ], 
    "Flow": [
        {
            "Flow Inlet": [
                [
                    -6.400167704542265e-05, 
                    -6.400167704542265e-05, 
                    -6.400167704542265e-05, 
                    -6.400167704542265e-05, 
                    -6.400167704542265e-05, 
                    -6.400167704542265e-05, 
                    -6.400167704542265e-05, 
                    -6.400167704542265e-05, 
                    -6.400167704542265e-05, 
                    -6.400167704542265e-05, 
                    -6.400167704542265e-05, 
                    -6.400167704542265e-05, 
                    -6.400167704542265e-05, 
                    -6.400167704542265e-05, 
                    -6.400167704542265e-05, 
                    -6.400167704542265e-05, 
                    -6.400167704542265e-05, 
                    -6.400167704542265e-05, 
                    -6.400167704542265e-05, 
                    -6.400167704542265e-05, 
                    -6.400167704542265e-05, 
                    -6.400167704542265e-05, 
                    -6.400167704542265e-05, 
                    -6.400167704542265e-05, 
                    -6.400167704542265e-05, 
                    -6.400167704542265e-05, 
                    -6.400167704542265e-05, 
                    -6.400167704542265e-05, 
                    -6.400167704542265e-05, 
                    -6.400167704542265e-05, 
                    -6.400167704542265e-05, 
                    -6.400167704542265e-05, 
                    -6.400167704542265e-05, 
                    -6.400167704542265e-05, 
                    -6.400167704542265e-05, 
                    -6.400167704542265e-05, 
                    -6.400167704542265e-05, 
                    -6.400167704542265e-05, 
                    -6.400167704542265e-05, 
                    -6.400167704542265e-05, 
                    -6.400167704542265e-05, 
                    -6.400167704542265e-05, 
                    -6.400167704542265e-05, 
                    -6.400167704542265e-05, 
                    -6.400167704542265e-05, 
                    -6.400167704542265e-05, 
                    -6.400167704542265e-05, 
                    -6.400167704542265e-05, 
                    -6.400167704542265e-05
                ]
            ], 
            "Flow Outlet 1002": [
                0
            ], 
            "Flow Outlet 1001": [
                [
                    6.034305670106581e-05, 
                    6.406514735485856e-05, 
                    6.384952370637418e-05, 
                    6.393754678790426e-05, 
                    6.392497157871412e-05, 
                    6.39347439917635e-05, 
                    6.393625196968143e-05, 
                    6.393727674589612e-05, 
                    6.393626556497061e-05, 
                    6.39356126783465e-05, 
                    6.393628058650293e-05, 
                    6.393412919747031e-05, 
                    6.39365013441656e-05, 
                    6.393686428760578e-05, 
                    6.393826954074237e-05, 
                    6.394009259803735e-05, 
                    6.394135537894584e-05, 
                    6.394056892744899e-05, 
                    6.393717302806365e-05, 
                    6.393103288678723e-05, 
                    6.39192690732237e-05, 
                    6.390018340742229e-05, 
                    6.387995106081818e-05, 
                    6.38685987305461e-05, 
                    6.38725960283596e-05, 
                    6.388683605557581e-05, 
                    6.389380471077549e-05, 
                    6.389734528652295e-05, 
                    6.390517503882713e-05, 
                    6.391934915322713e-05, 
                    6.392909788405664e-05, 
                    6.39325920693453e-05, 
                    6.393680142727318e-05, 
                    6.393698864390241e-05, 
                    6.39349381119389e-05, 
                    6.393941165324609e-05, 
                    6.394134567838743e-05, 
                    6.39398390438972e-05, 
                    6.393557333896207e-05, 
                    6.39242824472099e-05, 
                    6.391022142683377e-05, 
                    6.391025697167785e-05, 
                    6.392272810718787e-05, 
                    6.392684912986329e-05, 
                    6.391930491045708e-05, 
                    6.392023029563815e-05, 
                    6.392784120462897e-05, 
                    6.392998040981134e-05, 
                    6.393443835828298e-05
                ]
            ]
        }
    ], 
    "Hemodynamic Parameters_1001_ABC": [
        {
            "C": 6111018.112423904, 
            "B": -2338453826986.242, 
            "A": 150117245.86907235
        }
    ], 
    "Hemodynamic Parameters_1001_AB": [
        {
            "B": 2258159864543.499, 
            "A": -144983689.92602333
        }
    ], 
    "name": [
        "I:/PROYECTOS/ESTUDIANTES/Sergio/V1/GID\\Modelo_15_170.gid\\Modelo_15_170.json"
    ], 
    "Inlet": [
        {
            "Reynolds(peak)": -1224.624059862373, 
            "Diameter": 0.01996268363257169, 
            "Parabolic": true, 
            "Center Node": 102802, 
            "Total_area_inlet": 0.00031298876267923, 
            "Centroid": [
                -0.00010319409110340913, 
                -2.6215637677038762e-05, 
                -0.031420356708522716
            ], 
            "Flow_inlet(mean)": -6.400167704542265e-05, 
            "Reynolds(mean)": -1224.624059862373, 
            "Flow_inlet(peak)": -6.400167704542265e-05
        }
    ],