{
    "name": [
        "I:/PROYECTOS/ESTUDIANTES/Sergio/V1/GID\\Modelo_11_120.gid\\Modelo_11_120.json"
    ], 
    "Inlet": [
        {
            "Centroid": [
                3.441915867130887e-05, 
                6.538258523934007e-05, 
                -0.03142035670497381
            ], 
            "Flow_inlet(peak)": -6.38233274856544e-05, 
            "Parabolic": true, 
            "Center Node": 308599, 
            "Total_area_inlet": 0.0003136218019297123, 
            "Diameter": 0.019982861320051996, 
            "Reynolds(peak)": -1219.9783570045872, 
            "Flow_inlet(mean)": -6.38233274856544e-05, 
            "Reynolds(mean)": -1219.9783570045872
        }
    ], 
    "Outlet 1001": [
        {
            "Centroid": [
                -7.402193373611097e-05, 
                -1.974208445405407e-05, 
                0.25
            ], 
            "Total_area_outlet": 0.0003136215003790799, 
            "Center Node": 1637, 
            "Diameter": 0.019982851713184938, 
            "Reynolds(peak)": 1220.7105861781015, 
            "Flow_outlet(mean)": 6.376908904953441e-05, 
            "Flow_outlet(peak)": 6.386160344892098e-05, 
            "Reynolds(mean)": 1218.9421791759905
        }
    ], 
    "Simulations_Parameters": [
        {
            "Dt": 0.1, 
            "SolverType(1:AMGCGL,2:AMGCL_NS_Solver,3:BICGSTABSolver)": 1, 
            "Config_conditions(1:V-P-P),(2:V-V-P)": 1, 
            "Time_vector": [
                0, 
                7.0
            ], 
            "AutomaticDeltaTime": false
        }
    ], 
    "Pressures": [
        {
            "Pressure Inlet": [
                [
                    937.2061517001587, 
                    -383.38342029212714, 
                    140.38347015918936, 
                    28.725693103627396, 
                    77.83891683556891, 
                    91.5178817485117, 
                    109.93726851586803, 
                    117.86408223694164, 
                    119.93997039401854, 
                    120.46776519072262, 
                    122.97469160612812, 
                    123.67231612699524, 
                    118.1969184135082, 
                    110.79699269221847, 
                    109.92813275984113, 
                    113.62661087003211, 
                    118.26444945418898, 
                    121.51694287644236, 
                    120.56410092110863, 
                    114.35586767158387, 
                    107.7266601600742, 
                    104.55467117001507, 
                    107.37107000306001, 
                    113.89163296809531, 
                    119.06454336847533, 
                    118.58614422605687, 
                    113.4770447319101, 
                    110.9775934744764, 
                    113.79774485467964, 
                    117.3914479100906, 
                    116.9642890175822, 
                    115.8487668294688, 
                    118.04430771104424, 
                    120.82275878141961, 
                    121.63641916869796, 
                    121.43484029761944, 
                    121.9833221101658, 
                    123.66874224494369, 
                    123.2545049057557, 
                    119.49212087238675, 
                    114.96499233498486, 
                    111.35830355729279, 
                    111.26416271654608, 
                    117.25955091120547, 
                    125.85832528821024, 
                    129.36543175342575, 
                    122.87411995782476, 
                    112.24381670664448, 
                    107.45465006781885, 
                    112.70272817571065, 
                    122.76559987123284, 
                    128.36998259590888, 
                    127.6136887183867, 
                    124.12762717091022, 
                    119.47089464025238, 
                    113.95139986898985, 
                    109.09026619240474, 
                    110.67076165605818, 
                    116.71662765341777, 
                    119.75747963968412, 
                    119.02207414028905, 
                    115.91580324814339, 
                    113.80761347583206, 
                    118.20481614721773, 
                    126.59895467414121, 
                    128.9220283740368, 
                    122.2454415571787, 
                    110.92112602833397, 
                    104.92621891628718, 
                    110.96280133057857, 
                    123.78032467782894
                ]
            ], 
            "Pressure Outlet 1001": [
                [
                    0.0, 
                    0.0, 
                    0.0, 
                    0.0, 
                    0.0, 
                    0.0, 
                    0.0, 
                    0.0, 
                    0.0, 
                    0.0, 
                    0.0, 
                    0.0, 
                    0.0, 
                    0.0, 
                    0.0, 
                    0.0, 
                    0.0, 
                    0.0, 
                    0.0, 
                    0.0, 
                    0.0, 
                    0.0, 
                    0.0, 
                    0.0, 
                    0.0, 
                    0.0, 
                    0.0, 
                    0.0, 
                    0.0, 
                    0.0, 
                    0.0, 
                    0.0, 
                    0.0, 
                    0.0, 
                    0.0, 
                    0.0, 
                    0.0, 
                    0.0, 
                    0.0, 
                    0.0, 
                    0.0, 
                    0.0, 
                    0.0, 
                    0.0, 
                    0.0, 
                    0.0, 
                    0.0, 
                    0.0, 
                    0.0, 
                    0.0, 
                    0.0, 
                    0.0, 
                    0.0, 
                    0.0, 
                    0.0, 
                    0.0, 
                    0.0, 
                    0.0, 
                    0.0, 
                    0.0, 
                    0.0, 
                    0.0, 
                    0.0, 
                    0.0, 
                    0.0, 
                    0.0, 
                    0.0, 
                    0.0, 
                    0.0, 
                    0.0, 
                    0.0
                ]
            ], 
            "Pressure Outlet 1002": [
                0
            ]
        }
    ], 
    "Fluid Characteristic": [
        {
            "blood_dynamic_viscosity": 0.0035, 
            "blood_density": 1050.0, 
            "blood_kinematic_viscosity": 3.3333333333333333e-06
        }
    ],