{
    "Bifurcation: ": [
        false
    ], 
    "Fluid Characteristic": [
        {
            "blood_dynamic_viscosity": 0.0035, 
            "blood_kinematic_viscosity": 3.3333333333333333e-06, 
            "blood_density": 1050.0
        }
    ], 
    "Time": [
        {
            "Time": [
                0.05, 
                0.15619369970128844, 
                0.2692775351498143, 
                0.3980043187060416, 
                0.5467326080103696, 
                0.7205219695378746, 
                0.9207654246597712, 
                1.1588613733574393, 
                1.4451227256442047, 
                1.4551227256442045, 
                1.4601227256442044, 
                1.6296852124614831, 
                1.8010798089111786, 
                1.9721629034354689, 
                2.142941113617217, 
                2.3134489080465492, 
                2.4771185462033056, 
                2.646316583136318, 
                2.816318394955647, 
                2.986281443381602, 
                3.1562358771524788, 
                3.3295325571739975, 
                3.5079848208011097, 
                3.6843750659584455, 
                3.85469639460325, 
                4.025317864228968, 
                4.19630653376003, 
                4.367133687573945, 
                4.53806142616822, 
                4.710223620572459, 
                4.882647404886641, 
                5.055204125916119, 
                5.227778501717133, 
                5.400295859937584, 
                5.572723152150453, 
                5.745053692128981, 
                5.9040028635507, 
                6.050651488465233, 
                6.201606126409476, 
                6.362112193934065, 
                6.534006742090855, 
                6.7058063424583665, 
                6.868375784947304, 
                7.038649347150251
            ]
        }
    ], 
    "Inlet": [
        {
            "Total_area_inlet": 0.00031298585873626835, 
            "Diameter": 0.019962591024408064, 
            "Reynolds(peak)": -1228.5526017846746, 
            "Center Node": 77817, 
            "Flow_inlet(mean)": -6.420669384418499e-05, 
            "Reynolds(mean)": -1228.5526017846746, 
            "Flow_inlet(peak)": -6.420669384418499e-05, 
            "Parabolic": true, 
            "Centroid": [
                -2.4738250399447585e-05, 
                0.00011154870241215391, 
                -2.5835391764088393e-16
            ]
        }
    ], 
    "name": [
        "I:/PROYECTOS/ESTUDIANTES/Sergio/V1/GID/0\\Modelo_8.gid\\Modelo_8.json"
    ], 
    "Flow": [
        {
            "Flow Inlet": [
                [
                    -6.420669384418499e-05, 
                    -6.420669384418499e-05, 
                    -6.420669384418499e-05, 
                    -6.420669384418499e-05, 
                    -6.420669384418499e-05, 
                    -6.420669384418499e-05, 
                    -6.420669384418499e-05, 
                    -6.420669384418499e-05, 
                    -6.420669384418499e-05, 
                    -6.420669384418499e-05, 
                    -6.420669384418499e-05, 
                    -6.420669384418499e-05, 
                    -6.420669384418499e-05, 
                    -6.420669384418499e-05, 
                    -6.420669384418499e-05, 
                    -6.420669384418499e-05, 
                    -6.420669384418499e-05, 
                    -6.420669384418499e-05, 
                    -6.420669384418499e-05, 
                    -6.420669384418499e-05, 
                    -6.420669384418499e-05, 
                    -6.420669384418499e-05, 
                    -6.420669384418499e-05, 
                    -6.420669384418499e-05, 
                    -6.420669384418499e-05, 
                    -6.420669384418499e-05, 
                    -6.420669384418499e-05, 
                    -6.420669384418499e-05, 
                    -6.420669384418499e-05, 
                    -6.420669384418499e-05, 
                    -6.420669384418499e-05, 
                    -6.420669384418499e-05, 
                    -6.420669384418499e-05, 
                    -6.420669384418499e-05, 
                    -6.420669384418499e-05, 
                    -6.420669384418499e-05, 
                    -6.420669384418499e-05, 
                    -6.420669384418499e-05, 
                    -6.420669384418499e-05, 
                    -6.420669384418499e-05, 
                    -6.420669384418499e-05, 
                    -6.420669384418499e-05, 
                    -6.420669384418499e-05, 
                    -6.420669384418499e-05
                ]
            ], 
            "Flow Outlet 1001": [
                [
                    6.024558979096704e-05, 
                    6.442027951140104e-05, 
                    6.410839395316804e-05, 
                    6.417895540069106e-05, 
                    6.415435785535374e-05, 
                    6.415975740372982e-05, 
                    6.415744639854808e-05, 
                    6.415722928602088e-05, 
                    6.41569625065802e-05, 
                    6.415838803185032e-05, 
                    6.41559989493349e-05, 
                    6.415775906183615e-05, 
                    6.415752609339082e-05, 
                    6.415786421957914e-05, 
                    6.415830595777197e-05, 
                    6.415855211647376e-05, 
                    6.415802501110052e-05, 
                    6.41569897909951e-05, 
                    6.415796248502571e-05, 
                    6.415962903748925e-05, 
                    6.415869984617298e-05, 
                    6.416233945975966e-05, 
                    6.416710819599917e-05, 
                    6.416757794758531e-05, 
                    6.417401739765439e-05, 
                    6.417721697278795e-05, 
                    6.417069392678545e-05, 
                    6.415801830951393e-05, 
                    6.41501561064461e-05, 
                    6.415195727238804e-05, 
                    6.415589331500206e-05, 
                    6.415710153795997e-05, 
                    6.415538019765133e-05, 
                    6.415372621834732e-05, 
                    6.415792867796205e-05, 
                    6.41634457281383e-05, 
                    6.416416842921649e-05, 
                    6.41636824643409e-05, 
                    6.416236381518505e-05, 
                    6.41609371118305e-05, 
                    6.416146804281926e-05, 
                    6.416309477269614e-05, 
                    6.41654578697414e-05, 
                    6.416715698921454e-05
                ]
            ], 
            "Flow Outlet 1002": [
                0
            ]
        }
    ], 
    "Hemodynamic Parameters_1001_ABC": [
        {
            "B": -3456187338311.413, 
            "C": 9166840.125698674, 
            "A": 222225203.01958787
        }
    ], 
    "Simulations_Parameters": [
        {
            "Dt": 0.05, 
            "AutomaticDeltaTime": true, 
            "Config_conditions(1:V-P-P),(2:V-V-P)": 1, 
            "Time_vector": [
                0, 
                7.0
            ], 
            "SolverType(1:AMGCGL,2:AMGCL_NS_Solver,3:BICGSTABSolver)": 1
        }
    ], 
    "Hemodynamic Parameters_1001_AB": [
        {
            "B": 3043557686533.081, 
            "A": -195749483.53305086
        }
    ],