{
    "Simulations_Parameters": [
        {
            "AutomaticDeltaTime": true, 
            "SolverType(1:AMGCGL,2:AMGCL_NS_Solver,3:BICGSTABSolver)": 1, 
            "Time_vector": [
                0, 
                7.0
            ], 
            "Config_conditions(1:V-P-P),(2:V-V-P)": 1, 
            "Dt": 0.05
        }
    ], 
    "Outlet 1001": [
        {
            "Center Node": 558, 
            "Diameter": 0.019962588749112914, 
            "Reynolds(peak)": 1227.6741501206864, 
            "Flow_outlet(peak)": 6.416077683479949e-05, 
            "Flow_outlet(mean)": 6.384468379130002e-05, 
            "Reynolds(mean)": 1221.625918199548, 
            "Total_area_outlet": 0.0003129857873893009, 
            "Centroid": [
                6.21537971707866e-05, 
                5.614083298509741e-05, 
                0.25
            ]
        }
    ], 
    "name": [
        "I:/PROYECTOS/ESTUDIANTES/Sergio/V1/GID\\Modelo_12_145.gid\\Modelo_12_145.json"
    ], 
    "Time": [
        {
            "Time": [
                0.05, 
                0.13363353874320796, 
                0.2312855128053581, 
                0.34228191465336444, 
                0.4713814523490001, 
                0.6251296066116558, 
                0.7957684629015203, 
                0.9788347062932, 
                1.1840236600713456, 
                1.4274080326418799, 
                1.7181169484661283, 
                2.016275110380278, 
                2.375457809532418, 
                2.8362773719816023, 
                3.400905117683215, 
                4.095800508647077, 
                4.947673460455006, 
                5.947673460455006, 
                6.947673460455006, 
                7.947673460455006
            ]
        }
    ], 
    "Flow": [
        {
            "Flow Outlet 1002": [
                0
            ], 
            "Flow Outlet 1001": [
                [
                    6.0280183718739514e-05, 
                    6.416077683479949e-05, 
                    6.396277153721508e-05, 
                    6.40445729195738e-05, 
                    6.403418182227739e-05, 
                    6.404590169737356e-05, 
                    6.404653298319053e-05, 
                    6.404635761944478e-05, 
                    6.404519813729558e-05, 
                    6.404482703739076e-05, 
                    6.404384427719748e-05, 
                    6.40337758329898e-05, 
                    6.399611857260814e-05, 
                    6.396979717649673e-05, 
                    6.399965294946707e-05, 
                    6.402392837968355e-05, 
                    6.402505286230516e-05, 
                    6.401655594166828e-05, 
                    6.402706604213413e-05, 
                    6.404657948414959e-05
                ]
            ], 
            "Flow Inlet": [
                [
                    -6.411329497018371e-05, 
                    -6.411329497018371e-05, 
                    -6.411329497018371e-05, 
                    -6.411329497018371e-05, 
                    -6.411329497018371e-05, 
                    -6.411329497018371e-05, 
                    -6.411329497018371e-05, 
                    -6.411329497018371e-05, 
                    -6.411329497018371e-05, 
                    -6.411329497018371e-05, 
                    -6.411329497018371e-05, 
                    -6.411329497018371e-05, 
                    -6.411329497018371e-05, 
                    -6.411329497018371e-05, 
                    -6.411329497018371e-05, 
                    -6.411329497018371e-05, 
                    -6.411329497018371e-05, 
                    -6.411329497018371e-05, 
                    -6.411329497018371e-05, 
                    -6.411329497018371e-05
                ]
            ]
        }
    ], 
    "Bifurcation: ": [
        false
    ], 
    "Inlet": [
        {
            "Center Node": 91073, 
            "Parabolic": true, 
            "Diameter": 0.01996268363257169, 
            "Total_area_inlet": 0.00031298876267923, 
            "Reynolds(peak)": -1226.7597850884056, 
            "Flow_inlet(peak)": -6.411329497018371e-05, 
            "Reynolds(mean)": -1226.7597850884056, 
            "Flow_inlet(mean)": -6.411329497018371e-05, 
            "Centroid": [
                -0.00010319409110340913, 
                -2.6215637677038762e-05, 
                -0.031420356708522716
            ]
        }
    ], 
    "Pressures": [
        {
            "Pressure Outlet 1002": [
                0
            ], 
            "Pressure Inlet": [
                [
                    1785.6717189570697, 
                    -744.4871871769636, 
                    207.59377771514625, 
                    -2.7227975583541246, 
                    61.129033522026674, 
                    66.01738356252854, 
                    84.24376945920412, 
                    89.37998267968204, 
                    87.92367182730783, 
                    89.86876766073286, 
                    96.50207534132812, 
                    94.20468972101426, 
                    83.2999037421416, 
                    74.24562554212511, 
                    87.96280842050149, 
                    87.2758145060872, 
                    79.66384443294372, 
                    82.32075649167555, 
                    92.88539437661004, 
                    82.76336341974718
                ]
            ], 
            "Pressure Outlet 1001": [
                [
                    0.0, 
                    0.0, 
                    0.0, 
                    0.0, 
                    0.0, 
                    0.0, 
                    0.0, 
                    0.0, 
                    0.0, 
                    0.0, 
                    0.0, 
                    0.0, 
                    0.0, 
                    0.0, 
                    0.0, 
                    0.0, 
                    0.0, 
                    0.0, 
                    0.0, 
                    0.0
                ]
            ]
        }
    ], 
    "Hemodynamic Parameters_1001_ABC": [
        {
            "B": 1855264846841.6357, 
            "C": -29267447.388311833, 
            "A": -117463165.58202897
        }
    ], 
    "Hemodynamic Parameters_1001_AB": [
        {
            "B": -1062229901398.7365, 
            "A": 66704570.262635544
        }
    ], 
    "Fluid Characteristic": [
        {
            "blood_kinematic_viscosity": 3.3333333333333333e-06, 
            "blood_dynamic_viscosity": 0.0035, 
            "blood_density": 1050.0
        }
    ]
}