{
    "name": [
        "I:/PROYECTOS/ESTUDIANTES/Sergio/V1/GID\\Modelo_13_170_I.gid\\Modelo_13_170_I.json"
    ], 
    "Pressures": [
        {
            "Pressure Inlet": [
                [
                    1832.0408715582325, 
                    -784.195054158564, 
                    211.71532639718544, 
                    -17.07459785327578, 
                    44.61119538141464, 
                    40.079557401394055, 
                    50.65294652410218, 
                    51.9150188319122, 
                    46.61534395663999, 
                    36.84724175648652, 
                    42.131489054227785, 
                    53.350579722003594, 
                    60.21115236315357, 
                    56.8892578247476, 
                    49.09998209372831, 
                    46.582962676977935, 
                    42.761957743815955, 
                    33.98963317697219, 
                    39.178957538495254, 
                    36.02936860174496, 
                    35.38133434767895, 
                    27.36810843143681, 
                    26.299690700884483, 
                    29.89525107681603, 
                    31.72500290295345, 
                    32.46880375774186, 
                    32.88827868433051, 
                    31.34587014999833, 
                    28.93558439371879, 
                    26.354300724510637
                ]
            ], 
            "Pressure Outlet 1001": [
                [
                    0.0, 
                    0.0, 
                    0.0, 
                    0.0, 
                    0.0, 
                    0.0, 
                    0.0, 
                    0.0, 
                    0.0, 
                    0.0, 
                    0.0, 
                    0.0, 
                    0.0, 
                    0.0, 
                    0.0, 
                    0.0, 
                    0.0, 
                    0.0, 
                    0.0, 
                    0.0, 
                    0.0, 
                    0.0, 
                    0.0, 
                    0.0, 
                    0.0, 
                    0.0, 
                    0.0, 
                    0.0, 
                    0.0, 
                    0.0
                ]
            ], 
            "Pressure Outlet 1002": [
                0
            ]
        }
    ], 
    "Inlet": [
        {
            "Centroid": [
                -0.00010319409110340905, 
                -2.6215637677039877e-05, 
                -0.031420356708522716
            ], 
            "Flow_inlet(peak)": -6.414209439027023e-05, 
            "Parabolic": true, 
            "Center Node": 102658, 
            "Total_area_inlet": 0.00031298876267923, 
            "Diameter": 0.01996268363257169, 
            "Reynolds(peak)": -1227.3108403790818, 
            "Flow_inlet(mean)": -6.414209439027023e-05, 
            "Reynolds(mean)": -1227.3108403790818
        }
    ], 
    "Outlet 1001": [
        {
            "Centroid": [
                4.299313914413405e-05, 
                0.00010351568533516503, 
                0.26997999999999905
            ], 
            "Center Node": 552, 
            "Diameter": 0.01996258772166448, 
            "Reynolds(peak)": 1228.3764998685197, 
            "Flow_outlet(mean)": 6.393123153562399e-05, 
            "Flow_outlet(peak)": 6.419747977343632e-05, 
            "Total_area_outlet": 0.00031298575517136034, 
            "Reynolds(mean)": 1223.2820151688975
        }
    ], 
    "Simulations_Parameters": [
        {
            "SolverType(1:AMGCGL,2:AMGCL_NS_Solver,3:BICGSTABSolver)": 1, 
            "Dt": 0.05, 
            "Config_conditions(1:V-P-P),(2:V-V-P)": 1, 
            "Time_vector": [
                0, 
                7.0
            ], 
            "AutomaticDeltaTime": true
        }
    ], 
    "Flow": [
        {
            "Flow Outlet 1001": [
                [
                    6.045585686940478e-05, 
                    6.419747977343632e-05, 
                    6.39820626876964e-05, 
                    6.407205522042073e-05, 
                    6.405863486863928e-05, 
                    6.406800517488141e-05, 
                    6.40669790654988e-05, 
                    6.406589276595522e-05, 
                    6.406410956656611e-05, 
                    6.40645108929185e-05, 
                    6.406793084682351e-05, 
                    6.406764845583925e-05, 
                    6.405078396210855e-05, 
                    6.400271169682668e-05, 
                    6.396001030954734e-05, 
                    6.400676314873661e-05, 
                    6.401897065081323e-05, 
                    6.402078482571684e-05, 
                    6.402240101422693e-05, 
                    6.402005654646506e-05, 
                    6.403081871119339e-05, 
                    6.403725942294257e-05, 
                    6.40492982745661e-05, 
                    6.406212828434545e-05, 
                    6.407388147273544e-05, 
                    6.40799021627487e-05, 
                    6.407356136616728e-05, 
                    6.406784055752515e-05, 
                    6.406330238124165e-05, 
                    6.406530509273244e-05
                ]
            ], 
            "Flow Inlet": [
                [
                    -6.414209439027023e-05, 
                    -6.414209439027023e-05, 
                    -6.414209439027023e-05, 
                    -6.414209439027023e-05, 
                    -6.414209439027023e-05, 
                    -6.414209439027023e-05, 
                    -6.414209439027023e-05, 
                    -6.414209439027023e-05, 
                    -6.414209439027023e-05, 
                    -6.414209439027023e-05, 
                    -6.414209439027023e-05, 
                    -6.414209439027023e-05, 
                    -6.414209439027023e-05, 
                    -6.414209439027023e-05, 
                    -6.414209439027023e-05, 
                    -6.414209439027023e-05, 
                    -6.414209439027023e-05, 
                    -6.414209439027023e-05, 
                    -6.414209439027023e-05, 
                    -6.414209439027023e-05, 
                    -6.414209439027023e-05, 
                    -6.414209439027023e-05, 
                    -6.414209439027023e-05, 
                    -6.414209439027023e-05, 
                    -6.414209439027023e-05, 
                    -6.414209439027023e-05, 
                    -6.414209439027023e-05, 
                    -6.414209439027023e-05, 
                    -6.414209439027023e-05, 
                    -6.414209439027023e-05
                ]
            ], 
            "Flow Outlet 1002": [
                0
            ]
        }
    ], 
    "Fluid Characteristic": [
        {
            "blood_dynamic_viscosity": 0.0035, 
            "blood_density": 1050.0, 
            "blood_kinematic_viscosity": 3.3333333333333333e-06
        }
    ],