{
    "Outlet 1001": [
        {
            "Centroid": [
                2.1132281722222204e-05, 
                0.00012032486198441406, 
                0.26997999999999905
            ], 
            "Center Node": 441, 
            "Reynolds(peak)": 1233.0198752364581, 
            "Flow_outlet(peak)": 6.444015210973968e-05, 
            "Total_area_outlet": 0.00031298575516202547, 
            "Diameter": 0.019962587721366786, 
            "Reynolds(mean)": 1227.4120918289514, 
            "Flow_outlet(mean)": 6.414707782680576e-05
        }
    ], 
    "Hemodynamic Parameters_1001_ABC": [
        {
            "A": -91730458.04452276, 
            "C": 354693.5182388723, 
            "B": 1449278062811.8145
        }
    ], 
    "Time": [
        {
            "Time": [
                0.05, 
                0.13015073978015718, 
                0.21990427707469976, 
                0.32549326053377803, 
                0.45386594621525833, 
                0.6112572502675586, 
                0.7611186434787329, 
                0.9259487663401065, 
                1.1061106366322073, 
                1.3428196241347825, 
                1.6650817605995818, 
                2.017358204106193, 
                2.428429362577785, 
                2.839500521049377, 
                3.250571679520969, 
                3.260571679520969, 
                3.265571679520969, 
                3.4957318990995483, 
                3.718608561027473, 
                3.9333347245974934, 
                4.140888409636522, 
                4.345248222120421, 
                4.552710652204892, 
                4.808268041926221, 
                5.116728641741112, 
                5.47633825950491, 
                5.908281542613812, 
                6.44337117391703, 
                6.45337117391703, 
                6.45837117391703, 
                6.725366450131514, 
                6.967539371043306, 
                7.227672496313803
            ]
        }
    ], 
    "Simulations_Parameters": [
        {
            "SolverType(1:AMGCGL,2:AMGCL_NS_Solver,3:BICGSTABSolver)": 1, 
            "Time_vector": [
                0, 
                7.0
            ], 
            "Config_conditions(1:V-P-P),(2:V-V-P)": 1, 
            "AutomaticDeltaTime": true, 
            "Dt": 0.05
        }
    ], 
    "Inlet": [
        {
            "Centroid": [
                -0.00010319409110340905, 
                -2.6215637677039877e-05, 
                -0.031420356708522716
            ], 
            "Parabolic": true, 
            "Center Node": 166157, 
            "Flow_inlet(peak)": -6.433014435668617e-05, 
            "Flow_inlet(mean)": -6.433014435668617e-05, 
            "Total_area_inlet": 0.00031298876267923, 
            "Reynolds(peak)": -1230.9090353633449, 
            "Diameter": 0.01996268363257169, 
            "Reynolds(mean)": -1230.9090353633449
        }
    ], 
    "Flow": [
        {
            "Flow Outlet 1002": [
                0
            ], 
            "Flow Outlet 1001": [
                [
                    6.063795188792446e-05, 
                    6.444015210973968e-05, 
                    6.419239809725919e-05, 
                    6.427335104115751e-05, 
                    6.425842186876906e-05, 
                    6.426795295165827e-05, 
                    6.426712213314312e-05, 
                    6.426704573983806e-05, 
                    6.42660051650943e-05, 
                    6.42652175303242e-05, 
                    6.42648958362615e-05, 
                    6.426548293162795e-05, 
                    6.426717872426981e-05, 
                    6.42695998467585e-05, 
                    6.426633928185521e-05, 
                    6.426624204341249e-05, 
                    6.426296058296674e-05, 
                    6.425953881681934e-05, 
                    6.425132562086703e-05, 
                    6.424496444456855e-05, 
                    6.42470454307715e-05, 
                    6.425432935605762e-05, 
                    6.425162897548123e-05, 
                    6.42339046189882e-05, 
                    6.422405147676851e-05, 
                    6.425047538329754e-05, 
                    6.426505578456915e-05, 
                    6.42477648900892e-05, 
                    6.424229923213859e-05, 
                    6.423278058267458e-05, 
                    6.421678425064207e-05, 
                    6.421400924370486e-05, 
                    6.421929240509213e-05
                ]
            ], 
            "Flow Inlet": [
                [
                    -6.433014435668617e-05, 
                    -6.433014435668617e-05, 
                    -6.433014435668617e-05, 
                    -6.433014435668617e-05, 
                    -6.433014435668617e-05, 
                    -6.433014435668617e-05, 
                    -6.433014435668617e-05, 
                    -6.433014435668617e-05, 
                    -6.433014435668617e-05, 
                    -6.433014435668617e-05, 
                    -6.433014435668617e-05, 
                    -6.433014435668617e-05, 
                    -6.433014435668617e-05, 
                    -6.433014435668617e-05, 
                    -6.433014435668617e-05, 
                    -6.433014435668617e-05, 
                    -6.433014435668617e-05, 
                    -6.433014435668617e-05, 
                    -6.433014435668617e-05, 
                    -6.433014435668617e-05, 
                    -6.433014435668617e-05, 
                    -6.433014435668617e-05, 
                    -6.433014435668617e-05, 
                    -6.433014435668617e-05, 
                    -6.433014435668617e-05, 
                    -6.433014435668617e-05, 
                    -6.433014435668617e-05, 
                    -6.433014435668617e-05, 
                    -6.433014435668617e-05, 
                    -6.433014435668617e-05, 
                    -6.433014435668617e-05, 
                    -6.433014435668617e-05, 
                    -6.433014435668617e-05
                ]
            ]
        }
    ], 
    "name": [
        "I:/PROYECTOS/ESTUDIANTES/Sergio/V1/GID\\Modelo_22_145_I.gid\\Modelo_22_145_I.json"
    ], 
    "Hemodynamic Parameters_1001_AB": [
        {
            "A": 95208274.84546186, 
            "B": -1503396233617.98
        }
    ], 
    "Bifurcation: ": [
        false
    ],