{
    "Inlet": [
        {
            "Center Node": 91126, 
            "Total_area_inlet": 0.00031298876267923, 
            "Centroid": [
                -0.00010319409110340905, 
                -2.6215637677039877e-05, 
                -0.031420356708522716
            ], 
            "Reynolds(mean)": -1229.0968548285118, 
            "Flow_inlet(peak)": -6.423543562350038e-05, 
            "Parabolic": true, 
            "Flow_inlet(mean)": -6.423543562350038e-05, 
            "Reynolds(peak)": -1229.0968548285118, 
            "Diameter": 0.01996268363257169
        }
    ], 
    "Bifurcation: ": [
        false
    ], 
    "Pressures": [
        {
            "Pressure Outlet 1001": [
                [
                    0.0, 
                    0.0, 
                    0.0, 
                    0.0, 
                    0.0, 
                    0.0, 
                    0.0, 
                    0.0, 
                    0.0, 
                    0.0, 
                    0.0, 
                    0.0, 
                    0.0, 
                    0.0, 
                    0.0, 
                    0.0, 
                    0.0, 
                    0.0, 
                    0.0, 
                    0.0, 
                    0.0
                ]
            ], 
            "Pressure Inlet": [
                [
                    1813.0690848280094, 
                    -773.6586967113908, 
                    219.40370528558734, 
                    -2.308924158553543, 
                    66.70275626811134, 
                    69.11782264472032, 
                    84.525460015107, 
                    90.18704654282391, 
                    89.14646102289181, 
                    80.98575429050246, 
                    74.80314373941204, 
                    81.59240659896027, 
                    84.30900319270364, 
                    75.45510688397239, 
                    74.43365651604911, 
                    72.23644120547411, 
                    78.43132355607592, 
                    85.26110094206572, 
                    82.51783996002911, 
                    73.02293608761367, 
                    74.3486350109398
                ]
            ], 
            "Pressure Outlet 1002": [
                0
            ]
        }
    ], 
    "Simulations_Parameters": [
        {
            "Dt": 0.05, 
            "Config_conditions(1:V-P-P),(2:V-V-P)": 1, 
            "SolverType(1:AMGCGL,2:AMGCL_NS_Solver,3:BICGSTABSolver)": 1, 
            "Time_vector": [
                0, 
                7.0
            ], 
            "AutomaticDeltaTime": true
        }
    ], 
    "Fluid Characteristic": [
        {
            "blood_kinematic_viscosity": 3.3333333333333333e-06, 
            "blood_density": 1050.0, 
            "blood_dynamic_viscosity": 0.0035
        }
    ], 
    "Outlet 1001": [
        {
            "Center Node": 453, 
            "Reynolds(mean)": 1224.7058029368059, 
            "Centroid": [
                0.00011239953331638416, 
                0.00015477023229601577, 
                0.25
            ], 
            "Flow_outlet(peak)": 6.435924739265553e-05, 
            "Reynolds(peak)": 1231.471816729071, 
            "Flow_outlet(mean)": 6.400564161004402e-05, 
            "Total_area_outlet": 0.00031298575517405984, 
            "Diameter": 0.019962587721750566
        }
    ], 
    "name": [
        "I:/PROYECTOS/ESTUDIANTES/Sergio/V1/GID\\Modelo_10_145_I.gid\\Modelo_10_145_I.json"
    ], 
    "Flow": [
        {
            "Flow Inlet": [
                [
                    -6.423543562350038e-05, 
                    -6.423543562350038e-05, 
                    -6.423543562350038e-05, 
                    -6.423543562350038e-05, 
                    -6.423543562350038e-05, 
                    -6.423543562350038e-05, 
                    -6.423543562350038e-05, 
                    -6.423543562350038e-05, 
                    -6.423543562350038e-05, 
                    -6.423543562350038e-05, 
                    -6.423543562350038e-05, 
                    -6.423543562350038e-05, 
                    -6.423543562350038e-05, 
                    -6.423543562350038e-05, 
                    -6.423543562350038e-05, 
                    -6.423543562350038e-05, 
                    -6.423543562350038e-05, 
                    -6.423543562350038e-05, 
                    -6.423543562350038e-05, 
                    -6.423543562350038e-05, 
                    -6.423543562350038e-05
                ]
            ], 
            "Flow Outlet 1001": [
                [
                    6.06289458164139e-05, 
                    6.435924739265553e-05, 
                    6.410130104981077e-05, 
                    6.418690092566407e-05, 
                    6.417021771289894e-05, 
                    6.4178836363094e-05, 
                    6.417693825770866e-05, 
                    6.417635681082546e-05, 
                    6.417592228717854e-05, 
                    6.417642135371275e-05, 
                    6.41754159218548e-05, 
                    6.417967178268412e-05, 
                    6.418396187198085e-05, 
                    6.41696433388232e-05, 
                    6.414533835491458e-05, 
                    6.414328013000066e-05, 
                    6.416218964207457e-05, 
                    6.416368464623276e-05, 
                    6.416793787765257e-05, 
                    6.415446589407043e-05, 
                    6.414179638067333e-05
                ]
            ], 
            "Flow Outlet 1002": [
                0
            ]
        }
    ], 
    "Hemodynamic Parameters_1001_AB": [
        {
            "B": -3369954000979.744, 
            "A": 215014728.47879812
        }
    ], 
    "Time": [
        {
            "Time": [
                0.05, 
                0.16108425381440578, 
                0.2768886898408317, 
                0.40530905983840176, 
                0.5531636344195419, 
                0.7304900741682057, 
                0.91918736028989, 
                1.13625648231831, 
                1.402935047091202, 
                1.7368514680837273, 
                2.118185946401734, 
                2.4995204247197402, 
                2.974225231949235, 
                3.44893003917873, 
                3.9236348464082247, 
                4.46839137708866, 
                5.0131479077690955, 
                5.557904438449531, 
                6.102660969129966, 
                6.647417499810401, 
                7.192174030490836
            ]
        }
    ], 
    "Hemodynamic Parameters_1001_ABC": [
        {
            "C": -15205628.801806733, 
            "B": 3660997621527.5615, 
            "A": -233682617.1231705
        }
    ]
}