{
    "Outlet 1001": [
        {
            "Diameter": 0.019962587721750573, 
            "Reynolds(peak)": 1233.0014511598602, 
            "Total_area_outlet": 0.00031298575517405995, 
            "Center Node": 422, 
            "Flow_outlet(mean)": 6.414888723594764e-05, 
            "Flow_outlet(peak)": 6.443918923088043e-05, 
            "Reynolds(mean)": 1227.4467136577439, 
            "Centroid": [
                3.1174873052513927e-05, 
                6.931638458544458e-05, 
                0.289990000000001
            ]
        }
    ], 
    "Bifurcation: ": [
        false
    ], 
    "Hemodynamic Parameters_1001_AB": [
        {
            "A": -187347417.71930698, 
            "B": 2894163510459.1226
        }
    ], 
    "Pressures": [
        {
            "Pressure Inlet": [
                [
                    2032.8613241388414, 
                    -863.5722767220386, 
                    238.6206692533515, 
                    -12.103053249834494, 
                    57.757330070336714, 
                    55.78425964442848, 
                    71.73664497162436, 
                    78.13127005717288, 
                    79.03470560524359, 
                    83.02215904037584, 
                    86.32717424410933, 
                    84.15073213679635, 
                    83.87402619850326, 
                    86.50023766509166, 
                    86.30193999786408, 
                    90.97402952664842, 
                    86.01526780654753, 
                    85.06265069030223, 
                    82.64184022294658, 
                    84.07342902491011, 
                    89.18387697311746, 
                    92.41456040978865, 
                    90.6875914873407, 
                    81.60285123464159, 
                    75.21093287530795, 
                    78.67189409509793, 
                    85.85924253696757
                ]
            ], 
            "Pressure Outlet 1001": [
                [
                    0.0, 
                    0.0, 
                    0.0, 
                    0.0, 
                    0.0, 
                    0.0, 
                    0.0, 
                    0.0, 
                    0.0, 
                    0.0, 
                    0.0, 
                    0.0, 
                    0.0, 
                    0.0, 
                    0.0, 
                    0.0, 
                    0.0, 
                    0.0, 
                    0.0, 
                    0.0, 
                    0.0, 
                    0.0, 
                    0.0, 
                    0.0, 
                    0.0, 
                    0.0, 
                    0.0
                ]
            ], 
            "Pressure Outlet 1002": [
                0
            ]
        }
    ], 
    "Hemodynamic Parameters_1001_ABC": [
        {
            "A": 187100010.8230006, 
            "B": -2890315187280.9883, 
            "C": -673995.2611351144
        }
    ], 
    "Flow": [
        {
            "Flow Inlet": [
                [
                    -6.438597468552569e-05, 
                    -6.438597468552569e-05, 
                    -6.438597468552569e-05, 
                    -6.438597468552569e-05, 
                    -6.438597468552569e-05, 
                    -6.438597468552569e-05, 
                    -6.438597468552569e-05, 
                    -6.438597468552569e-05, 
                    -6.438597468552569e-05, 
                    -6.438597468552569e-05, 
                    -6.438597468552569e-05, 
                    -6.438597468552569e-05, 
                    -6.438597468552569e-05, 
                    -6.438597468552569e-05, 
                    -6.438597468552569e-05, 
                    -6.438597468552569e-05, 
                    -6.438597468552569e-05, 
                    -6.438597468552569e-05, 
                    -6.438597468552569e-05, 
                    -6.438597468552569e-05, 
                    -6.438597468552569e-05, 
                    -6.438597468552569e-05, 
                    -6.438597468552569e-05, 
                    -6.438597468552569e-05, 
                    -6.438597468552569e-05, 
                    -6.438597468552569e-05, 
                    -6.438597468552569e-05
                ]
            ], 
            "Flow Outlet 1001": [
                [
                    6.0418473531360794e-05, 
                    6.443918923088043e-05, 
                    6.420376767173839e-05, 
                    6.430444589430908e-05, 
                    6.429873458517509e-05, 
                    6.431218493774656e-05, 
                    6.431285701668524e-05, 
                    6.431226425600856e-05, 
                    6.43109087704839e-05, 
                    6.43104089678753e-05, 
                    6.430863575828073e-05, 
                    6.429840228227687e-05, 
                    6.42645679986243e-05, 
                    6.4252156695083e-05, 
                    6.428395731958583e-05, 
                    6.428817515349467e-05, 
                    6.428621422822743e-05, 
                    6.430028845471308e-05, 
                    6.430471492149688e-05, 
                    6.429577881672148e-05, 
                    6.428235224613788e-05, 
                    6.42686372684032e-05, 
                    6.426559460130165e-05, 
                    6.427027986142113e-05, 
                    6.429968661599177e-05, 
                    6.42921042480735e-05, 
                    6.42351740384895e-05
                ]
            ], 
            "Flow Outlet 1002": [
                0
            ]
        }
    ], 
    "Inlet": [
        {
            "Parabolic": true, 
            "Diameter": 0.01996268363257169, 
            "Reynolds(peak)": -1231.9773068075197, 
            "Total_area_inlet": 0.00031298876267923, 
            "Center Node": 84384, 
            "Flow_inlet(peak)": -6.438597468552569e-05, 
            "Reynolds(mean)": -1231.9773068075197, 
            "Flow_inlet(mean)": -6.438597468552569e-05, 
            "Centroid": [
                -0.00010319409110340905, 
                -2.6215637677039877e-05, 
                -0.031420356708522716
            ]
        }
    ], 
    "name": [
        "I:/PROYECTOS/ESTUDIANTES/Sergio/V1/GID\\Modelo_7_145.gid\\Modelo_7_145.json"
    ], 
    "Fluid Characteristic": [
        {
            "blood_dynamic_viscosity": 0.0035, 
            "blood_density": 1050.0, 
            "blood_kinematic_viscosity": 3.3333333333333333e-06
        }
    ], 
    "Time": [
        {
            "Time": [
                0.05, 
                0.14961706735671831, 
                0.2565199703082693, 
                0.3829503878960932, 
                0.5357995149149142, 
                0.7008832656016829, 
                0.8943431466985605, 
                1.1140722468066708, 
                1.3878669686286615, 
                1.701009416499229, 
                2.0587994231156306, 
                2.4165894297320323, 
                2.90828568062567, 
                3.3999819315193074, 
                3.9278067746601524, 
                3.937806774660152, 
                3.942806774660152, 
                4.208375394114625, 
                4.470981214192459, 
                4.733850241465925, 
                4.993258924654237, 
                5.2511130418919745, 
                5.5131838391294705, 
                5.831687068529892, 
                6.213468228869571, 
                6.663853516852974, 
                7.213446493303181
            ]
        }
    ], 
    "Simulations_Parameters": [
        {
            "Time_vector": [
                0, 
                7.0
            ], 
            "Config_conditions(1:V-P-P),(2:V-V-P)": 1, 
            "Dt": 0.05, 
            "SolverType(1:AMGCGL,2:AMGCL_NS_Solver,3:BICGSTABSolver)": 1, 
            "AutomaticDeltaTime": true
        }
    ]
}