{
    "Fluid Characteristic": [
        {
            "blood_dynamic_viscosity": 0.0035, 
            "blood_kinematic_viscosity": 3.3333333333333333e-06, 
            "blood_density": 1050.0
        }
    ], 
    "Hemodynamic Parameters_1001_ABC": [
        {
            "B": -2797832939463.7334, 
            "C": 2094182.52034086, 
            "A": 180259173.0121752
        }
    ], 
    "Inlet": [
        {
            "Total_area_inlet": 0.00031298876267923, 
            "Parabolic": true, 
            "Center Node": 76385, 
            "Flow_inlet(peak)": -6.408385820672703e-05, 
            "Reynolds(mean)": -1226.196534710639, 
            "Diameter": 0.01996268363257169, 
            "Reynolds(peak)": -1226.196534710639, 
            "Flow_inlet(mean)": -6.408385820672703e-05, 
            "Centroid": [
                -0.00010319409110340921, 
                -2.6215637677039552e-05, 
                -0.031420356708522716
            ]
        }
    ], 
    "Flow": [
        {
            "Flow Inlet": [
                [
                    -6.408385820672703e-05, 
                    -6.408385820672703e-05, 
                    -6.408385820672703e-05, 
                    -6.408385820672703e-05, 
                    -6.408385820672703e-05, 
                    -6.408385820672703e-05, 
                    -6.408385820672703e-05, 
                    -6.408385820672703e-05, 
                    -6.408385820672703e-05, 
                    -6.408385820672703e-05, 
                    -6.408385820672703e-05, 
                    -6.408385820672703e-05, 
                    -6.408385820672703e-05, 
                    -6.408385820672703e-05, 
                    -6.408385820672703e-05, 
                    -6.408385820672703e-05, 
                    -6.408385820672703e-05, 
                    -6.408385820672703e-05, 
                    -6.408385820672703e-05, 
                    -6.408385820672703e-05, 
                    -6.408385820672703e-05, 
                    -6.408385820672703e-05, 
                    -6.408385820672703e-05, 
                    -6.408385820672703e-05, 
                    -6.408385820672703e-05, 
                    -6.408385820672703e-05, 
                    -6.408385820672703e-05, 
                    -6.408385820672703e-05
                ]
            ], 
            "Flow Outlet 1001": [
                [
                    6.032507703340097e-05, 
                    6.414442706401722e-05, 
                    6.392628475868276e-05, 
                    6.401418496492844e-05, 
                    6.399985843153946e-05, 
                    6.400912552697288e-05, 
                    6.400775849267256e-05, 
                    6.400695319083624e-05, 
                    6.400600085652942e-05, 
                    6.400549572237832e-05, 
                    6.400098153564776e-05, 
                    6.398747262015098e-05, 
                    6.398472095220083e-05, 
                    6.400367451859929e-05, 
                    6.401778484985935e-05, 
                    6.401084917825312e-05, 
                    6.401007610449215e-05, 
                    6.401140041199795e-05, 
                    6.400968570053837e-05, 
                    6.400999862576998e-05, 
                    6.400458399382352e-05, 
                    6.399676117796484e-05, 
                    6.399152184205778e-05, 
                    6.399848851409275e-05, 
                    6.399410489586235e-05, 
                    6.398010835008375e-05, 
                    6.398290654996697e-05, 
                    6.399641280184135e-05
                ]
            ], 
            "Flow Outlet 1002": [
                0
            ]
        }
    ], 
    "Bifurcation: ": [
        false
    ], 
    "Simulations_Parameters": [
        {
            "Dt": 0.05, 
            "AutomaticDeltaTime": true, 
            "Config_conditions(1:V-P-P),(2:V-V-P)": 1, 
            "Time_vector": [
                0, 
                7.0
            ], 
            "SolverType(1:AMGCGL,2:AMGCL_NS_Solver,3:BICGSTABSolver)": 1
        }
    ], 
    "Hemodynamic Parameters_1001_AB": [
        {
            "B": 2790028756817.7344, 
            "A": -179759195.1616094
        }
    ], 
    "Time": [
        {
            "Time": [
                0.05, 
                0.16112891817753394, 
                0.2804832907197028, 
                0.41514061886696096, 
                0.5683601650141878, 
                0.7419803892242537, 
                0.9342430449230297, 
                1.161461924529094, 
                1.4168822306828588, 
                1.7467653028089716, 
                2.10867213366767, 
                2.5266236269423636, 
                2.944575120217057, 
                3.3792910039074933, 
                3.8140068875979294, 
                4.2487227712883655, 
                4.683438654978802, 
                4.693438654978801, 
                4.698438654978801, 
                4.921391977106507, 
                5.219392329252731, 
                5.49486587440655, 
                5.769285118843734, 
                6.063025279277576, 
                6.325698446011271, 
                6.64284914541746, 
                6.9614327232177615, 
                7.311654753845275
            ]
        }
    ], 
    "Pressures": [
        {
            "Pressure Outlet 1001": [
                [
                    0.0, 
                    0.0, 
                    0.0, 
                    0.0, 
                    0.0, 
                    0.0, 
                    0.0, 
                    0.0, 
                    0.0, 
                    0.0, 
                    0.0, 
                    0.0, 
                    0.0, 
                    0.0, 
                    0.0, 
                    0.0, 
                    0.0, 
                    0.0, 
                    0.0, 
                    0.0, 
                    0.0, 
                    0.0, 
                    0.0, 
                    0.0, 
                    0.0, 
                    0.0, 
                    0.0, 
                    0.0
                ]
            ], 
            "Pressure Outlet 1002": [
                0
            ], 
            "Pressure Inlet": [
                [
                    1933.0032786553563, 
                    -827.4465899488735, 
                    230.42265340578956, 
                    -9.889147881490354, 
                    59.85862242748894, 
                    59.73260403299119, 
                    75.49299232062262, 
                    80.70417680166905, 
                    84.28490422299876, 
                    86.60940031529498, 
                    81.5980286141261, 
                    78.21767630999847, 
                    79.51370660679902, 
                    77.05375828062557, 
                    75.38184993095703, 
                    72.43226559502183, 
                    73.17961407508899, 
                    73.79924717388727, 
                    68.69457467240747, 
                    75.61848597414972, 
                    79.88169642549101, 
                    78.15027998877814, 
                    73.53442349751937, 
                    71.64964937311369, 
                    74.98433085889, 
                    80.71502093472671, 
                    81.55381891950752, 
                    74.9519093929484
                ]
            ]
        }
    ], 
    "name": [
        "I:/PROYECTOS/ESTUDIANTES/Sergio/V1/GID\\Modelo_6_145.gid\\Modelo_6_145.json"
    ], 
    "Outlet 1001": [
        {
            "Total_area_outlet": 0.0003129857551765407, 
            "Center Node": 595, 
            "Flow_outlet(peak)": 6.414442706401722e-05, 
            "Reynolds(mean)": 1222.1628035631375, 
            "Diameter": 0.019962587721829683, 
            "Reynolds(peak)": 1227.3613712001227, 
            "Flow_outlet(mean)": 6.387273923804148e-05,