{
    "Bifurcation: ": [
        false
    ], 
    "Flow": [
        {
            "Flow Outlet 1002": [
                0
            ], 
            "Flow Inlet": [
                [
                    -6.668085316741931e-05, 
                    -6.668085316741931e-05, 
                    -6.668085316741931e-05, 
                    -6.668085316741931e-05, 
                    -6.668085316741931e-05, 
                    -6.668085316741931e-05, 
                    -6.668085316741931e-05, 
                    -6.668085316741931e-05, 
                    -6.668085316741931e-05, 
                    -6.668085316741931e-05, 
                    -6.668085316741931e-05, 
                    -6.668085316741931e-05, 
                    -6.668085316741931e-05, 
                    -6.668085316741931e-05, 
                    -6.668085316741931e-05, 
                    -6.668085316741931e-05, 
                    -6.668085316741931e-05, 
                    -6.668085316741931e-05, 
                    -6.668085316741931e-05, 
                    -6.668085316741931e-05, 
                    -6.668085316741931e-05, 
                    -6.668085316741931e-05, 
                    -6.668085316741931e-05, 
                    -6.668085316741931e-05, 
                    -6.668085316741931e-05, 
                    -6.668085316741931e-05, 
                    -6.668085316741931e-05, 
                    -6.668085316741931e-05, 
                    -6.668085316741931e-05, 
                    -6.668085316741931e-05, 
                    -6.668085316741931e-05, 
                    -6.668085316741931e-05, 
                    -6.668085316741931e-05, 
                    -6.668085316741931e-05, 
                    -6.668085316741931e-05, 
                    -6.668085316741931e-05, 
                    -6.668085316741931e-05, 
                    -6.668085316741931e-05, 
                    -6.668085316741931e-05, 
                    -6.668085316741931e-05, 
                    -6.668085316741931e-05, 
                    -6.668085316741931e-05, 
                    -6.668085316741931e-05, 
                    -6.668085316741931e-05, 
                    -6.668085316741931e-05, 
                    -6.668085316741931e-05, 
                    -6.668085316741931e-05, 
                    -6.668085316741931e-05, 
                    -6.668085316741931e-05, 
                    -6.668085316741931e-05, 
                    -6.668085316741931e-05, 
                    -6.668085316741931e-05, 
                    -6.668085316741931e-05, 
                    -6.668085316741931e-05, 
                    -6.668085316741931e-05, 
                    -6.668085316741931e-05, 
                    -6.668085316741931e-05, 
                    -6.668085316741931e-05, 
                    -6.668085316741931e-05, 
                    -6.668085316741931e-05, 
                    -6.668085316741931e-05, 
                    -6.668085316741931e-05, 
                    -6.668085316741931e-05, 
                    -6.668085316741931e-05, 
                    -6.668085316741931e-05, 
                    -6.668085316741931e-05, 
                    -6.668085316741931e-05, 
                    -6.668085316741931e-05, 
                    -6.668085316741931e-05, 
                    -6.668085316741931e-05, 
                    -6.668085316741931e-05, 
                    -6.668085316741931e-05, 
                    -6.668085316741931e-05, 
                    -6.668085316741931e-05, 
                    -6.668085316741931e-05, 
                    -6.668085316741931e-05, 
                    -6.668085316741931e-05, 
                    -6.668085316741931e-05, 
                    -6.668085316741931e-05, 
                    -6.668085316741931e-05, 
                    -6.668085316741931e-05, 
                    -6.668085316741931e-05
                ]
            ], 
            "Flow Outlet 1001": [
                [
                    6.469011951214354e-05, 
                    6.666842061639826e-05, 
                    6.658448349285141e-05, 
                    6.66310837534465e-05, 
                    6.662985133962502e-05, 
                    6.663877727495415e-05, 
                    6.664187904402187e-05, 
                    6.66428559958816e-05, 
                    6.664240960602869e-05, 
                    6.664331719727655e-05, 
                    6.664317095504364e-05, 
                    6.664306862656381e-05, 
                    6.664293873056454e-05, 
                    6.664275588767769e-05, 
                    6.664258844849133e-05, 
                    6.664243338266327e-05, 
                    6.664237072271106e-05, 
                    6.664432448500304e-05, 
                    6.664341917686059e-05, 
                    6.66430739007743e-05, 
                    6.664303295120693e-05, 
                    6.664368054025096e-05, 
                    6.664484109418233e-05, 
                    6.664649335374666e-05, 
                    6.66484014973002e-05, 
                    6.665028689648269e-05, 
                    6.665120851640585e-05, 
                    6.665056916770832e-05, 
                    6.66492884866101e-05, 
                    6.664889658251155e-05, 
                    6.66495354568433e-05, 
                    6.66503171279943e-05, 
                    6.665048079163697e-05, 
                    6.665012018123737e-05, 
                    6.664977237717682e-05, 
                    6.66497302395877e-05, 
                    6.664989387786046e-05, 
                    6.665003389988359e-05, 
                    6.665006847379075e-05, 
                    6.665003346188908e-05, 
                    6.665087706824493e-05, 
                    6.665060452638839e-05, 
                    6.665036046634409e-05, 
                    6.665029340958474e-05, 
                    6.665031211885873e-05, 
                    6.665027886337722e-05, 
                    6.665018950972834e-05, 
                    6.665007263936926e-05, 
                    6.664990628891267e-05, 
                    6.664977263706105e-05, 
                    6.664972790690103e-05, 
                    6.664976823214083e-05, 
                    6.664976917332176e-05, 
                    6.664970631054533e-05, 
                    6.664964277841595e-05, 
                    6.664962942350896e-05, 
                    6.664967549635929e-05, 
                    6.664976080000704e-05, 
                    6.664984424909222e-05, 
                    6.66498779099284e-05, 
                    6.664984507495941e-05, 
                    6.664978590718187e-05, 
                    6.664975869033716e-05, 
                    6.664979486972938e-05, 
                    6.664988461317978e-05, 
                    6.66499880374544e-05, 
                    6.665005976768691e-05, 
                    6.66500723701994e-05, 
                    6.665003145139331e-05, 
                    6.66499646492335e-05, 
                    6.664990371207827e-05, 
                    6.664986607266868e-05, 
                    6.664985034527456e-05, 
                    6.664984579429606e-05, 
                    6.664984495563585e-05, 
                    6.664984564265897e-05, 
                    6.664984656078686e-05, 
                    6.664984421356894e-05, 
                    6.664983506346177e-05, 
                    6.664982381148416e-05, 
                    6.664981901336543e-05, 
                    6.664982604793011e-05
                ]
            ]
        }
    ], 
    "Hemodynamic Parameters_1001_AB": [
        {
            "B": -1453616370719.5476, 
            "A": 96562469.30791233
        }
    ],