{
    "Outlet 1001": [
        {
            "Diameter": 0.019962587721829687, 
            "Reynolds(peak)": 1230.8515834767268, 
            "Total_area_outlet": 0.0003129857551765408, 
            "Center Node": 421, 
            "Flow_outlet(mean)": 6.402505320284709e-05, 
            "Flow_outlet(peak)": 6.432683272877728e-05, 
            "Reynolds(mean)": 1225.0772309772312, 
            "Centroid": [
                2.4036718799441194e-05, 
                6.826439254019365e-05, 
                0.25
            ]
        }
    ], 
    "Bifurcation: ": [
        false
    ], 
    "Hemodynamic Parameters_1001_AB": [
        {
            "A": 4852639.9957230715, 
            "B": -104447829250.80463
        }
    ], 
    "Hemodynamic Parameters_1001_ABC": [
        {
            "A": -98779561.8269439, 
            "B": 1567880276275.4404, 
            "C": -11203197.511573292
        }
    ], 
    "Flow": [
        {
            "Flow Inlet": [
                [
                    -6.426660670595827e-05, 
                    -6.426660670595827e-05, 
                    -6.426660670595827e-05, 
                    -6.426660670595827e-05, 
                    -6.426660670595827e-05, 
                    -6.426660670595827e-05, 
                    -6.426660670595827e-05, 
                    -6.426660670595827e-05, 
                    -6.426660670595827e-05, 
                    -6.426660670595827e-05, 
                    -6.426660670595827e-05, 
                    -6.426660670595827e-05, 
                    -6.426660670595827e-05, 
                    -6.426660670595827e-05, 
                    -6.426660670595827e-05, 
                    -6.426660670595827e-05, 
                    -6.426660670595827e-05, 
                    -6.426660670595827e-05, 
                    -6.426660670595827e-05, 
                    -6.426660670595827e-05, 
                    -6.426660670595827e-05, 
                    -6.426660670595827e-05, 
                    -6.426660670595827e-05
                ]
            ], 
            "Flow Outlet 1001": [
                [
                    6.050575754886087e-05, 
                    6.432683272877728e-05, 
                    6.410870074241326e-05, 
                    6.419562163442788e-05, 
                    6.418455674866008e-05, 
                    6.41962183892633e-05, 
                    6.419654536064517e-05, 
                    6.419643754287053e-05, 
                    6.419553895824395e-05, 
                    6.419571387159944e-05, 
                    6.419501688545071e-05, 
                    6.418911251871126e-05, 
                    6.418503446349408e-05, 
                    6.418769595503851e-05, 
                    6.418959854513596e-05, 
                    6.416747609908131e-05, 
                    6.416269708449745e-05, 
                    6.416383535924173e-05, 
                    6.417467644784736e-05, 
                    6.416957384407508e-05, 
                    6.417086063279154e-05, 
                    6.416554656250368e-05, 
                    6.415317574185249e-05
                ]
            ], 
            "Flow Outlet 1002": [
                0
            ]
        }
    ], 
    "Inlet": [
        {
            "Parabolic": true, 
            "Diameter": 0.01996268363257169, 
            "Reynolds(peak)": -1229.6932900988375, 
            "Total_area_inlet": 0.00031298876267923, 
            "Center Node": 69999, 
            "Flow_inlet(peak)": -6.426660670595827e-05, 
            "Reynolds(mean)": -1229.6932900988375, 
            "Flow_inlet(mean)": -6.426660670595827e-05, 
            "Centroid": [
                -0.00010319409110340905, 
                -2.6215637677039877e-05, 
                -0.031420356708522716
            ]
        }
    ], 
    "name": [
        "I:/PROYECTOS/ESTUDIANTES/Sergio/V1/GID\\Modelo_1_120_I.gid\\Modelo_1_120_I.json"
    ], 
    "Time": [
        {
            "Time": [
                0.05, 
                0.15034990084248565, 
                0.25622370072245926, 
                0.3738796097687258, 
                0.5058035222501573, 
                0.656456548400739, 
                0.824809882265422, 
                1.0094072787377568, 
                1.223709963538023, 
                1.4590331061321344, 
                1.7454087760204966, 
                2.1154848032864644, 
                2.485560830552432, 
                2.881883336455186, 
                3.436942096108572, 
                4.087631670555329, 
                4.797141405836553, 
                5.506651141117777, 
                6.216160876399001, 
                6.925670611680225, 
                6.935670611680225, 
                6.940670611680225, 
                7.334023230093153
            ]
        }
    ], 
    "Fluid Characteristic": [
        {
            "blood_dynamic_viscosity": 0.0035, 
            "blood_density": 1050.0, 
            "blood_kinematic_viscosity": 3.3333333333333333e-06
        }
    ], 
    "Simulations_Parameters": [
        {
            "Config_conditions(1:V-P-P),(2:V-V-P)": 1, 
            "Time_vector": [
                0, 
                7.0
            ], 
            "SolverType(1:AMGCGL,2:AMGCL_NS_Solver,3:BICGSTABSolver)": 1, 
            "Dt": 0.05, 
            "AutomaticDeltaTime": true
        }
    ], 
    "Pressures": [
        {
            "Pressure Inlet": [
                [
                    1917.5217896333138, 
                    -806.536477909902, 
                    239.54698219672215, 
                    14.278970921085584, 
                    92.99153232068718, 
                    101.22780864119065, 
                    120.58544082412111, 
                    126.25802492957297, 
                    124.39443955998917, 
                    124.29260631249697, 
                    124.56535444333616, 
                    116.9558639246668, 
                    123.76008870150224, 
                    122.85581782977728, 
                    123.11144521748618, 
                    124.88440933622589, 
                    122.07695526104257, 
                    124.31300243276358, 
                    119.43008460533183, 
                    116.92810067153685, 
                    119.28025211052625, 
                    112.77099142702032, 
                    116.41233683423629
                ]
            ], 
            "Pressure Outlet 1001": [
                [
                    0.0, 
                    0.0, 
                    0.0, 
                    0.0, 
                    0.0, 
                    0.0, 
                    0.0, 
                    0.0, 
                    0.0, 
                    0.0, 
                    0.0, 
                    0.0, 
                    0.0, 
                    0.0, 
                    0.0, 
                    0.0, 
                    0.0, 
                    0.0, 
                    0.0, 
                    0.0, 
                    0.0, 
                    0.0, 
                    0.0
                ]
            ], 
            "Pressure Outlet 1002": [
                0
            ]
        }
    ]
}