{
    "Outlet 1001": [
        {
            "Total_area_outlet": 0.00031298575517405995, 
            "Center Node": 409, 
            "Centroid": [
                3.1174873052513927e-05, 
                6.931638458544458e-05, 
                0.289990000000001
            ], 
            "Reynolds(mean)": 1225.0711158113547, 
            "Flow_outlet(mean)": 6.402473361146005e-05, 
            "Reynolds(peak)": 1230.1273776773996, 
            "Flow_outlet(peak)": 6.428898424545604e-05, 
            "Diameter": 0.019962587721750573
        }
    ], 
    "Inlet": [
        {
            "Parabolic": true, 
            "Flow_inlet(peak)": -6.422117876162416e-05, 
            "Center Node": 83258, 
            "Centroid": [
                -0.00010319409110340905, 
                -2.6215637677039877e-05, 
                -0.031420356708522716
            ], 
            "Reynolds(mean)": -1228.8240604756488, 
            "Reynolds(peak)": -1228.8240604756488, 
            "Flow_inlet(mean)": -6.422117876162416e-05, 
            "Total_area_inlet": 0.00031298876267923, 
            "Diameter": 0.01996268363257169
        }
    ], 
    "Time": [
        {
            "Time": [
                0.05, 
                0.14493579785181443, 
                0.2494324207996088, 
                0.36732758411050553, 
                0.501568054149638, 
                0.6609413314904853, 
                0.8597707917680952, 
                1.1044613983180176, 
                1.34915200486794, 
                1.5938426114178623, 
                1.8385332179677847, 
                2.083223824517707, 
                2.3697503288711634, 
                2.65627683322462, 
                2.999066871412337, 
                3.390296945539653, 
                3.8878391614663212, 
                3.897839161466321, 
                3.902839161466321, 
                4.1516851045272904, 
                4.4005310475882595, 
                4.649376990649229, 
                4.898222933710198, 
                5.147455250773212, 
                5.396562548146395, 
                5.643057313650157, 
                5.892017198283817, 
                6.140957762394533, 
                6.439686960342504, 
                6.738416158290476, 
                7.037145356238447
            ]
        }
    ], 
    "Simulations_Parameters": [
        {
            "Time_vector": [
                0, 
                7.0
            ], 
            "SolverType(1:AMGCGL,2:AMGCL_NS_Solver,3:BICGSTABSolver)": 1, 
            "AutomaticDeltaTime": true, 
            "Dt": 0.05, 
            "Config_conditions(1:V-P-P),(2:V-V-P)": 1
        }
    ], 
    "Flow": [
        {
            "Flow Inlet": [
                [
                    -6.422117876162416e-05, 
                    -6.422117876162416e-05, 
                    -6.422117876162416e-05, 
                    -6.422117876162416e-05, 
                    -6.422117876162416e-05, 
                    -6.422117876162416e-05, 
                    -6.422117876162416e-05, 
                    -6.422117876162416e-05, 
                    -6.422117876162416e-05, 
                    -6.422117876162416e-05, 
                    -6.422117876162416e-05, 
                    -6.422117876162416e-05, 
                    -6.422117876162416e-05, 
                    -6.422117876162416e-05, 
                    -6.422117876162416e-05, 
                    -6.422117876162416e-05, 
                    -6.422117876162416e-05, 
                    -6.422117876162416e-05, 
                    -6.422117876162416e-05, 
                    -6.422117876162416e-05, 
                    -6.422117876162416e-05, 
                    -6.422117876162416e-05, 
                    -6.422117876162416e-05, 
                    -6.422117876162416e-05, 
                    -6.422117876162416e-05, 
                    -6.422117876162416e-05, 
                    -6.422117876162416e-05, 
                    -6.422117876162416e-05, 
                    -6.422117876162416e-05, 
                    -6.422117876162416e-05, 
                    -6.422117876162416e-05
                ]
            ], 
            "Flow Outlet 1001": [
                [
                    6.036312078829762e-05, 
                    6.428898424545604e-05, 
                    6.407180481154142e-05, 
                    6.415693609260847e-05, 
                    6.414369490424924e-05, 
                    6.415470558351431e-05, 
                    6.415474575279143e-05, 
                    6.415414009911254e-05, 
                    6.415317100080723e-05, 
                    6.415385432878277e-05, 
                    6.41560608055226e-05, 
                    6.415893022535282e-05, 
                    6.415825645707597e-05, 
                    6.414933001720226e-05, 
                    6.41261112962277e-05, 
                    6.408998183249636e-05, 
                    6.410237899861555e-05, 
                    6.411963398048984e-05, 
                    6.412302264345285e-05, 
                    6.413745785856691e-05, 
                    6.414456680037919e-05, 
                    6.41563034164997e-05, 
                    6.416145493572395e-05, 
                    6.414777562214837e-05, 
                    6.413930644162073e-05, 
                    6.414017935403983e-05, 
                    6.414684835808397e-05, 
                    6.41513306351622e-05, 
                    6.415135258837396e-05, 
                    6.41525741026751e-05, 
                    6.415872797839082e-05
                ]
            ], 
            "Flow Outlet 1002": [
                0
            ]
        }
    ], 
    "name": [
        "I:/PROYECTOS/ESTUDIANTES/Sergio/V1/GID\\Modelo_7_170.gid\\Modelo_7_170.json"
    ], 
    "Hemodynamic Parameters_1001_AB": [
        {
            "A": -19160005.89387264, 
            "B": 289747550698.8263
        }
    ], 
    "Bifurcation: ": [
        false
    ], 
    "Pressures": [
        {
            "Pressure Outlet 1001": [
                [
                    0.0, 
                    0.0, 
                    0.0, 
                    0.0, 
                    0.0, 
                    0.0, 
                    0.0, 
                    0.0, 
                    0.0, 
                    0.0, 
                    0.0, 
                    0.0, 
                    0.0, 
                    0.0, 
                    0.0, 
                    0.0, 
                    0.0, 
                    0.0, 
                    0.0, 
                    0.0, 
                    0.0, 
                    0.0, 
                    0.0, 
                    0.0, 
                    0.0, 
                    0.0, 
                    0.0, 
                    0.0, 
                    0.0, 
                    0.0, 
                    0.0
                ]
            ],