{
    "Hemodynamic Parameters_1001_AB": [
        {
            "A": -1289906476.9744833, 
            "B": 20083660381895.297
        }
    ], 
    "Inlet": [
        {
            "Diameter": 0.01996268363257169, 
            "Reynolds(peak)": -1228.363646347817, 
            "Centroid": [
                -0.00010319409110340905, 
                -2.6215637677039877e-05, 
                -0.031420356708522716
            ], 
            "Parabolic": true, 
            "Flow_inlet(mean)": -6.419711645770376e-05, 
            "Reynolds(mean)": -1228.363646347817, 
            "Flow_inlet(peak)": -6.419711645770376e-05, 
            "Center Node": 143213, 
            "Total_area_inlet": 0.00031298876267923
        }
    ], 
    "Hemodynamic Parameters_1001_ABC": [
        {
            "A": 96720875.25370404, 
            "C": 34232386.56539982, 
            "B": -1478171613392.1863
        }
    ], 
    "Outlet 1001": [
        {
            "Diameter": 0.019962588749576307, 
            "Total_area_outlet": 0.0003129857874038317, 
            "Reynolds(peak)": 1230.5221713146484, 
            "Flow_outlet(mean)": 6.395120370807233e-05, 
            "Centroid": [
                4.244701675161103e-05, 
                0.00012423521172043008, 
                0.25
            ], 
            "Reynolds(mean)": 1223.6641065277313, 
            "Flow_outlet(peak)": 6.430962028325145e-05, 
            "Center Node": 396
        }
    ], 
    "name": [
        "I:/PROYECTOS/ESTUDIANTES/Sergio/V1/GID\\Modelo_21_120_I.gid\\Modelo_21_120_I.json"
    ], 
    "Fluid Characteristic": [
        {
            "blood_density": 1050.0, 
            "blood_dynamic_viscosity": 0.0035, 
            "blood_kinematic_viscosity": 3.3333333333333333e-06
        }
    ], 
    "Time": [
        {
            "Time": [
                0.05, 
                0.13662003788161214, 
                0.23022119962933288, 
                0.3409345394308025, 
                0.4739661088096364, 
                0.6345960069362977, 
                0.820754642273393, 
                1.0108829909368768, 
                1.1986451196843344, 
                1.4489968097963755, 
                1.78070092006136, 
                2.1646067501611643, 
                2.6064151258425734, 
                3.0887521856664613, 
                3.66384537514715, 
                4.445491739677703, 
                5.429359441009996, 
                6.429359441009996, 
                7.429359441009996
            ]
        }
    ], 
    "Simulations_Parameters": [
        {
            "AutomaticDeltaTime": true, 
            "Time_vector": [
                0, 
                7.0
            ], 
            "SolverType(1:AMGCGL,2:AMGCL_NS_Solver,3:BICGSTABSolver)": 1, 
            "Config_conditions(1:V-P-P),(2:V-V-P)": 1, 
            "Dt": 0.05
        }
    ], 
    "Bifurcation: ": [
        false
    ], 
    "Flow": [
        {
            "Flow Outlet 1002": [
                0
            ], 
            "Flow Inlet": [
                [
                    -6.419711645770376e-05, 
                    -6.419711645770376e-05, 
                    -6.419711645770376e-05, 
                    -6.419711645770376e-05, 
                    -6.419711645770376e-05, 
                    -6.419711645770376e-05, 
                    -6.419711645770376e-05, 
                    -6.419711645770376e-05, 
                    -6.419711645770376e-05, 
                    -6.419711645770376e-05, 
                    -6.419711645770376e-05, 
                    -6.419711645770376e-05, 
                    -6.419711645770376e-05, 
                    -6.419711645770376e-05, 
                    -6.419711645770376e-05, 
                    -6.419711645770376e-05, 
                    -6.419711645770376e-05, 
                    -6.419711645770376e-05, 
                    -6.419711645770376e-05
                ]
            ], 
            "Flow Outlet 1001": [
                [
                    6.054427757954181e-05, 
                    6.430962028325145e-05, 
                    6.406921417324159e-05, 
                    6.414793517559763e-05, 
                    6.413298863128025e-05, 
                    6.414226556165838e-05, 
                    6.41416686435361e-05, 
                    6.414105342203343e-05, 
                    6.414003976296489e-05, 
                    6.413978602545198e-05, 
                    6.413933972417437e-05, 
                    6.413402407009206e-05, 
                    6.412597996362614e-05, 
                    6.412509064878926e-05, 
                    6.413076338756568e-05, 
                    6.412795058436348e-05, 
                    6.413845354777056e-05, 
                    6.411726170302096e-05, 
                    6.41251575654141e-05
                ]
            ]
        }
    ], 
    "Pressures": [
        {
            "Pressure Outlet 1002": [
                0
            ], 
            "Pressure Outlet 1001": [
                [
                    0.0, 
                    0.0, 
                    0.0, 
                    0.0, 
                    0.0, 
                    0.0, 
                    0.0, 
                    0.0, 
                    0.0, 
                    0.0, 
                    0.0, 
                    0.0, 
                    0.0, 
                    0.0, 
                    0.0, 
                    0.0, 
                    0.0, 
                    0.0, 
                    0.0
                ]
            ], 
            "Pressure Inlet": [
                [
                    1777.7494415677338, 
                    -735.5943422753232, 
                    220.39286938044614, 
                    19.734458046180222, 
                    95.47707096926464, 
                    109.14141415857945, 
                    127.24337436190632, 
                    130.13701998602164, 
                    130.72145825647516, 
                    134.53007990218526, 
                    138.87270861869604, 
                    134.69745707136425, 
                    133.14756001260676, 
                    130.26701547957273, 
                    125.44529053769692, 
                    123.77794582195429, 
                    123.45713279751034, 
                    117.96374906336142, 
                    127.61507555060855
                ]
            ]
        }
    ]
}