{
    "Outlet 1001": [
        {
            "Reynolds(peak)": 1229.4221182675233, 
            "Flow_outlet(peak)": 6.425212593963073e-05, 
            "Diameter": 0.019962587721750566, 
            "Total_area_outlet": 0.0003129857551740598, 
            "Center Node": 570, 
            "Centroid": [
                5.309534156611128e-05, 
                0.00011870255665385925, 
                0.289990000000001
            ], 
            "Reynolds(mean)": 1222.308535266164, 
            "Flow_outlet(mean)": 6.388035547601695e-05
        }
    ], 
    "name": [
        "I:/PROYECTOS/ESTUDIANTES/Sergio/V1/GID\\Modelo_27_145.gid\\Modelo_27_145.json"
    ], 
    "Fluid Characteristic": [
        {
            "blood_density": 1050.0, 
            "blood_dynamic_viscosity": 0.0035, 
            "blood_kinematic_viscosity": 3.3333333333333333e-06
        }
    ], 
    "Time": [
        {
            "Time": [
                0.05, 
                0.1358349703245526, 
                0.22899554162300148, 
                0.3372904696392517, 
                0.4658313594925767, 
                0.604145717166593, 
                0.7465296475604573, 
                0.9084983996976341, 
                1.1023343500821419, 
                1.3197827518211662, 
                1.5852261279524078, 
                1.9032092887084564, 
                2.270314682698724, 
                2.7086703781750154, 
                3.2498598027260246, 
                3.7910492272770338, 
                4.482888477513136, 
                5.174727727749238, 
                5.8665669779853395, 
                6.5584062282214415, 
                7.298516663618688
            ]
        }
    ], 
    "Hemodynamic Parameters_1001_AB": [
        {
            "A": 200418867.103584, 
            "B": -3150966084453.4014
        }
    ], 
    "Flow": [
        {
            "Flow Outlet 1002": [
                0
            ], 
            "Flow Inlet": [
                [
                    -6.411574994839129e-05, 
                    -6.411574994839129e-05, 
                    -6.411574994839129e-05, 
                    -6.411574994839129e-05, 
                    -6.411574994839129e-05, 
                    -6.411574994839129e-05, 
                    -6.411574994839129e-05, 
                    -6.411574994839129e-05, 
                    -6.411574994839129e-05, 
                    -6.411574994839129e-05, 
                    -6.411574994839129e-05, 
                    -6.411574994839129e-05, 
                    -6.411574994839129e-05, 
                    -6.411574994839129e-05, 
                    -6.411574994839129e-05, 
                    -6.411574994839129e-05, 
                    -6.411574994839129e-05, 
                    -6.411574994839129e-05, 
                    -6.411574994839129e-05, 
                    -6.411574994839129e-05, 
                    -6.411574994839129e-05
                ]
            ], 
            "Flow Outlet 1001": [
                [
                    6.0415551339395176e-05, 
                    6.425212593963073e-05, 
                    6.397870654065621e-05, 
                    6.405687611025475e-05, 
                    6.404309812080756e-05, 
                    6.405151877467127e-05, 
                    6.405102273211815e-05, 
                    6.405137353240078e-05, 
                    6.405065162452058e-05, 
                    6.405016546403651e-05, 
                    6.405006617046604e-05, 
                    6.405008362823725e-05, 
                    6.405003902477241e-05, 
                    6.405022956541952e-05, 
                    6.404974513607076e-05, 
                    6.404366550241553e-05, 
                    6.403377891395685e-05, 
                    6.40303162856685e-05, 
                    6.404196811133168e-05, 
                    6.404936861231088e-05, 
                    6.403711386721481e-05
                ]
            ]
        }
    ], 
    "Inlet": [
        {
            "Reynolds(peak)": -1226.806759254056, 
            "Diameter": 0.01996268363257169, 
            "Centroid": [
                -0.00010319409110340913, 
                -2.6215637677038762e-05, 
                -0.031420356708522716
            ], 
            "Center Node": 189996, 
            "Total_area_inlet": 0.00031298876267923, 
            "Parabolic": true, 
            "Flow_inlet(mean)": -6.411574994839129e-05, 
            "Reynolds(mean)": -1226.806759254056, 
            "Flow_inlet(peak)": -6.411574994839129e-05
        }
    ], 
    "Pressures": [
        {
            "Pressure Outlet 1002": [
                0
            ], 
            "Pressure Outlet 1001": [
                [
                    0.0, 
                    0.0, 
                    0.0, 
                    0.0, 
                    0.0, 
                    0.0, 
                    0.0, 
                    0.0, 
                    0.0, 
                    0.0, 
                    0.0, 
                    0.0, 
                    0.0, 
                    0.0, 
                    0.0, 
                    0.0, 
                    0.0, 
                    0.0, 
                    0.0, 
                    0.0, 
                    0.0
                ]
            ], 
            "Pressure Inlet": [
                [
                    1818.0072803712924, 
                    -761.5645884892174, 
                    211.58196833590935, 
                    -4.5962818546806, 
                    59.754327585473135, 
                    64.47494049237999, 
                    84.51094922190458, 
                    93.65359054195045, 
                    96.3771845434263, 
                    96.24232018769614, 
                    96.64307590078096, 
                    98.49489429418726, 
                    97.43407627194394, 
                    91.93622814747515, 
                    89.87099596850979, 
                    87.19950327952695, 
                    82.6908089196428, 
                    92.26478718100786, 
                    96.46048375340973, 
                    93.86254037423589, 
                    89.7075000788472
                ]
            ]
        }
    ], 
    "Hemodynamic Parameters_1001_ABC": [
        {
            "A": -92279605.02785319, 
            "C": -36128679.55271183, 
            "B": 1462851333453.2847
        }
    ], 
    "Simulations_Parameters": [
        {
            "SolverType(1:AMGCGL,2:AMGCL_NS_Solver,3:BICGSTABSolver)": 1, 
            "Time_vector": [
                0, 
                7.0
            ], 
            "Dt": 0.05, 
            "AutomaticDeltaTime": true, 
            "Config_conditions(1:V-P-P),(2:V-V-P)": 1
        }
    ], 
    "Bifurcation: ": [
        false
    ]
}