{
    "Hemodynamic Parameters_1001_AB": [
        {
            "B": 672475195747.3414, 
            "A": -45255968.83182583
        }
    ], 
    "Hemodynamic Parameters_1001_ABC": [
        {
            "B": -2517627195015.699, 
            "C": -45786251.76635489, 
            "A": 163837939.92246717
        }
    ], 
    "Fluid Characteristic": [
        {
            "blood_kinematic_viscosity": 3.3333333333333333e-06, 
            "blood_dynamic_viscosity": 0.0035, 
            "blood_density": 1050.0
        }
    ], 
    "Pressures": [
        {
            "Pressure Inlet": [
                [
                    1867.169247352643, 
                    -787.4237625080156, 
                    235.2786417000749, 
                    16.42470985930499, 
                    96.3409101663026, 
                    109.29410478903931, 
                    130.73656046387944, 
                    137.88526247717678, 
                    141.15978287802452, 
                    144.7012283633948, 
                    141.31405374171447, 
                    132.6981725191421, 
                    133.88709147469322, 
                    130.4356413391851, 
                    127.0418713202573, 
                    131.82755404693444, 
                    137.42289557793654, 
                    140.06457096811954, 
                    137.3426369789427, 
                    133.52614857061792
                ]
            ], 
            "Pressure Outlet 1001": [
                [
                    0.0, 
                    0.0, 
                    0.0, 
                    0.0, 
                    0.0, 
                    0.0, 
                    0.0, 
                    0.0, 
                    0.0, 
                    0.0, 
                    0.0, 
                    0.0, 
                    0.0, 
                    0.0, 
                    0.0, 
                    0.0, 
                    0.0, 
                    0.0, 
                    0.0, 
                    0.0
                ]
            ], 
            "Pressure Outlet 1002": [
                0
            ]
        }
    ], 
    "name": [
        "I:/PROYECTOS/ESTUDIANTES/Sergio/V1/GID\\Modelo_27_120_I.gid\\Modelo_27_120_I.json"
    ], 
    "Outlet 1001": [
        {
            "Total_area_outlet": 0.0003129857551740598, 
            "Diameter": 0.019962587721750566, 
            "Flow_outlet(peak)": 6.44291490216583e-05, 
            "Reynolds(peak)": 1232.8093383681166, 
            "Reynolds(mean)": 1226.074421028601, 
            "Centroid": [
                5.309534156611107e-05, 
                0.00011870255665385935, 
                0.289990000000001
            ], 
            "Flow_outlet(mean)": 6.407716840355997e-05, 
            "Center Node": 433
        }
    ], 
    "Bifurcation: ": [
        false
    ], 
    "Time": [
        {
            "Time": [
                0.05, 
                0.15519525440266638, 
                0.2608187757888771, 
                0.37628759285228597, 
                0.5108810119020866, 
                0.6670746618440393, 
                0.8350831044571496, 
                1.0132526191876552, 
                1.2420331430113913, 
                1.5278602165712443, 
                1.866865824453584, 
                2.2908840670638035, 
                2.7932983053866938, 
                3.28297882054948, 
                3.8544401581034133, 
                4.425901495657347, 
                4.99736283321128, 
                5.568824170765214, 
                6.227089132350267, 
                7.015050748183815
            ]
        }
    ], 
    "Simulations_Parameters": [
        {
            "Time_vector": [
                0, 
                7.0
            ], 
            "Config_conditions(1:V-P-P),(2:V-V-P)": 1, 
            "AutomaticDeltaTime": true, 
            "Dt": 0.05, 
            "SolverType(1:AMGCGL,2:AMGCL_NS_Solver,3:BICGSTABSolver)": 1
        }
    ], 
    "Flow": [
        {
            "Flow Outlet 1001": [
                [
                    6.063735636830741e-05, 
                    6.44291490216583e-05, 
                    6.418348921650794e-05, 
                    6.426561514390174e-05, 
                    6.424815214959327e-05, 
                    6.425713965884015e-05, 
                    6.425610973725547e-05, 
                    6.425570870349342e-05, 
                    6.425477272438445e-05, 
                    6.425441897849179e-05, 
                    6.425455090710062e-05, 
                    6.425489581493208e-05, 
                    6.425547664299355e-05, 
                    6.425655218821924e-05, 
                    6.425966318759908e-05, 
                    6.425456341788078e-05, 
                    6.42409624092123e-05, 
                    6.42483165265356e-05, 
                    6.425334494575957e-05, 
                    6.422313032853259e-05
                ]
            ], 
            "Flow Inlet": [
                [
                    -6.432549635146579e-05, 
                    -6.432549635146579e-05, 
                    -6.432549635146579e-05, 
                    -6.432549635146579e-05, 
                    -6.432549635146579e-05, 
                    -6.432549635146579e-05, 
                    -6.432549635146579e-05, 
                    -6.432549635146579e-05, 
                    -6.432549635146579e-05, 
                    -6.432549635146579e-05, 
                    -6.432549635146579e-05, 
                    -6.432549635146579e-05, 
                    -6.432549635146579e-05, 
                    -6.432549635146579e-05, 
                    -6.432549635146579e-05, 
                    -6.432549635146579e-05, 
                    -6.432549635146579e-05, 
                    -6.432549635146579e-05, 
                    -6.432549635146579e-05, 
                    -6.432549635146579e-05
                ]
            ], 
            "Flow Outlet 1002": [
                0
            ]
        }
    ], 
    "Inlet": [
        {
            "Diameter": 0.01996268363257169, 
            "Centroid": [
                -0.00010319409110340905, 
                -2.6215637677039877e-05, 
                -0.031420356708522716
            ], 
            "Reynolds(peak)": -1230.8200992715736, 
            "Flow_inlet(peak)": -6.432549635146579e-05, 
            "Reynolds(mean)": -1230.8200992715736, 
            "Flow_inlet(mean)": -6.432549635146579e-05, 
            "Parabolic": true, 
            "Total_area_inlet": 0.00031298876267923, 
            "Center Node": 191112
        }
    ]
}