{
    "Outlet 1001": [
        {
            "Reynolds(peak)": 1230.912343038061, 
            "Flow_outlet(peak)": 6.433000814829258e-05, 
            "Diameter": 0.019962587721829683, 
            "Total_area_outlet": 0.0003129857551765407, 
            "Center Node": 564, 
            "Centroid": [
                2.4036718804469165e-05, 
                6.82643925463387e-05, 
                0.26997999999999905
            ], 
            "Reynolds(mean)": 1223.5885945677678, 
            "Flow_outlet(mean)": 6.394725400545316e-05
        }
    ], 
    "name": [
        "I:/PROYECTOS/ESTUDIANTES/Sergio/V1/GID\\Modelo_6_120.gid\\Modelo_6_120.json"
    ], 
    "Pressures": [
        {
            "Pressure Outlet 1002": [
                0
            ], 
            "Pressure Outlet 1001": [
                [
                    0.0, 
                    0.0, 
                    0.0, 
                    0.0, 
                    0.0, 
                    0.0, 
                    0.0, 
                    0.0, 
                    0.0, 
                    0.0, 
                    0.0, 
                    0.0, 
                    0.0, 
                    0.0, 
                    0.0, 
                    0.0, 
                    0.0, 
                    0.0, 
                    0.0, 
                    0.0, 
                    0.0, 
                    0.0, 
                    0.0, 
                    0.0
                ]
            ], 
            "Pressure Inlet": [
                [
                    1978.8300264567104, 
                    -867.6426066804545, 
                    265.18883540028736, 
                    18.64793121671163, 
                    106.41678018956114, 
                    104.62154659708088, 
                    118.77258553411207, 
                    121.76645836191554, 
                    125.86061760772569, 
                    117.51584584391055, 
                    124.24217782674299, 
                    131.429746630861, 
                    140.13806835145328, 
                    130.1470258697683, 
                    131.81847112966233, 
                    126.00477088078213, 
                    117.3355159328257, 
                    118.5825254124245, 
                    122.93423927059375, 
                    117.3038691059536, 
                    109.49473101368783, 
                    122.14948025648982, 
                    120.44080547096286, 
                    120.73143961532529
                ]
            ]
        }
    ], 
    "Fluid Characteristic": [
        {
            "blood_density": 1050.0, 
            "blood_dynamic_viscosity": 0.0035, 
            "blood_kinematic_viscosity": 3.3333333333333333e-06
        }
    ], 
    "Flow": [
        {
            "Flow Outlet 1002": [
                0
            ], 
            "Flow Inlet": [
                [
                    -6.4146861115504e-05, 
                    -6.4146861115504e-05, 
                    -6.4146861115504e-05, 
                    -6.4146861115504e-05, 
                    -6.4146861115504e-05, 
                    -6.4146861115504e-05, 
                    -6.4146861115504e-05, 
                    -6.4146861115504e-05, 
                    -6.4146861115504e-05, 
                    -6.4146861115504e-05, 
                    -6.4146861115504e-05, 
                    -6.4146861115504e-05, 
                    -6.4146861115504e-05, 
                    -6.4146861115504e-05, 
                    -6.4146861115504e-05, 
                    -6.4146861115504e-05, 
                    -6.4146861115504e-05, 
                    -6.4146861115504e-05, 
                    -6.4146861115504e-05, 
                    -6.4146861115504e-05, 
                    -6.4146861115504e-05, 
                    -6.4146861115504e-05, 
                    -6.4146861115504e-05, 
                    -6.4146861115504e-05
                ]
            ], 
            "Flow Outlet 1001": [
                [
                    6.0428745900588716e-05, 
                    6.433000814829258e-05, 
                    6.40365087534354e-05, 
                    6.411892415348904e-05, 
                    6.409202689002133e-05, 
                    6.409776655351524e-05, 
                    6.409480508210402e-05, 
                    6.409473159577033e-05, 
                    6.40943871521048e-05, 
                    6.409015088632124e-05, 
                    6.408619898969933e-05, 
                    6.410288457095921e-05, 
                    6.40978161125254e-05, 
                    6.408962508771083e-05, 
                    6.408104361479184e-05, 
                    6.407798817303551e-05, 
                    6.409286528103684e-05, 
                    6.409614474173333e-05, 
                    6.40931713104567e-05, 
                    6.409333929542106e-05, 
                    6.409440384486387e-05, 
                    6.408915008215508e-05, 
                    6.408178907401695e-05, 
                    6.407962083682716e-05
                ]
            ]
        }
    ], 
    "Inlet": [
        {
            "Reynolds(peak)": -1227.4020480892154, 
            "Diameter": 0.01996268363257169, 
            "Centroid": [
                -0.00010319409110340921, 
                -2.6215637677039552e-05, 
                -0.031420356708522716
            ], 
            "Center Node": 77958, 
            "Total_area_inlet": 0.00031298876267923, 
            "Parabolic": true, 
            "Flow_inlet(mean)": -6.4146861115504e-05, 
            "Reynolds(mean)": -1227.4020480892154, 
            "Flow_inlet(peak)": -6.4146861115504e-05
        }
    ], 
    "Time": [
        {
            "Time": [
                0.05, 
                0.2573396618539865, 
                0.45299443944674456, 
                0.6289773658545627, 
                0.8126866712260683, 
                1.017046769828591, 
                1.2477565473395325, 
                1.5077749575151382, 
                1.8211328597968155, 
                2.1928542180053867, 
                2.6517105987291427, 
                3.2128463178204187, 
                3.2228463178204185, 
                3.2278463178204184, 
                3.5506318102102683, 
                3.8932758012018867, 
                4.235533362309305, 
                4.56450217909054, 
                4.898518758685507, 
                5.209413076749511, 
                5.595680026537159, 
                6.0774752460586665, 
                6.559270465580174, 
                7.041065685101682
            ]
        }
    ], 
    "Hemodynamic Parameters_1001_AB": [
        {
            "A": -141381546.791309, 
            "B": 2176399217090.5674
        }
    ], 
    "Hemodynamic Parameters_1001_ABC": [
        {
            "A": -43385046.959122896, 
            "C": -8831941.039726898, 
            "B": 706284941981.4414
        }
    ], 
    "Simulations_Parameters": [
        {
            "SolverType(1:AMGCGL,2:AMGCL_NS_Solver,3:BICGSTABSolver)": 1, 
            "Time_vector": [
                0, 
                7.0
            ], 
            "Dt": 0.05, 
            "AutomaticDeltaTime": true, 
            "Config_conditions(1:V-P-P),(2:V-V-P)": 1
        }
    ], 
    "Bifurcation: ": [
        false
    ]
}