{
    "Fluid Characteristic": [
        {
            "blood_dynamic_viscosity": 0.0035, 
            "blood_density": 1050.0, 
            "blood_kinematic_viscosity": 3.3333333333333333e-06
        }
    ], 
    "Hemodynamic Parameters_1001_ABC": [
        {
            "A": -90528569.27202173, 
            "B": 1433163370532.9834, 
            "C": -21762509.10411732
        }
    ], 
    "Hemodynamic Parameters_1001_AB": [
        {
            "A": 60327749.59658253, 
            "B": -961727398936.1434
        }
    ], 
    "Bifurcation: ": [
        false
    ], 
    "Time": [
        {
            "Time": [
                0.05, 
                0.17039178181605275, 
                0.29808986899349854, 
                0.44449032972084546, 
                0.610634732619258, 
                0.7990636598895091, 
                0.99449988275202, 
                1.2496178023119588, 
                1.5619079011638355, 
                1.903534765497148, 
                2.24516162983046, 
                2.5867884941637724, 
                2.9284153584970847, 
                3.278356530642565, 
                3.6282977027880454, 
                4.063569210913455, 
                4.498840719038864, 
                4.934112227164274, 
                5.369383735289683, 
                5.804655243415093, 
                6.239926751540502, 
                6.739838712323045, 
                7.239750673105587
            ]
        }
    ], 
    "name": [
        "I:/PROYECTOS/ESTUDIANTES/Sergio/V1/GID\\Modelo_13_145_I.gid\\Modelo_13_145_I.json"
    ], 
    "Flow": [
        {
            "Flow Outlet 1001": [
                [
                    6.05466064018089e-05, 
                    6.424630529203863e-05, 
                    6.401225725885466e-05, 
                    6.410967133551758e-05, 
                    6.40976052498007e-05, 
                    6.410785544746041e-05, 
                    6.410543874012803e-05, 
                    6.41034909682087e-05, 
                    6.410213451526761e-05, 
                    6.410309250121824e-05, 
                    6.410492465430212e-05, 
                    6.410887514062483e-05, 
                    6.410988172429844e-05, 
                    6.409821096143397e-05, 
                    6.407682633535553e-05, 
                    6.403570219017178e-05, 
                    6.401211504493381e-05, 
                    6.403976852109819e-05, 
                    6.407038041478581e-05, 
                    6.406924909071767e-05, 
                    6.40564820240386e-05, 
                    6.406038158119285e-05, 
                    6.407169552548789e-05
                ]
            ], 
            "Flow Inlet": [
                [
                    -6.418917837719819e-05, 
                    -6.418917837719819e-05, 
                    -6.418917837719819e-05, 
                    -6.418917837719819e-05, 
                    -6.418917837719819e-05, 
                    -6.418917837719819e-05, 
                    -6.418917837719819e-05, 
                    -6.418917837719819e-05, 
                    -6.418917837719819e-05, 
                    -6.418917837719819e-05, 
                    -6.418917837719819e-05, 
                    -6.418917837719819e-05, 
                    -6.418917837719819e-05, 
                    -6.418917837719819e-05, 
                    -6.418917837719819e-05, 
                    -6.418917837719819e-05, 
                    -6.418917837719819e-05, 
                    -6.418917837719819e-05, 
                    -6.418917837719819e-05, 
                    -6.418917837719819e-05, 
                    -6.418917837719819e-05, 
                    -6.418917837719819e-05, 
                    -6.418917837719819e-05
                ]
            ], 
            "Flow Outlet 1002": [
                0
            ]
        }
    ], 
    "Inlet": [
        {
            "Total_area_inlet": 0.00031298876267923, 
            "Diameter": 0.01996268363257169, 
            "Reynolds(mean)": -1228.211757134518, 
            "Reynolds(peak)": -1228.211757134518, 
            "Center Node": 103922, 
            "Centroid": [
                -0.00010319409110340905, 
                -2.6215637677039877e-05, 
                -0.031420356708522716
            ], 
            "Flow_inlet(peak)": -6.418917837719819e-05, 
            "Flow_inlet(mean)": -6.418917837719819e-05, 
            "Parabolic": true
        }
    ], 
    "Outlet 1001": [
        {
            "Diameter": 0.01996258772166448, 
            "Flow_outlet(mean)": 6.393256308342369e-05, 
            "Reynolds(mean)": 1223.3074934591882, 
            "Reynolds(peak)": 1229.3107440141878, 
            "Centroid": [
                4.299313914413405e-05, 
                0.00010351568533516503, 
                0.26997999999999905
            ], 
            "Flow_outlet(peak)": 6.424630529203863e-05, 
            "Total_area_outlet": 0.00031298575517136034, 
            "Center Node": 567
        }
    ], 
    "Simulations_Parameters": [
        {
            "Dt": 0.05, 
            "SolverType(1:AMGCGL,2:AMGCL_NS_Solver,3:BICGSTABSolver)": 1, 
            "Time_vector": [
                0, 
                7.0
            ], 
            "Config_conditions(1:V-P-P),(2:V-V-P)": 1, 
            "AutomaticDeltaTime": true
        }
    ], 
    "Pressures": [
        {
            "Pressure Inlet": [
                [
                    1868.6714956879393, 
                    -803.2504410616269, 
                    226.96382662809987, 
                    -4.571650683276625, 
                    68.06088705230083, 
                    71.04414953491634, 
                    88.1798615192689, 
                    95.17073861405693, 
                    96.7959606575649, 
                    88.57216602588663, 
                    76.43671060769009, 
                    80.90178279578527, 
                    96.6530132839354, 
                    88.97819009292922, 
                    77.84738021029723, 
                    75.48265754889033, 
                    81.60960453901046, 
                    89.09928213578037, 
                    87.8162909194401, 
                    83.62456677582863, 
                    75.47758424499892, 
                    77.19033489679576, 
                    84.42363211018197
                ]
            ], 
            "Pressure Outlet 1001": [
                [
                    0.0, 
                    0.0, 
                    0.0, 
                    0.0, 
                    0.0, 
                    0.0, 
                    0.0, 
                    0.0, 
                    0.0, 
                    0.0, 
                    0.0, 
                    0.0, 
                    0.0, 
                    0.0, 
                    0.0, 
                    0.0, 
                    0.0, 
                    0.0, 
                    0.0, 
                    0.0, 
                    0.0, 
                    0.0, 
                    0.0
                ]
            ], 
            "Pressure Outlet 1002": [
                0
            ]
        }
    ]
}