{
    "Outlet 1001": [
        {
            "Center Node": 393, 
            "Flow_outlet(peak)": 6.424535733663755e-05, 
            "Diameter": 0.019962587001534905, 
            "Flow_outlet(mean)": 6.39064586735911e-05, 
            "Reynolds(mean)": 1222.8080468789558, 
            "Reynolds(peak)": 1229.2926498572924, 
            "Total_area_outlet": 0.0003129857325900901, 
            "Centroid": [
                -0.000125792371258261, 
                5.1570953090908044e-05, 
                0.2699799999999991
            ]
        }
    ], 
    "Flow": [
        {
            "Flow Outlet 1001": [
                [
                    6.0212814757040595e-05, 
                    6.424535733663755e-05, 
                    6.400475573487333e-05, 
                    6.409084024528499e-05, 
                    6.40782212808422e-05, 
                    6.408713883452894e-05, 
                    6.408498688955897e-05, 
                    6.408324878286787e-05, 
                    6.408188708927579e-05, 
                    6.408296108642813e-05, 
                    6.408672179314261e-05, 
                    6.409225157002539e-05, 
                    6.409701174269768e-05, 
                    6.409484678011616e-05, 
                    6.408199041509877e-05, 
                    6.405843121050704e-05, 
                    6.403701922347487e-05, 
                    6.401255214578543e-05, 
                    6.394649966164896e-05, 
                    6.396405483877618e-05, 
                    6.395862233288022e-05, 
                    6.393764783342136e-05, 
                    6.398590357807563e-05, 
                    6.403792567651604e-05, 
                    6.405570706662373e-05, 
                    6.406852760724015e-05
                ]
            ], 
            "Flow Inlet": [
                [
                    -6.416289092640172e-05, 
                    -6.416289092640172e-05, 
                    -6.416289092640172e-05, 
                    -6.416289092640172e-05, 
                    -6.416289092640172e-05, 
                    -6.416289092640172e-05, 
                    -6.416289092640172e-05, 
                    -6.416289092640172e-05, 
                    -6.416289092640172e-05, 
                    -6.416289092640172e-05, 
                    -6.416289092640172e-05, 
                    -6.416289092640172e-05, 
                    -6.416289092640172e-05, 
                    -6.416289092640172e-05, 
                    -6.416289092640172e-05, 
                    -6.416289092640172e-05, 
                    -6.416289092640172e-05, 
                    -6.416289092640172e-05, 
                    -6.416289092640172e-05, 
                    -6.416289092640172e-05, 
                    -6.416289092640172e-05, 
                    -6.416289092640172e-05, 
                    -6.416289092640172e-05, 
                    -6.416289092640172e-05, 
                    -6.416289092640172e-05, 
                    -6.416289092640172e-05
                ]
            ], 
            "Flow Outlet 1002": [
                0
            ]
        }
    ], 
    "Pressures": [
        {
            "Pressure Inlet": [
                [
                    1501.672791515999, 
                    -635.671742672013, 
                    170.25785429297912, 
                    -11.818575847084588, 
                    41.462744815148625, 
                    44.1128967714128, 
                    56.32165789915548, 
                    55.122942034678196, 
                    45.16938353483727, 
                    27.853247339756003, 
                    19.414047593294836, 
                    26.63153857474514, 
                    28.62477996172071, 
                    31.39280677946835, 
                    33.97619230605039, 
                    36.87407223582009, 
                    39.801784648055886, 
                    40.477717182180065, 
                    36.856994963598936, 
                    36.57287493491666, 
                    32.16641509320578, 
                    35.39933887800911, 
                    34.099774441677134, 
                    32.03736155375591, 
                    26.636420517685128, 
                    23.541055923957206
                ]
            ], 
            "Pressure Outlet 1001": [
                [
                    0.0, 
                    0.0, 
                    0.0, 
                    0.0, 
                    0.0, 
                    0.0, 
                    0.0, 
                    0.0, 
                    0.0, 
                    0.0, 
                    0.0, 
                    0.0, 
                    0.0, 
                    0.0, 
                    0.0, 
                    0.0, 
                    0.0, 
                    0.0, 
                    0.0, 
                    0.0, 
                    0.0, 
                    0.0, 
                    0.0, 
                    0.0, 
                    0.0, 
                    0.0
                ]
            ], 
            "Pressure Outlet 1002": [
                0
            ]
        }
    ], 
    "Hemodynamic Parameters_1001_AB": [
        {
            "A": -2222007.715869362, 
            "B": 26067815050.430996
        }
    ], 
    "name": [
        "I:/PROYECTOS/ESTUDIANTES/Sergio/V1/GID/0\\Modelo_23.gid\\Modelo_23.json"
    ], 
    "Inlet": [
        {
            "Parabolic": true, 
            "Center Node": 159409, 
            "Total_area_inlet": 0.0003129858587362686, 
            "Diameter": 0.01996259102440807, 
            "Flow_inlet(peak)": -6.416289092640172e-05, 
            "Reynolds(mean)": -1227.7144619368414, 
            "Reynolds(peak)": -1227.7144619368414, 
            "Flow_inlet(mean)": -6.416289092640172e-05, 
            "Centroid": [
                -3.360486347500002e-05, 
                0.0001482946882999996, 
                -1.7540354546111106e-18
            ]
        }
    ], 
    "Bifurcation: ": [
        false
    ], 
    "Fluid Characteristic": [
        {
            "blood_dynamic_viscosity": 0.0035, 
            "blood_density": 1050.0, 
            "blood_kinematic_viscosity": 3.3333333333333333e-06
        }
    ], 
    "Simulations_Parameters": [
        {
            "Time_vector": [
                0, 
                7.0
            ], 
            "AutomaticDeltaTime": true, 
            "Config_conditions(1:V-P-P),(2:V-V-P)": 1, 
            "Dt": 0.05, 
            "SolverType(1:AMGCGL,2:AMGCL_NS_Solver,3:BICGSTABSolver)": 1
        }
    ], 
    "Hemodynamic Parameters_1001_ABC": [
        {
            "A": 2747644.865357207, 
            "B": -34260804744.2781, 
            "C": -2049887.7642673473
        }
    ],