{
    "Outlet 1001": [
        {
            "Total_area_outlet": 0.00031298575517654077, 
            "Center Node": 421, 
            "Centroid": [
                2.4036718636871438e-05, 
                6.82643926027637e-05, 
                0.289990000000001
            ], 
            "Reynolds(mean)": 1227.1419474237546, 
            "Flow_outlet(mean)": 6.413295952662389e-05, 
            "Reynolds(peak)": 1232.3891175197286, 
            "Flow_outlet(peak)": 6.440718741696771e-05, 
            "Diameter": 0.019962587721829687
        }
    ], 
    "Inlet": [
        {
            "Parabolic": true, 
            "Flow_inlet(peak)": -6.430356196508342e-05, 
            "Center Node": 85807, 
            "Centroid": [
                -0.00010319409110340905, 
                -2.6215637677039877e-05, 
                -0.031420356708522716
            ], 
            "Reynolds(mean)": -1230.400401248925, 
            "Reynolds(peak)": -1230.400401248925, 
            "Flow_inlet(mean)": -6.430356196508342e-05, 
            "Total_area_inlet": 0.00031298876267923, 
            "Diameter": 0.01996268363257169
        }
    ], 
    "Pressures": [
        {
            "Pressure Outlet 1001": [
                [
                    0.0, 
                    0.0, 
                    0.0, 
                    0.0, 
                    0.0, 
                    0.0, 
                    0.0, 
                    0.0, 
                    0.0, 
                    0.0, 
                    0.0, 
                    0.0, 
                    0.0, 
                    0.0, 
                    0.0, 
                    0.0, 
                    0.0, 
                    0.0, 
                    0.0, 
                    0.0, 
                    0.0, 
                    0.0, 
                    0.0, 
                    0.0, 
                    0.0, 
                    0.0, 
                    0.0, 
                    0.0, 
                    0.0, 
                    0.0, 
                    0.0, 
                    0.0, 
                    0.0, 
                    0.0, 
                    0.0, 
                    0.0, 
                    0.0
                ]
            ], 
            "Pressure Inlet": [
                [
                    2061.3536394544576, 
                    -867.2877364035612, 
                    252.60341656276822, 
                    6.961646963737085, 
                    85.30851016013843, 
                    89.45856045348293, 
                    108.12409181017375, 
                    119.97579399645902, 
                    126.87640083489975, 
                    130.38701441396415, 
                    141.32520735171948, 
                    133.16965014023197, 
                    130.21985567525573, 
                    131.25949263980326, 
                    128.33918478520002, 
                    126.33235968000494, 
                    123.12272381940404, 
                    121.02155734404779, 
                    122.73276491906722, 
                    129.42728556360103, 
                    137.01042168835386, 
                    129.63320929221965, 
                    117.07039876581828, 
                    115.56659153775568, 
                    113.98246989794941, 
                    113.6702063441212, 
                    120.57074953562872, 
                    124.89316229718511, 
                    128.6381508130554, 
                    121.32488742679027, 
                    117.43068060158184, 
                    109.89767127145338, 
                    106.2361637406171, 
                    116.31534254333737, 
                    135.64053871750218, 
                    146.17814664149606, 
                    139.13225926154456
                ]
            ], 
            "Pressure Outlet 1002": [
                0
            ]
        }
    ], 
    "Simulations_Parameters": [
        {
            "Time_vector": [
                0, 
                7.0
            ], 
            "SolverType(1:AMGCGL,2:AMGCL_NS_Solver,3:BICGSTABSolver)": 1, 
            "AutomaticDeltaTime": true, 
            "Dt": 0.05, 
            "Config_conditions(1:V-P-P),(2:V-V-P)": 1
        }
    ], 
    "Time": [
        {
            "Time": [
                0.05, 
                0.1469094182465877, 
                0.24703562902441684, 
                0.35912277660956204, 
                0.48767939850812525, 
                0.6280854663075794, 
                0.7960994729114256, 
                1.000545883877618, 
                1.2173980853169768, 
                1.4833783457999503, 
                1.49337834579995, 
                1.49837834579995, 
                1.6533064655385283, 
                1.7947756524703964, 
                1.9662809889987993, 
                2.1300424107893967, 
                2.2963422066059342, 
                2.462900827449191, 
                2.6628518961778473, 
                2.8967618084785696, 
                3.167131608623005, 
                3.4896943831870235, 
                3.8122571577510422, 
                4.134819932315061, 
                4.45738270687908, 
                4.862211576187503, 
                5.267040445495928, 
                5.671869314804352, 
                5.681869314804352, 
                5.686869314804352, 
                5.886240861700503, 
                6.086381975548306, 
                6.296358393089829, 
                6.503511163561083, 
                6.710233291550917, 
                6.895971226321604, 
                7.103789578553837
            ]
        }
    ], 
    "name": [
        "I:/PROYECTOS/ESTUDIANTES/Sergio/V1/GID\\Modelo_9_120_I.gid\\Modelo_9_120_I.json"
    ], 
    "Hemodynamic Parameters_1001_AB": [
        {
            "A": 300217892.4343811, 
            "B": -4704692414591.854
        }
    ], 
    "Bifurcation: ": [
        false
    ], 
    "Fluid Characteristic": [
        {
            "blood_density": 1050.0, 
            "blood_dynamic_viscosity": 0.0035, 
            "blood_kinematic_viscosity": 3.3333333333333333e-06
        }
    ], 
    "Flow": [
        {
            "Flow Inlet": [
                [
                    -6.430356196508342e-05, 
                    -6.430356196508342e-05, 
                    -6.430356196508342e-05, 
                    -6.430356196508342e-05, 
                    -6.430356196508342e-05, 
                    -6.430356196508342e-05, 
                    -6.430356196508342e-05, 
                    -6.430356196508342e-05, 
                    -6.430356196508342e-05, 
                    -6.430356196508342e-05, 
                    -6.430356196508342e-05, 
                    -6.430356196508342e-05, 
                    -6.430356196508342e-05, 
                    -6.430356196508342e-05, 
                    -6.430356196508342e-05, 
                    -6.430356196508342e-05, 
                    -6.430356196508342e-05, 
                    -6.430356196508342e-05, 
                    -6.430356196508342e-05, 
                    -6.430356196508342e-05, 
                    -6.430356196508342e-05, 
                    -6.430356196508342e-05, 
                    -6.430356196508342e-05, 
                    -6.430356196508342e-05, 
                    -6.430356196508342e-05, 
                    -6.430356196508342e-05, 
                    -6.430356196508342e-05, 
                    -6.430356196508342e-05, 
                    -6.430356196508342e-05, 
                    -6.430356196508342e-05, 
                    -6.430356196508342e-05, 
                    -6.430356196508342e-05, 
                    -6.430356196508342e-05, 
                    -6.430356196508342e-05, 
                    -6.430356196508342e-05, 
                    -6.430356196508342e-05, 
                    -6.430356196508342e-05
                ]
            ],