{
    "Outlet 1001": [
        {
            "Reynolds(peak)": 1229.2165153061658, 
            "Diameter": 0.019962588749576307, 
            "Center Node": 394, 
            "Total_area_outlet": 0.0003129857874038317, 
            "Flow_outlet(mean)": 6.385145091194069e-05, 
            "Flow_outlet(peak)": 6.424138401406147e-05, 
            "Reynolds(mean)": 1221.7554025616687, 
            "Centroid": [
                4.244701675161103e-05, 
                0.00012423521172043008, 
                0.25
            ]
        }
    ], 
    "Bifurcation: ": [
        false
    ], 
    "Hemodynamic Parameters_1001_AB": [
        {
            "A": -414088996.46959805, 
            "B": 6445406644939.208
        }
    ], 
    "Flow": [
        {
            "Flow Inlet": [
                [
                    -6.413727722526221e-05, 
                    -6.413727722526221e-05, 
                    -6.413727722526221e-05, 
                    -6.413727722526221e-05, 
                    -6.413727722526221e-05, 
                    -6.413727722526221e-05, 
                    -6.413727722526221e-05, 
                    -6.413727722526221e-05, 
                    -6.413727722526221e-05, 
                    -6.413727722526221e-05, 
                    -6.413727722526221e-05, 
                    -6.413727722526221e-05, 
                    -6.413727722526221e-05, 
                    -6.413727722526221e-05, 
                    -6.413727722526221e-05, 
                    -6.413727722526221e-05, 
                    -6.413727722526221e-05, 
                    -6.413727722526221e-05
                ]
            ], 
            "Flow Outlet 1001": [
                [
                    6.042774869375619e-05, 
                    6.424138401406147e-05, 
                    6.3974179959737e-05, 
                    6.406197078919882e-05, 
                    6.404901881650644e-05, 
                    6.40598654068411e-05, 
                    6.405937136236022e-05, 
                    6.405888920871153e-05, 
                    6.405810205553545e-05, 
                    6.405867856005906e-05, 
                    6.405706981036367e-05, 
                    6.404538467269409e-05, 
                    6.403309438655864e-05, 
                    6.404176682652232e-05, 
                    6.405402143680161e-05, 
                    6.405006504895868e-05, 
                    6.400130780222412e-05, 
                    6.399419756404205e-05
                ]
            ], 
            "Flow Outlet 1002": [
                0
            ]
        }
    ], 
    "Hemodynamic Parameters_1001_ABC": [
        {
            "A": 247914607.35028556, 
            "C": 29625378.84253039, 
            "B": -3849896676815.901
        }
    ], 
    "Inlet": [
        {
            "Parabolic": true, 
            "Reynolds(peak)": -1227.2186675417208, 
            "Diameter": 0.01996268363257169, 
            "Total_area_inlet": 0.00031298876267923, 
            "Center Node": 141969, 
            "Reynolds(mean)": -1227.2186675417208, 
            "Flow_inlet(peak)": -6.413727722526221e-05, 
            "Centroid": [
                -0.00010319409110340905, 
                -2.6215637677039877e-05, 
                -0.031420356708522716
            ], 
            "Flow_inlet(mean)": -6.413727722526221e-05
        }
    ], 
    "Time": [
        {
            "Time": [
                0.05, 
                0.15876657035340314, 
                0.26901557811424814, 
                0.3951246017791974, 
                0.540474523062991, 
                0.7042715432815192, 
                0.8920897752292736, 
                1.115294190291511, 
                1.4009775620647107, 
                1.7458766435833795, 
                2.1598209270950877, 
                2.6553489352190747, 
                3.222596044076709, 
                3.870977718246337, 
                4.650762639243412, 
                5.644021918008372, 
                6.637281196773332, 
                7.637281196773332
            ]
        }
    ], 
    "Pressures": [
        {
            "Pressure Inlet": [
                [
                    1733.423319942028, 
                    -737.9837373821849, 
                    209.58895361581415, 
                    -0.031003758010611976, 
                    68.87871044089802, 
                    75.188325505758, 
                    89.28987914999949, 
                    90.04676322624849, 
                    85.74033011096859, 
                    85.36926599207166, 
                    93.58070750585959, 
                    95.36609537686162, 
                    93.21453064443467, 
                    90.66953290293091, 
                    87.4710384899103, 
                    90.97187606293394, 
                    95.95077466546508, 
                    97.12558152003812
                ]
            ], 
            "Pressure Outlet 1001": [
                [
                    0.0, 
                    0.0, 
                    0.0, 
                    0.0, 
                    0.0, 
                    0.0, 
                    0.0, 
                    0.0, 
                    0.0, 
                    0.0, 
                    0.0, 
                    0.0, 
                    0.0, 
                    0.0, 
                    0.0, 
                    0.0, 
                    0.0, 
                    0.0
                ]
            ], 
            "Pressure Outlet 1002": [
                0
            ]
        }
    ], 
    "name": [
        "I:/PROYECTOS/ESTUDIANTES/Sergio/V1/GID\\Modelo_21_145_I.gid\\Modelo_21_145_I.json"
    ], 
    "Fluid Characteristic": [
        {
            "blood_dynamic_viscosity": 0.0035, 
            "blood_density": 1050.0, 
            "blood_kinematic_viscosity": 3.3333333333333333e-06
        }
    ], 
    "Simulations_Parameters": [
        {
            "Time_vector": [
                0, 
                7.0
            ], 
            "SolverType(1:AMGCGL,2:AMGCL_NS_Solver,3:BICGSTABSolver)": 1, 
            "Config_conditions(1:V-P-P),(2:V-V-P)": 1, 
            "Dt": 0.05, 
            "AutomaticDeltaTime": true
        }
    ]
}