{
    "Inlet": [
        {
            "Flow_inlet(peak)": -6.40844724750991e-05, 
            "Reynolds(mean)": -1226.2082882749578, 
            "Reynolds(peak)": -1226.2082882749578, 
            "Flow_inlet(mean)": -6.40844724750991e-05, 
            "Centroid": [
                -0.00010319409110340905, 
                -2.6215637677039877e-05, 
                -0.031420356708522716
            ], 
            "Parabolic": true, 
            "Center Node": 189862, 
            "Total_area_inlet": 0.00031298876267923, 
            "Diameter": 0.01996268363257169
        }
    ], 
    "Hemodynamic Parameters_1001_AB": [
        {
            "A": -1908043940.4175074, 
            "B": 29774925943336.117
        }
    ], 
    "Bifurcation: ": [
        false
    ], 
    "Fluid Characteristic": [
        {
            "blood_dynamic_viscosity": 0.0035, 
            "blood_density": 1050.0, 
            "blood_kinematic_viscosity": 3.3333333333333333e-06
        }
    ], 
    "Hemodynamic Parameters_1001_ABC": [
        {
            "A": 548821953.0454086, 
            "B": -8549087571291.2295, 
            "C": 27678071.670059875
        }
    ], 
    "Pressures": [
        {
            "Pressure Inlet": [
                [
                    1821.601057871348, 
                    -766.5544917276766, 
                    213.27561965656741, 
                    -5.148601305069266, 
                    59.02429926958745, 
                    62.942384705715924, 
                    83.34272420223165, 
                    93.26314696156696, 
                    95.34858758892982, 
                    94.78918568535454, 
                    94.8263103866552, 
                    93.99634768222677, 
                    95.55449228364068, 
                    98.36902796254017, 
                    94.39123929952872, 
                    88.83065533179291, 
                    84.11777282808114, 
                    92.33242623342133, 
                    97.42368812385531
                ]
            ], 
            "Pressure Outlet 1001": [
                [
                    0.0, 
                    0.0, 
                    0.0, 
                    0.0, 
                    0.0, 
                    0.0, 
                    0.0, 
                    0.0, 
                    0.0, 
                    0.0, 
                    0.0, 
                    0.0, 
                    0.0, 
                    0.0, 
                    0.0, 
                    0.0, 
                    0.0, 
                    0.0, 
                    0.0
                ]
            ], 
            "Pressure Outlet 1002": [
                0
            ]
        }
    ], 
    "Outlet 1001": [
        {
            "Flow_outlet(mean)": 6.385870917901889e-05, 
            "Reynolds(mean)": 1221.8943476277193, 
            "Reynolds(peak)": 1229.0912033690593, 
            "Flow_outlet(peak)": 6.423483164712086e-05, 
            "Total_area_outlet": 0.00031298575517405973, 
            "Centroid": [
                8.330871757666676e-05, 
                0.00013302512240608139, 
                0.289990000000001
            ], 
            "Center Node": 396, 
            "Diameter": 0.019962587721750566
        }
    ], 
    "Time": [
        {
            "Time": [
                0.05, 
                0.14062299005189033, 
                0.23561189700835025, 
                0.34038460010599747, 
                0.45695288849122007, 
                0.5943146831507975, 
                0.7588273517933624, 
                0.9592410567071931, 
                1.209517431509576, 
                1.4950524643089564, 
                1.8369570209174162, 
                2.2472301353222015, 
                2.657503249726987, 
                3.149822462998969, 
                3.7406053420685867, 
                4.4238591645893806, 
                5.274587294488896, 
                6.274587294488896, 
                7.274587294488896
            ]
        }
    ], 
    "Flow": [
        {
            "Flow Outlet 1001": [
                [
                    6.046357403212631e-05, 
                    6.423483164712086e-05, 
                    6.399531325664599e-05, 
                    6.406018137420998e-05, 
                    6.403751041854525e-05, 
                    6.404409916354512e-05, 
                    6.40426186629785e-05, 
                    6.4042107495304e-05, 
                    6.404104268605703e-05, 
                    6.404080211519622e-05, 
                    6.404097065046719e-05, 
                    6.404120961912382e-05, 
                    6.40410328121145e-05, 
                    6.404015950468138e-05, 
                    6.403711668822955e-05, 
                    6.40343682701375e-05, 
                    6.40298954489355e-05, 
                    6.401863414755216e-05, 
                    6.403000640838807e-05
                ]
            ], 
            "Flow Inlet": [
                [
                    -6.40844724750991e-05, 
                    -6.40844724750991e-05, 
                    -6.40844724750991e-05, 
                    -6.40844724750991e-05, 
                    -6.40844724750991e-05, 
                    -6.40844724750991e-05, 
                    -6.40844724750991e-05, 
                    -6.40844724750991e-05, 
                    -6.40844724750991e-05, 
                    -6.40844724750991e-05, 
                    -6.40844724750991e-05, 
                    -6.40844724750991e-05, 
                    -6.40844724750991e-05, 
                    -6.40844724750991e-05, 
                    -6.40844724750991e-05, 
                    -6.40844724750991e-05, 
                    -6.40844724750991e-05, 
                    -6.40844724750991e-05, 
                    -6.40844724750991e-05
                ]
            ], 
            "Flow Outlet 1002": [
                0
            ]
        }
    ], 
    "Simulations_Parameters": [
        {
            "Config_conditions(1:V-P-P),(2:V-V-P)": 1, 
            "Time_vector": [
                0, 
                7.0
            ], 
            "AutomaticDeltaTime": true, 
            "Dt": 0.05, 
            "SolverType(1:AMGCGL,2:AMGCL_NS_Solver,3:BICGSTABSolver)": 1
        }
    ], 
    "name": [
        "I:/PROYECTOS/ESTUDIANTES/Sergio/V1/GID\\Modelo_26_145.gid\\Modelo_26_145.json"
    ]
}