{
    "name": [
        "I:/PROYECTOS/ESTUDIANTES/Sergio/V1/GID\\Modelo_20_170.gid\\Modelo_20_170.json"
    ], 
    "Inlet": [
        {
            "Flow_inlet(mean)": -6.43016248391454e-05, 
            "Diameter": 0.01996268363257169, 
            "Total_area_inlet": 0.00031298876267923, 
            "Reynolds(mean)": -1230.3633357978274, 
            "Centroid": [
                -0.00010319409110340905, 
                -2.6215637677039877e-05, 
                -0.031420356708522716
            ], 
            "Center Node": 140828, 
            "Parabolic": true, 
            "Flow_inlet(peak)": -6.43016248391454e-05, 
            "Reynolds(peak)": -1230.3633357978274
        }
    ], 
    "Hemodynamic Parameters_1001_AB": [
        {
            "A": -427320830.1952041, 
            "B": 6644075663491.955
        }
    ], 
    "Bifurcation: ": [
        false
    ], 
    "Fluid Characteristic": [
        {
            "blood_density": 1050.0, 
            "blood_kinematic_viscosity": 3.3333333333333333e-06, 
            "blood_dynamic_viscosity": 0.0035
        }
    ], 
    "Flow": [
        {
            "Flow Outlet 1002": [
                0
            ], 
            "Flow Outlet 1001": [
                [
                    6.06879651013111e-05, 
                    6.435157050103916e-05, 
                    6.41376560343261e-05, 
                    6.422581663921364e-05, 
                    6.421601411079173e-05, 
                    6.422718022696145e-05, 
                    6.422737444905441e-05, 
                    6.422673975430355e-05, 
                    6.422608667988911e-05, 
                    6.422847626330845e-05, 
                    6.423332204489984e-05, 
                    6.423897208523821e-05, 
                    6.4240723097727e-05, 
                    6.423558926272249e-05, 
                    6.423538872972613e-05, 
                    6.42362939676799e-05, 
                    6.422710374577302e-05, 
                    6.422170072402596e-05, 
                    6.42259850762533e-05, 
                    6.423674215758658e-05, 
                    6.423536802950087e-05, 
                    6.423075815772623e-05, 
                    6.422431528307657e-05
                ]
            ], 
            "Flow Inlet": [
                [
                    -6.43016248391454e-05, 
                    -6.43016248391454e-05, 
                    -6.43016248391454e-05, 
                    -6.43016248391454e-05, 
                    -6.43016248391454e-05, 
                    -6.43016248391454e-05, 
                    -6.43016248391454e-05, 
                    -6.43016248391454e-05, 
                    -6.43016248391454e-05, 
                    -6.43016248391454e-05, 
                    -6.43016248391454e-05, 
                    -6.43016248391454e-05, 
                    -6.43016248391454e-05, 
                    -6.43016248391454e-05, 
                    -6.43016248391454e-05, 
                    -6.43016248391454e-05, 
                    -6.43016248391454e-05, 
                    -6.43016248391454e-05, 
                    -6.43016248391454e-05, 
                    -6.43016248391454e-05, 
                    -6.43016248391454e-05, 
                    -6.43016248391454e-05, 
                    -6.43016248391454e-05
                ]
            ]
        }
    ], 
    "Outlet 1001": [
        {
            "Diameter": 0.019962587721829676, 
            "Total_area_outlet": 0.0003129857551765405, 
            "Flow_outlet(peak)": 6.435157050103916e-05, 
            "Reynolds(mean)": 1226.0763085352291, 
            "Centroid": [
                7.705501106926971e-05, 
                0.00014089454130671288, 
                0.25
            ], 
            "Flow_outlet(mean)": 6.407726704878847e-05, 
            "Center Node": 495, 
            "Reynolds(peak)": 1231.324924458532
        }
    ], 
    "Simulations_Parameters": [
        {
            "Time_vector": [
                0, 
                7.0
            ], 
            "SolverType(1:AMGCGL,2:AMGCL_NS_Solver,3:BICGSTABSolver)": 1, 
            "Config_conditions(1:V-P-P),(2:V-V-P)": 1, 
            "AutomaticDeltaTime": true, 
            "Dt": 0.05
        }
    ], 
    "Time": [
        {
            "Time": [
                0.05, 
                0.14518117773422717, 
                0.2471229201857953, 
                0.36674047364984164, 
                0.5087094425012686, 
                0.6606857016676528, 
                0.8621593442441061, 
                1.1018438215184982, 
                1.378295986095892, 
                1.6850531545215988, 
                1.9918103229473054, 
                2.298567491373012, 
                2.6646925203037584, 
                3.030817549234505, 
                3.4570282942113817, 
                3.8832390391882585, 
                4.331807120630575, 
                4.780375202072892, 
                5.322555797177732, 
                5.864736392282572, 
                6.4069169873874126, 
                6.949097582492253, 
                7.491278177597093
            ]
        }
    ], 
    "Hemodynamic Parameters_1001_ABC": [
        {
            "A": 268303929.18329763, 
            "B": -4168459614629.785, 
            "C": 12174939.100425825
        }
    ], 
    "Pressures": [
        {
            "Pressure Inlet": [
                [
                    1705.4670922652408, 
                    -723.437758550566, 
                    196.19592598220171, 
                    -12.003649463480166, 
                    47.424435596896096, 
                    47.971955226682205, 
                    59.78525612529574, 
                    57.667592385237484, 
                    40.53383561891673, 
                    22.371475111090454, 
                    30.811351185100946, 
                    34.069555031036636, 
                    32.662022780484314, 
                    32.143760623802336, 
                    35.54608685849711, 
                    36.18219429400154, 
                    32.33343141141927, 
                    27.608048959203305, 
                    29.1127483793362, 
                    32.657505718682636, 
                    34.165273950108045, 
                    32.22231579318203, 
                    30.833436070971345
                ]
            ], 
            "Pressure Outlet 1002": [
                0
            ], 
            "Pressure Outlet 1001": [
                [
                    0.0, 
                    0.0, 
                    0.0, 
                    0.0, 
                    0.0, 
                    0.0, 
                    0.0, 
                    0.0, 
                    0.0, 
                    0.0, 
                    0.0, 
                    0.0, 
                    0.0, 
                    0.0, 
                    0.0, 
                    0.0, 
                    0.0, 
                    0.0, 
                    0.0, 
                    0.0, 
                    0.0, 
                    0.0, 
                    0.0
                ]
            ]
        }
    ]
}