{
    "Time": [
        {
            "Time": [
                0.05, 
                0.1359994498772335, 
                0.22595438999397488, 
                0.3235689197784778, 
                0.43303968973662677, 
                0.5621254491197759, 
                0.7166184603938608, 
                0.8658711394173437, 
                1.0272739718938564, 
                1.2285158451855192, 
                1.4826179267275288, 
                1.4926179267275286, 
                1.4976179267275285, 
                1.6478580137137997, 
                1.7909658762037157, 
                1.93366385083297, 
                2.077960944471934, 
                2.2240098124809755, 
                2.371381647554433, 
                2.51971667542397, 
                2.6682188691582907, 
                2.8159782719901196, 
                2.9628088624683655, 
                3.1099874751930154, 
                3.2602385770149223, 
                3.414498528965989, 
                3.5692648067349646, 
                3.72079789704696, 
                3.867759983947449, 
                4.012081579912217, 
                4.156552312643945, 
                4.30245601542321, 
                4.44956784224985, 
                4.5971961900157705, 
                4.744806511037957, 
                4.892080387531225, 
                5.038924734156813, 
                5.185494539607461, 
                5.332147785010963, 
                5.479303174651298, 
                5.627089224704449, 
                5.775134861783238, 
                5.922903849767285, 
                6.070284130916961, 
                6.217697543175971, 
                6.365468030914526, 
                6.513288922782558, 
                6.6605571218934525, 
                6.807091479683539, 
                6.953292691286753, 
                7.099642872221141
            ]
        }
    ], 
    "Flow": [
        {
            "Flow Inlet": [
                [
                    -6.415441560464381e-05, 
                    -6.415441560464381e-05, 
                    -6.415441560464381e-05, 
                    -6.415441560464381e-05, 
                    -6.415441560464381e-05, 
                    -6.415441560464381e-05, 
                    -6.415441560464381e-05, 
                    -6.415441560464381e-05, 
                    -6.415441560464381e-05, 
                    -6.415441560464381e-05, 
                    -6.415441560464381e-05, 
                    -6.415441560464381e-05, 
                    -6.415441560464381e-05, 
                    -6.415441560464381e-05, 
                    -6.415441560464381e-05, 
                    -6.415441560464381e-05, 
                    -6.415441560464381e-05, 
                    -6.415441560464381e-05, 
                    -6.415441560464381e-05, 
                    -6.415441560464381e-05, 
                    -6.415441560464381e-05, 
                    -6.415441560464381e-05, 
                    -6.415441560464381e-05, 
                    -6.415441560464381e-05, 
                    -6.415441560464381e-05, 
                    -6.415441560464381e-05, 
                    -6.415441560464381e-05, 
                    -6.415441560464381e-05, 
                    -6.415441560464381e-05, 
                    -6.415441560464381e-05, 
                    -6.415441560464381e-05, 
                    -6.415441560464381e-05, 
                    -6.415441560464381e-05, 
                    -6.415441560464381e-05, 
                    -6.415441560464381e-05, 
                    -6.415441560464381e-05, 
                    -6.415441560464381e-05, 
                    -6.415441560464381e-05, 
                    -6.415441560464381e-05, 
                    -6.415441560464381e-05, 
                    -6.415441560464381e-05, 
                    -6.415441560464381e-05, 
                    -6.415441560464381e-05, 
                    -6.415441560464381e-05, 
                    -6.415441560464381e-05, 
                    -6.415441560464381e-05, 
                    -6.415441560464381e-05, 
                    -6.415441560464381e-05, 
                    -6.415441560464381e-05, 
                    -6.415441560464381e-05, 
                    -6.415441560464381e-05
                ]
            ], 
            "Flow Outlet 1001": [
                [
                    6.053778194677906e-05, 
                    6.422455212523713e-05, 
                    6.399655624378004e-05, 
                    6.407977999052725e-05, 
                    6.406797994365547e-05, 
                    6.407919132563206e-05, 
                    6.408079689160297e-05, 
                    6.40814126489436e-05, 
                    6.408067052141489e-05, 
                    6.407993747554882e-05, 
                    6.407966264623357e-05, 
                    6.40819116032763e-05, 
                    6.40792058230987e-05, 
                    6.408016267225733e-05, 
                    6.408029954850979e-05, 
                    6.408062004503311e-05, 
                    6.408130887015917e-05, 
                    6.408209653540157e-05, 
                    6.408250954262393e-05, 
                    6.408208384493718e-05, 
                    6.40802920519813e-05, 
                    6.407528936565596e-05, 
                    6.406332969826916e-05, 
                    6.404279307345551e-05, 
                    6.402236902954743e-05, 
                    6.401067248114601e-05, 
                    6.400479996981967e-05, 
                    6.400120359987997e-05, 
                    6.399576452319085e-05, 
                    6.399053679542058e-05, 
                    6.40001730930178e-05, 
                    6.402466723947813e-05, 
                    6.404849828774297e-05, 
                    6.40626955180979e-05, 
                    6.407095817026671e-05, 
                    6.407803263746359e-05, 
                    6.408142760603917e-05, 
                    6.407936163559591e-05, 
                    6.40720539984054e-05, 
                    6.406408101559808e-05, 
                    6.406005912842197e-05, 
                    6.406042590772348e-05, 
                    6.405859773351111e-05, 
                    6.404749268603936e-05, 
                    6.403667842906356e-05, 
                    6.405104744023917e-05, 
                    6.407216746688666e-05, 
                    6.408005319102279e-05, 
                    6.408285716041329e-05, 
                    6.407928503170609e-05, 
                    6.407581788236993e-05
                ]
            ], 
            "Flow Outlet 1002": [
                0
            ]
        }
    ], 
    "name": [
        "I:/PROYECTOS/ESTUDIANTES/Sergio/V1/GID\\Modelo_18_170.gid\\Modelo_18_170.json"
    ], 
    "Fluid Characteristic": [
        {
            "blood_dynamic_viscosity": 0.0035, 
            "blood_density": 1050.0, 
            "blood_kinematic_viscosity": 3.3333333333333333e-06
        }
    ], 
    "Simulations_Parameters": [
        {
            "Time_vector": [
                0, 
                7.0
            ], 
            "SolverType(1:AMGCGL,2:AMGCL_NS_Solver,3:BICGSTABSolver)": 1, 
            "Dt": 0.05, 
            "AutomaticDeltaTime": true, 
            "Config_conditions(1:V-P-P),(2:V-V-P)": 1
        }
    ], 
    "Outlet 1001": [
        {
            "Flow_outlet(mean)": 6.399396082533571e-05, 
            "Flow_outlet(peak)": 6.422455212523713e-05, 
            "Reynolds(mean)": 1224.4822988086405, 
            "Centroid": [
                7.287326260279325e-05, 
                0.00016334872656868533, 
                0.289990000000001
            ], 
            "Reynolds(peak)": 1228.8945114822586,