{
    "Hemodynamic Parameters_1001_ABC": [
        {
            "B": -2018418792659.984, 
            "C": 1985844.3827967234, 
            "A": 130067032.06919761
        }
    ], 
    "Flow": [
        {
            "Flow Outlet 1002": [
                0
            ], 
            "Flow Outlet 1001": [
                [
                    6.0560536977855196e-05, 
                    6.421033448041793e-05, 
                    6.401082505667259e-05, 
                    6.409880629571747e-05, 
                    6.409406732805391e-05, 
                    6.410973705027218e-05, 
                    6.411416657269576e-05, 
                    6.411575394924388e-05, 
                    6.411447627159016e-05, 
                    6.411357915941152e-05, 
                    6.411721906157187e-05, 
                    6.411491214320967e-05, 
                    6.411414508540997e-05, 
                    6.411408862323679e-05, 
                    6.411449278511152e-05, 
                    6.411531278466567e-05, 
                    6.411671550517946e-05, 
                    6.411749820475836e-05, 
                    6.411536922215043e-05, 
                    6.410936680642095e-05, 
                    6.409666091411367e-05, 
                    6.40722519456195e-05, 
                    6.403293580774207e-05, 
                    6.399889002057764e-05, 
                    6.400175930692567e-05, 
                    6.403132306578267e-05, 
                    6.406096400824589e-05, 
                    6.407316284527101e-05, 
                    6.407346823126029e-05, 
                    6.407272603567455e-05, 
                    6.408282227236145e-05, 
                    6.410010402945013e-05, 
                    6.410669201864062e-05, 
                    6.409855221884161e-05, 
                    6.40930263409843e-05, 
                    6.409130271321008e-05, 
                    6.408769698394672e-05, 
                    6.408297689146216e-05, 
                    6.408012352915489e-05, 
                    6.408013186745346e-05, 
                    6.40839439804067e-05, 
                    6.409004020841196e-05, 
                    6.409712898009862e-05, 
                    6.410560026552314e-05, 
                    6.411420962336407e-05, 
                    6.41144825851418e-05, 
                    6.41053652483631e-05, 
                    6.410943515817472e-05
                ]
            ], 
            "Flow Inlet": [
                [
                    -6.419607916127894e-05, 
                    -6.419607916127894e-05, 
                    -6.419607916127894e-05, 
                    -6.419607916127894e-05, 
                    -6.419607916127894e-05, 
                    -6.419607916127894e-05, 
                    -6.419607916127894e-05, 
                    -6.419607916127894e-05, 
                    -6.419607916127894e-05, 
                    -6.419607916127894e-05, 
                    -6.419607916127894e-05, 
                    -6.419607916127894e-05, 
                    -6.419607916127894e-05, 
                    -6.419607916127894e-05, 
                    -6.419607916127894e-05, 
                    -6.419607916127894e-05, 
                    -6.419607916127894e-05, 
                    -6.419607916127894e-05, 
                    -6.419607916127894e-05, 
                    -6.419607916127894e-05, 
                    -6.419607916127894e-05, 
                    -6.419607916127894e-05, 
                    -6.419607916127894e-05, 
                    -6.419607916127894e-05, 
                    -6.419607916127894e-05, 
                    -6.419607916127894e-05, 
                    -6.419607916127894e-05, 
                    -6.419607916127894e-05, 
                    -6.419607916127894e-05, 
                    -6.419607916127894e-05, 
                    -6.419607916127894e-05, 
                    -6.419607916127894e-05, 
                    -6.419607916127894e-05, 
                    -6.419607916127894e-05, 
                    -6.419607916127894e-05, 
                    -6.419607916127894e-05, 
                    -6.419607916127894e-05, 
                    -6.419607916127894e-05, 
                    -6.419607916127894e-05, 
                    -6.419607916127894e-05, 
                    -6.419607916127894e-05, 
                    -6.419607916127894e-05, 
                    -6.419607916127894e-05, 
                    -6.419607916127894e-05, 
                    -6.419607916127894e-05, 
                    -6.419607916127894e-05, 
                    -6.419607916127894e-05, 
                    -6.419607916127894e-05
                ]
            ]
        }
    ], 
    "Time": [
        {
            "Time": [
                0.05, 
                0.12966257616761578, 
                0.21553010461093125, 
                0.3158636328075036, 
                0.4348818287264976, 
                0.5777425631738348, 
                0.7492795557998335, 
                0.9550696620938599, 
                1.2017572739246225, 
                1.4964833849086843, 
                1.506483384908684, 
                1.511483384908684, 
                1.6667639042695817, 
                1.798555219413322, 
                1.9444577167768706, 
                2.078559198956691, 
                2.2365559854432684, 
                2.4134729441656666, 
                2.577694011556594, 
                2.7188879719251515, 
                2.8562149130221526, 
                3.001597968100538, 
                3.169750654281709, 
                3.3599253874890924, 
                3.543668985191568, 
                3.72292106308454, 
                3.910928496455041, 
                4.095204294038805, 
                4.264487476641195, 
                4.399098225633352, 
                4.530545230566554, 
                4.703356193996303, 
                4.8899274384478035, 
                5.067424160204676, 
                5.229493352570865, 
                5.3867685359029105, 
                5.546244605267091, 
                5.693454590331518, 
                5.8111715199552805, 
                5.920293658095632, 
                6.022024343339961, 
                6.124328859228609, 
                6.231159422334504, 
                6.350625461997314, 
                6.496369079399337, 
                6.659211911021632, 
                6.841789234233471, 
                7.022075171662517
            ]
        }
    ], 
    "Hemodynamic Parameters_1001_AB": [
        {
            "B": 1979414007434.0254, 
            "A": -127567121.62232548
        }
    ], 
    "Bifurcation: ": [
        false
    ], 
    "Outlet 1001": [
        {
            "Total_area_outlet": 0.00031298575517654066, 
            "Centroid": [
                4.586437285168538e-05, 
                0.00013679335040390328, 
                0.289990000000001
            ], 
            "Reynolds(mean)": 1224.9682556099644, 
            "Diameter": 0.019962587721829683, 
            "Reynolds(peak)": 1228.6224662113093, 
            "Center Node": 542, 
            "Flow_outlet(peak)": 6.421033448041793e-05, 
            "Flow_outlet(mean)": 6.401935792624683e-05
        }
    ], 
    "Simulations_Parameters": [
        {
            "AutomaticDeltaTime": true, 
            "Config_conditions(1:V-P-P),(2:V-V-P)": 1, 
            "Dt": 0.05, 
            "SolverType(1:AMGCGL,2:AMGCL_NS_Solver,3:BICGSTABSolver)": 1, 
            "Time_vector": [
                0, 
                7.0
            ]
        }
    ], 
    "name": [
        "I:/PROYECTOS/ESTUDIANTES/Sergio/V1/GID\\Modelo_17_170.gid\\Modelo_17_170.json"
    ],