{
    "Bifurcation: ": [
        false
    ], 
    "Fluid Characteristic": [
        {
            "blood_dynamic_viscosity": 0.0035, 
            "blood_kinematic_viscosity": 3.3333333333333333e-06, 
            "blood_density": 1050.0
        }
    ], 
    "Time": [
        {
            "Time": [
                0.05, 
                0.15657062069401095, 
                0.270363840148377, 
                0.4004315709137015, 
                0.548613457774658, 
                0.7188429310732063, 
                0.9173716233935909, 
                1.1401273089964363, 
                1.3776352558206675, 
                1.6946961435754329, 
                1.7046961435754326, 
                1.7096961435754325, 
                1.902781312709571, 
                2.0950977810371256, 
                2.291435388621859, 
                2.488978296282344, 
                2.6810408299587336, 
                2.8853159052002675, 
                3.123768206258652, 
                3.387860551707683, 
                3.745018068459473, 
                4.102175585211263, 
                4.459333101963053, 
                4.816490618714843, 
                5.173648135466633, 
                5.183648135466632, 
                5.188648135466632, 
                5.357660185052028, 
                5.497456256535938, 
                5.653363647385211, 
                5.811793651114019, 
                5.989021452236298, 
                6.165851892717185, 
                6.336861118931717, 
                6.561715425412277, 
                6.824145924118452, 
                7.154998228295525
            ]
        }
    ], 
    "Inlet": [
        {
            "Total_area_inlet": 0.00031298876267923, 
            "Diameter": 0.01996268363257169, 
            "Reynolds(peak)": -1227.0190052457147, 
            "Center Node": 84693, 
            "Flow_inlet(mean)": -6.412684241330158e-05, 
            "Reynolds(mean)": -1227.0190052457147, 
            "Flow_inlet(peak)": -6.412684241330158e-05, 
            "Parabolic": true, 
            "Centroid": [
                -0.00010319409110340913, 
                -2.6215637677038762e-05, 
                -0.031420356708522716
            ]
        }
    ], 
    "name": [
        "I:/PROYECTOS/ESTUDIANTES/Sergio/V1/GID\\Modelo_9_145.gid\\Modelo_9_145.json"
    ], 
    "Flow": [
        {
            "Flow Inlet": [
                [
                    -6.412684241330158e-05, 
                    -6.412684241330158e-05, 
                    -6.412684241330158e-05, 
                    -6.412684241330158e-05, 
                    -6.412684241330158e-05, 
                    -6.412684241330158e-05, 
                    -6.412684241330158e-05, 
                    -6.412684241330158e-05, 
                    -6.412684241330158e-05, 
                    -6.412684241330158e-05, 
                    -6.412684241330158e-05, 
                    -6.412684241330158e-05, 
                    -6.412684241330158e-05, 
                    -6.412684241330158e-05, 
                    -6.412684241330158e-05, 
                    -6.412684241330158e-05, 
                    -6.412684241330158e-05, 
                    -6.412684241330158e-05, 
                    -6.412684241330158e-05, 
                    -6.412684241330158e-05, 
                    -6.412684241330158e-05, 
                    -6.412684241330158e-05, 
                    -6.412684241330158e-05, 
                    -6.412684241330158e-05, 
                    -6.412684241330158e-05, 
                    -6.412684241330158e-05, 
                    -6.412684241330158e-05, 
                    -6.412684241330158e-05, 
                    -6.412684241330158e-05, 
                    -6.412684241330158e-05, 
                    -6.412684241330158e-05, 
                    -6.412684241330158e-05, 
                    -6.412684241330158e-05, 
                    -6.412684241330158e-05, 
                    -6.412684241330158e-05, 
                    -6.412684241330158e-05, 
                    -6.412684241330158e-05
                ]
            ], 
            "Flow Outlet 1001": [
                [
                    6.039912015056227e-05, 
                    6.417693395818996e-05, 
                    6.395800537310364e-05, 
                    6.405469586241258e-05, 
                    6.404334730822098e-05, 
                    6.405497668005338e-05, 
                    6.405500891060154e-05, 
                    6.405443867427737e-05, 
                    6.405324425129708e-05, 
                    6.405292897889361e-05, 
                    6.405496623109262e-05, 
                    6.405307058313652e-05, 
                    6.405357415762045e-05, 
                    6.40523453719916e-05, 
                    6.404871051398679e-05, 
                    6.40414657514018e-05, 
                    6.403354530059992e-05, 
                    6.403038182949068e-05, 
                    6.40346026721317e-05, 
                    6.40319144336256e-05, 
                    6.402820960522192e-05, 
                    6.403042150321831e-05, 
                    6.40250578424798e-05, 
                    6.402126982918339e-05, 
                    6.403286712090974e-05, 
                    6.403609120664388e-05, 
                    6.403478331052081e-05, 
                    6.404040874408981e-05, 
                    6.403901469870086e-05, 
                    6.404179996531877e-05, 
                    6.404752046512662e-05, 
                    6.40461764432593e-05, 
                    6.40398768297948e-05, 
                    6.403357764706697e-05, 
                    6.404145853088562e-05, 
                    6.404684277374122e-05, 
                    6.403409510328026e-05
                ]
            ], 
            "Flow Outlet 1002": [
                0
            ]
        }
    ], 
    "Hemodynamic Parameters_1001_ABC": [
        {
            "B": 3828500228671.4727, 
            "C": -9778082.059593104, 
            "A": -243912114.65947428
        }
    ], 
    "Simulations_Parameters": [
        {
            "Dt": 0.05, 
            "AutomaticDeltaTime": true, 
            "Config_conditions(1:V-P-P),(2:V-V-P)": 1, 
            "Time_vector": [
                0, 
                7.0
            ], 
            "SolverType(1:AMGCGL,2:AMGCL_NS_Solver,3:BICGSTABSolver)": 1
        }
    ], 
    "Pressures": [
        {
            "Pressure Outlet 1001": [
                [
                    0.0, 
                    0.0, 
                    0.0, 
                    0.0, 
                    0.0, 
                    0.0, 
                    0.0, 
                    0.0, 
                    0.0, 
                    0.0, 
                    0.0, 
                    0.0, 
                    0.0, 
                    0.0, 
                    0.0, 
                    0.0, 
                    0.0, 
                    0.0, 
                    0.0, 
                    0.0, 
                    0.0, 
                    0.0, 
                    0.0, 
                    0.0, 
                    0.0, 
                    0.0, 
                    0.0, 
                    0.0, 
                    0.0, 
                    0.0, 
                    0.0, 
                    0.0, 
                    0.0, 
                    0.0, 
                    0.0, 
                    0.0, 
                    0.0
                ]
            ], 
            "Pressure Outlet 1002": [
                0
            ],