{
    "Simulations_Parameters": [
        {
            "Config_conditions(1:V-P-P),(2:V-V-P)": 1, 
            "AutomaticDeltaTime": true, 
            "Dt": 0.05, 
            "SolverType(1:AMGCGL,2:AMGCL_NS_Solver,3:BICGSTABSolver)": 1, 
            "Time_vector": [
                0, 
                7.0
            ]
        }
    ], 
    "Pressures": [
        {
            "Pressure Outlet 1002": [
                0
            ], 
            "Pressure Outlet 1001": [
                [
                    0.0, 
                    0.0, 
                    0.0, 
                    0.0, 
                    0.0, 
                    0.0, 
                    0.0, 
                    0.0, 
                    0.0, 
                    0.0, 
                    0.0, 
                    0.0, 
                    0.0, 
                    0.0, 
                    0.0, 
                    0.0, 
                    0.0, 
                    0.0, 
                    0.0, 
                    0.0, 
                    0.0, 
                    0.0, 
                    0.0, 
                    0.0, 
                    0.0, 
                    0.0
                ]
            ], 
            "Pressure Inlet": [
                [
                    2067.196349600734, 
                    -887.7635471166359, 
                    261.60372613865843, 
                    7.068803203354985, 
                    93.06929052559694, 
                    94.7073436542299, 
                    112.49517958797945, 
                    117.80299885734108, 
                    123.24380178605966, 
                    117.34198803436408, 
                    115.43507159323111, 
                    116.44830069502734, 
                    127.39198503712417, 
                    140.7721866592453, 
                    134.10236527378967, 
                    136.89114136982104, 
                    126.41365038474198, 
                    112.20696479784347, 
                    118.50191316572109, 
                    128.02683798893193, 
                    128.80499943228932, 
                    120.85670824643798, 
                    111.0245217165815, 
                    110.9984084875844, 
                    120.55309116182642, 
                    119.96295531628974
                ]
            ]
        }
    ], 
    "Hemodynamic Parameters_1001_ABC": [
        {
            "A": 333771739.83277655, 
            "B": -5183707232646.361, 
            "C": -12078044.842374712
        }
    ], 
    "Hemodynamic Parameters_1001_AB": [
        {
            "A": -322638593.02482593, 
            "B": 5009748984901.527
        }
    ], 
    "Outlet 1001": [
        {
            "Flow_outlet(mean)": 6.3886155770717e-05, 
            "Center Node": 413, 
            "Centroid": [
                3.1174873052513927e-05, 
                6.931638458544458e-05, 
                0.289990000000001
            ], 
            "Diameter": 0.019962587721750573, 
            "Reynolds(peak)": 1229.2621742570866, 
            "Flow_outlet(peak)": 6.424376693701547e-05, 
            "Reynolds(mean)": 1222.419520085614, 
            "Total_area_outlet": 0.00031298575517405995
        }
    ], 
    "Inlet": [
        {
            "Parabolic": true, 
            "Flow_inlet(peak)": -6.409672791829882e-05, 
            "Center Node": 85602, 
            "Centroid": [
                -0.00010319409110340905, 
                -2.6215637677039877e-05, 
                -0.031420356708522716
            ], 
            "Diameter": 0.01996268363257169, 
            "Reynolds(peak)": -1226.442786983421, 
            "Reynolds(mean)": -1226.442786983421, 
            "Flow_inlet(mean)": -6.409672791829882e-05, 
            "Total_area_inlet": 0.00031298876267923
        }
    ], 
    "Bifurcation: ": [
        false
    ], 
    "name": [
        "I:/PROYECTOS/ESTUDIANTES/Sergio/V1/GID\\Modelo_7_120.gid\\Modelo_7_120.json"
    ], 
    "Fluid Characteristic": [
        {
            "blood_dynamic_viscosity": 0.0035, 
            "blood_density": 1050.0, 
            "blood_kinematic_viscosity": 3.3333333333333333e-06
        }
    ], 
    "Time": [
        {
            "Time": [
                0.05, 
                0.180665049895614, 
                0.31494347887812774, 
                0.47296220617306584, 
                0.6499855406658466, 
                0.8554263899084937, 
                1.0981809994467637, 
                1.387933762445441, 
                1.7349267549045446, 
                2.1538447440757644, 
                2.572762733246984, 
                3.086260839654315, 
                3.5997589460616464, 
                3.609758946061646, 
                3.614758946061646, 
                3.859066117161645, 
                4.09495180423201, 
                4.328443266481637, 
                4.5732881033614445, 
                4.807941853333524, 
                5.042503583054451, 
                5.353464178158645, 
                5.761784531143685, 
                6.170104884128725, 
                6.6115889586107555, 
                7.053073033092786
            ]
        }
    ], 
    "Flow": [
        {
            "Flow Inlet": [
                [
                    -6.409672791829882e-05, 
                    -6.409672791829882e-05, 
                    -6.409672791829882e-05, 
                    -6.409672791829882e-05, 
                    -6.409672791829882e-05, 
                    -6.409672791829882e-05, 
                    -6.409672791829882e-05, 
                    -6.409672791829882e-05, 
                    -6.409672791829882e-05, 
                    -6.409672791829882e-05, 
                    -6.409672791829882e-05, 
                    -6.409672791829882e-05, 
                    -6.409672791829882e-05, 
                    -6.409672791829882e-05, 
                    -6.409672791829882e-05, 
                    -6.409672791829882e-05, 
                    -6.409672791829882e-05, 
                    -6.409672791829882e-05, 
                    -6.409672791829882e-05, 
                    -6.409672791829882e-05, 
                    -6.409672791829882e-05, 
                    -6.409672791829882e-05, 
                    -6.409672791829882e-05, 
                    -6.409672791829882e-05, 
                    -6.409672791829882e-05, 
                    -6.409672791829882e-05
                ]
            ], 
            "Flow Outlet 1002": [
                0
            ], 
            "Flow Outlet 1001": [
                [
                    6.021152717491043e-05, 
                    6.424376693701547e-05, 
                    6.395993432490133e-05, 
                    6.405094636888374e-05, 
                    6.402888997666283e-05, 
                    6.40358752494523e-05, 
                    6.403274037132437e-05, 
                    6.40318646945341e-05, 
                    6.403164560234174e-05, 
                    6.40282006080373e-05, 
                    6.401092499088953e-05, 
                    6.399791635151708e-05, 
                    6.40206249801178e-05, 
                    6.402228486253587e-05, 
                    6.401935831601786e-05, 
                    6.402984216504234e-05, 
                    6.403127834720894e-05, 
                    6.402737413221507e-05, 
                    6.402146072331585e-05, 
                    6.401521549990562e-05, 
                    6.401902757202833e-05, 
                    6.402966584952079e-05, 
                    6.403937437178073e-05, 
                    6.403795328911888e-05, 
                    6.403002183128577e-05, 
                    6.40323354480777e-05
                ]
            ]
        }
    ]
}