{
    "Hemodynamic Parameters_1001_ABC": [
        {
            "C": 1693805.080865644, 
            "B": -1985797892785.3992, 
            "A": 128273384.67961532
        }
    ], 
    "Simulations_Parameters": [
        {
            "Config_conditions(1:V-P-P),(2:V-V-P)": 1, 
            "AutomaticDeltaTime": true, 
            "Dt": 0.05, 
            "Time_vector": [
                0, 
                7.0
            ], 
            "SolverType(1:AMGCGL,2:AMGCL_NS_Solver,3:BICGSTABSolver)": 1
        }
    ], 
    "Inlet": [
        {
            "Flow_inlet(peak)": -6.431482944967409e-05, 
            "Diameter": 0.01996268363257169, 
            "Center Node": 115727, 
            "Total_area_inlet": 0.00031298876267923, 
            "Reynolds(mean)": -1230.615996110823, 
            "Flow_inlet(mean)": -6.431482944967409e-05, 
            "Parabolic": true, 
            "Centroid": [
                -0.00010319409110340905, 
                -2.6215637677039877e-05, 
                -0.031420356708522716
            ], 
            "Reynolds(peak)": -1230.615996110823
        }
    ], 
    "Fluid Characteristic": [
        {
            "blood_kinematic_viscosity": 3.3333333333333333e-06, 
            "blood_density": 1050.0, 
            "blood_dynamic_viscosity": 0.0035
        }
    ], 
    "name": [
        "I:/PROYECTOS/ESTUDIANTES/Sergio/V1/GID\\Modelo_18_170_I.gid\\Modelo_18_170_I.json"
    ], 
    "Bifurcation: ": [
        false
    ], 
    "Pressures": [
        {
            "Pressure Outlet 1001": [
                [
                    0.0, 
                    0.0, 
                    0.0, 
                    0.0, 
                    0.0, 
                    0.0, 
                    0.0, 
                    0.0, 
                    0.0, 
                    0.0, 
                    0.0, 
                    0.0, 
                    0.0, 
                    0.0, 
                    0.0, 
                    0.0, 
                    0.0, 
                    0.0, 
                    0.0, 
                    0.0, 
                    0.0, 
                    0.0, 
                    0.0, 
                    0.0, 
                    0.0, 
                    0.0, 
                    0.0, 
                    0.0, 
                    0.0, 
                    0.0, 
                    0.0, 
                    0.0, 
                    0.0, 
                    0.0
                ]
            ], 
            "Pressure Inlet": [
                [
                    1872.3465810113014, 
                    -809.257535781613, 
                    218.98533689975125, 
                    -19.223740342518553, 
                    45.291623810734606, 
                    41.76353127007902, 
                    55.40318807680847, 
                    58.57090282239032, 
                    54.20118620292734, 
                    51.1481427009555, 
                    47.98274654290136, 
                    42.75020931068094, 
                    31.83461391966731, 
                    28.5591475994222, 
                    33.597116634486, 
                    38.77574193543002, 
                    41.931288369070536, 
                    44.19838770026724, 
                    44.28536620511794, 
                    43.854423288051905, 
                    47.46623771213713, 
                    51.01459406188066, 
                    53.94872087571538, 
                    57.33356077108651, 
                    51.75725665897177, 
                    52.56686656490423, 
                    46.85384152532619, 
                    46.68937835130301, 
                    49.24902175630067, 
                    48.73905811287195, 
                    45.3406995117797, 
                    43.3046034143661, 
                    45.37177441973771, 
                    48.819086940286944
                ]
            ], 
            "Pressure Outlet 1002": [
                0
            ]
        }
    ], 
    "Flow": [
        {
            "Flow Inlet": [
                [
                    -6.431482944967409e-05, 
                    -6.431482944967409e-05, 
                    -6.431482944967409e-05, 
                    -6.431482944967409e-05, 
                    -6.431482944967409e-05, 
                    -6.431482944967409e-05, 
                    -6.431482944967409e-05, 
                    -6.431482944967409e-05, 
                    -6.431482944967409e-05, 
                    -6.431482944967409e-05, 
                    -6.431482944967409e-05, 
                    -6.431482944967409e-05, 
                    -6.431482944967409e-05, 
                    -6.431482944967409e-05, 
                    -6.431482944967409e-05, 
                    -6.431482944967409e-05, 
                    -6.431482944967409e-05, 
                    -6.431482944967409e-05, 
                    -6.431482944967409e-05, 
                    -6.431482944967409e-05, 
                    -6.431482944967409e-05, 
                    -6.431482944967409e-05, 
                    -6.431482944967409e-05, 
                    -6.431482944967409e-05, 
                    -6.431482944967409e-05, 
                    -6.431482944967409e-05, 
                    -6.431482944967409e-05, 
                    -6.431482944967409e-05, 
                    -6.431482944967409e-05, 
                    -6.431482944967409e-05, 
                    -6.431482944967409e-05, 
                    -6.431482944967409e-05, 
                    -6.431482944967409e-05, 
                    -6.431482944967409e-05
                ]
            ], 
            "Flow Outlet 1001": [
                [
                    6.075665389602968e-05, 
                    6.442569713263207e-05, 
                    6.417194496276837e-05, 
                    6.425930527346046e-05, 
                    6.42428773085651e-05, 
                    6.425120584926642e-05, 
                    6.424938765535325e-05, 
                    6.42486420483741e-05, 
                    6.424782102022184e-05, 
                    6.42499002520279e-05, 
                    6.424758945251102e-05, 
                    6.424848382942161e-05, 
                    6.424813134845777e-05, 
                    6.424839214851516e-05, 
                    6.424901559045291e-05, 
                    6.424975056032228e-05, 
                    6.424965785744249e-05, 
                    6.424644678429044e-05, 
                    6.423587277479994e-05, 
                    6.421526522747881e-05, 
                    6.419175047371003e-05, 
                    6.418928796214316e-05, 
                    6.419857496268674e-05, 
                    6.420284955754928e-05, 
                    6.419954697903357e-05, 
                    6.420359572025985e-05, 
                    6.419894126405357e-05, 
                    6.420556311573996e-05, 
                    6.422268598428252e-05, 
                    6.424129895669666e-05, 
                    6.424075982460502e-05, 
                    6.4234311107777e-05, 
                    6.423093009242011e-05, 
                    6.423386528280772e-05
                ]
            ], 
            "Flow Outlet 1002": [
                0
            ]
        }
    ], 
    "Hemodynamic Parameters_1001_AB": [
        {
            "B": 1971540980136.0298, 
            "A": -127357206.42673326
        }
    ], 
    "Outlet 1001": [
        {
            "Diameter": 0.019962587721829683, 
            "Center Node": 408, 
            "Flow_outlet(mean)": 6.413341183106344e-05, 
            "Reynolds(mean)": 1227.150601971352, 
            "Total_area_outlet": 0.00031298575517654066,