{
    "name": [
        "I:/PROYECTOS/ESTUDIANTES/Sergio/V1/GID\\Modelo_4_170.gid\\Modelo_4_170.json"
    ], 
    "Pressures": [
        {
            "Pressure Inlet": [
                [
                    1914.1958586400879, 
                    -825.2449581254983, 
                    222.56141976701278, 
                    -20.918723553862584, 
                    42.91828123668008, 
                    35.87551892693431, 
                    44.955941948696825, 
                    41.37438608652609, 
                    31.612666536479676, 
                    30.222694871791603, 
                    41.897442018397705, 
                    49.24248072592886, 
                    48.629354618814745, 
                    39.307224557429905, 
                    33.11863226286789, 
                    33.35751184263995, 
                    36.08880642905189, 
                    30.837497734960312, 
                    34.82402119075062, 
                    32.31053975684809, 
                    32.18265104660466, 
                    32.198694058455665, 
                    31.542830418475482, 
                    30.84307909548592, 
                    29.74886563538473, 
                    28.552838117567255, 
                    28.36577827491988, 
                    29.057715342728606
                ]
            ], 
            "Pressure Outlet 1002": [
                0
            ], 
            "Pressure Outlet 1001": [
                [
                    0.0, 
                    0.0, 
                    0.0, 
                    0.0, 
                    0.0, 
                    0.0, 
                    0.0, 
                    0.0, 
                    0.0, 
                    0.0, 
                    0.0, 
                    0.0, 
                    0.0, 
                    0.0, 
                    0.0, 
                    0.0, 
                    0.0, 
                    0.0, 
                    0.0, 
                    0.0, 
                    0.0, 
                    0.0, 
                    0.0, 
                    0.0, 
                    0.0, 
                    0.0, 
                    0.0, 
                    0.0
                ]
            ]
        }
    ], 
    "Simulations_Parameters": [
        {
            "SolverType(1:AMGCGL,2:AMGCL_NS_Solver,3:BICGSTABSolver)": 1, 
            "Config_conditions(1:V-P-P),(2:V-V-P)": 1, 
            "Time_vector": [
                0, 
                7.0
            ], 
            "AutomaticDeltaTime": true, 
            "Dt": 0.05
        }
    ], 
    "Inlet": [
        {
            "Flow_inlet(mean)": -6.420520455431988e-05, 
            "Centroid": [
                -0.00010319409110340905, 
                -2.6215637677039877e-05, 
                -0.031420356708522716
            ], 
            "Flow_inlet(peak)": -6.420520455431988e-05, 
            "Reynolds(mean)": -1228.518406006811, 
            "Diameter": 0.01996268363257169, 
            "Reynolds(peak)": -1228.518406006811, 
            "Parabolic": true, 
            "Center Node": 75267, 
            "Total_area_inlet": 0.00031298876267923
        }
    ], 
    "Fluid Characteristic": [
        {
            "blood_dynamic_viscosity": 0.0035, 
            "blood_kinematic_viscosity": 3.3333333333333333e-06, 
            "blood_density": 1050.0
        }
    ], 
    "Time": [
        {
            "Time": [
                0.05, 
                0.16503162692300732, 
                0.28775119999806686, 
                0.4293012153207775, 
                0.5919737814739159, 
                0.7787410141794665, 
                0.9962985220671026, 
                1.242539826254345, 
                1.4887811304415874, 
                1.7350224346288299, 
                1.9961340992739909, 
                2.3205809463469746, 
                2.767358092719031, 
                3.3032570938469052, 
                3.8391560949747796, 
                4.3750550961026535, 
                4.385055096102653, 
                4.390055096102653, 
                4.62569362393831, 
                4.861371974682406, 
                5.080128549728303, 
                5.3104618904465735, 
                5.5484757488401915, 
                5.8010605825685415, 
                6.093276524322981, 
                6.43064601793438, 
                6.768015511545778, 
                7.105385005157177
            ]
        }
    ], 
    "Bifurcation: ": [
        false
    ], 
    "Outlet 1001": [
        {
            "Flow_outlet(peak)": 6.429760470060531e-05, 
            "Flow_outlet(mean)": 6.399515397642464e-05, 
            "Centroid": [
                1.234316127888889e-05, 
                9.513770873552552e-05, 
                0.26997999999999905
            ], 
            "Reynolds(mean)": 1224.5051289973237, 
            "Diameter": 0.019962587721368066, 
            "Reynolds(peak)": 1230.2923244334754, 
            "Total_area_outlet": 0.00031298575516206564, 
            "Center Node": 447
        }
    ], 
    "Hemodynamic Parameters_1001_ABC": [
        {
            "B": 177817297810.58472, 
            "C": -7287290.404809214, 
            "A": -10853516.21265383
        }
    ], 
    "Flow": [
        {
            "Flow Inlet": [
                [
                    -6.420520455431988e-05, 
                    -6.420520455431988e-05, 
                    -6.420520455431988e-05, 
                    -6.420520455431988e-05, 
                    -6.420520455431988e-05, 
                    -6.420520455431988e-05, 
                    -6.420520455431988e-05, 
                    -6.420520455431988e-05, 
                    -6.420520455431988e-05, 
                    -6.420520455431988e-05, 
                    -6.420520455431988e-05, 
                    -6.420520455431988e-05, 
                    -6.420520455431988e-05, 
                    -6.420520455431988e-05, 
                    -6.420520455431988e-05, 
                    -6.420520455431988e-05, 
                    -6.420520455431988e-05, 
                    -6.420520455431988e-05, 
                    -6.420520455431988e-05, 
                    -6.420520455431988e-05, 
                    -6.420520455431988e-05, 
                    -6.420520455431988e-05, 
                    -6.420520455431988e-05, 
                    -6.420520455431988e-05, 
                    -6.420520455431988e-05, 
                    -6.420520455431988e-05, 
                    -6.420520455431988e-05, 
                    -6.420520455431988e-05
                ]
            ], 
            "Flow Outlet 1002": [
                0
            ],