{
    "Inlet": [
        {
            "Flow_inlet(peak)": -6.417259087032346e-05, 
            "Reynolds(mean)": -1227.8943676386536, 
            "Reynolds(peak)": -1227.8943676386536, 
            "Flow_inlet(mean)": -6.417259087032346e-05, 
            "Centroid": [
                -0.00010319409110340905, 
                -2.6215637677039877e-05, 
                -0.031420356708522716
            ], 
            "Parabolic": true, 
            "Center Node": 188917, 
            "Total_area_inlet": 0.00031298876267923, 
            "Diameter": 0.01996268363257169
        }
    ], 
    "Hemodynamic Parameters_1001_AB": [
        {
            "A": -114910390.59275377, 
            "B": 1781065774130.3467
        }
    ], 
    "Bifurcation: ": [
        false
    ], 
    "Flow": [
        {
            "Flow Outlet 1001": [
                [
                    6.052412782833532e-05, 
                    6.43305541589159e-05, 
                    6.405489621961442e-05, 
                    6.412372578551751e-05, 
                    6.410737361621857e-05, 
                    6.411534510545824e-05, 
                    6.411361256729721e-05, 
                    6.411288855102554e-05, 
                    6.411226954546495e-05, 
                    6.411258342847522e-05, 
                    6.411363630976475e-05, 
                    6.411491980905606e-05, 
                    6.411526925892401e-05, 
                    6.411526073671613e-05, 
                    6.411662304390754e-05, 
                    6.411465287472709e-05, 
                    6.409735014421728e-05, 
                    6.407999009564694e-05, 
                    6.409277272905789e-05, 
                    6.411440835732548e-05, 
                    6.41154164404483e-05, 
                    6.411095395113138e-05, 
                    6.411242804737215e-05, 
                    6.411586106164053e-05, 
                    6.412089789471012e-05, 
                    6.411933625552443e-05, 
                    6.411055279678539e-05
                ]
            ], 
            "Flow Inlet": [
                [
                    -6.417259087032346e-05, 
                    -6.417259087032346e-05, 
                    -6.417259087032346e-05, 
                    -6.417259087032346e-05, 
                    -6.417259087032346e-05, 
                    -6.417259087032346e-05, 
                    -6.417259087032346e-05, 
                    -6.417259087032346e-05, 
                    -6.417259087032346e-05, 
                    -6.417259087032346e-05, 
                    -6.417259087032346e-05, 
                    -6.417259087032346e-05, 
                    -6.417259087032346e-05, 
                    -6.417259087032346e-05, 
                    -6.417259087032346e-05, 
                    -6.417259087032346e-05, 
                    -6.417259087032346e-05, 
                    -6.417259087032346e-05, 
                    -6.417259087032346e-05, 
                    -6.417259087032346e-05, 
                    -6.417259087032346e-05, 
                    -6.417259087032346e-05, 
                    -6.417259087032346e-05, 
                    -6.417259087032346e-05, 
                    -6.417259087032346e-05, 
                    -6.417259087032346e-05, 
                    -6.417259087032346e-05
                ]
            ], 
            "Flow Outlet 1002": [
                0
            ]
        }
    ], 
    "Fluid Characteristic": [
        {
            "blood_dynamic_viscosity": 0.0035, 
            "blood_density": 1050.0, 
            "blood_kinematic_viscosity": 3.3333333333333333e-06
        }
    ], 
    "Hemodynamic Parameters_1001_ABC": [
        {
            "A": 115433016.04556794, 
            "B": -1789210006349.3994, 
            "C": 808658.7155052274
        }
    ], 
    "Outlet 1001": [
        {
            "Flow_outlet(mean)": 6.398472987456587e-05, 
            "Reynolds(mean)": 1224.3056706493185, 
            "Reynolds(peak)": 1230.9227905966557, 
            "Flow_outlet(peak)": 6.43305541589159e-05, 
            "Total_area_outlet": 0.00031298575517405973, 
            "Centroid": [
                8.330871757666676e-05, 
                0.00013302512240608139, 
                0.289990000000001
            ], 
            "Center Node": 403, 
            "Diameter": 0.019962587721750566
        }
    ], 
    "Pressures": [
        {
            "Pressure Inlet": [
                [
                    1787.581517526375, 
                    -754.8630824640695, 
                    202.5034220523782, 
                    -15.48640049867662, 
                    43.2116973315175, 
                    41.55234773737167, 
                    56.55033431845694, 
                    61.767561244252015, 
                    58.88474185003709, 
                    48.5333166342048, 
                    34.27933791889642, 
                    31.137194102429728, 
                    41.2958089194095, 
                    48.728435788171446, 
                    51.794286217135195, 
                    51.81762886243367, 
                    52.00708940747694, 
                    50.468727033293405, 
                    43.6896603864438, 
                    40.13739592145429, 
                    42.215545007668084, 
                    36.43414115222723, 
                    45.17285834568047, 
                    44.96016631068896, 
                    44.49226331224032, 
                    47.83678587433738, 
                    47.51139069619633
                ]
            ], 
            "Pressure Outlet 1001": [
                [
                    0.0, 
                    0.0, 
                    0.0, 
                    0.0, 
                    0.0, 
                    0.0, 
                    0.0, 
                    0.0, 
                    0.0, 
                    0.0, 
                    0.0, 
                    0.0, 
                    0.0, 
                    0.0, 
                    0.0, 
                    0.0, 
                    0.0, 
                    0.0, 
                    0.0, 
                    0.0, 
                    0.0, 
                    0.0, 
                    0.0, 
                    0.0, 
                    0.0, 
                    0.0, 
                    0.0
                ]
            ], 
            "Pressure Outlet 1002": [
                0
            ]
        }
    ], 
    "Time": [
        {
            "Time": [
                0.05, 
                0.13839012601263692, 
                0.23495230177829057, 
                0.35048281920026303, 
                0.49150134023430236, 
                0.6642471182051383, 
                0.8731232202761255, 
                1.1229829248060201, 
                1.4068222602439062, 
                1.7635623103284495, 
                2.120302360412993, 
                2.4770424104975364, 
                2.83378246058208, 
                3.1905225106666233, 
                3.5472625607511667, 
                3.923357991503501, 
                4.35524411469224, 
                4.787130237880978, 
                5.330683210789378, 
                5.874236183697777, 
                5.884236183697777, 
                5.8892361836977765, 
                6.1383783685593984, 
                6.38752055342102, 
                6.6516489109115815, 
                6.898748028585483, 
                7.143108346924598
            ]
        }
    ], 
    "Simulations_Parameters": [
        {
            "Time_vector": [
                0, 
                7.0
            ], 
            "Config_conditions(1:V-P-P),(2:V-V-P)": 1, 
            "AutomaticDeltaTime": true, 
            "Dt": 0.05, 
            "SolverType(1:AMGCGL,2:AMGCL_NS_Solver,3:BICGSTABSolver)": 1
        }
    ], 
    "name": [
        "I:/PROYECTOS/ESTUDIANTES/Sergio/V1/GID\\Modelo_26_170_I.gid\\Modelo_26_170_I.json"
    ]
}