{
    "Flow": [
        {
            "Flow Inlet": [
                [
                    -6.421065623372395e-05, 
                    -6.421065623372395e-05, 
                    -6.421065623372395e-05, 
                    -6.421065623372395e-05, 
                    -6.421065623372395e-05, 
                    -6.421065623372395e-05, 
                    -6.421065623372395e-05, 
                    -6.421065623372395e-05, 
                    -6.421065623372395e-05, 
                    -6.421065623372395e-05, 
                    -6.421065623372395e-05, 
                    -6.421065623372395e-05, 
                    -6.421065623372395e-05, 
                    -6.421065623372395e-05, 
                    -6.421065623372395e-05, 
                    -6.421065623372395e-05, 
                    -6.421065623372395e-05, 
                    -6.421065623372395e-05, 
                    -6.421065623372395e-05, 
                    -6.421065623372395e-05, 
                    -6.421065623372395e-05, 
                    -6.421065623372395e-05, 
                    -6.421065623372395e-05, 
                    -6.421065623372395e-05, 
                    -6.421065623372395e-05, 
                    -6.421065623372395e-05, 
                    -6.421065623372395e-05, 
                    -6.421065623372395e-05, 
                    -6.421065623372395e-05, 
                    -6.421065623372395e-05, 
                    -6.421065623372395e-05, 
                    -6.421065623372395e-05, 
                    -6.421065623372395e-05, 
                    -6.421065623372395e-05, 
                    -6.421065623372395e-05, 
                    -6.421065623372395e-05, 
                    -6.421065623372395e-05, 
                    -6.421065623372395e-05, 
                    -6.421065623372395e-05, 
                    -6.421065623372395e-05, 
                    -6.421065623372395e-05, 
                    -6.421065623372395e-05, 
                    -6.421065623372395e-05, 
                    -6.421065623372395e-05
                ]
            ], 
            "Flow Outlet 1001": [
                [
                    6.0490755731614155e-05, 
                    6.425672238783933e-05, 
                    6.402865494849121e-05, 
                    6.411930175032555e-05, 
                    6.411391545343222e-05, 
                    6.412794939279348e-05, 
                    6.41328090463147e-05, 
                    6.413630629445656e-05, 
                    6.413636838716041e-05, 
                    6.413528858616244e-05, 
                    6.413451714900452e-05, 
                    6.413641884370119e-05, 
                    6.413451309224333e-05, 
                    6.413477831080503e-05, 
                    6.413396429826669e-05, 
                    6.413322764957365e-05, 
                    6.413259064106782e-05, 
                    6.413477032681092e-05, 
                    6.413769074653172e-05, 
                    6.413349145258242e-05, 
                    6.412755524463459e-05, 
                    6.411929544360352e-05, 
                    6.40994239711622e-05, 
                    6.410534333152079e-05, 
                    6.410373959347936e-05, 
                    6.409301104830303e-05, 
                    6.410249846689586e-05, 
                    6.411151213327639e-05, 
                    6.411447837145412e-05, 
                    6.411295726581685e-05, 
                    6.411624502330493e-05, 
                    6.412635783286791e-05, 
                    6.412791032249142e-05, 
                    6.412643645215103e-05, 
                    6.41319977212324e-05, 
                    6.413757813747202e-05, 
                    6.414162279989582e-05, 
                    6.413931025601259e-05, 
                    6.413242568561552e-05, 
                    6.413058159412271e-05, 
                    6.41352737346368e-05, 
                    6.413117990659921e-05, 
                    6.412950436870149e-05, 
                    6.412597637058033e-05
                ]
            ], 
            "Flow Outlet 1002": [
                0
            ]
        }
    ], 
    "Outlet 1001": [
        {
            "Flow_outlet(peak)": 6.425672238783933e-05, 
            "Reynolds(peak)": 1229.5100682771217, 
            "Reynolds(mean)": 1225.4442227113368, 
            "Total_area_outlet": 0.0003129857551740598, 
            "Centroid": [
                5.0992123060165786e-05, 
                0.00011443458853698699, 
                0.289990000000001
            ], 
            "Center Node": 465, 
            "Flow_outlet(mean)": 6.404423294465927e-05, 
            "Diameter": 0.019962587721750566
        }
    ], 
    "Pressures": [
        {
            "Pressure Outlet 1001": [
                [
                    0.0, 
                    0.0, 
                    0.0, 
                    0.0, 
                    0.0, 
                    0.0, 
                    0.0, 
                    0.0, 
                    0.0, 
                    0.0, 
                    0.0, 
                    0.0, 
                    0.0, 
                    0.0, 
                    0.0, 
                    0.0, 
                    0.0, 
                    0.0, 
                    0.0, 
                    0.0, 
                    0.0, 
                    0.0, 
                    0.0, 
                    0.0, 
                    0.0, 
                    0.0, 
                    0.0, 
                    0.0, 
                    0.0, 
                    0.0, 
                    0.0, 
                    0.0, 
                    0.0, 
                    0.0, 
                    0.0, 
                    0.0, 
                    0.0, 
                    0.0, 
                    0.0, 
                    0.0, 
                    0.0, 
                    0.0, 
                    0.0, 
                    0.0
                ]
            ], 
            "Pressure Inlet": [
                [
                    2017.0065309251745, 
                    -829.5527979996031, 
                    224.5663001643899, 
                    -9.40582163369843, 
                    51.73727220860276, 
                    47.522584513361686, 
                    62.479651935869924, 
                    74.45446583023413, 
                    84.34805592206246, 
                    89.1455393841481, 
                    90.80670784130443, 
                    97.96634237530698, 
                    88.20022941542352, 
                    86.07621383260482, 
                    80.79440164567797, 
                    81.63072529514919, 
                    87.71250158229847, 
                    91.89307028408929, 
                    89.86281261069323, 
                    83.46064066887769, 
                    78.60125124280034, 
                    82.13890789155923, 
                    88.07960573208426, 
                    94.57546148807631, 
                    87.46243440931835, 
                    88.21031553762083, 
                    78.50612588929378, 
                    71.57077156422379, 
                    71.33767808110505, 
                    74.1475941614908, 
                    79.98391887736103, 
                    82.89422368803626, 
                    85.08602077233883, 
                    79.46947086150205, 
                    79.81617251786926, 
                    75.84444585642238, 
                    71.36272563350425, 
                    69.47516788228728, 
                    73.98794156052972, 
                    80.34699767673222, 
                    82.3590090117864, 
                    76.83520925218525, 
                    71.55870303557744, 
                    73.67181128813691
                ]
            ], 
            "Pressure Outlet 1002": [
                0
            ]
        }
    ],