{
    "Hemodynamic Parameters_1001_AB": [
        {
            "A": -125002357.93205957, 
            "B": 1922999444710.3264
        }
    ], 
    "Time": [
        {
            "Time": [
                0.05, 
                0.1610148348426814, 
                0.2774870278098939, 
                0.40657557731247246, 
                0.5525151652328517, 
                0.6896305413355082, 
                0.8402361722405747, 
                1.0137472211869274, 
                1.2239228410938068, 
                1.5073681834642352, 
                1.8007659293492768, 
                2.160705181729697, 
                2.5864219651792864, 
                2.596421965179286, 
                2.601421965179286, 
                2.8795683903711295, 
                3.168016696747519, 
                3.455397610049441, 
                3.7459624667008353, 
                4.03133724800661, 
                4.3154070052586615, 
                4.67072224056455, 
                5.091788196208489, 
                5.57005086179306, 
                6.144255265549236, 
                6.834614993366434, 
                7.716726165381473
            ]
        }
    ], 
    "Bifurcation: ": [
        false
    ], 
    "Fluid Characteristic": [
        {
            "blood_dynamic_viscosity": 0.0035, 
            "blood_density": 1050.0, 
            "blood_kinematic_viscosity": 3.3333333333333333e-06
        }
    ], 
    "Hemodynamic Parameters_1001_ABC": [
        {
            "A": 151762638.28625172, 
            "B": -2340914241449.127, 
            "C": 69417278.49364567
        }
    ], 
    "Pressures": [
        {
            "Pressure Inlet": [
                [
                    1804.444080393595, 
                    -761.0849206468738, 
                    234.57404250404147, 
                    26.12962015126153, 
                    107.84700757521453, 
                    119.20393362338388, 
                    135.51121217404688, 
                    137.97136693287877, 
                    133.80832447112414, 
                    133.8724472730857, 
                    131.82020247301406, 
                    121.66935251476477, 
                    110.92008162766264, 
                    108.84857859844269, 
                    102.68785627571232, 
                    114.5297180593493, 
                    125.03886491788082, 
                    132.1422011649968, 
                    131.7805331589048, 
                    126.78700244636848, 
                    127.7177072098788, 
                    128.80603041674217, 
                    131.83063673594668, 
                    123.91178612220627, 
                    117.46617663047368, 
                    131.24051271703715, 
                    135.45882863601022
                ]
            ], 
            "Pressure Outlet 1001": [
                [
                    0.0, 
                    0.0, 
                    0.0, 
                    0.0, 
                    0.0, 
                    0.0, 
                    0.0, 
                    0.0, 
                    0.0, 
                    0.0, 
                    0.0, 
                    0.0, 
                    0.0, 
                    0.0, 
                    0.0, 
                    0.0, 
                    0.0, 
                    0.0, 
                    0.0, 
                    0.0, 
                    0.0, 
                    0.0, 
                    0.0, 
                    0.0, 
                    0.0, 
                    0.0, 
                    0.0
                ]
            ], 
            "Pressure Outlet 1002": [
                0
            ]
        }
    ], 
    "Inlet": [
        {
            "Reynolds(mean)": -1226.0191809241087, 
            "Reynolds(peak)": -1226.0191809241087, 
            "Total_area_inlet": 0.00031298876267923, 
            "Flow_inlet(mean)": -6.407458928890945e-05, 
            "Diameter": 0.01996268363257169, 
            "Flow_inlet(peak)": -6.407458928890945e-05, 
            "Parabolic": true, 
            "Center Node": 143245, 
            "Centroid": [
                -0.00010319409110340905, 
                -2.6215637677039877e-05, 
                -0.031420356708522716
            ]
        }
    ], 
    "Outlet 1001": [
        {
            "Flow_outlet(mean)": 6.385391697576222e-05, 
            "Reynolds(mean)": 1221.8025890948634, 
            "Reynolds(peak)": 1227.7482224974583, 
            "Flow_outlet(peak)": 6.416464800960205e-05, 
            "Diameter": 0.019962588749112914, 
            "Center Node": 417, 
            "Total_area_outlet": 0.00031298578738930095, 
            "Centroid": [
                6.215379717078656e-05, 
                5.614083298509638e-05, 
                0.25
            ]
        }
    ], 
    "Simulations_Parameters": [
        {
            "Time_vector": [
                0, 
                7.0
            ], 
            "Config_conditions(1:V-P-P),(2:V-V-P)": 1, 
            "AutomaticDeltaTime": true, 
            "Dt": 0.05, 
            "SolverType(1:AMGCGL,2:AMGCL_NS_Solver,3:BICGSTABSolver)": 1
        }
    ], 
    "Flow": [
        {
            "Flow Outlet 1001": [
                [
                    6.0348998991904274e-05, 
                    6.416464800960205e-05, 
                    6.391241618006787e-05, 
                    6.400771554600594e-05, 
                    6.399400410996153e-05, 
                    6.4003493721865e-05, 
                    6.400338526014699e-05, 
                    6.40039468693946e-05, 
                    6.400349798622882e-05, 
                    6.400316026632222e-05, 
                    6.40026189218364e-05, 
                    6.400366497605331e-05, 
                    6.400930088582535e-05, 
                    6.400868893843457e-05, 
                    6.400782930934869e-05, 
                    6.399868275183253e-05, 
                    6.398591070931916e-05, 
                    6.397979040830385e-05, 
                    6.395690956072098e-05, 
                    6.392774315788736e-05, 
                    6.393225133428814e-05, 
                    6.3962031385256e-05, 
                    6.397757021219344e-05, 
                    6.397081539746644e-05, 
                    6.397504940102613e-05, 
                    6.395588789958692e-05, 
                    6.395574615470139e-05
                ]
            ],