{
    "Bifurcation: ": [
        false
    ], 
    "Hemodynamic Parameters_1001_ABC": [
        {
            "B": -356495817568.4227, 
            "C": 1804889.5893571675, 
            "A": 25781334.55341935
        }
    ], 
    "Simulations_Parameters": [
        {
            "Dt": 0.05, 
            "AutomaticDeltaTime": true, 
            "SolverType(1:AMGCGL,2:AMGCL_NS_Solver,3:BICGSTABSolver)": 1, 
            "Config_conditions(1:V-P-P),(2:V-V-P)": 1, 
            "Time_vector": [
                0, 
                7.0
            ]
        }
    ], 
    "Time": [
        {
            "Time": [
                0.05, 
                0.11181964110674916, 
                0.18745986979637097, 
                0.27453500732398184, 
                0.3766782704571579, 
                0.4981895892671549, 
                0.6374205371051713, 
                0.764805784644, 
                0.9482832737311498, 
                1.1317607628182997, 
                1.309426590081961, 
                1.3194265900819608, 
                1.3244265900819607, 
                1.4461576846902366, 
                1.5528090827211116, 
                1.6570273676644602, 
                1.764574440074897, 
                1.8715362448144262, 
                1.976404721676911, 
                2.098741665191787, 
                2.2497631379486998, 
                2.434160619088639, 
                2.6562816228332604, 
                2.66628162283326, 
                2.67128162283326, 
                2.8218318941192835, 
                2.9515478101204566, 
                3.0827688163591054, 
                3.2149641461770946, 
                3.3514762499168573, 
                3.5006305898742456, 
                3.6814033359882137, 
                3.872984833656137, 
                4.102081323382659, 
                4.331177813109181, 
                4.560274302835703, 
                4.789370792562225, 
                5.063713617474384, 
                5.391730836499368, 
                5.828844723233393, 
                5.838844723233393, 
                5.843844723233393, 
                6.065634529770673, 
                6.287424336307953, 
                6.50439813548094, 
                6.719417477569035, 
                6.929729592127751, 
                7.140041706686468
            ]
        }
    ], 
    "Inlet": [
        {
            "Flow_inlet(peak)": -6.663946391859009e-05, 
            "Reynolds(mean)": -1273.8086042496225, 
            "Diameter": 0.019982861320051996, 
            "Reynolds(peak)": -1273.8086042496225, 
            "Flow_inlet(mean)": -6.663946391859009e-05, 
            "Centroid": [
                3.441915867130887e-05, 
                6.538258523934007e-05, 
                -0.03142035670497381
            ], 
            "Total_area_inlet": 0.0003136218019297123, 
            "Parabolic": true, 
            "Center Node": 479921
        }
    ], 
    "name": [
        "I:/PROYECTOS/ESTUDIANTES/Sergio/V1/GID\\Modelo_20_120.gid\\Modelo_20_120.json"
    ], 
    "Outlet 1001": [
        {
            "Flow_outlet(peak)": 6.672041986525455e-05, 
            "Reynolds(mean)": 1272.5133320189918, 
            "Diameter": 0.01998285171294973, 
            "Reynolds(peak)": 1275.3566845509376, 
            "Centroid": [
                -1.3451410917705567e-05, 
                -2.9327487183056584e-05, 
                0.25
            ], 
            "Total_area_outlet": 0.00031362150037169697, 
            "Flow_outlet(mean)": 6.657166957676317e-05, 
            "Center Node": 1565
        }
    ], 
    "Fluid Characteristic": [
        {
            "blood_dynamic_viscosity": 0.0035, 
            "blood_kinematic_viscosity": 3.3333333333333333e-06, 
            "blood_density": 1050.0
        }
    ], 
    "Hemodynamic Parameters_1001_AB": [
        {
            "B": 334081665004.4743, 
            "A": -24289121.28644114
        }
    ], 
    "Pressures": [
        {
            "Pressure Outlet 1001": [
                [
                    0.0, 
                    0.0, 
                    0.0, 
                    0.0, 
                    0.0, 
                    0.0, 
                    0.0, 
                    0.0, 
                    0.0, 
                    0.0, 
                    0.0, 
                    0.0, 
                    0.0, 
                    0.0, 
                    0.0, 
                    0.0, 
                    0.0, 
                    0.0, 
                    0.0, 
                    0.0, 
                    0.0, 
                    0.0, 
                    0.0, 
                    0.0, 
                    0.0, 
                    0.0, 
                    0.0, 
                    0.0, 
                    0.0, 
                    0.0, 
                    0.0, 
                    0.0, 
                    0.0, 
                    0.0, 
                    0.0, 
                    0.0, 
                    0.0, 
                    0.0, 
                    0.0, 
                    0.0, 
                    0.0, 
                    0.0, 
                    0.0, 
                    0.0, 
                    0.0, 
                    0.0, 
                    0.0, 
                    0.0
                ]
            ], 
            "Pressure Outlet 1002": [
                0
            ], 
            "Pressure Inlet": [
                [
                    1849.678469145579, 
                    -790.3413416938275, 
                    240.13084513400676, 
                    5.739532088663366, 
                    84.14391150166543, 
                    94.98692651073569, 
                    122.35527335318787, 
                    132.627742884492, 
                    131.5031041534857, 
                    131.55066525124613, 
                    135.44850392383606, 
                    142.29342352070933, 
                    140.28238398509183, 
                    138.5100747114414, 
                    133.17057153182495, 
                    128.48315092476756, 
                    132.04972811448422, 
                    141.54382130296224, 
                    148.54820581170134, 
                    147.02376026487224, 
                    135.6257973525021, 
                    121.5959012230166, 
                    119.86954351613647, 
                    133.10057782917931, 
                    133.78340913057826, 
                    138.08513686656465, 
                    147.58045524479272, 
                    133.4919252811209, 
                    122.9923528797831, 
                    124.56295860423799, 
                    138.3823231239083, 
                    147.26464749890556, 
                    141.36982150054524, 
                    131.81896891766857, 
                    131.7443724251317, 
                    139.59398997495626, 
                    142.56312575369114, 
                    135.21516912894006, 
                    134.88554383203126, 
                    135.20976483917428, 
                    141.59377850977356, 
                    138.4922943495483, 
                    135.21744272020285, 
                    132.6821077655348, 
                    135.50872218658847, 
                    137.9444332357756, 
                    136.62591946460915, 
                    134.7726760676077
                ]
            ]
        }
    ],