{
    "Inlet": [
        {
            "Flow_inlet(peak)": -6.409780330422553e-05, 
            "Reynolds(mean)": -1226.4633636860997, 
            "Flow_inlet(mean)": -6.409780330422553e-05, 
            "Centroid": [
                -0.00010319409110340905, 
                -2.6215637677039877e-05, 
                -0.031420356708522716
            ], 
            "Parabolic": true, 
            "Diameter": 0.01996268363257169, 
            "Reynolds(peak)": -1226.4633636860997, 
            "Total_area_inlet": 0.00031298876267923, 
            "Center Node": 188776
        }
    ], 
    "Pressures": [
        {
            "Pressure Inlet": [
                [
                    1812.8166607964345, 
                    -778.5457168270972, 
                    210.87016121475565, 
                    -16.36959167840686, 
                    46.55935581830036, 
                    43.57946902924231, 
                    54.71671228444481, 
                    56.45829961281115, 
                    53.87497998107486, 
                    45.48902640607666, 
                    37.66516789382504, 
                    45.35716852340545, 
                    54.92524754226667, 
                    49.40648948580054, 
                    58.0391345507078, 
                    59.23641565054699, 
                    56.55622899665188, 
                    51.49036833735664, 
                    48.42578317420716, 
                    51.48739632831532, 
                    51.52700863572646, 
                    44.16175497769051, 
                    36.51510230274717, 
                    30.96897614130101, 
                    29.975802663849905, 
                    29.354380507997714, 
                    27.94812256804403, 
                    28.921372103975106, 
                    30.047655073095623, 
                    30.12579341228962, 
                    29.835516061384126, 
                    29.333272194871977, 
                    29.713494538703873, 
                    31.57741824340574, 
                    33.28138469369975
                ]
            ], 
            "Pressure Outlet 1001": [
                [
                    0.0, 
                    0.0, 
                    0.0, 
                    0.0, 
                    0.0, 
                    0.0, 
                    0.0, 
                    0.0, 
                    0.0, 
                    0.0, 
                    0.0, 
                    0.0, 
                    0.0, 
                    0.0, 
                    0.0, 
                    0.0, 
                    0.0, 
                    0.0, 
                    0.0, 
                    0.0, 
                    0.0, 
                    0.0, 
                    0.0, 
                    0.0, 
                    0.0, 
                    0.0, 
                    0.0, 
                    0.0, 
                    0.0, 
                    0.0, 
                    0.0, 
                    0.0, 
                    0.0, 
                    0.0, 
                    0.0
                ]
            ], 
            "Pressure Outlet 1002": [
                0
            ]
        }
    ], 
    "name": [
        "I:/PROYECTOS/ESTUDIANTES/Sergio/V1/GID\\Modelo_25_170_I.gid\\Modelo_25_170_I.json"
    ], 
    "Fluid Characteristic": [
        {
            "blood_dynamic_viscosity": 0.0035, 
            "blood_density": 1050.0, 
            "blood_kinematic_viscosity": 3.3333333333333333e-06
        }
    ], 
    "Simulations_Parameters": [
        {
            "Time_vector": [
                0, 
                7.0
            ], 
            "Config_conditions(1:V-P-P),(2:V-V-P)": 1, 
            "Dt": 0.05, 
            "SolverType(1:AMGCGL,2:AMGCL_NS_Solver,3:BICGSTABSolver)": 1, 
            "AutomaticDeltaTime": true
        }
    ], 
    "Outlet 1001": [
        {
            "Flow_outlet(mean)": 6.390519933766429e-05, 
            "Flow_outlet(peak)": 6.418890184792768e-05, 
            "Reynolds(mean)": 1222.7839061936527, 
            "Centroid": [
                4.4686525919553125e-05, 
                0.0001027568349083484, 
                0.289990000000001
            ], 
            "Diameter": 0.019962587721829683, 
            "Reynolds(peak)": 1228.2123669025195, 
            "Total_area_outlet": 0.00031298575517654066, 
            "Center Node": 543
        }
    ], 
    "Bifurcation: ": [
        false
    ], 
    "Time": [
        {
            "Time": [
                0.05, 
                0.15884523335651635, 
                0.27515261309713107, 
                0.4106468839326327, 
                0.5706389612444638, 
                0.7612462791013335, 
                0.989181372366743, 
                1.2326002024033236, 
                1.5111823811434686, 
                1.819639309589055, 
                2.1280962380346415, 
                2.436553166480228, 
                2.4465531664802276, 
                2.4515531664802275, 
                2.6816993432195364, 
                2.8847762520934928, 
                3.0918734387991655, 
                3.311323445173187, 
                3.539547697339244, 
                3.768673041163393, 
                4.042878608710252, 
                4.366435395239044, 
                4.7187687294836, 
                4.894935396605877, 
                5.071102063728155, 
                5.231885943881492, 
                5.392094837101012, 
                5.56916146383228, 
                5.753206963403131, 
                5.920355273997985, 
                6.075817786455078, 
                6.262550206811537, 
                6.484260588918208, 
                6.7479347588326535, 
                7.070530102254773
            ]
        }
    ], 
    "Hemodynamic Parameters_1001_AB": [
        {
            "A": -77511697.67481622, 
            "B": 1200959011981.814
        }
    ], 
    "Hemodynamic Parameters_1001_ABC": [
        {
            "A": 27260361.497321934, 
            "B": -415951268039.60986, 
            "C": -42011627.68626705
        }
    ], 
    "Flow": [
        {
            "Flow Inlet": [
                [
                    -6.409780330422553e-05, 
                    -6.409780330422553e-05, 
                    -6.409780330422553e-05, 
                    -6.409780330422553e-05, 
                    -6.409780330422553e-05, 
                    -6.409780330422553e-05, 
                    -6.409780330422553e-05, 
                    -6.409780330422553e-05, 
                    -6.409780330422553e-05, 
                    -6.409780330422553e-05, 
                    -6.409780330422553e-05, 
                    -6.409780330422553e-05, 
                    -6.409780330422553e-05, 
                    -6.409780330422553e-05, 
                    -6.409780330422553e-05, 
                    -6.409780330422553e-05, 
                    -6.409780330422553e-05, 
                    -6.409780330422553e-05, 
                    -6.409780330422553e-05, 
                    -6.409780330422553e-05, 
                    -6.409780330422553e-05, 
                    -6.409780330422553e-05, 
                    -6.409780330422553e-05, 
                    -6.409780330422553e-05, 
                    -6.409780330422553e-05, 
                    -6.409780330422553e-05, 
                    -6.409780330422553e-05, 
                    -6.409780330422553e-05, 
                    -6.409780330422553e-05, 
                    -6.409780330422553e-05, 
                    -6.409780330422553e-05, 
                    -6.409780330422553e-05, 
                    -6.409780330422553e-05, 
                    -6.409780330422553e-05, 
                    -6.409780330422553e-05
                ]
            ],