{
    "Outlet 1001": [
        {
            "Reynolds(peak)": 1230.6936059865131, 
            "Flow_outlet(peak)": 6.431857650054934e-05, 
            "Centroid": [
                7.287326260279321e-05, 
                0.00016334872656868424, 
                0.289990000000001
            ], 
            "Reynolds(mean)": 1225.3786670185336, 
            "Total_area_outlet": 0.00031298575517654066, 
            "Center Node": 411, 
            "Diameter": 0.019962587721829683, 
            "Flow_outlet(mean)": 6.404080686971281e-05
        }
    ], 
    "Flow": [
        {
            "Flow Outlet 1002": [
                0
            ], 
            "Flow Inlet": [
                [
                    -6.423301074805268e-05, 
                    -6.423301074805268e-05, 
                    -6.423301074805268e-05, 
                    -6.423301074805268e-05, 
                    -6.423301074805268e-05, 
                    -6.423301074805268e-05, 
                    -6.423301074805268e-05, 
                    -6.423301074805268e-05, 
                    -6.423301074805268e-05, 
                    -6.423301074805268e-05, 
                    -6.423301074805268e-05, 
                    -6.423301074805268e-05, 
                    -6.423301074805268e-05, 
                    -6.423301074805268e-05, 
                    -6.423301074805268e-05, 
                    -6.423301074805268e-05, 
                    -6.423301074805268e-05, 
                    -6.423301074805268e-05, 
                    -6.423301074805268e-05, 
                    -6.423301074805268e-05, 
                    -6.423301074805268e-05, 
                    -6.423301074805268e-05, 
                    -6.423301074805268e-05, 
                    -6.423301074805268e-05, 
                    -6.423301074805268e-05, 
                    -6.423301074805268e-05, 
                    -6.423301074805268e-05, 
                    -6.423301074805268e-05, 
                    -6.423301074805268e-05, 
                    -6.423301074805268e-05
                ]
            ], 
            "Flow Outlet 1001": [
                [
                    6.062218677215948e-05, 
                    6.431857650054934e-05, 
                    6.407991484746166e-05, 
                    6.416876258052335e-05, 
                    6.415555193384955e-05, 
                    6.41657808009875e-05, 
                    6.416557839116063e-05, 
                    6.416547649666051e-05, 
                    6.416443754384983e-05, 
                    6.416406605899748e-05, 
                    6.416389366595618e-05, 
                    6.416406880667556e-05, 
                    6.416385924215523e-05, 
                    6.416323192525124e-05, 
                    6.416271397149468e-05, 
                    6.416251530757313e-05, 
                    6.416224276060807e-05, 
                    6.416162868418155e-05, 
                    6.416011259265502e-05, 
                    6.415316321825744e-05, 
                    6.41336384248691e-05, 
                    6.412145804263639e-05, 
                    6.413639710671693e-05, 
                    6.414690780814661e-05, 
                    6.414338467443692e-05, 
                    6.41488860848078e-05, 
                    6.41572865183621e-05, 
                    6.415609746937286e-05, 
                    6.41509752154732e-05, 
                    6.414141264555487e-05
                ]
            ]
        }
    ], 
    "Time": [
        {
            "Time": [
                0.05, 
                0.13982026590035945, 
                0.24943594431507515, 
                0.37380779440394163, 
                0.5060696938778104, 
                0.6643804668671238, 
                0.8443940005586884, 
                1.0546004562916704, 
                1.3093216583221154, 
                1.6227700885412315, 
                1.9655196894006992, 
                2.0392460869903384, 
                2.076109285785158, 
                2.303512740885897, 
                2.5292107234637475, 
                2.7551057551894713, 
                2.9816016475785085, 
                3.2082360383981974, 
                3.434667597894617, 
                3.7060008990763773, 
                4.031562878483224, 
                4.423606090923319, 
                4.815649303363414, 
                5.285736246612311, 
                5.794175660917803, 
                6.3026150752232954, 
                6.982535249277862, 
                6.992535249277862, 
                6.9975352492778615, 
                7.3311797400834795
            ]
        }
    ], 
    "Hemodynamic Parameters_1001_AB": [
        {
            "A": -188459096.48411435, 
            "B": 2915737552758.774
        }
    ], 
    "Bifurcation: ": [
        false
    ], 
    "Pressures": [
        {
            "Pressure Outlet 1002": [
                0
            ], 
            "Pressure Outlet 1001": [
                [
                    0.0, 
                    0.0, 
                    0.0, 
                    0.0, 
                    0.0, 
                    0.0, 
                    0.0, 
                    0.0, 
                    0.0, 
                    0.0, 
                    0.0, 
                    0.0, 
                    0.0, 
                    0.0, 
                    0.0, 
                    0.0, 
                    0.0, 
                    0.0, 
                    0.0, 
                    0.0, 
                    0.0, 
                    0.0, 
                    0.0, 
                    0.0, 
                    0.0, 
                    0.0, 
                    0.0, 
                    0.0, 
                    0.0, 
                    0.0
                ]
            ], 
            "Pressure Inlet": [
                [
                    1906.3783836550044, 
                    -802.9091332137981, 
                    222.2026272722389, 
                    -7.619969206282044, 
                    60.02566150163024, 
                    62.25029745652115, 
                    82.02617547236365, 
                    91.6813158213084, 
                    94.84017830307427, 
                    97.11862344270084, 
                    97.30946692290722, 
                    96.84706475895554, 
                    93.09850408620612, 
                    92.15610182363025, 
                    89.6703099492445, 
                    81.98226630654881, 
                    78.12521229284738, 
                    76.27642383253841, 
                    76.22172800544301, 
                    80.02964741902836, 
                    89.26188111512731, 
                    102.64458182532432, 
                    100.69685843570822, 
                    89.4814216676852, 
                    91.06004948399433, 
                    96.13748087556596, 
                    93.22379640855534, 
                    95.78308473709163, 
                    87.90084425795338, 
                    83.17345180899478
                ]
            ]
        }
    ], 
    "name": [
        "I:/PROYECTOS/ESTUDIANTES/Sergio/V1/GID\\Modelo_18_145_I.gid\\Modelo_18_145_I.json"
    ], 
    "Fluid Characteristic": [
        {
            "blood_density": 1050.0, 
            "blood_dynamic_viscosity": 0.0035, 
            "blood_kinematic_viscosity": 3.3333333333333333e-06
        }
    ], 
    "Simulations_Parameters": [
        {
            "SolverType(1:AMGCGL,2:AMGCL_NS_Solver,3:BICGSTABSolver)": 1, 
            "Time_vector": [
                0, 
                7.0
            ], 
            "Dt": 0.05, 
            "AutomaticDeltaTime": true,