{
    "Hemodynamic Parameters_1001_ABC": [
        {
            "B": -916620837952.4952, 
            "C": -4612822.924649075, 
            "A": 59474100.16482878
        }
    ], 
    "Fluid Characteristic": [
        {
            "blood_kinematic_viscosity": 3.3333333333333333e-06, 
            "blood_dynamic_viscosity": 0.0035, 
            "blood_density": 1050.0
        }
    ], 
    "Simulations_Parameters": [
        {
            "SolverType(1:AMGCGL,2:AMGCL_NS_Solver,3:BICGSTABSolver)": 1, 
            "Dt": 0.05, 
            "Config_conditions(1:V-P-P),(2:V-V-P)": 1, 
            "AutomaticDeltaTime": true, 
            "Time_vector": [
                0, 
                7.0
            ]
        }
    ], 
    "Hemodynamic Parameters_1001_AB": [
        {
            "B": 874192920155.6606, 
            "A": -56757207.643684715
        }
    ], 
    "Inlet": [
        {
            "Flow_inlet(mean)": -6.420630036153217e-05, 
            "Centroid": [
                -0.00010319409110340921, 
                -2.621563767704026e-05, 
                -0.031420356708522716
            ], 
            "Reynolds(peak)": -1228.5393734554636, 
            "Flow_inlet(peak)": -6.420630036153217e-05, 
            "Reynolds(mean)": -1228.5393734554636, 
            "Diameter": 0.01996268363257169, 
            "Total_area_inlet": 0.00031298876267923, 
            "Center Node": 188782, 
            "Parabolic": true
        }
    ], 
    "name": [
        "I:/PROYECTOS/ESTUDIANTES/Sergio/V1/GID\\Modelo_27_170_I.gid\\Modelo_27_170_I.json"
    ], 
    "Bifurcation: ": [
        false
    ], 
    "Pressures": [
        {
            "Pressure Outlet 1002": [
                0
            ], 
            "Pressure Inlet": [
                [
                    1784.6105670845861, 
                    -767.493347823232, 
                    208.21471372553668, 
                    -15.744895887399862, 
                    47.399957601111836, 
                    47.2769360529671, 
                    61.173980790251356, 
                    63.11229792908594, 
                    58.629541617431286, 
                    49.06978596869428, 
                    41.53939014441705, 
                    39.58285306594993, 
                    36.101325912193076, 
                    28.08783854238246, 
                    25.198463134191368, 
                    26.396507987597946, 
                    31.180038655378926, 
                    39.60338544568456, 
                    47.29676653309815, 
                    50.30035942375576, 
                    49.47926291462303, 
                    46.83431544328063, 
                    48.82413312017382, 
                    52.22548618117858, 
                    53.1090518906585, 
                    53.28628101915536, 
                    46.41105656573331, 
                    50.605091305200624, 
                    47.48623994274417, 
                    47.601975995073936, 
                    42.35577662965475, 
                    41.233843684630976, 
                    42.43312121993169, 
                    44.151599196900754, 
                    46.03131725279753, 
                    43.956365852312906, 
                    40.06046867970085, 
                    38.20765117946358
                ]
            ], 
            "Pressure Outlet 1001": [
                [
                    0.0, 
                    0.0, 
                    0.0, 
                    0.0, 
                    0.0, 
                    0.0, 
                    0.0, 
                    0.0, 
                    0.0, 
                    0.0, 
                    0.0, 
                    0.0, 
                    0.0, 
                    0.0, 
                    0.0, 
                    0.0, 
                    0.0, 
                    0.0, 
                    0.0, 
                    0.0, 
                    0.0, 
                    0.0, 
                    0.0, 
                    0.0, 
                    0.0, 
                    0.0, 
                    0.0, 
                    0.0, 
                    0.0, 
                    0.0, 
                    0.0, 
                    0.0, 
                    0.0, 
                    0.0, 
                    0.0, 
                    0.0, 
                    0.0, 
                    0.0
                ]
            ]
        }
    ], 
    "Flow": [
        {
            "Flow Outlet 1002": [
                0
            ], 
            "Flow Outlet 1001": [
                [
                    6.058102027180595e-05, 
                    6.435150896478513e-05, 
                    6.40818628057685e-05, 
                    6.416033328081593e-05, 
                    6.414098643317579e-05, 
                    6.414799401337231e-05, 
                    6.414565842882478e-05, 
                    6.414492854032731e-05, 
                    6.4144334004653e-05, 
                    6.414476081134249e-05, 
                    6.414523669714236e-05, 
                    6.41431606651027e-05, 
                    6.414615022279093e-05, 
                    6.414607041552067e-05, 
                    6.414663335563137e-05, 
                    6.414741796005469e-05, 
                    6.414847716278976e-05, 
                    6.41491765627979e-05, 
                    6.414818609103297e-05, 
                    6.414446492648708e-05, 
                    6.413717505254756e-05, 
                    6.412533653797701e-05, 
                    6.412243129464806e-05, 
                    6.414082286310593e-05, 
                    6.414797532874272e-05, 
                    6.414423305004182e-05, 
                    6.413984199597487e-05, 
                    6.413962450631155e-05, 
                    6.413913667543486e-05, 
                    6.413503344164075e-05, 
                    6.413012857388491e-05, 
                    6.412596321325619e-05, 
                    6.411493401044154e-05, 
                    6.410800018710022e-05, 
                    6.411291451804461e-05, 
                    6.412096928437176e-05, 
                    6.412585791731514e-05, 
                    6.413217938581625e-05
                ]
            ],