{
    "Simulations_Parameters": [
        {
            "AutomaticDeltaTime": true, 
            "Time_vector": [
                0, 
                7.0
            ], 
            "SolverType(1:AMGCGL,2:AMGCL_NS_Solver,3:BICGSTABSolver)": 1, 
            "Config_conditions(1:V-P-P),(2:V-V-P)": 1, 
            "Dt": 0.05
        }
    ], 
    "Bifurcation: ": [
        false
    ], 
    "Inlet": [
        {
            "Parabolic": true, 
            "Flow_inlet(mean)": -6.429023454811992e-05, 
            "Reynolds(mean)": -1230.1453911269598, 
            "Flow_inlet(peak)": -6.429023454811992e-05, 
            "Center Node": 104993, 
            "Total_area_inlet": 0.00031298876267923, 
            "Centroid": [
                -0.00010319409110340905, 
                -2.6215637677039877e-05, 
                -0.031420356708522716
            ], 
            "Diameter": 0.01996268363257169, 
            "Reynolds(peak)": -1230.1453911269598
        }
    ], 
    "Hemodynamic Parameters_1001_ABC": [
        {
            "A": -87058200.66292298, 
            "C": -35541113.11240931, 
            "B": 1385884630479.205
        }
    ], 
    "Pressures": [
        {
            "Pressure Outlet 1002": [
                0
            ], 
            "Pressure Outlet 1001": [
                [
                    0.0, 
                    0.0, 
                    0.0, 
                    0.0, 
                    0.0, 
                    0.0, 
                    0.0, 
                    0.0, 
                    0.0, 
                    0.0, 
                    0.0, 
                    0.0, 
                    0.0, 
                    0.0, 
                    0.0, 
                    0.0, 
                    0.0, 
                    0.0, 
                    0.0, 
                    0.0
                ]
            ], 
            "Pressure Inlet": [
                [
                    1891.5905670007098, 
                    -794.3357916409171, 
                    235.30596114530266, 
                    14.910740182601213, 
                    96.12133629424403, 
                    106.97013440051026, 
                    126.05510140146751, 
                    133.2463442262348, 
                    137.68760638587452, 
                    139.896652536554, 
                    128.70996966646067, 
                    119.67941771060336, 
                    117.88816949398377, 
                    121.28544870206318, 
                    122.54183781922507, 
                    121.256479252323, 
                    126.75899185353292, 
                    124.42289695019187, 
                    121.29228124249464, 
                    120.93275118227926
                ]
            ]
        }
    ], 
    "Flow": [
        {
            "Flow Outlet 1002": [
                0
            ], 
            "Flow Inlet": [
                [
                    -6.429023454811992e-05, 
                    -6.429023454811992e-05, 
                    -6.429023454811992e-05, 
                    -6.429023454811992e-05, 
                    -6.429023454811992e-05, 
                    -6.429023454811992e-05, 
                    -6.429023454811992e-05, 
                    -6.429023454811992e-05, 
                    -6.429023454811992e-05, 
                    -6.429023454811992e-05, 
                    -6.429023454811992e-05, 
                    -6.429023454811992e-05, 
                    -6.429023454811992e-05, 
                    -6.429023454811992e-05, 
                    -6.429023454811992e-05, 
                    -6.429023454811992e-05, 
                    -6.429023454811992e-05, 
                    -6.429023454811992e-05, 
                    -6.429023454811992e-05, 
                    -6.429023454811992e-05
                ]
            ], 
            "Flow Outlet 1001": [
                [
                    6.058435348154752e-05, 
                    6.431340065969694e-05, 
                    6.413138476896268e-05, 
                    6.422388055386462e-05, 
                    6.421029508224351e-05, 
                    6.421957514128763e-05, 
                    6.421836948427251e-05, 
                    6.421774764375619e-05, 
                    6.421659679337758e-05, 
                    6.42161374740686e-05, 
                    6.421643959675899e-05, 
                    6.421696718942594e-05, 
                    6.421804412763183e-05, 
                    6.42163509898025e-05, 
                    6.421289635810792e-05, 
                    6.421290388443768e-05, 
                    6.421048384225613e-05, 
                    6.420280475303261e-05, 
                    6.420225467862074e-05, 
                    6.420519428640252e-05
                ]
            ]
        }
    ], 
    "Hemodynamic Parameters_1001_AB": [
        {
            "A": 259686845.73236054, 
            "B": -4073908366509.9785
        }
    ], 
    "Outlet 1001": [
        {
            "Centroid": [
                4.09431105279329e-05, 
                8.761835146427014e-05, 
                0.26997999999999905
            ], 
            "Reynolds(mean)": 1225.2351053311927, 
            "Center Node": 498, 
            "Flow_outlet(mean)": 6.403330403947773e-05, 
            "Diameter": 0.019962587721366793, 
            "Total_area_outlet": 0.0003129857551620257, 
            "Reynolds(peak)": 1230.594569708755, 
            "Flow_outlet(peak)": 6.431340065969694e-05
        }
    ], 
    "name": [
        "I:/PROYECTOS/ESTUDIANTES/Sergio/V1/GID\\Modelo_15_120_I.gid\\Modelo_15_120_I.json"
    ], 
    "Time": [
        {
            "Time": [
                0.05, 
                0.14769599693110932, 
                0.2649310234854099, 
                0.39667425909322884, 
                0.5417570165816608, 
                0.706107267122473, 
                0.8861352432424471, 
                1.0505473874245994, 
                1.253520957886674, 
                1.531514260016377, 
                1.871769504336069, 
                2.216250472623752, 
                2.680810827263936, 
                3.2701162099161216, 
                3.8594215925683066, 
                4.564725737477537, 
                5.270029882386767, 
                5.975334027295998, 
                6.680638172205228, 
                7.385942317114458
            ]
        }
    ], 
    "Fluid Characteristic": [
        {
            "blood_density": 1050.0, 
            "blood_dynamic_viscosity": 0.0035, 
            "blood_kinematic_viscosity": 3.3333333333333333e-06
        }
    ]
}