{
    "Hemodynamic Parameters_1001_ABC": [
        {
            "C": -26855013.487885773, 
            "B": -1537720299207.0, 
            "A": 100570787.802665
        }
    ], 
    "Pressures": [
        {
            "Pressure Outlet 1002": [
                0
            ], 
            "Pressure Outlet 1001": [
                [
                    0.0, 
                    0.0, 
                    0.0, 
                    0.0, 
                    0.0, 
                    0.0, 
                    0.0, 
                    0.0, 
                    0.0, 
                    0.0, 
                    0.0, 
                    0.0, 
                    0.0, 
                    0.0, 
                    0.0, 
                    0.0, 
                    0.0, 
                    0.0, 
                    0.0, 
                    0.0, 
                    0.0
                ]
            ], 
            "Pressure Inlet": [
                [
                    1822.7380239622012, 
                    -761.6955416483405, 
                    229.0193090291841, 
                    19.75061426705446, 
                    98.30390017091635, 
                    111.63553380766274, 
                    132.10302122587623, 
                    137.56092610481102, 
                    138.56711172672792, 
                    138.9661142796453, 
                    133.77046208201406, 
                    119.36592713708238, 
                    117.58431068486321, 
                    130.10993179641363, 
                    132.15159409706047, 
                    132.76102793959723, 
                    134.1735753833481, 
                    131.30532545940497, 
                    125.52081319064139, 
                    126.83690268426743, 
                    118.21210046903977
                ]
            ]
        }
    ], 
    "Fluid Characteristic": [
        {
            "blood_kinematic_viscosity": 3.3333333333333333e-06, 
            "blood_density": 1050.0, 
            "blood_dynamic_viscosity": 0.0035
        }
    ], 
    "Bifurcation: ": [
        false
    ], 
    "Hemodynamic Parameters_1001_AB": [
        {
            "B": -684009319312.9475, 
            "A": 41856526.1155109
        }
    ], 
    "name": [
        "I:/PROYECTOS/ESTUDIANTES/Sergio/V1/GID\\Modelo_23_120_I.gid\\Modelo_23_120_I.json"
    ], 
    "Time": [
        {
            "Time": [
                0.05, 
                0.14517629916411878, 
                0.2450068819685527, 
                0.3575745595875927, 
                0.490177040066316, 
                0.6503577099764213, 
                0.843345849509352, 
                1.0614699534272631, 
                1.259888391196212, 
                1.5659801430867786, 
                1.9622432454530556, 
                2.393981873580186, 
                2.8257205017073166, 
                3.257459129834447, 
                3.834825762751705, 
                4.527665312707253, 
                5.220504862662801, 
                5.99751312924035, 
                6.989106202682727, 
                6.999106202682727, 
                7.004106202682727
            ]
        }
    ], 
    "Flow": [
        {
            "Flow Outlet 1002": [
                0
            ], 
            "Flow Inlet": [
                [
                    -6.41713914094575e-05, 
                    -6.41713914094575e-05, 
                    -6.41713914094575e-05, 
                    -6.41713914094575e-05, 
                    -6.41713914094575e-05, 
                    -6.41713914094575e-05, 
                    -6.41713914094575e-05, 
                    -6.41713914094575e-05, 
                    -6.41713914094575e-05, 
                    -6.41713914094575e-05, 
                    -6.41713914094575e-05, 
                    -6.41713914094575e-05, 
                    -6.41713914094575e-05, 
                    -6.41713914094575e-05, 
                    -6.41713914094575e-05, 
                    -6.41713914094575e-05, 
                    -6.41713914094575e-05, 
                    -6.41713914094575e-05, 
                    -6.41713914094575e-05, 
                    -6.41713914094575e-05, 
                    -6.41713914094575e-05
                ]
            ], 
            "Flow Outlet 1001": [
                [
                    6.048319820266852e-05, 
                    6.427673500650757e-05, 
                    6.401123569220248e-05, 
                    6.409966022826546e-05, 
                    6.408893279576809e-05, 
                    6.410020325164778e-05, 
                    6.410025430414358e-05, 
                    6.40996592863602e-05, 
                    6.409852379338449e-05, 
                    6.409801926184407e-05, 
                    6.409857566617868e-05, 
                    6.410054724990796e-05, 
                    6.410015819389134e-05, 
                    6.409909415945391e-05, 
                    6.409671000216506e-05, 
                    6.407236990444442e-05, 
                    6.407414944136253e-05, 
                    6.408489915669262e-05, 
                    6.406712813280563e-05, 
                    6.40748691619685e-05, 
                    6.407329355554902e-05
                ]
            ]
        }
    ], 
    "Simulations_Parameters": [
        {
            "Dt": 0.05, 
            "AutomaticDeltaTime": true, 
            "SolverType(1:AMGCGL,2:AMGCL_NS_Solver,3:BICGSTABSolver)": 1, 
            "Time_vector": [
                0, 
                7.0
            ], 
            "Config_conditions(1:V-P-P),(2:V-V-P)": 1
        }
    ], 
    "Outlet 1001": [
        {
            "Diameter": 0.019962587722046975, 
            "Total_area_outlet": 0.0003129857551833543, 
            "Reynolds(peak)": 1229.892996538281, 
            "Reynolds(mean)": 1223.1383747365815, 
            "Flow_outlet(mean)": 6.392372459272438e-05, 
            "Centroid": [
                1.2343161578888893e-05, 
                9.51377092105258e-05, 
                0.26997999999999905
            ], 
            "Center Node": 437, 
            "Flow_outlet(peak)": 6.427673500650757e-05
        }
    ], 
    "Inlet": [
        {
            "Diameter": 0.01996268363257169, 
            "Total_area_inlet": 0.00031298876267923, 
            "Reynolds(peak)": -1227.8714168551253, 
            "Reynolds(mean)": -1227.8714168551253, 
            "Flow_inlet(mean)": -6.41713914094575e-05, 
            "Centroid": [
                -0.00010319409110340905, 
                -2.6215637677039877e-05, 
                -0.031420356708522716
            ], 
            "Center Node": 167443, 
            "Parabolic": true, 
            "Flow_inlet(peak)": -6.41713914094575e-05
        }
    ]
}