{
    "Outlet 1001": [
        {
            "Center Node": 398, 
            "Diameter": 0.01996258700153491, 
            "Reynolds(mean)": 1224.5106614816818, 
            "Flow_outlet(mean)": 6.399544080780577e-05, 
            "Reynolds(peak)": 1230.86187224537, 
            "Flow_outlet(peak)": 6.432736811989116e-05, 
            "Centroid": [
                -0.00011324569943600012, 
                7.16004175085705e-05, 
                0.28999000000000097
            ], 
            "Total_area_outlet": 0.0003129857325900902
        }
    ], 
    "Hemodynamic Parameters_1001_AB": [
        {
            "A": 68016724.69621947, 
            "B": -1069600595884.695
        }
    ], 
    "Bifurcation: ": [
        false
    ], 
    "Pressures": [
        {
            "Pressure Outlet 1001": [
                [
                    0.0, 
                    0.0, 
                    0.0, 
                    0.0, 
                    0.0, 
                    0.0, 
                    0.0, 
                    0.0, 
                    0.0, 
                    0.0, 
                    0.0, 
                    0.0, 
                    0.0, 
                    0.0, 
                    0.0, 
                    0.0, 
                    0.0, 
                    0.0, 
                    0.0, 
                    0.0, 
                    0.0, 
                    0.0, 
                    0.0
                ]
            ], 
            "Pressure Inlet": [
                [
                    1575.0283305039718, 
                    -672.1299436753734, 
                    179.89768627425138, 
                    -14.338074394383357, 
                    39.42882482406594, 
                    38.19257046707442, 
                    49.06373824371409, 
                    50.564787538331444, 
                    47.94054040253012, 
                    39.14540176991073, 
                    27.489209393012615, 
                    33.735737652076864, 
                    48.939245083241154, 
                    51.923445339319045, 
                    47.79419089113735, 
                    43.454470760097536, 
                    44.77382776940831, 
                    42.64207606255889, 
                    34.851556984078215, 
                    25.138454535674637, 
                    23.432173862230208, 
                    26.19921705534384, 
                    26.68841109831193
                ]
            ], 
            "Pressure Outlet 1002": [
                0
            ]
        }
    ], 
    "Flow": [
        {
            "Flow Inlet": [
                [
                    -6.425596897462078e-05, 
                    -6.425596897462078e-05, 
                    -6.425596897462078e-05, 
                    -6.425596897462078e-05, 
                    -6.425596897462078e-05, 
                    -6.425596897462078e-05, 
                    -6.425596897462078e-05, 
                    -6.425596897462078e-05, 
                    -6.425596897462078e-05, 
                    -6.425596897462078e-05, 
                    -6.425596897462078e-05, 
                    -6.425596897462078e-05, 
                    -6.425596897462078e-05, 
                    -6.425596897462078e-05, 
                    -6.425596897462078e-05, 
                    -6.425596897462078e-05, 
                    -6.425596897462078e-05, 
                    -6.425596897462078e-05, 
                    -6.425596897462078e-05, 
                    -6.425596897462078e-05, 
                    -6.425596897462078e-05, 
                    -6.425596897462078e-05, 
                    -6.425596897462078e-05
                ]
            ], 
            "Flow Outlet 1001": [
                [
                    6.0300128729429624e-05, 
                    6.432736811989116e-05, 
                    6.407674303357251e-05, 
                    6.416275101429425e-05, 
                    6.415800082940372e-05, 
                    6.417287652732741e-05, 
                    6.417433105759464e-05, 
                    6.417400210854194e-05, 
                    6.417289407316677e-05, 
                    6.417281863774228e-05, 
                    6.417461266004395e-05, 
                    6.417779285127409e-05, 
                    6.417594741629952e-05, 
                    6.41651450950492e-05, 
                    6.414650520915197e-05, 
                    6.412327600104368e-05, 
                    6.411974981094008e-05, 
                    6.415125721740526e-05, 
                    6.41774191732934e-05, 
                    6.415952748356244e-05, 
                    6.414261800853787e-05, 
                    6.413809668256835e-05, 
                    6.415127683939859e-05
                ]
            ], 
            "Flow Outlet 1002": [
                0
            ]
        }
    ], 
    "name": [
        "I:/PROYECTOS/ESTUDIANTES/Sergio/V1/GID/0\\Modelo_25.gid\\Modelo_25.json"
    ], 
    "Inlet": [
        {
            "Parabolic": true, 
            "Center Node": 183574, 
            "Total_area_inlet": 0.0003129858587362685, 
            "Diameter": 0.019962591024408068, 
            "Reynolds(mean)": -1229.4954488007047, 
            "Flow_inlet(peak)": -6.425596897462078e-05, 
            "Reynolds(peak)": -1229.4954488007047, 
            "Centroid": [
                -3.449869273666672e-05, 
                0.00014884578886999934, 
                -1.2822082930722222e-16
            ], 
            "Flow_inlet(mean)": -6.425596897462078e-05
        }
    ], 
    "Simulations_Parameters": [
        {
            "Time_vector": [
                0, 
                7.0
            ], 
            "SolverType(1:AMGCGL,2:AMGCL_NS_Solver,3:BICGSTABSolver)": 1, 
            "AutomaticDeltaTime": true, 
            "Dt": 0.05, 
            "Config_conditions(1:V-P-P),(2:V-V-P)": 1
        }
    ], 
    "Fluid Characteristic": [
        {
            "blood_density": 1050.0, 
            "blood_dynamic_viscosity": 0.0035, 
            "blood_kinematic_viscosity": 3.3333333333333333e-06
        }
    ], 
    "Time": [
        {
            "Time": [
                0.05, 
                0.14653100449371242, 
                0.25040481522864333, 
                0.37292174777029097, 
                0.5190584534148717, 
                0.6941631911944751, 
                0.9041953330446122, 
                1.1468614499982503, 
                1.4128609600304183, 
                1.7565287935460807, 
                2.100196627061743, 
                2.443864460577405, 
                2.881775155944585, 
                3.319685851311765, 
                3.7575965466789447, 
                4.195507242046125, 
                4.633417937413304, 
                5.071328632780483, 
                5.509239328147663, 
                5.947150023514842, 
                6.385060718882022, 
                6.822971414249201, 
                7.2608821096163805
            ]
        }
    ], 
    "Hemodynamic Parameters_1001_ABC": [
        {
            "A": -67660985.30002755, 
            "C": 308617.8261255175, 
            "B": 1064053294602.1769
        }
    ]
}