{
    "Outlet 1001": [
        {
            "Diameter": 0.019962587721366793, 
            "Reynolds(peak)": 1228.030527602554, 
            "Reynolds(mean)": 1223.2131106705535, 
            "Total_area_outlet": 0.0003129857551620257, 
            "Centroid": [
                4.09431105279329e-05, 
                8.761835146427014e-05, 
                0.26997999999999905
            ], 
            "Flow_outlet(mean)": 6.392763044401222e-05, 
            "Flow_outlet(peak)": 6.417939855100612e-05, 
            "Center Node": 496
        }
    ], 
    "name": [
        "I:/PROYECTOS/ESTUDIANTES/Sergio/V1/GID\\Modelo_15_170_I.gid\\Modelo_15_170_I.json"
    ], 
    "Hemodynamic Parameters_1001_AB": [
        {
            "A": -104650600.86931163, 
            "B": 1624073670657.5454
        }
    ], 
    "Hemodynamic Parameters_1001_ABC": [
        {
            "A": 109281181.66293667, 
            "B": -1696370304417.896, 
            "C": 5201146.984098449
        }
    ], 
    "Time": [
        {
            "Time": [
                0.05, 
                0.1547124929631798, 
                0.2667781491787662, 
                0.3950790685051575, 
                0.5395530561421032, 
                0.7033545414607085, 
                0.8941213263554452, 
                1.103268887065376, 
                1.349837844974465, 
                1.3598378449744648, 
                1.3648378449744647, 
                1.528321324361203, 
                1.6917897143683043, 
                1.8552650706304523, 
                2.018765280562191, 
                2.182285125946698, 
                2.345801463871978, 
                2.541997705424108, 
                2.777393028424396, 
                3.059818257539864, 
                3.398683602623315, 
                3.805302048669833, 
                4.211920494716351, 
                4.699962769843028, 
                4.7099627698430275, 
                4.714962769843027, 
                4.959074598064367, 
                5.203186426285707, 
                5.447263123596329, 
                5.6913301911581105, 
                5.935389196921184, 
                6.179447543844629, 
                6.423516628297606, 
                6.716424273172382, 
                7.067952935968962
            ]
        }
    ], 
    "Inlet": [
        {
            "Parabolic": true, 
            "Diameter": 0.01996268363257169, 
            "Reynolds(peak)": -1226.940297506885, 
            "Reynolds(mean)": -1226.940297506885, 
            "Centroid": [
                -0.00010319409110340905, 
                -2.6215637677039877e-05, 
                -0.031420356708522716
            ], 
            "Total_area_inlet": 0.00031298876267923, 
            "Flow_inlet(peak)": -6.412272896538996e-05, 
            "Flow_inlet(mean)": -6.412272896538996e-05, 
            "Center Node": 102720
        }
    ], 
    "Pressures": [
        {
            "Pressure Inlet": [
                [
                    1808.0655022553683, 
                    -774.1896871107162, 
                    208.88278930339655, 
                    -17.13296234404807, 
                    44.279229656432435, 
                    41.703610880644746, 
                    55.20923038895137, 
                    57.77308516050371, 
                    50.7033056390286, 
                    44.577572963693015, 
                    41.421387085093485, 
                    35.07621765780671, 
                    24.805589442097197, 
                    26.280391102307682, 
                    32.41629249571748, 
                    36.3573072760945, 
                    39.59759350344866, 
                    43.487548720612736, 
                    46.283342037624585, 
                    47.82025232572115, 
                    46.251603755187894, 
                    45.60257083774121, 
                    46.028206730097395, 
                    43.139832437959264, 
                    41.989456354039376, 
                    38.35807204113177, 
                    44.29688744019364, 
                    43.16461773672206, 
                    47.845102414575, 
                    46.05197377599786, 
                    45.07639044729607, 
                    45.49057036701737, 
                    46.362162993035646, 
                    47.85605658365198, 
                    45.18518836356249
                ]
            ], 
            "Pressure Outlet 1001": [
                [
                    0.0, 
                    0.0, 
                    0.0, 
                    0.0, 
                    0.0, 
                    0.0, 
                    0.0, 
                    0.0, 
                    0.0, 
                    0.0, 
                    0.0, 
                    0.0, 
                    0.0, 
                    0.0, 
                    0.0, 
                    0.0, 
                    0.0, 
                    0.0, 
                    0.0, 
                    0.0, 
                    0.0, 
                    0.0, 
                    0.0, 
                    0.0, 
                    0.0, 
                    0.0, 
                    0.0, 
                    0.0, 
                    0.0, 
                    0.0, 
                    0.0, 
                    0.0, 
                    0.0, 
                    0.0, 
                    0.0
                ]
            ], 
            "Pressure Outlet 1002": [
                0
            ]
        }
    ], 
    "Fluid Characteristic": [
        {
            "blood_dynamic_viscosity": 0.0035, 
            "blood_density": 1050.0, 
            "blood_kinematic_viscosity": 3.3333333333333333e-06
        }
    ], 
    "Bifurcation: ": [
        false
    ], 
    "Simulations_Parameters": [
        {
            "SolverType(1:AMGCGL,2:AMGCL_NS_Solver,3:BICGSTABSolver)": 1, 
            "Time_vector": [
                0, 
                7.0
            ], 
            "Config_conditions(1:V-P-P),(2:V-V-P)": 1, 
            "Dt": 0.05, 
            "AutomaticDeltaTime": true
        }
    ],