{
    "Flow": [
        {
            "Flow Outlet 1002": [
                0
            ], 
            "Flow Inlet": [
                [
                    -6.414443717899145e-05, 
                    -6.414443717899145e-05, 
                    -6.414443717899145e-05, 
                    -6.414443717899145e-05, 
                    -6.414443717899145e-05, 
                    -6.414443717899145e-05, 
                    -6.414443717899145e-05, 
                    -6.414443717899145e-05, 
                    -6.414443717899145e-05, 
                    -6.414443717899145e-05, 
                    -6.414443717899145e-05, 
                    -6.414443717899145e-05, 
                    -6.414443717899145e-05, 
                    -6.414443717899145e-05, 
                    -6.414443717899145e-05, 
                    -6.414443717899145e-05, 
                    -6.414443717899145e-05, 
                    -6.414443717899145e-05, 
                    -6.414443717899145e-05, 
                    -6.414443717899145e-05, 
                    -6.414443717899145e-05, 
                    -6.414443717899145e-05, 
                    -6.414443717899145e-05, 
                    -6.414443717899145e-05, 
                    -6.414443717899145e-05, 
                    -6.414443717899145e-05, 
                    -6.414443717899145e-05, 
                    -6.414443717899145e-05, 
                    -6.414443717899145e-05
                ]
            ], 
            "Flow Outlet 1001": [
                [
                    6.0459299207009095e-05, 
                    6.421963916185118e-05, 
                    6.400488494987902e-05, 
                    6.407897454115598e-05, 
                    6.406614830202414e-05, 
                    6.407655585317019e-05, 
                    6.407757197001832e-05, 
                    6.407715393347578e-05, 
                    6.4076030295686e-05, 
                    6.407478684177426e-05, 
                    6.407840763429167e-05, 
                    6.407617898059855e-05, 
                    6.407472896372113e-05, 
                    6.407304987860334e-05, 
                    6.406824865048356e-05, 
                    6.405644400289399e-05, 
                    6.40489190475439e-05, 
                    6.40611522753405e-05, 
                    6.407507236671619e-05, 
                    6.405690903260734e-05, 
                    6.403677309759462e-05, 
                    6.404080717870887e-05, 
                    6.405662472084855e-05, 
                    6.40678498916376e-05, 
                    6.406821849714865e-05, 
                    6.404456007850515e-05, 
                    6.401308448562161e-05, 
                    6.401927949456593e-05, 
                    6.406938985331174e-05
                ]
            ]
        }
    ], 
    "name": [
        "I:/PROYECTOS/ESTUDIANTES/Sergio/V1/GID\\Modelo_6_120_I.gid\\Modelo_6_120_I.json"
    ], 
    "Time": [
        {
            "Time": [
                0.05, 
                0.13881753097589156, 
                0.23874857268713073, 
                0.35987930755892644, 
                0.5050939159011106, 
                0.6370054521032622, 
                0.8336462122537581, 
                1.0113837570948951, 
                1.2167353228958686, 
                1.5197162684348013, 
                1.5297162684348011, 
                1.534716268434801, 
                1.711018824824671, 
                1.849635468465289, 
                2.0216156830929846, 
                2.1983571110255724, 
                2.382679224239544, 
                2.566433350545016, 
                2.7816682198780596, 
                3.035710355983854, 
                3.306558415731752, 
                3.626262558815062, 
                4.062507945806594, 
                4.498753332798127, 
                5.046811619907059, 
                5.594869907015991, 
                6.142928194124924, 
                6.690986481233856, 
                7.239044768342788
            ]
        }
    ], 
    "Simulations_Parameters": [
        {
            "Config_conditions(1:V-P-P),(2:V-V-P)": 1, 
            "Dt": 0.05, 
            "AutomaticDeltaTime": true, 
            "SolverType(1:AMGCGL,2:AMGCL_NS_Solver,3:BICGSTABSolver)": 1, 
            "Time_vector": [
                0, 
                7.0
            ]
        }
    ], 
    "Outlet 1001": [
        {
            "Centroid": [
                2.4036718804469215e-05, 
                6.826439254633895e-05, 
                0.26997999999999905
            ], 
            "Center Node": 426, 
            "Flow_outlet(peak)": 6.421963916185118e-05, 
            "Total_area_outlet": 0.0003129857551765407, 
            "Diameter": 0.019962587721829683, 
            "Reynolds(peak)": 1228.8005051631744, 
            "Reynolds(mean)": 1223.4740372842539, 
            "Flow_outlet(mean)": 6.394126700644093e-05
        }
    ], 
    "Inlet": [
        {
            "Centroid": [
                -0.00010319409110340905, 
                -2.6215637677039877e-05, 
                -0.031420356708522716
            ], 
            "Total_area_inlet": 0.00031298876267923, 
            "Center Node": 77979, 
            "Parabolic": true, 
            "Flow_inlet(mean)": -6.414443717899145e-05, 
            "Diameter": 0.01996268363257169, 
            "Flow_inlet(peak)": -6.414443717899145e-05, 
            "Reynolds(peak)": -1227.3556678831044, 
            "Reynolds(mean)": -1227.3556678831044
        }
    ], 
    "Hemodynamic Parameters_1001_ABC": [
        {
            "C": 7480332.480191976, 
            "B": 43200731622.815674, 
            "A": -873267.067252621
        }
    ], 
    "Fluid Characteristic": [
        {
            "blood_kinematic_viscosity": 3.3333333333333333e-06, 
            "blood_density": 1050.0, 
            "blood_dynamic_viscosity": 0.0035
        }
    ], 
    "Pressures": [
        {
            "Pressure Outlet 1002": [
                0
            ], 
            "Pressure Outlet 1001": [
                [
                    0.0, 
                    0.0, 
                    0.0, 
                    0.0, 
                    0.0, 
                    0.0, 
                    0.0, 
                    0.0, 
                    0.0, 
                    0.0, 
                    0.0, 
                    0.0, 
                    0.0, 
                    0.0, 
                    0.0, 
                    0.0, 
                    0.0, 
                    0.0, 
                    0.0, 
                    0.0, 
                    0.0, 
                    0.0, 
                    0.0, 
                    0.0, 
                    0.0, 
                    0.0, 
                    0.0, 
                    0.0, 
                    0.0
                ]
            ],