{
    "Bifurcation: ": [
        false
    ], 
    "Simulations_Parameters": [
        {
            "SolverType(1:AMGCGL,2:AMGCL_NS_Solver,3:BICGSTABSolver)": 1, 
            "Config_conditions(1:V-P-P),(2:V-V-P)": 1, 
            "Time_vector": [
                0, 
                7.0
            ], 
            "AutomaticDeltaTime": true, 
            "Dt": 0.05
        }
    ], 
    "Inlet": [
        {
            "Center Node": 189991, 
            "Flow_inlet(mean)": -6.41960030959008e-05, 
            "Total_area_inlet": 0.00031298876267923, 
            "Flow_inlet(peak)": -6.41960030959008e-05, 
            "Diameter": 0.01996268363257169, 
            "Reynolds(peak)": -1228.3423430052455, 
            "Parabolic": true, 
            "Centroid": [
                -0.00010319409110340905, 
                -2.6215637677039877e-05, 
                -0.031420356708522716
            ], 
            "Reynolds(mean)": -1228.3423430052455
        }
    ], 
    "Fluid Characteristic": [
        {
            "blood_dynamic_viscosity": 0.0035, 
            "blood_kinematic_viscosity": 3.3333333333333333e-06, 
            "blood_density": 1050.0
        }
    ], 
    "Pressures": [
        {
            "Pressure Inlet": [
                [
                    1820.7160841661912, 
                    -773.6481951519597, 
                    217.40946688066376, 
                    -3.8191275831050335, 
                    64.05970389575796, 
                    69.2653050561978, 
                    88.87941030729104, 
                    96.75237666924481, 
                    98.33577794035848, 
                    97.29961490449898, 
                    97.89470128429991, 
                    96.7813528271333, 
                    95.60935507355067, 
                    95.28439641643415, 
                    91.9475317556751, 
                    87.53173177053344, 
                    93.97466806586571, 
                    101.10188881415039, 
                    94.74390785678804, 
                    96.98326298474592, 
                    93.48857368350653, 
                    93.25196763577951, 
                    97.77659566069943
                ]
            ], 
            "Pressure Outlet 1002": [
                0
            ], 
            "Pressure Outlet 1001": [
                [
                    0.0, 
                    0.0, 
                    0.0, 
                    0.0, 
                    0.0, 
                    0.0, 
                    0.0, 
                    0.0, 
                    0.0, 
                    0.0, 
                    0.0, 
                    0.0, 
                    0.0, 
                    0.0, 
                    0.0, 
                    0.0, 
                    0.0, 
                    0.0, 
                    0.0, 
                    0.0, 
                    0.0, 
                    0.0, 
                    0.0
                ]
            ]
        }
    ], 
    "name": [
        "I:/PROYECTOS/ESTUDIANTES/Sergio/V1/GID\\Modelo_27_145_I.gid\\Modelo_27_145_I.json"
    ], 
    "Hemodynamic Parameters_1001_AB": [
        {
            "B": 3151762649079.475, 
            "A": -203538405.41312876
        }
    ], 
    "Outlet 1001": [
        {
            "Flow_outlet(peak)": 6.432749976909599e-05, 
            "Flow_outlet(mean)": 6.397137339950243e-05, 
            "Center Node": 429, 
            "Diameter": 0.019962587721750566, 
            "Reynolds(peak)": 1230.8643468588414, 
            "Total_area_outlet": 0.0003129857551740598, 
            "Centroid": [
                5.309534156611107e-05, 
                0.00011870255665385935, 
                0.289990000000001
            ], 
            "Reynolds(mean)": 1224.0501032945429
        }
    ], 
    "Hemodynamic Parameters_1001_ABC": [
        {
            "B": -2027335011522.4204, 
            "C": -19088834.444760762, 
            "A": 131441560.7790899
        }
    ], 
    "Time": [
        {
            "Time": [
                0.05, 
                0.1531228224715591, 
                0.2608870195338574, 
                0.37820776964596825, 
                0.5061366985513402, 
                0.6516306088117538, 
                0.8240558361153653, 
                1.0326111689458461, 
                1.2662677083017393, 
                1.5699720679765008, 
                1.9345081435771339, 
                2.3716279490041705, 
                2.895908904370598, 
                3.4201898597370253, 
                4.049270690134099, 
                4.804240209972602, 
                5.559209729811105, 
                5.569209729811105, 
                5.574209729811105, 
                5.951702730555308, 
                6.307268404561959, 
                6.6847517733662665, 
                7.062213236731603
            ]
        }
    ], 
    "Flow": [
        {
            "Flow Inlet": [
                [
                    -6.41960030959008e-05, 
                    -6.41960030959008e-05, 
                    -6.41960030959008e-05, 
                    -6.41960030959008e-05, 
                    -6.41960030959008e-05, 
                    -6.41960030959008e-05, 
                    -6.41960030959008e-05, 
                    -6.41960030959008e-05, 
                    -6.41960030959008e-05, 
                    -6.41960030959008e-05, 
                    -6.41960030959008e-05, 
                    -6.41960030959008e-05, 
                    -6.41960030959008e-05, 
                    -6.41960030959008e-05, 
                    -6.41960030959008e-05, 
                    -6.41960030959008e-05, 
                    -6.41960030959008e-05, 
                    -6.41960030959008e-05, 
                    -6.41960030959008e-05, 
                    -6.41960030959008e-05, 
                    -6.41960030959008e-05, 
                    -6.41960030959008e-05, 
                    -6.41960030959008e-05
                ]
            ], 
            "Flow Outlet 1002": [
                0
            ], 
            "Flow Outlet 1001": [
                [
                    6.0477633495011044e-05, 
                    6.432749976909599e-05, 
                    6.405368811541795e-05, 
                    6.414119753072719e-05, 
                    6.412337346953523e-05, 
                    6.413148505841215e-05, 
                    6.413076284174222e-05, 
                    6.413060418508468e-05, 
                    6.412965907258227e-05, 
                    6.412934842311017e-05, 
                    6.412945509618789e-05, 
                    6.412965247497183e-05, 
                    6.413069537219109e-05, 
                    6.413005621349879e-05, 
                    6.41235331772848e-05, 
                    6.4119415691386e-05, 
                    6.411576036457223e-05, 
                    6.411876970524928e-05, 
                    6.411574073272282e-05, 
                    6.411233288263675e-05, 
                    6.411681917452606e-05, 
                    6.411441504393768e-05, 
                    6.410969029867185e-05
                ]
            ]
        }
    ]
}