{
    "Outlet 1001": [
        {
            "Reynolds(peak)": 1229.1722784391197, 
            "Flow_outlet(peak)": 6.423907210437909e-05, 
            "Centroid": [
                4.24470167516112e-05, 
                0.00012423521172043003, 
                0.25
            ], 
            "Reynolds(mean)": 1223.0956919252048, 
            "Total_area_outlet": 0.0003129857874038317, 
            "Center Node": 398, 
            "Diameter": 0.019962588749576307, 
            "Flow_outlet(mean)": 6.392149719151856e-05
        }
    ], 
    "Hemodynamic Parameters_1001_ABC": [
        {
            "A": 38230509.76520562, 
            "C": 4432979.492778137, 
            "B": -586739730552.2686
        }
    ], 
    "Time": [
        {
            "Time": [
                0.05, 
                0.1398636248468931, 
                0.23584743794252255, 
                0.34606417960382874, 
                0.4736794957385183, 
                0.6239493043077166, 
                0.8034310175729446, 
                1.0191827047440145, 
                1.2785390045617482, 
                1.5898338637813811, 
                1.901128723001014, 
                2.2275340400024914, 
                2.5876130205564336, 
                3.00929202459331, 
                3.533962389503401, 
                4.2202660579704085, 
                4.906569726437416, 
                5.807906936797549, 
                6.709244147157682, 
                6.719244147157681, 
                6.724244147157681, 
                6.734244147157681, 
                6.739244147157681, 
                6.9948030385818445, 
                7.247310357452038
            ]
        }
    ], 
    "Flow": [
        {
            "Flow Outlet 1002": [
                0
            ], 
            "Flow Inlet": [
                [
                    -6.413486372714954e-05, 
                    -6.413486372714954e-05, 
                    -6.413486372714954e-05, 
                    -6.413486372714954e-05, 
                    -6.413486372714954e-05, 
                    -6.413486372714954e-05, 
                    -6.413486372714954e-05, 
                    -6.413486372714954e-05, 
                    -6.413486372714954e-05, 
                    -6.413486372714954e-05, 
                    -6.413486372714954e-05, 
                    -6.413486372714954e-05, 
                    -6.413486372714954e-05, 
                    -6.413486372714954e-05, 
                    -6.413486372714954e-05, 
                    -6.413486372714954e-05, 
                    -6.413486372714954e-05, 
                    -6.413486372714954e-05, 
                    -6.413486372714954e-05, 
                    -6.413486372714954e-05, 
                    -6.413486372714954e-05, 
                    -6.413486372714954e-05, 
                    -6.413486372714954e-05, 
                    -6.413486372714954e-05, 
                    -6.413486372714954e-05
                ]
            ], 
            "Flow Outlet 1001": [
                [
                    6.0467150901312566e-05, 
                    6.423907210437909e-05, 
                    6.399345484733186e-05, 
                    6.40754815448045e-05, 
                    6.406032320952192e-05, 
                    6.406995607781266e-05, 
                    6.406972010498442e-05, 
                    6.406952641395907e-05, 
                    6.406873905033127e-05, 
                    6.406999508881209e-05, 
                    6.407348857144516e-05, 
                    6.407548704743455e-05, 
                    6.407293648127381e-05, 
                    6.406920327831044e-05, 
                    6.406408624874475e-05, 
                    6.405137949695574e-05, 
                    6.402219694105185e-05, 
                    6.402376404907286e-05, 
                    6.406034168453061e-05, 
                    6.405711598767935e-05, 
                    6.405345045558798e-05, 
                    6.40525230028994e-05, 
                    6.40538652416089e-05, 
                    6.406485686645672e-05, 
                    6.405931509166233e-05
                ]
            ]
        }
    ], 
    "Hemodynamic Parameters_1001_AB": [
        {
            "A": -26071142.13876219, 
            "B": 396977544868.9309
        }
    ], 
    "Bifurcation: ": [
        false
    ], 
    "name": [
        "I:/PROYECTOS/ESTUDIANTES/Sergio/V1/GID\\Modelo_21_170_I.gid\\Modelo_21_170_I.json"
    ], 
    "Fluid Characteristic": [
        {
            "blood_density": 1050.0, 
            "blood_dynamic_viscosity": 0.0035, 
            "blood_kinematic_viscosity": 3.3333333333333333e-06
        }
    ], 
    "Pressures": [
        {
            "Pressure Outlet 1002": [
                0
            ], 
            "Pressure Outlet 1001": [
                [
                    0.0, 
                    0.0, 
                    0.0, 
                    0.0, 
                    0.0, 
                    0.0, 
                    0.0, 
                    0.0, 
                    0.0, 
                    0.0, 
                    0.0, 
                    0.0, 
                    0.0, 
                    0.0, 
                    0.0, 
                    0.0, 
                    0.0, 
                    0.0, 
                    0.0, 
                    0.0, 
                    0.0, 
                    0.0, 
                    0.0, 
                    0.0, 
                    0.0
                ]
            ], 
            "Pressure Inlet": [
                [
                    1697.2063191858824, 
                    -715.9311360024992, 
                    193.7440242130297, 
                    -11.465265852608512, 
                    46.22835915476085, 
                    46.50838058284852, 
                    59.3065592574959, 
                    59.396577863102166, 
                    46.778368680587725, 
                    25.415004187274526, 
                    27.84144118350798, 
                    37.04454396439384, 
                    33.47866831996272, 
                    35.34902826439404, 
                    45.17404538034736, 
                    45.80664061232371, 
                    43.81395718150276, 
                    39.230067621910315, 
                    37.28042650920323, 
                    42.53933273334293, 
                    36.079579659587246, 
                    40.495280393480485, 
                    38.098487234264184, 
                    41.170466351989596, 
                    40.08573058527342
                ]
            ]
        }
    ], 
    "Simulations_Parameters": [
        {
            "SolverType(1:AMGCGL,2:AMGCL_NS_Solver,3:BICGSTABSolver)": 1, 
            "Time_vector": [
                0, 
                7.0
            ], 
            "Dt": 0.05, 
            "AutomaticDeltaTime": true, 
            "Config_conditions(1:V-P-P),(2:V-V-P)": 1
        }
    ], 
    "Inlet": [
        {
            "Reynolds(peak)": -1227.1724870665576, 
            "Total_area_inlet": 0.00031298876267923, 
            "Parabolic": true, 
            "Reynolds(mean)": -1227.1724870665576, 
            "Centroid": [
                -0.00010319409110340921, 
                -2.621563767704026e-05, 
                -0.031420356708522716
            ], 
            "Center Node": 140964, 
            "Flow_inlet(peak)": -6.413486372714954e-05, 
            "Diameter": 0.01996268363257169, 
            "Flow_inlet(mean)": -6.413486372714954e-05
        }
    ]
}