{
    "Outlet 1001": [
        {
            "Reynolds(peak)": 1228.6780882971557, 
            "Flow_outlet(peak)": 6.421324140490849e-05, 
            "Diameter": 0.019962587721829676, 
            "Total_area_outlet": 0.0003129857551765405, 
            "Center Node": 498, 
            "Centroid": [
                7.705501106926971e-05, 
                0.00014089454130671288, 
                0.25
            ], 
            "Reynolds(mean)": 1221.9742536547697, 
            "Flow_outlet(mean)": 6.386288523242501e-05
        }
    ], 
    "name": [
        "I:/PROYECTOS/ESTUDIANTES/Sergio/V1/GID\\Modelo_20_145.gid\\Modelo_20_145.json"
    ], 
    "Fluid Characteristic": [
        {
            "blood_density": 1050.0, 
            "blood_dynamic_viscosity": 0.0035, 
            "blood_kinematic_viscosity": 3.3333333333333333e-06
        }
    ], 
    "Flow": [
        {
            "Flow Outlet 1002": [
                0
            ], 
            "Flow Inlet": [
                [
                    -6.412125532141615e-05, 
                    -6.412125532141615e-05, 
                    -6.412125532141615e-05, 
                    -6.412125532141615e-05, 
                    -6.412125532141615e-05, 
                    -6.412125532141615e-05, 
                    -6.412125532141615e-05, 
                    -6.412125532141615e-05, 
                    -6.412125532141615e-05, 
                    -6.412125532141615e-05, 
                    -6.412125532141615e-05, 
                    -6.412125532141615e-05, 
                    -6.412125532141615e-05, 
                    -6.412125532141615e-05, 
                    -6.412125532141615e-05, 
                    -6.412125532141615e-05, 
                    -6.412125532141615e-05, 
                    -6.412125532141615e-05, 
                    -6.412125532141615e-05, 
                    -6.412125532141615e-05
                ]
            ], 
            "Flow Outlet 1001": [
                [
                    6.0518912817144773e-05, 
                    6.421324140490849e-05, 
                    6.395791749776103e-05, 
                    6.404438849116594e-05, 
                    6.403362462720319e-05, 
                    6.40453830720289e-05, 
                    6.40459574149665e-05, 
                    6.404610544260203e-05, 
                    6.404519910013421e-05, 
                    6.404529885196995e-05, 
                    6.404658901482781e-05, 
                    6.404611446032685e-05, 
                    6.403997169257589e-05, 
                    6.403036346983418e-05, 
                    6.402099774336404e-05, 
                    6.401699435742792e-05, 
                    6.401654150274423e-05, 
                    6.402134175993168e-05, 
                    6.40220316141748e-05, 
                    6.40007303134077e-05
                ]
            ]
        }
    ], 
    "Inlet": [
        {
            "Reynolds(peak)": -1226.9121004353503, 
            "Diameter": 0.01996268363257169, 
            "Centroid": [
                -0.00010319409110340905, 
                -2.6215637677039877e-05, 
                -0.031420356708522716
            ], 
            "Center Node": 142127, 
            "Total_area_inlet": 0.00031298876267923, 
            "Parabolic": true, 
            "Flow_inlet(mean)": -6.412125532141615e-05, 
            "Reynolds(mean)": -1226.9121004353503, 
            "Flow_inlet(peak)": -6.412125532141615e-05
        }
    ], 
    "Hemodynamic Parameters_1001_AB": [
        {
            "A": -181663700.0319459, 
            "B": 2815689179096.3916
        }
    ], 
    "Time": [
        {
            "Time": [
                0.05, 
                0.14314396289352227, 
                0.24297248584832415, 
                0.35710268696596653, 
                0.48382510613955126, 
                0.6243228486983158, 
                0.7830999666421006, 
                0.9691428864508895, 
                1.192748443567511, 
                1.4639322134888664, 
                1.793446397021039, 
                2.1506648574433047, 
                2.46759832670109, 
                2.775074545563897, 
                3.1115713150244466, 
                3.672743188471334, 
                4.526958937336057, 
                5.526958937336057, 
                6.526958937336057, 
                7.526958937336057
            ]
        }
    ], 
    "Hemodynamic Parameters_1001_ABC": [
        {
            "A": 166682989.864986, 
            "C": -28354334.322671637, 
            "B": -2581441634667.262
        }
    ], 
    "Pressures": [
        {
            "Pressure Outlet 1002": [
                0
            ], 
            "Pressure Outlet 1001": [
                [
                    0.0, 
                    0.0, 
                    0.0, 
                    0.0, 
                    0.0, 
                    0.0, 
                    0.0, 
                    0.0, 
                    0.0, 
                    0.0, 
                    0.0, 
                    0.0, 
                    0.0, 
                    0.0, 
                    0.0, 
                    0.0, 
                    0.0, 
                    0.0, 
                    0.0, 
                    0.0
                ]
            ], 
            "Pressure Inlet": [
                [
                    1736.6554180103208, 
                    -730.5775602630038, 
                    205.8653737964365, 
                    -1.0101852452690174, 
                    64.68471019017949, 
                    71.32050672785196, 
                    87.76270228733199, 
                    90.75745233268884, 
                    87.95363408796047, 
                    84.20399724494823, 
                    87.73491949377983, 
                    91.33479650434579, 
                    91.75533424010449, 
                    94.9625246493701, 
                    91.46027428894934, 
                    87.09643726690491, 
                    94.89206961680611, 
                    93.04921877948988, 
                    88.79678710010985, 
                    93.2732393011215
                ]
            ]
        }
    ], 
    "Simulations_Parameters": [
        {
            "SolverType(1:AMGCGL,2:AMGCL_NS_Solver,3:BICGSTABSolver)": 1, 
            "Time_vector": [
                0, 
                7.0
            ], 
            "Dt": 0.05, 
            "AutomaticDeltaTime": true, 
            "Config_conditions(1:V-P-P),(2:V-V-P)": 1
        }
    ], 
    "Bifurcation: ": [
        false
    ]
}