{
    "Hemodynamic Parameters_1001_ABC": [
        {
            "C": -6921244.667734731, 
            "B": -616073565763.0057, 
            "A": 40042849.303406574
        }
    ], 
    "Fluid Characteristic": [
        {
            "blood_kinematic_viscosity": 3.3333333333333333e-06, 
            "blood_density": 1050.0, 
            "blood_dynamic_viscosity": 0.0035
        }
    ], 
    "Pressures": [
        {
            "Pressure Outlet 1002": [
                0
            ], 
            "Pressure Outlet 1001": [
                [
                    0.0, 
                    0.0, 
                    0.0, 
                    0.0, 
                    0.0, 
                    0.0, 
                    0.0, 
                    0.0, 
                    0.0, 
                    0.0, 
                    0.0, 
                    0.0, 
                    0.0, 
                    0.0, 
                    0.0, 
                    0.0, 
                    0.0, 
                    0.0, 
                    0.0, 
                    0.0, 
                    0.0, 
                    0.0, 
                    0.0, 
                    0.0, 
                    0.0, 
                    0.0
                ]
            ], 
            "Pressure Inlet": [
                [
                    1750.9688077290057, 
                    -724.3850046747199, 
                    192.37462964617626, 
                    -13.22134607958713, 
                    39.91569355280749, 
                    36.37808680810264, 
                    49.330665095084726, 
                    54.15018028703433, 
                    44.572605389918365, 
                    25.72052059418448, 
                    29.083779725410338, 
                    42.734783154796446, 
                    48.93086304431677, 
                    47.66863473782244, 
                    48.127290742494644, 
                    47.667663068512645, 
                    41.7959562421216, 
                    37.26527623988038, 
                    33.61330066664241, 
                    31.802851836561654, 
                    29.46663065353255, 
                    38.64296640998154, 
                    39.265576122149824, 
                    38.730337198293, 
                    38.220271914980565, 
                    34.15925392886215
                ]
            ]
        }
    ], 
    "Bifurcation: ": [
        false
    ], 
    "Hemodynamic Parameters_1001_AB": [
        {
            "B": 421733436872.8424, 
            "A": -27601663.008740004
        }
    ], 
    "name": [
        "I:/PROYECTOS/ESTUDIANTES/Sergio/V1/GID\\Modelo_11_170_I.gid\\Modelo_11_170_I.json"
    ], 
    "Time": [
        {
            "Time": [
                0.05, 
                0.12158328680418035, 
                0.20014901094914866, 
                0.29404368183363816, 
                0.40641799722319844, 
                0.5450296251528373, 
                0.7262551681268576, 
                0.9634858032161489, 
                1.2451237171617788, 
                1.5267616311074086, 
                1.8083995450530383, 
                2.090037458998668, 
                2.412307929702958, 
                2.775111472776277, 
                3.2188816695438836, 
                3.7879135271851014, 
                4.519712518865922, 
                4.529712518865922, 
                4.534712518865922, 
                4.906033049212622, 
                5.277353579559323, 
                5.648674109906024, 
                6.019994640252724, 
                6.391315170599425, 
                6.713968417631999, 
                7.060217487225483
            ]
        }
    ], 
    "Flow": [
        {
            "Flow Outlet 1002": [
                0
            ], 
            "Flow Inlet": [
                [
                    -6.407205169005862e-05, 
                    -6.407205169005862e-05, 
                    -6.407205169005862e-05, 
                    -6.407205169005862e-05, 
                    -6.407205169005862e-05, 
                    -6.407205169005862e-05, 
                    -6.407205169005862e-05, 
                    -6.407205169005862e-05, 
                    -6.407205169005862e-05, 
                    -6.407205169005862e-05, 
                    -6.407205169005862e-05, 
                    -6.407205169005862e-05, 
                    -6.407205169005862e-05, 
                    -6.407205169005862e-05, 
                    -6.407205169005862e-05, 
                    -6.407205169005862e-05, 
                    -6.407205169005862e-05, 
                    -6.407205169005862e-05, 
                    -6.407205169005862e-05, 
                    -6.407205169005862e-05, 
                    -6.407205169005862e-05, 
                    -6.407205169005862e-05, 
                    -6.407205169005862e-05, 
                    -6.407205169005862e-05, 
                    -6.407205169005862e-05, 
                    -6.407205169005862e-05
                ]
            ], 
            "Flow Outlet 1001": [
                [
                    6.0326924851847556e-05, 
                    6.405763717293818e-05, 
                    6.387687595187749e-05, 
                    6.396950773230578e-05, 
                    6.39682201404486e-05, 
                    6.398440768129839e-05, 
                    6.398927587121215e-05, 
                    6.399096342016814e-05, 
                    6.398987593624042e-05, 
                    6.399120383804076e-05, 
                    6.399561900474709e-05, 
                    6.399859495790851e-05, 
                    6.399306022867373e-05, 
                    6.39739507750072e-05, 
                    6.393428229424653e-05, 
                    6.38984362749678e-05, 
                    6.391732850812499e-05, 
                    6.393100833362334e-05, 
                    6.39329028436559e-05, 
                    6.39637962213106e-05, 
                    6.399033287165879e-05, 
                    6.40041940151162e-05, 
                    6.39962606280549e-05, 
                    6.397925946260212e-05, 
                    6.396209405578643e-05, 
                    6.395649236307786e-05
                ]
            ]
        }
    ], 
    "Simulations_Parameters": [
        {
            "Config_conditions(1:V-P-P),(2:V-V-P)": 1, 
            "Dt": 0.05, 
            "AutomaticDeltaTime": true, 
            "SolverType(1:AMGCGL,2:AMGCL_NS_Solver,3:BICGSTABSolver)": 1, 
            "Time_vector": [
                0, 
                7.0
            ]
        }
    ], 
    "Outlet 1001": [
        {
            "Total_area_outlet": 0.0003129857551765407, 
            "Diameter": 0.019962587721829683, 
            "Reynolds(peak)": 1225.7007037875853, 
            "Reynolds(mean)": 1221.3395008662337, 
            "Flow_outlet(mean)": 6.382971174749767e-05, 
            "Centroid": [
                5.282075851584695e-05, 
                9.182701925898595e-05, 
                0.25
            ], 
            "Flow_outlet(peak)": 6.405763717293818e-05, 
            "Center Node": 447
        }
    ], 
    "Inlet": [
        {
            "Diameter": 0.01996268363257169, 
            "Total_area_inlet": 0.00031298876267923, 
            "Reynolds(peak)": -1225.970625874453, 
            "Reynolds(mean)": -1225.970625874453, 
            "Flow_inlet(mean)": -6.407205169005862e-05, 
            "Centroid": [
                -0.00010319409110340905, 
                -2.6215637677039877e-05, 
                -0.031420356708522716
            ], 
            "Center Node": 89934, 
            "Parabolic": true,