{
    "Hemodynamic Parameters_1001_ABC": [
        {
            "C": -3081051.894783221, 
            "B": -725053948768.2266, 
            "A": 47021244.44226387
        }
    ], 
    "Flow": [
        {
            "Flow Inlet": [
                [
                    -6.41694395957181e-05, 
                    -6.41694395957181e-05, 
                    -6.41694395957181e-05, 
                    -6.41694395957181e-05, 
                    -6.41694395957181e-05, 
                    -6.41694395957181e-05, 
                    -6.41694395957181e-05, 
                    -6.41694395957181e-05, 
                    -6.41694395957181e-05, 
                    -6.41694395957181e-05, 
                    -6.41694395957181e-05, 
                    -6.41694395957181e-05, 
                    -6.41694395957181e-05, 
                    -6.41694395957181e-05, 
                    -6.41694395957181e-05, 
                    -6.41694395957181e-05, 
                    -6.41694395957181e-05, 
                    -6.41694395957181e-05, 
                    -6.41694395957181e-05, 
                    -6.41694395957181e-05, 
                    -6.41694395957181e-05, 
                    -6.41694395957181e-05, 
                    -6.41694395957181e-05, 
                    -6.41694395957181e-05, 
                    -6.41694395957181e-05, 
                    -6.41694395957181e-05, 
                    -6.41694395957181e-05, 
                    -6.41694395957181e-05, 
                    -6.41694395957181e-05, 
                    -6.41694395957181e-05
                ]
            ], 
            "Flow Outlet 1001": [
                [
                    6.04212644829977e-05, 
                    6.429862692275806e-05, 
                    6.403989761198776e-05, 
                    6.412055872651776e-05, 
                    6.410433865566739e-05, 
                    6.411271356799751e-05, 
                    6.411117897677209e-05, 
                    6.411036089515088e-05, 
                    6.410951596413015e-05, 
                    6.410969370831919e-05, 
                    6.411039531509536e-05, 
                    6.411069306380344e-05, 
                    6.410840692246322e-05, 
                    6.410186739523985e-05, 
                    6.409189779530459e-05, 
                    6.409249436554646e-05, 
                    6.410061364406055e-05, 
                    6.410002114682138e-05, 
                    6.410594238991365e-05, 
                    6.411142140457044e-05, 
                    6.411006036033765e-05, 
                    6.410575652703169e-05, 
                    6.410640996562255e-05, 
                    6.410988228459654e-05, 
                    6.411345154722897e-05, 
                    6.410977463659476e-05, 
                    6.410266895253736e-05, 
                    6.410274203837845e-05, 
                    6.41033812832325e-05, 
                    6.410445922957114e-05
                ]
            ], 
            "Flow Outlet 1002": [
                0
            ]
        }
    ], 
    "Inlet": [
        {
            "Centroid": [
                -0.00010319409110340905, 
                -2.6215637677039877e-05, 
                -0.031420356708522716
            ], 
            "Diameter": 0.01996268363257169, 
            "Reynolds(peak)": -1227.834070363971, 
            "Reynolds(mean)": -1227.834070363971, 
            "Flow_inlet(peak)": -6.41694395957181e-05, 
            "Parabolic": true, 
            "Flow_inlet(mean)": -6.41694395957181e-05, 
            "Center Node": 75437, 
            "Total_area_inlet": 0.00031298876267923
        }
    ], 
    "Hemodynamic Parameters_1001_AB": [
        {
            "B": 499003297073.53955, 
            "A": -32528645.127208155
        }
    ], 
    "Fluid Characteristic": [
        {
            "blood_kinematic_viscosity": 3.3333333333333333e-06, 
            "blood_density": 1050.0, 
            "blood_dynamic_viscosity": 0.0035
        }
    ], 
    "Outlet 1001": [
        {
            "Total_area_outlet": 0.0003129857551765407, 
            "Diameter": 0.019962587721829683, 
            "Flow_outlet(peak)": 6.429862692275806e-05, 
            "Reynolds(peak)": 1230.3118839527606, 
            "Reynolds(mean)": 1224.3685547286084, 
            "Flow_outlet(mean)": 6.39880163260083e-05, 
            "Center Node": 424, 
            "Centroid": [
                2.4036718804469215e-05, 
                6.826439254633895e-05, 
                0.26997999999999905
            ]
        }
    ], 
    "name": [
        "I:/PROYECTOS/ESTUDIANTES/Sergio/V1/GID\\Modelo_6_170_I.gid\\Modelo_6_170_I.json"
    ], 
    "Bifurcation: ": [
        false
    ], 
    "Simulations_Parameters": [
        {
            "Config_conditions(1:V-P-P),(2:V-V-P)": 1, 
            "AutomaticDeltaTime": true, 
            "Dt": 0.05, 
            "Time_vector": [
                0, 
                7.0
            ], 
            "SolverType(1:AMGCGL,2:AMGCL_NS_Solver,3:BICGSTABSolver)": 1
        }
    ], 
    "Pressures": [
        {
            "Pressure Outlet 1001": [
                [
                    0.0, 
                    0.0, 
                    0.0, 
                    0.0, 
                    0.0, 
                    0.0, 
                    0.0, 
                    0.0, 
                    0.0, 
                    0.0, 
                    0.0, 
                    0.0, 
                    0.0, 
                    0.0, 
                    0.0, 
                    0.0, 
                    0.0, 
                    0.0, 
                    0.0, 
                    0.0, 
                    0.0, 
                    0.0, 
                    0.0, 
                    0.0, 
                    0.0, 
                    0.0, 
                    0.0, 
                    0.0, 
                    0.0, 
                    0.0
                ]
            ], 
            "Pressure Inlet": [
                [
                    1899.84752530101, 
                    -812.1054309640655, 
                    217.7584166739087, 
                    -20.17076421935282, 
                    40.9042102864191, 
                    33.943242889421974, 
                    44.82974562246105, 
                    45.34611706975448, 
                    36.84113311991412, 
                    27.075832632112757, 
                    28.557261008923554, 
                    35.983267417601425, 
                    39.36980782570767, 
                    39.75163956090887, 
                    39.19546300611307, 
                    35.630009685854816, 
                    34.01781879721542, 
                    31.788601313597642, 
                    32.431353145629735, 
                    29.32478229134668, 
                    32.18906402009523, 
                    32.944557081194084, 
                    32.31774541886221, 
                    33.23041336149009, 
                    35.48041515600613, 
                    35.76726442223537, 
                    35.18333758667453, 
                    35.04009612636343, 
                    30.578226648505318, 
                    27.259969922982613
                ]
            ], 
            "Pressure Outlet 1002": [
                0
            ]
        }
    ],