{
    "Inlet": [
        {
            "Flow_inlet(mean)": -6.413816024923699e-05, 
            "Reynolds(mean)": -1227.2355635428082, 
            "Reynolds(peak)": -1227.2355635428082, 
            "Parabolic": true, 
            "Diameter": 0.01996268363257169, 
            "Flow_inlet(peak)": -6.413816024923699e-05, 
            "Centroid": [
                -0.00010319409110340905, 
                -2.6215637677039877e-05, 
                -0.031420356708522716
            ], 
            "Total_area_inlet": 0.00031298876267923, 
            "Center Node": 90007
        }
    ], 
    "Bifurcation: ": [
        false
    ], 
    "Outlet 1001": [
        {
            "Flow_outlet(mean)": 6.396102221845684e-05, 
            "Total_area_outlet": 0.00031298575517405984, 
            "Reynolds(mean)": 1223.8520402617396, 
            "Reynolds(peak)": 1229.7757616586275, 
            "Flow_outlet(peak)": 6.42706080698652e-05, 
            "Centroid": [
                0.00011239953331638416, 
                0.00015477023229601577, 
                0.25
            ], 
            "Diameter": 0.019962587721750566, 
            "Center Node": 453
        }
    ], 
    "Simulations_Parameters": [
        {
            "AutomaticDeltaTime": true, 
            "Time_vector": [
                0, 
                7.0
            ], 
            "SolverType(1:AMGCGL,2:AMGCL_NS_Solver,3:BICGSTABSolver)": 1, 
            "Config_conditions(1:V-P-P),(2:V-V-P)": 1, 
            "Dt": 0.05
        }
    ], 
    "Pressures": [
        {
            "Pressure Outlet 1002": [
                0
            ], 
            "Pressure Inlet": [
                [
                    1775.206102894405, 
                    -748.2748323594885, 
                    201.2168513205751, 
                    -14.755293818935591, 
                    42.66645156947728, 
                    38.903512508760556, 
                    49.33960106640888, 
                    47.26152470226011, 
                    33.106235318848725, 
                    25.964594485025167, 
                    38.41927934060018, 
                    45.895358040483764, 
                    46.10235960440656, 
                    46.00170550443762, 
                    42.23398545886107, 
                    35.36548721977535, 
                    31.81913951762127, 
                    28.09532345872651, 
                    30.077966829116935, 
                    25.422574906510985, 
                    26.168967126292106, 
                    28.870066046004958, 
                    29.44167302190709, 
                    30.337817164938127, 
                    31.767815106357297, 
                    31.322670201686787, 
                    31.120401993506643, 
                    30.71665829619708, 
                    29.561816924216508, 
                    27.080569512428575, 
                    24.628088803669794, 
                    24.772287265222566, 
                    26.703150604880236, 
                    27.946232758772354
                ]
            ], 
            "Pressure Outlet 1001": [
                [
                    0.0, 
                    0.0, 
                    0.0, 
                    0.0, 
                    0.0, 
                    0.0, 
                    0.0, 
                    0.0, 
                    0.0, 
                    0.0, 
                    0.0, 
                    0.0, 
                    0.0, 
                    0.0, 
                    0.0, 
                    0.0, 
                    0.0, 
                    0.0, 
                    0.0, 
                    0.0, 
                    0.0, 
                    0.0, 
                    0.0, 
                    0.0, 
                    0.0, 
                    0.0, 
                    0.0, 
                    0.0, 
                    0.0, 
                    0.0, 
                    0.0, 
                    0.0, 
                    0.0, 
                    0.0
                ]
            ]
        }
    ], 
    "Hemodynamic Parameters_1001_ABC": [
        {
            "A": 43824389.391203225, 
            "B": -675965076175.648, 
            "C": -7364490.577590175
        }
    ], 
    "Time": [
        {
            "Time": [
                0.05, 
                0.13735503036370866, 
                0.23223670761491993, 
                0.34498839379417867, 
                0.4794080719842959, 
                0.6380779932819551, 
                0.8303592543642115, 
                1.0614616798722118, 
                1.3153186431098383, 
                1.6184026949736436, 
                1.921486746837449, 
                2.2493197038838004, 
                2.703718764863728, 
                3.158117825843656, 
                3.6749035183161394, 
                4.217453138490892, 
                4.227453138490892, 
                4.232453138490892, 
                4.361494622346468, 
                4.505023340071364, 
                4.647554465552827, 
                4.821313814611048, 
                5.030719257009481, 
                5.282644422727508, 
                5.583699821002453, 
                5.682063688393467, 
                5.799584399443422, 
                5.941685890214755, 
                6.114893173389114, 
                6.325894225549788, 
                6.581451290799742, 
                6.867957648254846, 
                6.962070437186847, 
                7.078321847016479
            ]
        }
    ], 
    "name": [
        "I:/PROYECTOS/ESTUDIANTES/Sergio/V1/GID\\Modelo_10_170.gid\\Modelo_10_170.json"
    ], 
    "Hemodynamic Parameters_1001_AB": [
        {
            "A": -17911658.911057632, 
            "B": 271552221040.5296
        }
    ], 
    "Fluid Characteristic": [
        {
            "blood_dynamic_viscosity": 0.0035, 
            "blood_density": 1050.0, 
            "blood_kinematic_viscosity": 3.3333333333333333e-06
        }
    ], 
    "Flow": [
        {
            "Flow Outlet 1002": [
                0
            ], 
            "Flow Outlet 1001": [
                [
                    6.051337518361332e-05, 
                    6.42706080698652e-05, 
                    6.399841770007932e-05, 
                    6.40765135114268e-05, 
                    6.406253044900927e-05, 
                    6.407120320469317e-05, 
                    6.407061467373501e-05, 
                    6.407058500401474e-05, 
                    6.40703453048757e-05, 
                    6.407180147600835e-05, 
                    6.407360465233284e-05, 
                    6.40727902760307e-05, 
                    6.406575625970639e-05, 
                    6.404745049853727e-05, 
                    6.401681328923638e-05, 
                    6.401902066755023e-05, 
                    6.402954895298269e-05, 
                    6.403074368531412e-05, 
                    6.403775555414747e-05, 
                    6.404676128147284e-05, 
                    6.405449397838049e-05, 
                    6.406123303305862e-05, 
                    6.407374584388055e-05, 
                    6.408447354039309e-05, 
                    6.407514315562316e-05, 
                    6.407222126086112e-05, 
                    6.40683689472982e-05, 
                    6.406780361447432e-05, 
                    6.406894561443479e-05, 
                    6.406668888884917e-05, 
                    6.40627683149328e-05, 
                    6.406544715155916e-05, 
                    6.406727596678161e-05, 
                    6.40699064223737e-05
                ]
            ],