{
    "Simulations_Parameters": [
        {
            "AutomaticDeltaTime": true, 
            "Time_vector": [
                0, 
                7.0
            ], 
            "Config_conditions(1:V-P-P),(2:V-V-P)": 1, 
            "SolverType(1:AMGCGL,2:AMGCL_NS_Solver,3:BICGSTABSolver)": 1, 
            "Dt": 0.05
        }
    ], 
    "Pressures": [
        {
            "Pressure Outlet 1002": [
                0
            ], 
            "Pressure Inlet": [
                [
                    1985.0520539437266, 
                    -862.5030911043842, 
                    260.2421414162956, 
                    15.648659536965189, 
                    103.81351210930555, 
                    102.22944509184818, 
                    117.37782074759016, 
                    120.07714854499635, 
                    124.81198352801535, 
                    119.46363567619443, 
                    121.62651972058259, 
                    124.90983102483153, 
                    118.59592329107019, 
                    110.90124820105578, 
                    111.28693083276146, 
                    119.56800176280532, 
                    124.48605993027982, 
                    119.62953383745406, 
                    123.16328938378464
                ]
            ], 
            "Pressure Outlet 1001": [
                [
                    0.0, 
                    0.0, 
                    0.0, 
                    0.0, 
                    0.0, 
                    0.0, 
                    0.0, 
                    0.0, 
                    0.0, 
                    0.0, 
                    0.0, 
                    0.0, 
                    0.0, 
                    0.0, 
                    0.0, 
                    0.0, 
                    0.0, 
                    0.0, 
                    0.0
                ]
            ]
        }
    ], 
    "Inlet": [
        {
            "Center Node": 77833, 
            "Flow_inlet(peak)": -6.429580817880374e-05, 
            "Parabolic": true, 
            "Centroid": [
                -0.00010319409110340921, 
                -2.6215637677039552e-05, 
                -0.031420356708522716
            ], 
            "Reynolds(peak)": -1230.2520383673336, 
            "Flow_inlet(mean)": -6.429580817880374e-05, 
            "Reynolds(mean)": -1230.2520383673336, 
            "Diameter": 0.01996268363257169, 
            "Total_area_inlet": 0.00031298876267923
        }
    ], 
    "Outlet 1001": [
        {
            "Center Node": 584, 
            "Total_area_outlet": 0.00031298575517654044, 
            "Centroid": [
                7.057555348882673e-05, 
                0.00014955292993460692, 
                0.26997999999999905
            ], 
            "Reynolds(peak)": 1232.9804392337107, 
            "Flow_outlet(peak)": 6.443809110470295e-05, 
            "Flow_outlet(mean)": 6.40350646575544e-05, 
            "Reynolds(mean)": 1225.2687935702695, 
            "Diameter": 0.019962587721829676
        }
    ], 
    "name": [
        "I:/PROYECTOS/ESTUDIANTES/Sergio/V1/GID\\Modelo_5_120.gid\\Modelo_5_120.json"
    ], 
    "Flow": [
        {
            "Flow Outlet 1002": [
                0
            ], 
            "Flow Outlet 1001": [
                [
                    6.0676960667183125e-05, 
                    6.443809110470295e-05, 
                    6.413909698805934e-05, 
                    6.42352202845255e-05, 
                    6.421452132317215e-05, 
                    6.422113705413964e-05, 
                    6.421827866713783e-05, 
                    6.421827934687633e-05, 
                    6.421562549230268e-05, 
                    6.420306578556215e-05, 
                    6.419116898952377e-05, 
                    6.42187160784697e-05, 
                    6.4224032649049e-05, 
                    6.421590785711896e-05, 
                    6.420703717588107e-05, 
                    6.419686338194549e-05, 
                    6.420780348865365e-05, 
                    6.4209547477887e-05, 
                    6.421487468134313e-05
                ]
            ], 
            "Flow Inlet": [
                [
                    -6.429580817880374e-05, 
                    -6.429580817880374e-05, 
                    -6.429580817880374e-05, 
                    -6.429580817880374e-05, 
                    -6.429580817880374e-05, 
                    -6.429580817880374e-05, 
                    -6.429580817880374e-05, 
                    -6.429580817880374e-05, 
                    -6.429580817880374e-05, 
                    -6.429580817880374e-05, 
                    -6.429580817880374e-05, 
                    -6.429580817880374e-05, 
                    -6.429580817880374e-05, 
                    -6.429580817880374e-05, 
                    -6.429580817880374e-05, 
                    -6.429580817880374e-05, 
                    -6.429580817880374e-05, 
                    -6.429580817880374e-05, 
                    -6.429580817880374e-05
                ]
            ]
        }
    ], 
    "Bifurcation: ": [
        false
    ], 
    "Hemodynamic Parameters_1001_AB": [
        {
            "B": -2701167994430.6064, 
            "A": 171539024.1582429
        }
    ], 
    "Hemodynamic Parameters_1001_ABC": [
        {
            "B": -7025199616823.929, 
            "C": 48236497.981131844, 
            "A": 452902502.3901802
        }
    ], 
    "Time": [
        {
            "Time": [
                0.05, 
                0.21605687305815852, 
                0.39531133871840857, 
                0.6007514891202702, 
                0.8431773418337557, 
                1.133851813360927, 
                1.4110588898577883, 
                1.6614676015957395, 
                1.963065999603952, 
                2.3263234507360755, 
                2.7619353515759837, 
                3.309738850418775, 
                3.857542349261566, 
                4.462481440816053, 
                5.067420532370541, 
                5.672359623925028, 
                6.277298715479516, 
                6.882237807034003, 
                7.487176898588491
            ]
        }
    ], 
    "Fluid Characteristic": [
        {
            "blood_kinematic_viscosity": 3.3333333333333333e-06, 
            "blood_dynamic_viscosity": 0.0035, 
            "blood_density": 1050.0
        }
    ]
}