{
    "Time": [
        {
            "Time": [
                0.05, 
                0.12701005429729512, 
                0.2148244114048919, 
                0.3118456701666864, 
                0.42665136895187156, 
                0.564621789200531, 
                0.7250461435502192, 
                0.9141059816092612, 
                1.130108643489396, 
                1.379363975700297, 
                1.6752484673541963, 
                2.0277475364326514, 
                2.4527468054737716, 
                2.968302304149968, 
                3.5933984575556988, 
                4.344637445419781, 
                5.242378090339347, 
                6.242378090339347, 
                7.242378090339347
            ]
        }
    ], 
    "name": [
        "I:/PROYECTOS/ESTUDIANTES/Sergio/V1/GID\\Modelo_21_145.gid\\Modelo_21_145.json"
    ], 
    "Outlet 1001": [
        {
            "Total_area_outlet": 0.0003129857874038317, 
            "Flow_outlet(peak)": 6.42419029640668e-05, 
            "Center Node": 575, 
            "Diameter": 0.019962588749576307, 
            "Reynolds(mean)": 1222.1832802256336, 
            "Flow_outlet(mean)": 6.387381267895205e-05, 
            "Reynolds(peak)": 1229.226445072265, 
            "Centroid": [
                4.244701675161117e-05, 
                0.00012423521172042916, 
                0.25
            ]
        }
    ], 
    "Inlet": [
        {
            "Centroid": [
                -0.00010319409110340915, 
                -2.62156376770396e-05, 
                -0.031420356708522716
            ], 
            "Flow_inlet(mean)": -6.412713613374053e-05, 
            "Parabolic": true, 
            "Flow_inlet(peak)": -6.412713613374053e-05, 
            "Center Node": 142052, 
            "Total_area_inlet": 0.00031298876267923, 
            "Diameter": 0.01996268363257169, 
            "Reynolds(mean)": -1227.02462536589, 
            "Reynolds(peak)": -1227.02462536589
        }
    ], 
    "Flow": [
        {
            "Flow Inlet": [
                [
                    -6.412713613374053e-05, 
                    -6.412713613374053e-05, 
                    -6.412713613374053e-05, 
                    -6.412713613374053e-05, 
                    -6.412713613374053e-05, 
                    -6.412713613374053e-05, 
                    -6.412713613374053e-05, 
                    -6.412713613374053e-05, 
                    -6.412713613374053e-05, 
                    -6.412713613374053e-05, 
                    -6.412713613374053e-05, 
                    -6.412713613374053e-05, 
                    -6.412713613374053e-05, 
                    -6.412713613374053e-05, 
                    -6.412713613374053e-05, 
                    -6.412713613374053e-05, 
                    -6.412713613374053e-05, 
                    -6.412713613374053e-05, 
                    -6.412713613374053e-05
                ]
            ], 
            "Flow Outlet 1001": [
                [
                    6.0485245529863545e-05, 
                    6.42419029640668e-05, 
                    6.399184041567822e-05, 
                    6.406826974702659e-05, 
                    6.40545517922857e-05, 
                    6.406344300512243e-05, 
                    6.406338260552e-05, 
                    6.406382732496788e-05, 
                    6.406305073547692e-05, 
                    6.406272136009279e-05, 
                    6.406321260585986e-05, 
                    6.406282607106238e-05, 
                    6.405566919125931e-05, 
                    6.403944910213264e-05, 
                    6.40416832543536e-05, 
                    6.405236626769707e-05, 
                    6.40444078352237e-05, 
                    6.404039518762938e-05, 
                    6.404419590477026e-05
                ]
            ], 
            "Flow Outlet 1002": [
                0
            ]
        }
    ], 
    "Simulations_Parameters": [
        {
            "Dt": 0.05, 
            "SolverType(1:AMGCGL,2:AMGCL_NS_Solver,3:BICGSTABSolver)": 1, 
            "Time_vector": [
                0, 
                7.0
            ], 
            "AutomaticDeltaTime": true, 
            "Config_conditions(1:V-P-P),(2:V-V-P)": 1
        }
    ], 
    "Fluid Characteristic": [
        {
            "blood_density": 1050.0, 
            "blood_dynamic_viscosity": 0.0035, 
            "blood_kinematic_viscosity": 3.3333333333333333e-06
        }
    ], 
    "Hemodynamic Parameters_1001_ABC": [
        {
            "A": 421149879.59319407, 
            "C": 24389184.90968953, 
            "B": -6553793344022.639
        }
    ], 
    "Hemodynamic Parameters_1001_AB": [
        {
            "A": -1023486848.9155493, 
            "B": 15957998231735.668
        }
    ], 
    "Pressures": [
        {
            "Pressure Outlet 1001": [
                [
                    0.0, 
                    0.0, 
                    0.0, 
                    0.0, 
                    0.0, 
                    0.0, 
                    0.0, 
                    0.0, 
                    0.0, 
                    0.0, 
                    0.0, 
                    0.0, 
                    0.0, 
                    0.0, 
                    0.0, 
                    0.0, 
                    0.0, 
                    0.0, 
                    0.0
                ]
            ], 
            "Pressure Inlet": [
                [
                    1733.0758511231859, 
                    -715.9598840115415, 
                    199.2880621583864, 
                    -0.6558421190977403, 
                    60.49484402230045, 
                    66.52972788268433, 
                    85.3780744141032, 
                    92.47848861528635, 
                    92.11010693922704, 
                    87.46612170261412, 
                    89.23810223544976, 
                    97.04041269551624, 
                    96.85607272922537, 
                    92.36513248382509, 
                    91.00834986441052, 
                    92.43641675691387, 
                    93.09644229254248, 
                    95.22725781858567, 
                    94.93027352832458
                ]
            ], 
            "Pressure Outlet 1002": [
                0
            ]
        }
    ], 
    "Bifurcation: ": [
        false
    ]
}