{
    "name": [
        "I:/PROYECTOS/ESTUDIANTES/Sergio/V1/GID\\Modelo_22_120_I.gid\\Modelo_22_120_I.json"
    ], 
    "Outlet 1001": [
        {
            "Centroid": [
                2.1132281722222204e-05, 
                0.00012032486198441406, 
                0.26997999999999905
            ], 
            "Diameter": 0.019962587721366786, 
            "Reynolds(peak)": 1231.707297004106, 
            "Flow_outlet(peak)": 6.437155407442214e-05, 
            "Reynolds(mean)": 1224.6434691458305, 
            "Flow_outlet(mean)": 6.40023839168227e-05, 
            "Center Node": 438, 
            "Total_area_outlet": 0.00031298575516202547
        }
    ], 
    "Time": [
        {
            "Time": [
                0.05, 
                0.1593900804497823, 
                0.2715567193928073, 
                0.39430070263815287, 
                0.528648665210288, 
                0.6792504148758236, 
                0.8304449229574583, 
                0.9877237257045837, 
                1.2287855558448415, 
                1.5165309143771728, 
                1.8399511515047677, 
                2.199727959296691, 
                2.623724301638816, 
                3.0477206439809406, 
                3.4717169863230652, 
                3.89571332866519, 
                4.435615007530161, 
                5.0798096111401305, 
                5.7240042147501, 
                6.36819881836007, 
                7.01239342197004
            ]
        }
    ], 
    "Simulations_Parameters": [
        {
            "Time_vector": [
                0, 
                7.0
            ], 
            "SolverType(1:AMGCGL,2:AMGCL_NS_Solver,3:BICGSTABSolver)": 1, 
            "Config_conditions(1:V-P-P),(2:V-V-P)": 1, 
            "AutomaticDeltaTime": true, 
            "Dt": 0.05
        }
    ], 
    "Hemodynamic Parameters_1001_ABC": [
        {
            "A": 45255489.65993473, 
            "B": -673635708177.4656, 
            "C": -30894664.67860265
        }
    ], 
    "Bifurcation: ": [
        false
    ], 
    "Hemodynamic Parameters_1001_AB": [
        {
            "A": -71393909.30392249, 
            "B": 1081273957564.595
        }
    ], 
    "Flow": [
        {
            "Flow Outlet 1002": [
                0
            ], 
            "Flow Outlet 1001": [
                [
                    6.059124802333339e-05, 
                    6.437155407442214e-05, 
                    6.409183010741933e-05, 
                    6.418439278821036e-05, 
                    6.416993935243385e-05, 
                    6.418034807527508e-05, 
                    6.417961958557665e-05, 
                    6.417976767643094e-05, 
                    6.417903245898425e-05, 
                    6.417844764475474e-05, 
                    6.417852212553764e-05, 
                    6.418168870317827e-05, 
                    6.418858781855028e-05, 
                    6.418984791230511e-05, 
                    6.417171247993434e-05, 
                    6.415579427153422e-05, 
                    6.414803519252676e-05, 
                    6.411676490424905e-05, 
                    6.411442320541988e-05, 
                    6.414126592097816e-05, 
                    6.415723993222249e-05
                ]
            ], 
            "Flow Inlet": [
                [
                    -6.425227150610359e-05, 
                    -6.425227150610359e-05, 
                    -6.425227150610359e-05, 
                    -6.425227150610359e-05, 
                    -6.425227150610359e-05, 
                    -6.425227150610359e-05, 
                    -6.425227150610359e-05, 
                    -6.425227150610359e-05, 
                    -6.425227150610359e-05, 
                    -6.425227150610359e-05, 
                    -6.425227150610359e-05, 
                    -6.425227150610359e-05, 
                    -6.425227150610359e-05, 
                    -6.425227150610359e-05, 
                    -6.425227150610359e-05, 
                    -6.425227150610359e-05, 
                    -6.425227150610359e-05, 
                    -6.425227150610359e-05, 
                    -6.425227150610359e-05, 
                    -6.425227150610359e-05, 
                    -6.425227150610359e-05
                ]
            ]
        }
    ], 
    "Inlet": [
        {
            "Flow_inlet(mean)": -6.425227150610359e-05, 
            "Centroid": [
                -0.00010319409110340905, 
                -2.6215637677039877e-05, 
                -0.031420356708522716
            ], 
            "Diameter": 0.01996268363257169, 
            "Reynolds(peak)": -1229.418996807546, 
            "Flow_inlet(peak)": -6.425227150610359e-05, 
            "Reynolds(mean)": -1229.418996807546, 
            "Center Node": 167549, 
            "Parabolic": true, 
            "Total_area_inlet": 0.00031298876267923
        }
    ], 
    "Fluid Characteristic": [
        {
            "blood_density": 1050.0, 
            "blood_kinematic_viscosity": 3.3333333333333333e-06, 
            "blood_dynamic_viscosity": 0.0035
        }
    ], 
    "Pressures": [
        {
            "Pressure Inlet": [
                [
                    1852.4032191308588, 
                    -781.7448132307308, 
                    237.68718766787623, 
                    21.601812694523197, 
                    103.55070520121983, 
                    115.28274209311125, 
                    136.34367200543826, 
                    143.05697513555344, 
                    139.82808795985224, 
                    139.83992540741306, 
                    135.3091935255603, 
                    118.03986179502529, 
                    108.9989651522151, 
                    125.17071526687735, 
                    136.53519186358267, 
                    134.24968828635227, 
                    136.61304781987454, 
                    128.30118886446124, 
                    129.22415900176648, 
                    130.50760469957575, 
                    135.57621520902163
                ]
            ], 
            "Pressure Outlet 1002": [
                0
            ], 
            "Pressure Outlet 1001": [
                [
                    0.0, 
                    0.0, 
                    0.0, 
                    0.0, 
                    0.0, 
                    0.0, 
                    0.0, 
                    0.0, 
                    0.0, 
                    0.0, 
                    0.0, 
                    0.0, 
                    0.0, 
                    0.0, 
                    0.0, 
                    0.0, 
                    0.0, 
                    0.0, 
                    0.0, 
                    0.0, 
                    0.0
                ]
            ]
        }
    ]
}