{
    "Hemodynamic Parameters_1001_ABC": [
        {
            "B": 660002740574.8167, 
            "C": -14683111.66042167, 
            "A": -40225346.96281245
        }
    ], 
    "Time": [
        {
            "Time": [
                0.05, 
                0.12625098176837218, 
                0.20439203092316205, 
                0.29650203457917373, 
                0.40827721930171035, 
                0.5443232752762672, 
                0.7133356487289477, 
                0.9161587979808551, 
                1.1583990515071194, 
                1.4061403383108928, 
                1.7025239735202804, 
                1.998907608729668, 
                2.2952912439390554, 
                2.591674879148443, 
                3.001393499062532, 
                3.4111121189766207, 
                3.9154075379249083, 
                4.419702956873196, 
                4.923998375821483, 
                5.428293794769771, 
                5.438293794769771, 
                5.443293794769771, 
                5.654070335626717, 
                5.848168644690459, 
                6.01599429453662, 
                6.250863459010575, 
                6.496624916117457, 
                6.74872955204277, 
                7.05124505978802
            ]
        }
    ], 
    "Pressures": [
        {
            "Pressure Outlet 1002": [
                0
            ], 
            "Pressure Outlet 1001": [
                [
                    0.0, 
                    0.0, 
                    0.0, 
                    0.0, 
                    0.0, 
                    0.0, 
                    0.0, 
                    0.0, 
                    0.0, 
                    0.0, 
                    0.0, 
                    0.0, 
                    0.0, 
                    0.0, 
                    0.0, 
                    0.0, 
                    0.0, 
                    0.0, 
                    0.0, 
                    0.0, 
                    0.0, 
                    0.0, 
                    0.0, 
                    0.0, 
                    0.0, 
                    0.0, 
                    0.0, 
                    0.0, 
                    0.0
                ]
            ], 
            "Pressure Inlet": [
                [
                    2062.7768699184153, 
                    -849.873201177168, 
                    243.42742762767827, 
                    6.5569419722728215, 
                    78.4125860776166, 
                    82.76791169378896, 
                    104.03017629239827, 
                    120.46864323384335, 
                    129.06990511384174, 
                    132.9033591273185, 
                    132.20166897103294, 
                    130.56340944478345, 
                    129.00612797833463, 
                    129.69942866131544, 
                    131.1366351072465, 
                    129.79603717096285, 
                    130.57271280073968, 
                    133.19705265884645, 
                    127.07857850355741, 
                    122.00722740742658, 
                    124.89963907363102, 
                    119.18218658006862, 
                    129.76955425992443, 
                    135.2222764559232, 
                    139.18057123155137, 
                    135.7537905468222, 
                    125.85624114095657, 
                    121.70545011017356, 
                    123.8018357842252
                ]
            ]
        }
    ], 
    "Bifurcation: ": [
        false
    ], 
    "Hemodynamic Parameters_1001_AB": [
        {
            "B": -255786310636.5999, 
            "A": 14384464.961716179
        }
    ], 
    "Outlet 1001": [
        {
            "Total_area_outlet": 0.00031298575517405995, 
            "Centroid": [
                3.1174873052513927e-05, 
                6.931638458544458e-05, 
                0.289990000000001
            ], 
            "Reynolds(mean)": 1220.7853206170248, 
            "Diameter": 0.019962587721750573, 
            "Reynolds(peak)": 1226.1010656146093, 
            "Center Node": 427, 
            "Flow_outlet(peak)": 6.407856090437021e-05, 
            "Flow_outlet(mean)": 6.380074914877152e-05
        }
    ], 
    "Simulations_Parameters": [
        {
            "Config_conditions(1:V-P-P),(2:V-V-P)": 1, 
            "AutomaticDeltaTime": true, 
            "Dt": 0.05, 
            "SolverType(1:AMGCGL,2:AMGCL_NS_Solver,3:BICGSTABSolver)": 1, 
            "Time_vector": [
                0, 
                7.0
            ]
        }
    ], 
    "name": [
        "I:/PROYECTOS/ESTUDIANTES/Sergio/V1/GID\\Modelo_7_120_I.gid\\Modelo_7_120_I.json"
    ], 
    "Fluid Characteristic": [
        {
            "blood_kinematic_viscosity": 3.3333333333333333e-06, 
            "blood_density": 1050.0, 
            "blood_dynamic_viscosity": 0.0035
        }
    ], 
    "Flow": [
        {
            "Flow Outlet 1002": [
                0
            ], 
            "Flow Outlet 1001": [
                [
                    6.0107840628232455e-05, 
                    6.407856090437021e-05, 
                    6.38431979601408e-05, 
                    6.39281404444139e-05, 
                    6.392221335939726e-05, 
                    6.393565292207051e-05, 
                    6.393877829668934e-05, 
                    6.394016942580035e-05, 
                    6.39390711705403e-05, 
                    6.393806735899175e-05, 
                    6.393857450903455e-05, 
                    6.393815394146652e-05, 
                    6.393513350491574e-05, 
                    6.393256880910017e-05, 
                    6.393360588050569e-05, 
                    6.392530668229398e-05, 
                    6.39210034424272e-05, 
                    6.392905976998257e-05, 
                    6.392994264652154e-05, 
                    6.392882720371575e-05, 
                    6.393268575652106e-05, 
                    6.393170134228974e-05, 
                    6.393517269446447e-05, 
                    6.393872461201228e-05, 
                    6.393682863164471e-05, 
                    6.393314913209061e-05, 
                    6.391898842525372e-05, 
                    6.390296843730955e-05, 
                    6.390763742217731e-05
                ]
            ], 
            "Flow Inlet": [
                [
                    -6.400996376738133e-05, 
                    -6.400996376738133e-05, 
                    -6.400996376738133e-05, 
                    -6.400996376738133e-05, 
                    -6.400996376738133e-05, 
                    -6.400996376738133e-05, 
                    -6.400996376738133e-05, 
                    -6.400996376738133e-05, 
                    -6.400996376738133e-05, 
                    -6.400996376738133e-05, 
                    -6.400996376738133e-05, 
                    -6.400996376738133e-05, 
                    -6.400996376738133e-05, 
                    -6.400996376738133e-05, 
                    -6.400996376738133e-05, 
                    -6.400996376738133e-05, 
                    -6.400996376738133e-05, 
                    -6.400996376738133e-05, 
                    -6.400996376738133e-05, 
                    -6.400996376738133e-05, 
                    -6.400996376738133e-05, 
                    -6.400996376738133e-05, 
                    -6.400996376738133e-05, 
                    -6.400996376738133e-05, 
                    -6.400996376738133e-05, 
                    -6.400996376738133e-05, 
                    -6.400996376738133e-05, 
                    -6.400996376738133e-05, 
                    -6.400996376738133e-05
                ]
            ]
        }
    ], 
    "Inlet": [
        {
            "Centroid": [
                -0.00010319409110340905, 
                -2.6215637677039877e-05, 
                -0.031420356708522716
            ],