{
    "name": [
        "I:/PROYECTOS/ESTUDIANTES/Sergio/V1/GID\\Modelo_11.gid\\Modelo_11.json"
    ], 
    "Bifurcation: ": [
        false
    ], 
    "Outlet 1001": [
        {
            "Diameter": 0.019982856549117495, 
            "Reynolds(peak)": 1224.1102903238634, 
            "Total_area_outlet": 0.00031362165217449224, 
            "Centroid": [
                -6.749776105236904e-05, 
                -3.7132907267082625e-05, 
                0.25
            ], 
            "Reynolds(mean)": 1222.6951938489449, 
            "Flow_outlet(peak)": 6.403947482875797e-05, 
            "Flow_outlet(mean)": 6.396544388906068e-05, 
            "Center Node": 1723
        }
    ], 
    "Hemodynamic Parameters_1001_ABC": [
        {
            "B": -5653424032743.468, 
            "C": -6254440.370148778, 
            "A": 362092093.04191375
        }
    ], 
    "Inlet": [
        {
            "Diameter": 0.019982860566573068, 
            "Reynolds(peak)": -1223.6845807796217, 
            "Parabolic": true, 
            "Total_area_inlet": 0.0003136217782787035, 
            "Reynolds(mean)": -1223.6845807796217, 
            "Flow_inlet(mean)": -6.40172166538733e-05, 
            "Center Node": 282398, 
            "Flow_inlet(peak)": -6.40172166538733e-05, 
            "Centroid": [
                -7.504989457067667e-05, 
                -3.226784188270719e-05, 
                2.40655696452872e-17
            ]
        }
    ], 
    "Time": [
        {
            "Time": [
                0.1, 
                0.2, 
                0.30000000000000004, 
                0.4, 
                0.5, 
                0.6, 
                0.7, 
                0.7999999999999999, 
                0.8999999999999999, 
                0.9999999999999999, 
                1.0999999999999999, 
                1.2, 
                1.3, 
                1.4000000000000001, 
                1.5000000000000002, 
                1.6000000000000003, 
                1.7000000000000004, 
                1.8000000000000005, 
                1.9000000000000006, 
                2.0000000000000004, 
                2.1000000000000005, 
                2.2000000000000006, 
                2.3000000000000007, 
                2.400000000000001, 
                2.500000000000001, 
                2.600000000000001, 
                2.700000000000001, 
                2.800000000000001, 
                2.9000000000000012, 
                3.0000000000000013, 
                3.1000000000000014, 
                3.2000000000000015, 
                3.3000000000000016, 
                3.4000000000000017, 
                3.5000000000000018, 
                3.600000000000002, 
                3.700000000000002, 
                3.800000000000002, 
                3.900000000000002, 
                4.000000000000002, 
                4.100000000000001, 
                4.200000000000001, 
                4.300000000000001, 
                4.4, 
                4.5, 
                4.6, 
                4.699999999999999, 
                4.799999999999999, 
                4.899999999999999, 
                4.999999999999998, 
                5.099999999999998, 
                5.1999999999999975, 
                5.299999999999997, 
                5.399999999999997, 
                5.4999999999999964, 
                5.599999999999996, 
                5.699999999999996, 
                5.799999999999995, 
                5.899999999999995, 
                5.999999999999995, 
                6.099999999999994, 
                6.199999999999994, 
                6.299999999999994, 
                6.399999999999993, 
                6.499999999999993, 
                6.5999999999999925, 
                6.699999999999992, 
                6.799999999999992, 
                6.8999999999999915, 
                6.999999999999991, 
                7.099999999999991
            ]
        }
    ], 
    "Hemodynamic Parameters_1001_AB": [
        {
            "B": 5764789367883.2295, 
            "A": -369216800.56424433
        }
    ], 
    "Simulations_Parameters": [
        {
            "Config_conditions(1:V-P-P),(2:V-V-P)": 1, 
            "Time_vector": [
                0, 
                7.0
            ], 
            "AutomaticDeltaTime": false, 
            "SolverType(1:AMGCGL,2:AMGCL_NS_Solver,3:BICGSTABSolver)": 1, 
            "Dt": 0.1
        }
    ], 
    "Pressures": [
        {
            "Pressure Inlet": [
                [
                    773.8806243806223, 
                    -324.4486172002847, 
                    102.58421096494902, 
                    2.2584637597170723, 
                    33.111048255101984, 
                    35.43375601423947, 
                    45.289405773595895, 
                    49.17733667567271, 
                    47.50716571053363, 
                    40.60479306961898, 
                    30.43675939585729, 
                    20.106718992240598, 
                    15.859920786983666, 
                    19.112438100280876, 
                    22.763703561228812, 
                    22.987808903353958, 
                    21.796052841917568, 
                    22.218843132688093, 
                    25.23998112963361, 
                    29.166618981916866, 
                    32.447614905153, 
                    34.462099884027964, 
                    34.995666738437066, 
                    34.44595274212895, 
                    33.7181493732783, 
                    32.92740510723967, 
                    32.21832299870971, 
                    31.901302160212136, 
                    32.53840180494701, 
                    33.633673601691854, 
                    33.73606351649079, 
                    33.51167633530405, 
                    33.4741784787664, 
                    33.45929879024449, 
                    33.10437387613048, 
                    31.73267420397386, 
                    29.5990137239931, 
                    27.43862816494578, 
                    25.126888472460962, 
                    22.927109501923642, 
                    22.549951636387284, 
                    23.899990538000015, 
                    23.939191151988663, 
                    23.16337000128257, 
                    23.369343451571954, 
                    24.389948411489577, 
                    24.258710588239207, 
                    23.151030575551477, 
                    22.17840447067769, 
                    21.880842718540386, 
                    21.969362401608816, 
                    21.879001250781606, 
                    22.22597723783972, 
                    22.723100923518064, 
                    22.45293722784875, 
                    22.134296613339757, 
                    22.536053675588693, 
                    23.55691095135739, 
                    24.194835681584053, 
                    23.321096928623458, 
                    22.05089034034819, 
                    21.737959928257766, 
                    21.627031566390713, 
                    21.751681661887936, 
                    22.49416827926324, 
                    22.949616081072058, 
                    22.011101768043396, 
                    20.443439659364206, 
                    19.944124697082156, 
                    20.291179251888632, 
                    20.752715699739166
                ]
            ], 
            "Pressure Outlet 1002": [
                0
            ],