{
    "Bifurcation: ": [
        false
    ], 
    "Hemodynamic Parameters_1001_AB": [
        {
            "B": -2179796495558.4897, 
            "A": 137669802.54478407
        }
    ], 
    "Pressures": [
        {
            "Pressure Inlet": [
                [
                    2058.048038420214, 
                    -855.6005002950052, 
                    246.68211953887982, 
                    6.42744501075099, 
                    81.50055673465849, 
                    85.97251680599517, 
                    105.88531703362759, 
                    118.91184341837513, 
                    125.83538667548278, 
                    129.38448710598874, 
                    140.66689250747385, 
                    132.42936291935357, 
                    130.55870296703392, 
                    132.0229880439124, 
                    132.4979417397586, 
                    129.73250581952252, 
                    123.26236836919557, 
                    120.15793302377108, 
                    126.41966681678261, 
                    136.9299293878143, 
                    137.75141246254566, 
                    129.55841377789005, 
                    122.6873419435615, 
                    123.9175633070886, 
                    118.66248048756245, 
                    129.37914092363667, 
                    135.92253403093486, 
                    140.6375489986015, 
                    137.29318526705157, 
                    125.54085208238085, 
                    118.52170916615293, 
                    116.03486514723778, 
                    119.47120205089995, 
                    120.09354038293652, 
                    128.77552578597067, 
                    130.25202209833424, 
                    138.38886894917806, 
                    129.02109161736993, 
                    125.64042909100922
                ]
            ], 
            "Pressure Outlet 1001": [
                [
                    0.0, 
                    0.0, 
                    0.0, 
                    0.0, 
                    0.0, 
                    0.0, 
                    0.0, 
                    0.0, 
                    0.0, 
                    0.0, 
                    0.0, 
                    0.0, 
                    0.0, 
                    0.0, 
                    0.0, 
                    0.0, 
                    0.0, 
                    0.0, 
                    0.0, 
                    0.0, 
                    0.0, 
                    0.0, 
                    0.0, 
                    0.0, 
                    0.0, 
                    0.0, 
                    0.0, 
                    0.0, 
                    0.0, 
                    0.0, 
                    0.0, 
                    0.0, 
                    0.0, 
                    0.0, 
                    0.0, 
                    0.0, 
                    0.0, 
                    0.0, 
                    0.0
                ]
            ], 
            "Pressure Outlet 1002": [
                0
            ]
        }
    ], 
    "Outlet 1001": [
        {
            "Total_area_outlet": 0.0003129857551740598, 
            "Reynolds(mean)": 1224.3396196459792, 
            "Centroid": [
                5.0992123060165786e-05, 
                0.00011443458853698699, 
                0.289990000000001
            ], 
            "Flow_outlet(peak)": 6.426747689898065e-05, 
            "Reynolds(peak)": 1229.7158487657039, 
            "Diameter": 0.019962587721750566, 
            "Flow_outlet(mean)": 6.398650411888487e-05, 
            "Center Node": 462
        }
    ], 
    "Hemodynamic Parameters_1001_ABC": [
        {
            "B": 2512069112673.0, 
            "C": -1988721.7117737085, 
            "A": -158964258.30956328
        }
    ], 
    "Time": [
        {
            "Time": [
                0.05, 
                0.1336161564874992, 
                0.22377944539796135, 
                0.3273759962761388, 
                0.4459900688448367, 
                0.5828037736249491, 
                0.7424792134704468, 
                0.9224985566054281, 
                1.1331266060354066, 
                1.4054633216929306, 
                1.4154633216929304, 
                1.4204633216929303, 
                1.5819490695986371, 
                1.7309711416711524, 
                1.889454345709967, 
                2.0512650898568663, 
                2.202768061328008, 
                2.3506369561831817, 
                2.5374181671449167, 
                2.7672028612254524, 
                3.0443862029867073, 
                3.3871879667194564, 
                3.7299897304522056, 
                3.7399897304522054, 
                3.7449897304522053, 
                3.9694847629110552, 
                4.179138496130452, 
                4.377103633308975, 
                4.57530527492799, 
                4.7722988098720664, 
                4.972561153248771, 
                5.210848636773642, 
                5.487755202944776, 
                5.8267811402982925, 
                6.264094072786314, 
                6.773405685952541, 
                6.783405685952541, 
                6.788405685952541, 
                7.028622281699419
            ]
        }
    ], 
    "Simulations_Parameters": [
        {
            "Config_conditions(1:V-P-P),(2:V-V-P)": 1, 
            "AutomaticDeltaTime": true, 
            "Time_vector": [
                0, 
                7.0
            ], 
            "Dt": 0.05, 
            "SolverType(1:AMGCGL,2:AMGCL_NS_Solver,3:BICGSTABSolver)": 1
        }
    ], 
    "Flow": [
        {
            "Flow Outlet 1001": [
                [
                    6.0414546123887555e-05, 
                    6.426747689898065e-05, 
                    6.40083275673605e-05, 
                    6.409205694755241e-05, 
                    6.40802820579515e-05, 
                    6.409029329780593e-05, 
                    6.409110333724467e-05, 
                    6.409169734494845e-05, 
                    6.409085262869016e-05, 
                    6.409020219022769e-05, 
                    6.40918555366008e-05, 
                    6.408939942375246e-05, 
                    6.409063776648259e-05, 
                    6.40904356129754e-05, 
                    6.409016788213184e-05, 
                    6.408838783967151e-05, 
                    6.408444620669397e-05, 
                    6.407962505620836e-05, 
                    6.407619322069578e-05, 
                    6.407946919706489e-05, 
                    6.407844151458453e-05, 
                    6.40806945336543e-05, 
                    6.408823839888973e-05, 
                    6.409024414423561e-05, 
                    6.408680395236958e-05, 
                    6.408288055278382e-05, 
                    6.40810703612875e-05, 
                    6.407805140253928e-05, 
                    6.406826725417465e-05, 
                    6.405174195572838e-05, 
                    6.403829020437075e-05, 
                    6.40327352345339e-05, 
                    6.404153314818748e-05, 
                    6.40711361363444e-05, 
                    6.408240144103407e-05, 
                    6.407647334182182e-05, 
                    6.407103373195128e-05, 
                    6.405920877223872e-05, 
                    6.403695841885298e-05
                ]
            ],