{
    "Simulations_Parameters": [
        {
            "AutomaticDeltaTime": true, 
            "Config_conditions(1:V-P-P),(2:V-V-P)": 1, 
            "Dt": 0.05, 
            "SolverType(1:AMGCGL,2:AMGCL_NS_Solver,3:BICGSTABSolver)": 1, 
            "Time_vector": [
                0, 
                7.0
            ]
        }
    ], 
    "Inlet": [
        {
            "Centroid": [
                -0.00010319409110340905, 
                -2.6215637677039877e-05, 
                -0.031420356708522716
            ], 
            "Flow_inlet(mean)": -6.422132325620003e-05, 
            "Reynolds(mean)": -1228.8268252709213, 
            "Flow_inlet(peak)": -6.422132325620003e-05, 
            "Center Node": 164904, 
            "Total_area_inlet": 0.00031298876267923, 
            "Reynolds(peak)": -1228.8268252709213, 
            "Diameter": 0.01996268363257169, 
            "Parabolic": true
        }
    ], 
    "Fluid Characteristic": [
        {
            "blood_kinematic_viscosity": 3.3333333333333333e-06, 
            "blood_density": 1050.0, 
            "blood_dynamic_viscosity": 0.0035
        }
    ], 
    "name": [
        "I:/PROYECTOS/ESTUDIANTES/Sergio/V1/GID\\Modelo_23_170.gid\\Modelo_23_170.json"
    ], 
    "Time": [
        {
            "Time": [
                0.05, 
                0.13169807774274267, 
                0.21969032437163954, 
                0.32098560431776935, 
                0.43865780036105084, 
                0.5780173534177103, 
                0.7446581159630004, 
                0.9444929083438486, 
                1.1844430392379448, 
                1.4731190891388706, 
                1.4831190891388704, 
                1.4881190891388703, 
                1.6612825194051026, 
                1.830580605995217, 
                1.9907838735546708, 
                2.140410859614557, 
                2.2832839098645064, 
                2.426457562721862, 
                2.6057830657002947, 
                2.8330668659683256, 
                3.119666833879486, 
                3.4687744277173915, 
                3.9064163356977764, 
                4.445232608705289, 
                4.984048881712801, 
                5.522865154720313, 
                5.532865154720313, 
                5.537865154720313, 
                5.777384768342824, 
                6.009000529873228, 
                6.2274687688029475, 
                6.423771625906895, 
                6.615158171985934, 
                6.817112975580354, 
                7.067743748523963
            ]
        }
    ], 
    "Flow": [
        {
            "Flow Outlet 1002": [
                0
            ], 
            "Flow Outlet 1001": [
                [
                    6.0535793508084546e-05, 
                    6.431373235584198e-05, 
                    6.407110630627532e-05, 
                    6.415033505469791e-05, 
                    6.413930922880474e-05, 
                    6.415067064443385e-05, 
                    6.415204566467456e-05, 
                    6.415252498959726e-05, 
                    6.415154953973117e-05, 
                    6.415113077392946e-05, 
                    6.415474564451328e-05, 
                    6.415299674031899e-05, 
                    6.415227515467085e-05, 
                    6.415243630122532e-05, 
                    6.415400035909635e-05, 
                    6.415701453942274e-05, 
                    6.416111855002639e-05, 
                    6.416399077048967e-05, 
                    6.416097711591893e-05, 
                    6.415114739272565e-05, 
                    6.414167390249646e-05, 
                    6.412907939755805e-05, 
                    6.4104709345854e-05, 
                    6.409722749745572e-05, 
                    6.411047350932807e-05, 
                    6.41118427224082e-05, 
                    6.412093606770503e-05, 
                    6.41203266728717e-05, 
                    6.412751084175512e-05, 
                    6.414395303358206e-05, 
                    6.415459905062305e-05, 
                    6.416158168903538e-05, 
                    6.416271363693298e-05, 
                    6.415311844047499e-05, 
                    6.414012878133012e-05
                ]
            ], 
            "Flow Inlet": [
                [
                    -6.422132325620003e-05, 
                    -6.422132325620003e-05, 
                    -6.422132325620003e-05, 
                    -6.422132325620003e-05, 
                    -6.422132325620003e-05, 
                    -6.422132325620003e-05, 
                    -6.422132325620003e-05, 
                    -6.422132325620003e-05, 
                    -6.422132325620003e-05, 
                    -6.422132325620003e-05, 
                    -6.422132325620003e-05, 
                    -6.422132325620003e-05, 
                    -6.422132325620003e-05, 
                    -6.422132325620003e-05, 
                    -6.422132325620003e-05, 
                    -6.422132325620003e-05, 
                    -6.422132325620003e-05, 
                    -6.422132325620003e-05, 
                    -6.422132325620003e-05, 
                    -6.422132325620003e-05, 
                    -6.422132325620003e-05, 
                    -6.422132325620003e-05, 
                    -6.422132325620003e-05, 
                    -6.422132325620003e-05, 
                    -6.422132325620003e-05, 
                    -6.422132325620003e-05, 
                    -6.422132325620003e-05, 
                    -6.422132325620003e-05, 
                    -6.422132325620003e-05, 
                    -6.422132325620003e-05, 
                    -6.422132325620003e-05, 
                    -6.422132325620003e-05, 
                    -6.422132325620003e-05, 
                    -6.422132325620003e-05, 
                    -6.422132325620003e-05
                ]
            ]
        }
    ], 
    "Hemodynamic Parameters_1001_ABC": [
        {
            "C": -12844001.134966996, 
            "B": -681503218780.8988, 
            "A": 44308235.920208976
        }
    ], 
    "Hemodynamic Parameters_1001_AB": [
        {
            "B": 482907257725.78625, 
            "A": -31563660.523654547
        }
    ], 
    "Bifurcation: ": [
        false
    ], 
    "Outlet 1001": [
        {
            "Centroid": [
                1.2343161578888893e-05, 
                9.51377092105258e-05, 
                0.26997999999999905
            ], 
            "Reynolds(mean)": 1225.4226950068123, 
            "Flow_outlet(peak)": 6.431373235584198e-05, 
            "Flow_outlet(mean)": 6.404310786353971e-05, 
            "Center Node": 438, 
            "Total_area_outlet": 0.0003129857551833543, 
            "Reynolds(peak)": 1230.6009164541304, 
            "Diameter": 0.019962587722046975
        }
    ], 
    "Pressures": [
        {
            "Pressure Outlet 1002": [
                0
            ],