{
    "Hemodynamic Parameters_1001_AB": [
        {
            "B": -151371842033.25656, 
            "A": 9092563.851497503
        }
    ], 
    "Fluid Characteristic": [
        {
            "blood_kinematic_viscosity": 3.3333333333333333e-06, 
            "blood_density": 1050.0, 
            "blood_dynamic_viscosity": 0.0035
        }
    ], 
    "Pressures": [
        {
            "Pressure Inlet": [
                [
                    1744.1695278190957, 
                    -736.0038646185626, 
                    197.65516355225034, 
                    -14.4767880443249, 
                    42.595983314532404, 
                    40.62719477915198, 
                    53.904789609085036, 
                    55.51955418405298, 
                    42.49815475407603, 
                    23.825311445945356, 
                    27.02654939230278, 
                    34.734385996068745, 
                    36.446127814267655, 
                    36.994606228930735, 
                    40.00930585082442, 
                    39.529066975451066, 
                    33.68316419744777, 
                    29.844616622945594, 
                    29.73935419089494, 
                    27.279038492319586, 
                    32.24449984800193, 
                    32.872701688954216, 
                    35.43307380710853, 
                    36.92263504993195, 
                    36.95263888873172
                ]
            ], 
            "Pressure Outlet 1001": [
                [
                    0.0, 
                    0.0, 
                    0.0, 
                    0.0, 
                    0.0, 
                    0.0, 
                    0.0, 
                    0.0, 
                    0.0, 
                    0.0, 
                    0.0, 
                    0.0, 
                    0.0, 
                    0.0, 
                    0.0, 
                    0.0, 
                    0.0, 
                    0.0, 
                    0.0, 
                    0.0, 
                    0.0, 
                    0.0, 
                    0.0, 
                    0.0, 
                    0.0
                ]
            ], 
            "Pressure Outlet 1002": [
                0
            ]
        }
    ], 
    "Time": [
        {
            "Time": [
                0.05, 
                0.13877564528311373, 
                0.2343446020497595, 
                0.3446680207258731, 
                0.4727576594177668, 
                0.6236209032583946, 
                0.8031322434127914, 
                1.0177528578281538, 
                1.2732498698894124, 
                1.568835884648262, 
                1.8644218994071116, 
                2.160007914165961, 
                2.548395457333324, 
                2.9367830005006867, 
                3.42984960665408, 
                4.03639963201974, 
                4.74487605527561, 
                5.453352478531481, 
                5.463352478531481, 
                5.4683524785314805, 
                5.750056747955843, 
                6.031761017380205, 
                6.383975839992418, 
                6.736190662604631, 
                7.08345963218991
            ]
        }
    ], 
    "Hemodynamic Parameters_1001_ABC": [
        {
            "B": 161644631544.59418, 
            "C": -1025661.4664744101, 
            "A": -9748236.858254343
        }
    ], 
    "name": [
        "I:/PROYECTOS/ESTUDIANTES/Sergio/V1/GID\\Modelo_12_170_I.gid\\Modelo_12_170_I.json"
    ], 
    "Outlet 1001": [
        {
            "Center Node": 425, 
            "Total_area_outlet": 0.0003129857873893009, 
            "Flow_outlet(mean)": 6.368135427244358e-05, 
            "Centroid": [
                6.215379717078656e-05, 
                5.614083298509638e-05, 
                0.25
            ], 
            "Flow_outlet(peak)": 6.397153399795463e-05, 
            "Reynolds(mean)": 1218.5007155735263, 
            "Diameter": 0.019962588749112914, 
            "Reynolds(peak)": 1224.0531132450244
        }
    ], 
    "Bifurcation: ": [
        false
    ], 
    "Inlet": [
        {
            "Center Node": 89929, 
            "Total_area_inlet": 0.00031298876267923, 
            "Parabolic": true, 
            "Flow_inlet(mean)": -6.391776611086639e-05, 
            "Centroid": [
                -0.00010319409110340905, 
                -2.6215637677039877e-05, 
                -0.031420356708522716
            ], 
            "Flow_inlet(peak)": -6.391776611086639e-05, 
            "Reynolds(mean)": -1223.0184871010497, 
            "Diameter": 0.01996268363257169, 
            "Reynolds(peak)": -1223.0184871010497
        }
    ], 
    "Simulations_Parameters": [
        {
            "Config_conditions(1:V-P-P),(2:V-V-P)": 1, 
            "Time_vector": [
                0, 
                7.0
            ], 
            "SolverType(1:AMGCGL,2:AMGCL_NS_Solver,3:BICGSTABSolver)": 1, 
            "Dt": 0.05, 
            "AutomaticDeltaTime": true
        }
    ], 
    "Flow": [
        {
            "Flow Outlet 1001": [
                [
                    6.016209845241982e-05, 
                    6.397153399795463e-05, 
                    6.374360514071343e-05, 
                    6.382746900180386e-05, 
                    6.382091118898567e-05, 
                    6.383462247044574e-05, 
                    6.383591410904058e-05, 
                    6.383588833296645e-05, 
                    6.383514526073912e-05, 
                    6.383778019104731e-05, 
                    6.384407804752869e-05, 
                    6.38485447060995e-05, 
                    6.384054231596705e-05, 
                    6.381944480535602e-05, 
                    6.379826151248352e-05, 
                    6.379154854085838e-05, 
                    6.379132350670356e-05, 
                    6.381863427245307e-05, 
                    6.382036069137387e-05, 
                    6.381935542210484e-05, 
                    6.383169084107192e-05, 
                    6.383392486517182e-05, 
                    6.383790660442153e-05, 
                    6.382277667310242e-05, 
                    6.381049586027648e-05
                ]
            ], 
            "Flow Outlet 1002": [
                0
            ], 
            "Flow Inlet": [
                [
                    -6.391776611086639e-05, 
                    -6.391776611086639e-05, 
                    -6.391776611086639e-05, 
                    -6.391776611086639e-05, 
                    -6.391776611086639e-05, 
                    -6.391776611086639e-05, 
                    -6.391776611086639e-05, 
                    -6.391776611086639e-05, 
                    -6.391776611086639e-05, 
                    -6.391776611086639e-05, 
                    -6.391776611086639e-05, 
                    -6.391776611086639e-05, 
                    -6.391776611086639e-05, 
                    -6.391776611086639e-05, 
                    -6.391776611086639e-05, 
                    -6.391776611086639e-05, 
                    -6.391776611086639e-05, 
                    -6.391776611086639e-05, 
                    -6.391776611086639e-05, 
                    -6.391776611086639e-05, 
                    -6.391776611086639e-05, 
                    -6.391776611086639e-05, 
                    -6.391776611086639e-05, 
                    -6.391776611086639e-05, 
                    -6.391776611086639e-05
                ]
            ]
        }
    ]
}