{
    "Flow": [
        {
            "Flow Outlet 1002": [
                0
            ], 
            "Flow Inlet": [
                [
                    -6.404207045220473e-05, 
                    -6.404207045220473e-05, 
                    -6.404207045220473e-05, 
                    -6.404207045220473e-05, 
                    -6.404207045220473e-05, 
                    -6.404207045220473e-05, 
                    -6.404207045220473e-05, 
                    -6.404207045220473e-05, 
                    -6.404207045220473e-05, 
                    -6.404207045220473e-05, 
                    -6.404207045220473e-05, 
                    -6.404207045220473e-05, 
                    -6.404207045220473e-05, 
                    -6.404207045220473e-05, 
                    -6.404207045220473e-05, 
                    -6.404207045220473e-05, 
                    -6.404207045220473e-05, 
                    -6.404207045220473e-05, 
                    -6.404207045220473e-05, 
                    -6.404207045220473e-05, 
                    -6.404207045220473e-05, 
                    -6.404207045220473e-05, 
                    -6.404207045220473e-05, 
                    -6.404207045220473e-05, 
                    -6.404207045220473e-05, 
                    -6.404207045220473e-05, 
                    -6.404207045220473e-05, 
                    -6.404207045220473e-05
                ]
            ], 
            "Flow Outlet 1001": [
                [
                    6.029528547696276e-05, 
                    6.407794967971253e-05, 
                    6.387316352704363e-05, 
                    6.396336040523396e-05, 
                    6.395196085062119e-05, 
                    6.396322022972229e-05, 
                    6.396326172931103e-05, 
                    6.396264662678096e-05, 
                    6.396120211115791e-05, 
                    6.396092306052509e-05, 
                    6.396205657504221e-05, 
                    6.396337266659262e-05, 
                    6.396065311534343e-05, 
                    6.394741344690646e-05, 
                    6.390150714619617e-05, 
                    6.390503199367517e-05, 
                    6.389471536982388e-05, 
                    6.387153740512337e-05, 
                    6.390561442718691e-05, 
                    6.394369119466854e-05, 
                    6.396127178477807e-05, 
                    6.396136838498935e-05, 
                    6.396857950858006e-05, 
                    6.396032483245114e-05, 
                    6.394906567104393e-05, 
                    6.394993886417043e-05, 
                    6.395611354226189e-05, 
                    6.396301660082468e-05
                ]
            ]
        }
    ], 
    "Bifurcation: ": [
        false
    ], 
    "Outlet 1001": [
        {
            "Centroid": [
                2.4036718798882593e-05, 
                6.826439254075248e-05, 
                0.289990000000001
            ], 
            "Reynolds(mean)": 1221.1114723381038, 
            "Total_area_outlet": 0.0003129857551765408, 
            "Reynolds(peak)": 1226.0893702284316, 
            "Flow_outlet(mean)": 6.381779450809748e-05, 
            "Diameter": 0.019962587721829687, 
            "Flow_outlet(peak)": 6.407794967971253e-05, 
            "Center Node": 427
        }
    ], 
    "Pressures": [
        {
            "Pressure Outlet 1002": [
                0
            ], 
            "Pressure Outlet 1001": [
                [
                    0.0, 
                    0.0, 
                    0.0, 
                    0.0, 
                    0.0, 
                    0.0, 
                    0.0, 
                    0.0, 
                    0.0, 
                    0.0, 
                    0.0, 
                    0.0, 
                    0.0, 
                    0.0, 
                    0.0, 
                    0.0, 
                    0.0, 
                    0.0, 
                    0.0, 
                    0.0, 
                    0.0, 
                    0.0, 
                    0.0, 
                    0.0, 
                    0.0, 
                    0.0, 
                    0.0, 
                    0.0
                ]
            ], 
            "Pressure Inlet": [
                [
                    1885.7296820899721, 
                    -804.6840518504813, 
                    215.98031860087826, 
                    -18.980814997297383, 
                    42.45219694703763, 
                    36.66020817591512, 
                    48.26998260963359, 
                    52.55411360634794, 
                    52.32755350263264, 
                    46.053157313611834, 
                    40.77854512926921, 
                    48.27840011671501, 
                    57.74773170716035, 
                    62.12341218585288, 
                    56.80554529393374, 
                    56.59493709453071, 
                    48.86541653183339, 
                    50.58981060975011, 
                    44.049387440605045, 
                    38.5256285335782, 
                    31.600323021732294, 
                    29.981309786633187, 
                    31.120353398852235, 
                    31.578351122303644, 
                    31.757520759285548, 
                    31.488350225285163, 
                    31.032174547247717, 
                    31.96792510078492
                ]
            ]
        }
    ], 
    "Hemodynamic Parameters_1001_AB": [
        {
            "A": -155062844.74397728, 
            "B": 2414403224643.345
        }
    ], 
    "Inlet": [
        {
            "Parabolic": true, 
            "Centroid": [
                -0.00010319409110340905, 
                -2.6215637677039877e-05, 
                -0.031420356708522716
            ], 
            "Reynolds(mean)": -1225.3969573876993, 
            "Reynolds(peak)": -1225.3969573876993, 
            "Flow_inlet(mean)": -6.404207045220473e-05, 
            "Diameter": 0.01996268363257169, 
            "Flow_inlet(peak)": -6.404207045220473e-05, 
            "Center Node": 115394, 
            "Total_area_inlet": 0.00031298876267923
        }
    ], 
    "Simulations_Parameters": [
        {
            "AutomaticDeltaTime": true, 
            "Time_vector": [
                0, 
                7.0
            ], 
            "SolverType(1:AMGCGL,2:AMGCL_NS_Solver,3:BICGSTABSolver)": 1, 
            "Config_conditions(1:V-P-P),(2:V-V-P)": 1, 
            "Dt": 0.05
        }
    ], 
    "Time": [
        {
            "Time": [
                0.05, 
                0.14862396397754307, 
                0.2552323063982666, 
                0.3771973094533795, 
                0.5145359309930799, 
                0.6696976719023959, 
                0.8501761714491862, 
                1.0654321194852325, 
                1.3236169373435707, 
                1.6335166369434306, 
                1.9434163365432906, 
                2.2533160361431506, 
                2.599236096160592, 
                3.0458480710027307, 
                3.5878652851384993, 
                3.597865285138499, 
                3.602865285138499, 
                3.9243002295958567, 
                4.245735174053214, 
                4.567170118510572, 
                4.88860506296793, 
                5.210040007425287, 
                5.531474951882645, 
                5.852909896340003, 
                6.17434484079736, 
                6.495906907711847, 
                6.817468974626333, 
                7.13903104154082
            ]
        }
    ], 
    "Hemodynamic Parameters_1001_ABC": [
        {
            "A": 170040554.87440863,