{
    "Time": [
        {
            "Time": [
                0.05, 
                0.1446692368253148, 
                0.24768026660112938, 
                0.36884189577697546, 
                0.5021564432109233, 
                0.6461925692867657, 
                0.8036116463600163, 
                0.9825502782751829, 
                1.1917457732153411, 
                1.465281384661197, 
                1.8002055201299993, 
                2.1998647164183156, 
                2.690348130520798, 
                3.2292074567444535, 
                3.768066782968109, 
                4.306926109191765, 
                4.84578543541542, 
                5.508395325016605, 
                6.380722872686647, 
                6.390722872686647, 
                6.395722872686647, 
                6.814224039641354, 
                7.2327252065960606
            ]
        }
    ], 
    "name": [
        "I:/PROYECTOS/ESTUDIANTES/Sergio/V1/GID\\Modelo_2_145.gid\\Modelo_2_145.json"
    ], 
    "Outlet 1001": [
        {
            "Centroid": [
                -1.871062869215922e-05, 
                8.096230688974146e-05, 
                0.25
            ], 
            "Flow_outlet(peak)": 6.427966921089824e-05, 
            "Center Node": 536, 
            "Diameter": 0.019962587721829687, 
            "Reynolds(mean)": 1223.5126308039423, 
            "Flow_outlet(mean)": 6.394328398307627e-05, 
            "Reynolds(peak)": 1229.9491406204381, 
            "Total_area_outlet": 0.0003129857551765408
        }
    ], 
    "Inlet": [
        {
            "Centroid": [
                -0.00010319409110340886, 
                -2.621563767703885e-05, 
                -0.031420356708522716
            ], 
            "Flow_inlet(mean)": -6.416944145380984e-05, 
            "Parabolic": true, 
            "Flow_inlet(peak)": -6.416944145380984e-05, 
            "Center Node": 68664, 
            "Total_area_inlet": 0.00031298876267923, 
            "Diameter": 0.01996268363257169, 
            "Reynolds(mean)": -1227.8341059171619, 
            "Reynolds(peak)": -1227.8341059171619
        }
    ], 
    "Flow": [
        {
            "Flow Inlet": [
                [
                    -6.416944145380984e-05, 
                    -6.416944145380984e-05, 
                    -6.416944145380984e-05, 
                    -6.416944145380984e-05, 
                    -6.416944145380984e-05, 
                    -6.416944145380984e-05, 
                    -6.416944145380984e-05, 
                    -6.416944145380984e-05, 
                    -6.416944145380984e-05, 
                    -6.416944145380984e-05, 
                    -6.416944145380984e-05, 
                    -6.416944145380984e-05, 
                    -6.416944145380984e-05, 
                    -6.416944145380984e-05, 
                    -6.416944145380984e-05, 
                    -6.416944145380984e-05, 
                    -6.416944145380984e-05, 
                    -6.416944145380984e-05, 
                    -6.416944145380984e-05, 
                    -6.416944145380984e-05, 
                    -6.416944145380984e-05, 
                    -6.416944145380984e-05, 
                    -6.416944145380984e-05
                ]
            ], 
            "Flow Outlet 1001": [
                [
                    6.055235357040474e-05, 
                    6.427966921089824e-05, 
                    6.40359472140165e-05, 
                    6.411726389665446e-05, 
                    6.410109140450533e-05, 
                    6.410994115979332e-05, 
                    6.410962483400294e-05, 
                    6.410987928785708e-05, 
                    6.410917619775211e-05, 
                    6.410851667801212e-05, 
                    6.410486721329512e-05, 
                    6.407911614745357e-05, 
                    6.403755025957538e-05, 
                    6.405277543208179e-05, 
                    6.40831267490015e-05, 
                    6.408501750589884e-05, 
                    6.407850738022298e-05, 
                    6.407712788092825e-05, 
                    6.408699539893451e-05, 
                    6.40872401017726e-05, 
                    6.408477720596665e-05, 
                    6.410232803260023e-05, 
                    6.410263884912585e-05
                ]
            ], 
            "Flow Outlet 1002": [
                0
            ]
        }
    ], 
    "Simulations_Parameters": [
        {
            "Dt": 0.05, 
            "SolverType(1:AMGCGL,2:AMGCL_NS_Solver,3:BICGSTABSolver)": 1, 
            "Time_vector": [
                0, 
                7.0
            ], 
            "Config_conditions(1:V-P-P),(2:V-V-P)": 1, 
            "AutomaticDeltaTime": true
        }
    ], 
    "Fluid Characteristic": [
        {
            "blood_density": 1050.0, 
            "blood_dynamic_viscosity": 0.0035, 
            "blood_kinematic_viscosity": 3.3333333333333333e-06
        }
    ], 
    "Hemodynamic Parameters_1001_ABC": [
        {
            "A": 28830936.288068637, 
            "C": -15530102.25965482, 
            "B": -431160361609.7021
        }
    ], 
    "Pressures": [
        {
            "Pressure Outlet 1001": [
                [
                    0.0, 
                    0.0, 
                    0.0, 
                    0.0, 
                    0.0, 
                    0.0, 
                    0.0, 
                    0.0, 
                    0.0, 
                    0.0, 
                    0.0, 
                    0.0, 
                    0.0, 
                    0.0, 
                    0.0, 
                    0.0, 
                    0.0, 
                    0.0, 
                    0.0, 
                    0.0, 
                    0.0, 
                    0.0, 
                    0.0
                ]
            ], 
            "Pressure Inlet": [
                [
                    1860.316076099997, 
                    -785.6526718608782, 
                    218.69613136573892, 
                    -7.204214762709153, 
                    58.25068815800775, 
                    59.001174347615596, 
                    74.50955696426874, 
                    78.49511183982142, 
                    78.96577046501473, 
                    86.03508636401996, 
                    88.91002879797722, 
                    83.03519215693278, 
                    77.56242982779831, 
                    75.66169490424797, 
                    73.7678003836884, 
                    71.11485309842448, 
                    74.51203918773936, 
                    79.35899544598084, 
                    82.05233206303903, 
                    85.30995436146164, 
                    79.82315009099406, 
                    77.90658679829977, 
                    72.75962558173795
                ]
            ], 
            "Pressure Outlet 1002": [
                0
            ]
        }
    ], 
    "Hemodynamic Parameters_1001_AB": [
        {
            "A": -43286002.84038253, 
            "B": 656724206801.824
        }
    ], 
    "Bifurcation: ": [
        false
    ]
}