{
    "Hemodynamic Parameters_1001_ABC": [
        {
            "C": 838017.4625766724, 
            "B": -2872896308737.7983, 
            "A": 184601654.1223835
        }
    ], 
    "Fluid Characteristic": [
        {
            "blood_kinematic_viscosity": 3.3333333333333333e-06, 
            "blood_density": 1050.0, 
            "blood_dynamic_viscosity": 0.0035
        }
    ], 
    "Outlet 1001": [
        {
            "Flow_outlet(peak)": 6.43091317597309e-05, 
            "Reynolds(peak)": 1230.5129314902013, 
            "Total_area_outlet": 0.00031298573259009015, 
            "Diameter": 0.019962587001534908, 
            "Center Node": 393, 
            "Flow_outlet(mean)": 6.395258191749286e-05, 
            "Reynolds(mean)": 1223.6905848095785, 
            "Centroid": [
                -0.0001238296370141063, 
                5.144788582954435e-05, 
                0.2699799999999991
            ]
        }
    ], 
    "name": [
        "D:/edu_12/V1/GID/0\\Modelo_4.gid\\Modelo_4.json"
    ], 
    "Hemodynamic Parameters_1001_AB": [
        {
            "B": 2821065143161.4067, 
            "A": -181279310.44631693
        }
    ], 
    "Flow": [
        {
            "Flow Inlet": [
                [
                    -6.415830807770242e-05, 
                    -6.415830807770242e-05, 
                    -6.415830807770242e-05, 
                    -6.415830807770242e-05, 
                    -6.415830807770242e-05, 
                    -6.415830807770242e-05, 
                    -6.415830807770242e-05, 
                    -6.415830807770242e-05, 
                    -6.415830807770242e-05, 
                    -6.415830807770242e-05, 
                    -6.415830807770242e-05, 
                    -6.415830807770242e-05, 
                    -6.415830807770242e-05, 
                    -6.415830807770242e-05, 
                    -6.415830807770242e-05, 
                    -6.415830807770242e-05, 
                    -6.415830807770242e-05, 
                    -6.415830807770242e-05, 
                    -6.415830807770242e-05, 
                    -6.415830807770242e-05, 
                    -6.415830807770242e-05, 
                    -6.415830807770242e-05, 
                    -6.415830807770242e-05, 
                    -6.415830807770242e-05, 
                    -6.415830807770242e-05, 
                    -6.415830807770242e-05
                ]
            ], 
            "Flow Outlet 1001": [
                [
                    6.0240562206142764e-05, 
                    6.43091317597309e-05, 
                    6.403497101907078e-05, 
                    6.411049447376996e-05, 
                    6.40929592190336e-05, 
                    6.410145532003286e-05, 
                    6.410013889596885e-05, 
                    6.409984777173824e-05, 
                    6.410016483710048e-05, 
                    6.41026179102072e-05, 
                    6.410570364747789e-05, 
                    6.410456085585061e-05, 
                    6.409362826597875e-05, 
                    6.406851993225941e-05, 
                    6.40737929072202e-05, 
                    6.406912947325652e-05, 
                    6.406593863475879e-05, 
                    6.408726467964953e-05, 
                    6.409289487292055e-05, 
                    6.409018073430565e-05, 
                    6.409708280310836e-05, 
                    6.410260945647586e-05, 
                    6.410440608386497e-05, 
                    6.410540180601265e-05, 
                    6.41051879253918e-05, 
                    6.410848436348727e-05
                ]
            ], 
            "Flow Outlet 1002": [
                0
            ]
        }
    ], 
    "Time": [
        {
            "Time": [
                0.05, 
                0.15473629426474644, 
                0.27606862393547626, 
                0.4148950326630253, 
                0.574587637604883, 
                0.7612861216605503, 
                0.9824744042081737, 
                1.2454129269270198, 
                1.5530348420509203, 
                1.8606567571748212, 
                2.179241637937725, 
                2.5582762077785217, 
                3.099150135577986, 
                3.675022866268738, 
                3.6850228662687377, 
                3.6900228662687375, 
                4.076551161336608, 
                4.463079456404479, 
                4.84960775147235, 
                5.236136046540221, 
                5.573384967197402, 
                5.895901345122169, 
                6.213285654913837, 
                6.5356442837954365, 
                6.86156084416085, 
                7.185233128954982
            ]
        }
    ], 
    "Pressures": [
        {
            "Pressure Outlet 1001": [
                [
                    0.0, 
                    0.0, 
                    0.0, 
                    0.0, 
                    0.0, 
                    0.0, 
                    0.0, 
                    0.0, 
                    0.0, 
                    0.0, 
                    0.0, 
                    0.0, 
                    0.0, 
                    0.0, 
                    0.0, 
                    0.0, 
                    0.0, 
                    0.0, 
                    0.0, 
                    0.0, 
                    0.0, 
                    0.0, 
                    0.0, 
                    0.0, 
                    0.0, 
                    0.0
                ]
            ], 
            "Pressure Inlet": [
                [
                    1669.8104199057052, 
                    -717.2360721037894, 
                    191.63234786653675, 
                    -18.513384259182594, 
                    37.40174214019972, 
                    32.264650882584945, 
                    40.03894284260753, 
                    35.32820832029752, 
                    25.623535353364275, 
                    25.922302546520164, 
                    34.83137786909006, 
                    41.847180930855274, 
                    43.20628255259509, 
                    37.98959829804196, 
                    37.68293018282523, 
                    31.60209287839175, 
                    31.80428676046483, 
                    26.259690230460453, 
                    26.35078204532193, 
                    24.76482111132393, 
                    22.14294126595879, 
                    21.538807011532903, 
                    21.518894265559286, 
                    21.554030032724498, 
                    21.81844453990669, 
                    22.16770089940421
                ]
            ], 
            "Pressure Outlet 1002": [
                0
            ]
        }
    ], 
    "Inlet": [
        {
            "Reynolds(peak)": -1227.6267721594054, 
            "Centroid": [
                -3.360486347500002e-05, 
                0.0001482946882999996, 
                6.365751368050002e-17
            ], 
            "Diameter": 0.01996259102440807, 
            "Center Node": 69992, 
            "Total_area_inlet": 0.0003129858587362686, 
            "Reynolds(mean)": -1227.6267721594054, 
            "Flow_inlet(peak)": -6.415830807770242e-05, 
            "Parabolic": true, 
            "Flow_inlet(mean)": -6.415830807770242e-05
        }
    ], 
    "Bifurcation: ": [
        false
    ], 
    "Simulations_Parameters": [
        {
            "Dt": 0.05, 
            "Config_conditions(1:V-P-P),(2:V-V-P)": 1, 
            "SolverType(1:AMGCGL,2:AMGCL_NS_Solver,3:BICGSTABSolver)": 1, 
            "Time_vector": [
                0, 
                7.0
            ], 
            "AutomaticDeltaTime": true
        }
    ]
}