{
    "Pressures": [
        {
            "Pressure Outlet 1001": [
                [
                    0.0, 
                    0.0, 
                    0.0, 
                    0.0, 
                    0.0, 
                    0.0, 
                    0.0, 
                    0.0, 
                    0.0, 
                    0.0, 
                    0.0, 
                    0.0, 
                    0.0, 
                    0.0, 
                    0.0, 
                    0.0, 
                    0.0, 
                    0.0, 
                    0.0, 
                    0.0, 
                    0.0, 
                    0.0, 
                    0.0, 
                    0.0, 
                    0.0, 
                    0.0, 
                    0.0, 
                    0.0, 
                    0.0, 
                    0.0, 
                    0.0, 
                    0.0, 
                    0.0, 
                    0.0, 
                    0.0, 
                    0.0, 
                    0.0, 
                    0.0, 
                    0.0, 
                    0.0, 
                    0.0, 
                    0.0, 
                    0.0, 
                    0.0, 
                    0.0, 
                    0.0, 
                    0.0, 
                    0.0, 
                    0.0, 
                    0.0, 
                    0.0, 
                    0.0, 
                    0.0, 
                    0.0, 
                    0.0, 
                    0.0, 
                    0.0, 
                    0.0, 
                    0.0, 
                    0.0, 
                    0.0, 
                    0.0, 
                    0.0, 
                    0.0, 
                    0.0, 
                    0.0, 
                    0.0, 
                    0.0, 
                    0.0, 
                    0.0, 
                    0.0, 
                    0.0, 
                    0.0, 
                    0.0, 
                    0.0, 
                    0.0, 
                    0.0, 
                    0.0, 
                    0.0
                ]
            ], 
            "Pressure Inlet": [
                [
                    1876.6026648967045, 
                    -820.2481112141373, 
                    250.10899538200667, 
                    6.4955624928511435, 
                    92.15902139183, 
                    100.99202060506975, 
                    118.49734296844731, 
                    120.64603885172235, 
                    119.61402352317083, 
                    120.12353201770709, 
                    124.84294024072527, 
                    129.55444462871992, 
                    126.87961432874604, 
                    118.43713220416531, 
                    115.48801806568191, 
                    119.16438621598579, 
                    126.56111131051826, 
                    133.50405839349827, 
                    135.54013899058535, 
                    132.78838616773731, 
                    128.71067574255164, 
                    127.80342321040231, 
                    132.16741328610425, 
                    141.5808007143298, 
                    150.7326453083297, 
                    151.90661650950793, 
                    145.2493221023943, 
                    136.38714248890696, 
                    129.59120034886953, 
                    128.99445553134998, 
                    133.64623776675575, 
                    142.33889046110372, 
                    150.86331768916523, 
                    152.7226127663242, 
                    147.1622789676119, 
                    137.7291319793064, 
                    130.9808136423647, 
                    131.45047237304087, 
                    137.95461801912643, 
                    144.0626176101834, 
                    146.02584860100418, 
                    146.59658280348907, 
                    143.8275694182203, 
                    139.34790673181558, 
                    136.78535878656476, 
                    137.05720621158818, 
                    139.82667015639612, 
                    140.99852070441375, 
                    139.94824881078426, 
                    138.68341736881902, 
                    137.76348574761633, 
                    138.0833142327774, 
                    140.56171909795813, 
                    143.0614551987931, 
                    140.53532959334632, 
                    136.69265333079514, 
                    136.64382292006331, 
                    141.27197004882964, 
                    149.0233916998271, 
                    155.42894405223245, 
                    154.14515968008942, 
                    149.26038849524917, 
                    143.7632042496564, 
                    140.9854483039113, 
                    144.82475250094143, 
                    152.23718701176398, 
                    156.03304289423238, 
                    154.5687548055294, 
                    148.832648579167, 
                    142.2233782521933, 
                    136.92567314275533, 
                    133.83050082806727, 
                    134.6116308463104, 
                    140.1967219248968, 
                    146.5329953472338, 
                    148.86356619886433, 
                    146.25255571148887, 
                    142.0633067721144, 
                    137.9583474837218
                ]
            ], 
            "Pressure Outlet 1002": [
                0
            ]
        }
    ], 
    "name": [
        "D:/V1/GID/D_120\\Modelo_19_120.gid\\Modelo_19_120.json"
    ], 
    "Outlet 1001": [
        {
            "Centroid": [
                -4.771161774739451e-05, 
                2.3527594651755056e-05, 
                0.25
            ], 
            "Flow_outlet(peak)": 6.655208044536124e-05, 
            "Center Node": 1564, 
            "Total_area_outlet": 0.00031362151527428075, 
            "Diameter": 0.01998285218771966, 
            "Reynolds(mean)": 1269.3164709220716, 
            "Flow_outlet(mean)": 6.640442702799342e-05, 
            "Reynolds(peak)": 1272.1388567635142
        }
    ], 
    "Inlet": [
        {
            "Centroid": [
                3.441915867130887e-05, 
                6.538258523934007e-05, 
                -0.03142035670497381
            ], 
            "Flow_inlet(mean)": -6.64717935271287e-05, 
            "Parabolic": true, 
            "Flow_inlet(peak)": -6.64717935271287e-05, 
            "Center Node": 479365, 
            "Total_area_inlet": 0.0003136218019297123, 
            "Diameter": 0.019982861320051996, 
            "Reynolds(mean)": -1270.6035966645925, 
            "Reynolds(peak)": -1270.6035966645925
        }
    ],