{
    "Simulations_Parameters": [
        {
            "Config_conditions(1:V-P-P),(2:V-V-P)": 1, 
            "AutomaticDeltaTime": true, 
            "SolverType(1:AMGCGL,2:AMGCL_NS_Solver,3:BICGSTABSolver)": 1, 
            "Time_vector": [
                0, 
                7.0
            ], 
            "Dt": 0.05
        }
    ], 
    "Flow": [
        {
            "Flow Outlet 1002": [
                0
            ], 
            "Flow Outlet 1001": [
                [
                    6.471538194075602e-05, 
                    6.656223424008525e-05, 
                    6.644285085059275e-05, 
                    6.648279253314265e-05, 
                    6.647485352689926e-05, 
                    6.648030592627768e-05, 
                    6.648090359367222e-05, 
                    6.648176435906964e-05, 
                    6.648171263628644e-05, 
                    6.648166274776509e-05, 
                    6.648135053877661e-05, 
                    6.648098512193288e-05, 
                    6.648056029599505e-05, 
                    6.647989741217006e-05, 
                    6.647814600868211e-05, 
                    6.647242034139985e-05, 
                    6.645973027511272e-05, 
                    6.644227170954145e-05, 
                    6.643063514918746e-05, 
                    6.643671407955884e-05, 
                    6.645063998178426e-05, 
                    6.645889421190391e-05, 
                    6.645897502832714e-05, 
                    6.645017660863428e-05, 
                    6.644377667339664e-05, 
                    6.645157371333489e-05, 
                    6.646413190222442e-05, 
                    6.647088472446919e-05, 
                    6.647295348122126e-05, 
                    6.647368968585828e-05, 
                    6.647221364862198e-05, 
                    6.647111226438158e-05, 
                    6.647259562651226e-05, 
                    6.647492063075672e-05, 
                    6.647382517930786e-05, 
                    6.646668647990066e-05, 
                    6.645510799378647e-05, 
                    6.643830726551844e-05, 
                    6.641819419899337e-05, 
                    6.640462800067453e-05, 
                    6.641326424329217e-05, 
                    6.643952828146826e-05, 
                    6.644958011120892e-05, 
                    6.644196473000448e-05, 
                    6.644669009805194e-05, 
                    6.646435109402062e-05, 
                    6.647763994280687e-05, 
                    6.647397827286965e-05, 
                    6.646163633620732e-05, 
                    6.644982275938651e-05, 
                    6.644675178013515e-05, 
                    6.64610190451949e-05, 
                    6.647372143950292e-05, 
                    6.646785933548696e-05, 
                    6.645403278864997e-05, 
                    6.645707026374243e-05, 
                    6.647292212618663e-05, 
                    6.648008310446987e-05, 
                    6.647269264351622e-05, 
                    6.646355151279403e-05, 
                    6.646088185064299e-05, 
                    6.64568756902848e-05, 
                    6.645305129772622e-05, 
                    6.64507355318008e-05, 
                    6.645617057910148e-05, 
                    6.646653726284493e-05, 
                    6.646824359294666e-05, 
                    6.646619807988338e-05, 
                    6.646761221176305e-05, 
                    6.646336404558856e-05, 
                    6.645087628375669e-05, 
                    6.644366203406349e-05, 
                    6.644653833293492e-05
                ]
            ], 
            "Flow Inlet": [
                [
                    -6.651661480137454e-05, 
                    -6.651661480137454e-05, 
                    -6.651661480137454e-05, 
                    -6.651661480137454e-05, 
                    -6.651661480137454e-05, 
                    -6.651661480137454e-05, 
                    -6.651661480137454e-05, 
                    -6.651661480137454e-05, 
                    -6.651661480137454e-05, 
                    -6.651661480137454e-05, 
                    -6.651661480137454e-05, 
                    -6.651661480137454e-05, 
                    -6.651661480137454e-05, 
                    -6.651661480137454e-05, 
                    -6.651661480137454e-05, 
                    -6.651661480137454e-05, 
                    -6.651661480137454e-05, 
                    -6.651661480137454e-05, 
                    -6.651661480137454e-05, 
                    -6.651661480137454e-05, 
                    -6.651661480137454e-05, 
                    -6.651661480137454e-05, 
                    -6.651661480137454e-05, 
                    -6.651661480137454e-05, 
                    -6.651661480137454e-05, 
                    -6.651661480137454e-05, 
                    -6.651661480137454e-05, 
                    -6.651661480137454e-05, 
                    -6.651661480137454e-05, 
                    -6.651661480137454e-05, 
                    -6.651661480137454e-05, 
                    -6.651661480137454e-05, 
                    -6.651661480137454e-05, 
                    -6.651661480137454e-05, 
                    -6.651661480137454e-05, 
                    -6.651661480137454e-05, 
                    -6.651661480137454e-05, 
                    -6.651661480137454e-05, 
                    -6.651661480137454e-05, 
                    -6.651661480137454e-05, 
                    -6.651661480137454e-05, 
                    -6.651661480137454e-05, 
                    -6.651661480137454e-05, 
                    -6.651661480137454e-05, 
                    -6.651661480137454e-05, 
                    -6.651661480137454e-05, 
                    -6.651661480137454e-05, 
                    -6.651661480137454e-05, 
                    -6.651661480137454e-05, 
                    -6.651661480137454e-05, 
                    -6.651661480137454e-05, 
                    -6.651661480137454e-05, 
                    -6.651661480137454e-05, 
                    -6.651661480137454e-05, 
                    -6.651661480137454e-05, 
                    -6.651661480137454e-05, 
                    -6.651661480137454e-05, 
                    -6.651661480137454e-05, 
                    -6.651661480137454e-05, 
                    -6.651661480137454e-05, 
                    -6.651661480137454e-05, 
                    -6.651661480137454e-05, 
                    -6.651661480137454e-05, 
                    -6.651661480137454e-05, 
                    -6.651661480137454e-05, 
                    -6.651661480137454e-05, 
                    -6.651661480137454e-05, 
                    -6.651661480137454e-05, 
                    -6.651661480137454e-05, 
                    -6.651661480137454e-05, 
                    -6.651661480137454e-05, 
                    -6.651661480137454e-05, 
                    -6.651661480137454e-05
                ]
            ]
        }
    ], 
    "Inlet": [
        {
            "Center Node": 233473, 
            "Flow_inlet(peak)": -6.651661480137454e-05, 
            "Parabolic": true, 
            "Centroid": [
                3.441915867130893e-05, 
                6.53825852393404e-05, 
                -0.03142035670497381
            ], 
            "Reynolds(peak)": -1271.4603521279546, 
            "Flow_inlet(mean)": -6.651661480137454e-05, 
            "Reynolds(mean)": -1271.4603521279546, 
            "Diameter": 0.019982861320051996, 
            "Total_area_inlet": 0.0003136218019297123
        }
    ], 
    "Outlet 1001": [
        {
            "Total_area_outlet": 0.00031362150037169637,