{
    "Pressures": [
        {
            "Pressure Inlet": [
                [
                    1318.965788909893, 
                    -513.7833522030232, 
                    157.62905085924518, 
                    9.740875816570725, 
                    54.496772239312, 
                    57.59232227507002, 
                    70.20680122422738, 
                    68.95783510359139, 
                    57.57554222968817, 
                    56.231380625941235, 
                    75.39233135905872, 
                    89.33424303016291, 
                    85.25604891902262, 
                    67.91988797271021, 
                    61.633589284505284, 
                    51.102296984620864, 
                    43.95887830392222, 
                    46.884873035708814, 
                    42.9020235811555, 
                    50.66352211542607, 
                    56.687105733036596, 
                    56.94346300080347, 
                    50.11624151425522, 
                    45.81608257407341, 
                    45.00654107597558, 
                    47.464860914497756, 
                    49.794704392670965, 
                    47.57353018054223, 
                    43.26454675891059, 
                    40.53915043358501, 
                    41.41135440930437, 
                    42.57995398944316, 
                    43.271432804513324
                ]
            ], 
            "Pressure Outlet 1001": [
                [
                    0.0, 
                    0.0, 
                    0.0, 
                    0.0, 
                    0.0, 
                    0.0, 
                    0.0, 
                    0.0, 
                    0.0, 
                    0.0, 
                    0.0, 
                    0.0, 
                    0.0, 
                    0.0, 
                    0.0, 
                    0.0, 
                    0.0, 
                    0.0, 
                    0.0, 
                    0.0, 
                    0.0, 
                    0.0, 
                    0.0, 
                    0.0, 
                    0.0, 
                    0.0, 
                    0.0, 
                    0.0, 
                    0.0, 
                    0.0, 
                    0.0, 
                    0.0, 
                    0.0
                ]
            ], 
            "Pressure Outlet 1002": [
                0
            ]
        }
    ], 
    "name": [
        "I:/PROYECTOS/ESTUDIANTES/Sergio/V2/GID\\Modelo_4_170_I.gid\\Modelo_4_170_I.json"
    ], 
    "Time": [
        {
            "Time": [
                0.1, 
                0.18089035595867786, 
                0.2723743474538526, 
                0.37271742044918743, 
                0.48435223731609867, 
                0.6151222513495177, 
                0.7711904829071488, 
                0.9584741152122609, 
                1.145757747517373, 
                1.326493006514836, 
                1.552970857115623, 
                1.8771444669647985, 
                2.201318076813974, 
                2.590324840147932, 
                3.057132128907224, 
                3.067132128907224, 
                3.072132128907224, 
                3.2831283945643706, 
                3.4941246602215172, 
                3.705120925878664, 
                3.9161171915358106, 
                4.1207939376577505, 
                4.318157657696772, 
                4.514589200777934, 
                4.714358143157858, 
                4.914997169580206, 
                5.153054684963635, 
                5.435763849911367, 
                5.775293661296807, 
                6.1148234726822475, 
                6.454353284067688, 
                6.793883095453128, 
                7.1334129068385685
            ]
        }
    ], 
    "Bifurcation: ": [
        false
    ], 
    "Flow": [
        {
            "Flow Outlet 1001": [
                [
                    8.218855214025827e-05, 
                    8.546376401575159e-05, 
                    8.536195963979638e-05, 
                    8.54049042403496e-05, 
                    8.540297530790386e-05, 
                    8.540945334088058e-05, 
                    8.540927127466725e-05, 
                    8.540812477249986e-05, 
                    8.540733252525754e-05, 
                    8.540870063941055e-05, 
                    8.541100649594389e-05, 
                    8.540131784947862e-05, 
                    8.535989867741807e-05, 
                    8.52889718925025e-05, 
                    8.532573814971556e-05, 
                    8.534792305675607e-05, 
                    8.535400044572332e-05, 
                    8.538404484029851e-05, 
                    8.539375250941736e-05, 
                    8.540210679327058e-05, 
                    8.542268198468041e-05, 
                    8.541086551356282e-05, 
                    8.539636127524871e-05, 
                    8.539877960919708e-05, 
                    8.540450220087713e-05, 
                    8.540792048888896e-05, 
                    8.541265023385647e-05, 
                    8.54107997686286e-05, 
                    8.539737445487662e-05, 
                    8.540830537999394e-05, 
                    8.54129497208821e-05, 
                    8.541778280075335e-05, 
                    8.541054592081245e-05
                ]
            ], 
            "Flow Inlet": [
                [
                    -8.549769251399111e-05, 
                    -8.549769251399111e-05, 
                    -8.549769251399111e-05, 
                    -8.549769251399111e-05, 
                    -8.549769251399111e-05, 
                    -8.549769251399111e-05, 
                    -8.549769251399111e-05, 
                    -8.549769251399111e-05, 
                    -8.549769251399111e-05, 
                    -8.549769251399111e-05, 
                    -8.549769251399111e-05, 
                    -8.549769251399111e-05, 
                    -8.549769251399111e-05, 
                    -8.549769251399111e-05, 
                    -8.549769251399111e-05, 
                    -8.549769251399111e-05, 
                    -8.549769251399111e-05, 
                    -8.549769251399111e-05, 
                    -8.549769251399111e-05, 
                    -8.549769251399111e-05, 
                    -8.549769251399111e-05, 
                    -8.549769251399111e-05, 
                    -8.549769251399111e-05, 
                    -8.549769251399111e-05, 
                    -8.549769251399111e-05, 
                    -8.549769251399111e-05, 
                    -8.549769251399111e-05, 
                    -8.549769251399111e-05, 
                    -8.549769251399111e-05, 
                    -8.549769251399111e-05, 
                    -8.549769251399111e-05, 
                    -8.549769251399111e-05, 
                    -8.549769251399111e-05
                ]
            ], 
            "Flow Outlet 1002": [
                0
            ]
        }
    ], 
    "Fluid Characteristic": [
        {
            "blood_dynamic_viscosity": 0.0035, 
            "blood_density": 1050.0, 
            "blood_kinematic_viscosity": 3.3333333333333333e-06
        }
    ], 
    "Hemodynamic Parameters_1001_AB": [
        {
            "A": -99752933.93433592, 
            "B": 1160651913786.3706
        }
    ], 
    "Hemodynamic Parameters_1001_ABC": [
        {
            "A": 120578557.3143704, 
            "B": -1404395470232.334, 
            "C": -7611311.664401755
        }
    ], 
    "Inlet": [
        {
            "Total_area_inlet": 0.00031298876267923, 
            "Diameter": 0.01996268363257169, 
            "Parabolic": true, 
            "Center Node": 75396, 
            "Flow_inlet(mean)": -8.549769251399111e-05,