{
    "Flow": [
        {
            "Flow Outlet 1002": [
                0
            ], 
            "Flow Inlet": [
                [
                    -8.549378179851087e-05, 
                    -8.549378179851087e-05, 
                    -8.549378179851087e-05, 
                    -8.549378179851087e-05, 
                    -8.549378179851087e-05, 
                    -8.549378179851087e-05, 
                    -8.549378179851087e-05, 
                    -8.549378179851087e-05, 
                    -8.549378179851087e-05, 
                    -8.549378179851087e-05, 
                    -8.549378179851087e-05, 
                    -8.549378179851087e-05, 
                    -8.549378179851087e-05, 
                    -8.549378179851087e-05, 
                    -8.549378179851087e-05, 
                    -8.549378179851087e-05, 
                    -8.549378179851087e-05, 
                    -8.549378179851087e-05, 
                    -8.549378179851087e-05, 
                    -8.549378179851087e-05, 
                    -8.549378179851087e-05, 
                    -8.549378179851087e-05, 
                    -8.549378179851087e-05, 
                    -8.549378179851087e-05, 
                    -8.549378179851087e-05, 
                    -8.549378179851087e-05, 
                    -8.549378179851087e-05, 
                    -8.549378179851087e-05, 
                    -8.549378179851087e-05, 
                    -8.549378179851087e-05, 
                    -8.549378179851087e-05, 
                    -8.549378179851087e-05, 
                    -8.549378179851087e-05, 
                    -8.549378179851087e-05, 
                    -8.549378179851087e-05, 
                    -8.549378179851087e-05, 
                    -8.549378179851087e-05, 
                    -8.549378179851087e-05, 
                    -8.549378179851087e-05
                ]
            ], 
            "Flow Outlet 1001": [
                [
                    8.231755015042759e-05, 
                    8.548996027427972e-05, 
                    8.538713054003958e-05, 
                    8.541331085187948e-05, 
                    8.541225413736336e-05, 
                    8.542045027815191e-05, 
                    8.542191629888083e-05, 
                    8.542186121147438e-05, 
                    8.54213572199885e-05, 
                    8.542303610168238e-05, 
                    8.542714177731902e-05, 
                    8.542931963918883e-05, 
                    8.541689645237961e-05, 
                    8.538446979022023e-05, 
                    8.537938302797217e-05, 
                    8.53923098375979e-05, 
                    8.539128111674507e-05, 
                    8.540699228951296e-05, 
                    8.541724972495125e-05, 
                    8.541682173431611e-05, 
                    8.541207987280503e-05, 
                    8.540637062757693e-05, 
                    8.540740198059839e-05, 
                    8.542494098893013e-05, 
                    8.543245353919812e-05, 
                    8.541218834334029e-05, 
                    8.541972173764085e-05, 
                    8.541468417104216e-05, 
                    8.539485109939363e-05, 
                    8.539032180593096e-05, 
                    8.539967161939448e-05, 
                    8.541584466184787e-05, 
                    8.540563896189818e-05, 
                    8.53849237897034e-05, 
                    8.538786486834292e-05, 
                    8.53972118735695e-05, 
                    8.539903239957421e-05, 
                    8.539015357462304e-05, 
                    8.539636230849892e-05
                ]
            ]
        }
    ], 
    "Simulations_Parameters": [
        {
            "AutomaticDeltaTime": true, 
            "Time_vector": [
                0, 
                7.0
            ], 
            "Config_conditions(1:V-P-P),(2:V-V-P)": 1, 
            "SolverType(1:AMGCGL,2:AMGCL_NS_Solver,3:BICGSTABSolver)": 1, 
            "Dt": 0.1
        }
    ], 
    "Outlet 1001": [
        {
            "Center Node": 574, 
            "Centroid": [
                5.984660410938545e-05, 
                8.972251986735976e-05, 
                0.25
            ], 
            "Total_area_outlet": 0.00031298578738930133, 
            "Reynolds(peak)": 1635.7940084455577, 
            "Reynolds(mean)": 1632.739363070514, 
            "Flow_outlet(mean)": 8.533031822252e-05, 
            "Diameter": 0.019962588749112928, 
            "Flow_outlet(peak)": 8.548996027427972e-05
        }
    ], 
    "Inlet": [
        {
            "Center Node": 67587, 
            "Parabolic": true, 
            "Flow_inlet(peak)": -8.549378179851087e-05, 
            "Centroid": [
                -0.00010319409110340913, 
                -2.6215637677038762e-05, 
                -0.031420356708522716
            ], 
            "Reynolds(peak)": -1635.859355447439, 
            "Reynolds(mean)": -1635.859355447439, 
            "Total_area_inlet": 0.00031298876267923, 
            "Diameter": 0.01996268363257169, 
            "Flow_inlet(mean)": -8.549378179851087e-05
        }
    ], 
    "name": [
        "I:/PROYECTOS/ESTUDIANTES/Sergio/V2/GID/D_170\\Modelo_3_170.gid\\Modelo_3_170.json"
    ], 
    "Pressures": [
        {
            "Pressure Outlet 1002": [
                0
            ], 
            "Pressure Outlet 1001": [
                [
                    0.0, 
                    0.0, 
                    0.0, 
                    0.0, 
                    0.0, 
                    0.0, 
                    0.0, 
                    0.0, 
                    0.0, 
                    0.0, 
                    0.0, 
                    0.0, 
                    0.0, 
                    0.0, 
                    0.0, 
                    0.0, 
                    0.0, 
                    0.0, 
                    0.0, 
                    0.0, 
                    0.0, 
                    0.0, 
                    0.0, 
                    0.0, 
                    0.0, 
                    0.0, 
                    0.0, 
                    0.0, 
                    0.0, 
                    0.0, 
                    0.0, 
                    0.0, 
                    0.0, 
                    0.0, 
                    0.0, 
                    0.0, 
                    0.0, 
                    0.0, 
                    0.0
                ]
            ],