{
    "Bifurcation: ": [
        false
    ], 
    "Inlet": [
        {
            "Reynolds(mean)": -1636.437185073493, 
            "Centroid": [
                -0.00010319409110340905, 
                -2.6215637677039877e-05, 
                -0.031420356708522716
            ], 
            "Parabolic": true, 
            "Flow_inlet(mean)": -8.552398050709918e-05, 
            "Reynolds(peak)": -1636.437185073493, 
            "Flow_inlet(peak)": -8.552398050709918e-05, 
            "Diameter": 0.01996268363257169, 
            "Center Node": 67485, 
            "Total_area_inlet": 0.00031298876267923
        }
    ], 
    "Flow": [
        {
            "Flow Inlet": [
                [
                    -8.552398050709918e-05, 
                    -8.552398050709918e-05, 
                    -8.552398050709918e-05, 
                    -8.552398050709918e-05, 
                    -8.552398050709918e-05, 
                    -8.552398050709918e-05, 
                    -8.552398050709918e-05, 
                    -8.552398050709918e-05, 
                    -8.552398050709918e-05, 
                    -8.552398050709918e-05, 
                    -8.552398050709918e-05, 
                    -8.552398050709918e-05, 
                    -8.552398050709918e-05, 
                    -8.552398050709918e-05, 
                    -8.552398050709918e-05, 
                    -8.552398050709918e-05, 
                    -8.552398050709918e-05, 
                    -8.552398050709918e-05, 
                    -8.552398050709918e-05, 
                    -8.552398050709918e-05, 
                    -8.552398050709918e-05, 
                    -8.552398050709918e-05, 
                    -8.552398050709918e-05, 
                    -8.552398050709918e-05, 
                    -8.552398050709918e-05, 
                    -8.552398050709918e-05, 
                    -8.552398050709918e-05, 
                    -8.552398050709918e-05, 
                    -8.552398050709918e-05, 
                    -8.552398050709918e-05, 
                    -8.552398050709918e-05
                ]
            ], 
            "Flow Outlet 1001": [
                [
                    8.213879998050705e-05, 
                    8.53401423286588e-05, 
                    8.529595160937493e-05, 
                    8.535465934634995e-05, 
                    8.537306591100155e-05, 
                    8.539157151079095e-05, 
                    8.539712357009838e-05, 
                    8.539715936264118e-05, 
                    8.539762871526737e-05, 
                    8.540274510819625e-05, 
                    8.540189556747648e-05, 
                    8.536637588961334e-05, 
                    8.52874240164088e-05, 
                    8.523361139259375e-05, 
                    8.532354748557037e-05, 
                    8.534076437090809e-05, 
                    8.534806240851153e-05, 
                    8.537539558894645e-05, 
                    8.538203497361502e-05, 
                    8.538261257424673e-05, 
                    8.534678460356976e-05, 
                    8.534879754525135e-05, 
                    8.538612628318316e-05, 
                    8.542667134851175e-05, 
                    8.542370579637886e-05, 
                    8.538849097233769e-05, 
                    8.53745231743597e-05, 
                    8.53744872375044e-05, 
                    8.537423724573109e-05, 
                    8.537740082628294e-05, 
                    8.538659813314174e-05
                ]
            ], 
            "Flow Outlet 1002": [
                0
            ]
        }
    ], 
    "Outlet 1001": [
        {
            "Reynolds(mean)": 1631.4423424150611, 
            "Total_area_outlet": 0.0003129857551765408, 
            "Centroid": [
                2.4036718799441194e-05, 
                6.826439254019365e-05, 
                0.25
            ], 
            "Flow_outlet(mean)": 8.526252886700094e-05, 
            "Flow_outlet(peak)": 8.542667134851175e-05, 
            "Reynolds(peak)": 1634.5831007069428, 
            "Diameter": 0.019962587721829687, 
            "Center Node": 410
        }
    ], 
    "Hemodynamic Parameters_1001_AB": [
        {
            "B": 787481881050.2301, 
            "A": -67814077.82121588
        }
    ], 
    "Hemodynamic Parameters_1001_ABC": [
        {
            "C": -92363.30878094956, 
            "B": -786548105098.7072, 
            "A": 67734500.81739219
        }
    ], 
    "Pressures": [
        {
            "Pressure Outlet 1001": [
                [
                    0.0, 
                    0.0, 
                    0.0, 
                    0.0, 
                    0.0, 
                    0.0, 
                    0.0, 
                    0.0, 
                    0.0, 
                    0.0, 
                    0.0, 
                    0.0, 
                    0.0, 
                    0.0, 
                    0.0, 
                    0.0, 
                    0.0, 
                    0.0, 
                    0.0, 
                    0.0, 
                    0.0, 
                    0.0, 
                    0.0, 
                    0.0, 
                    0.0, 
                    0.0, 
                    0.0, 
                    0.0, 
                    0.0, 
                    0.0, 
                    0.0
                ]
            ], 
            "Pressure Inlet": [
                [
                    1267.5293352355657, 
                    -475.6431974052521, 
                    145.4923993399554, 
                    11.671167363622663, 
                    51.51179985405524, 
                    55.20235623449625, 
                    67.71831778790664, 
                    63.09856640837893, 
                    43.063350952787744, 
                    45.47983770905112, 
                    71.98329356950131, 
                    79.58719526710684, 
                    76.44945158418035, 
                    56.161063459575395, 
                    46.80972973562399, 
                    45.839131623563034, 
                    43.7476705075051, 
                    56.04225930478603, 
                    54.5718150757938, 
                    52.31874919168087, 
                    44.85221707360291, 
                    38.63001668875082, 
                    38.361052340504926, 
                    39.47173540876204, 
                    41.55569857929892, 
                    42.48706914992728, 
                    42.88462314052519, 
                    41.98665251213019, 
                    39.914129326652564, 
                    39.122588204875626, 
                    40.48763136572788
                ]
            ], 
            "Pressure Outlet 1002": [
                0
            ]
        }
    ], 
    "Simulations_Parameters": [
        {
            "Config_conditions(1:V-P-P),(2:V-V-P)": 1, 
            "AutomaticDeltaTime": true, 
            "Dt": 0.1, 
            "Time_vector": [
                0, 
                7.0
            ], 
            "SolverType(1:AMGCGL,2:AMGCL_NS_Solver,3:BICGSTABSolver)": 1
        }
    ],