{
    "Hemodynamic Parameters_1001_ABC": [
        {
            "B": -1166514657013.4272, 
            "C": 295261.70711955056, 
            "A": 100395744.9477387
        }
    ], 
    "Flow": [
        {
            "Flow Outlet 1002": [
                0
            ], 
            "Flow Outlet 1001": [
                [
                    8.222506220896838e-05, 
                    8.552178022904719e-05, 
                    8.543133900803042e-05, 
                    8.546492325891263e-05, 
                    8.546785811993397e-05, 
                    8.547826234538357e-05, 
                    8.548213227374833e-05, 
                    8.548316592226091e-05, 
                    8.548191589190778e-05, 
                    8.548557067926337e-05, 
                    8.54843993925886e-05, 
                    8.548179830758832e-05, 
                    8.548150666774808e-05, 
                    8.54822211708577e-05, 
                    8.548327346251997e-05, 
                    8.548460297905153e-05, 
                    8.548549612907933e-05, 
                    8.548400544983107e-05, 
                    8.547667721979208e-05, 
                    8.545740159823354e-05, 
                    8.541926400516299e-05, 
                    8.54005272377757e-05, 
                    8.542508998695822e-05, 
                    8.545948432425821e-05, 
                    8.5482964020382e-05, 
                    8.548968482708246e-05, 
                    8.548476725411354e-05, 
                    8.548899194082269e-05, 
                    8.548829169586322e-05, 
                    8.548462332638158e-05, 
                    8.548468726636763e-05, 
                    8.548246168829284e-05, 
                    8.547939557792282e-05, 
                    8.547895275175752e-05, 
                    8.547829678822016e-05, 
                    8.547933813196207e-05, 
                    8.548003663207105e-05, 
                    8.548590217923771e-05, 
                    8.549396056510053e-05, 
                    8.549124965277131e-05, 
                    8.54896120906759e-05, 
                    8.548693182421211e-05, 
                    8.547590005627664e-05, 
                    8.546673941050838e-05
                ]
            ], 
            "Flow Inlet": [
                [
                    -8.557227289615423e-05, 
                    -8.557227289615423e-05, 
                    -8.557227289615423e-05, 
                    -8.557227289615423e-05, 
                    -8.557227289615423e-05, 
                    -8.557227289615423e-05, 
                    -8.557227289615423e-05, 
                    -8.557227289615423e-05, 
                    -8.557227289615423e-05, 
                    -8.557227289615423e-05, 
                    -8.557227289615423e-05, 
                    -8.557227289615423e-05, 
                    -8.557227289615423e-05, 
                    -8.557227289615423e-05, 
                    -8.557227289615423e-05, 
                    -8.557227289615423e-05, 
                    -8.557227289615423e-05, 
                    -8.557227289615423e-05, 
                    -8.557227289615423e-05, 
                    -8.557227289615423e-05, 
                    -8.557227289615423e-05, 
                    -8.557227289615423e-05, 
                    -8.557227289615423e-05, 
                    -8.557227289615423e-05, 
                    -8.557227289615423e-05, 
                    -8.557227289615423e-05, 
                    -8.557227289615423e-05, 
                    -8.557227289615423e-05, 
                    -8.557227289615423e-05, 
                    -8.557227289615423e-05, 
                    -8.557227289615423e-05, 
                    -8.557227289615423e-05, 
                    -8.557227289615423e-05, 
                    -8.557227289615423e-05, 
                    -8.557227289615423e-05, 
                    -8.557227289615423e-05, 
                    -8.557227289615423e-05, 
                    -8.557227289615423e-05, 
                    -8.557227289615423e-05, 
                    -8.557227289615423e-05, 
                    -8.557227289615423e-05, 
                    -8.557227289615423e-05, 
                    -8.557227289615423e-05, 
                    -8.557227289615423e-05
                ]
            ]
        }
    ], 
    "Hemodynamic Parameters_1001_AB": [
        {
            "B": 1159799559622.8704, 
            "A": -99821789.47496498
        }
    ], 
    "Bifurcation: ": [
        false
    ], 
    "Time": [
        {
            "Time": [
                0.1, 
                0.1617750359045091, 
                0.23044426177487698, 
                0.30946748750660713, 
                0.4014180552604315, 
                0.5100652159254296, 
                0.6400101983960752, 
                0.7962004606436117, 
                0.9837943101624913, 
                0.9937943101624913, 
                0.9987943101624913, 
                1.1111915622321114, 
                1.2234998962044596, 
                1.3304773825824003, 
                1.4408503345299324, 
                1.5462942245739972, 
                1.644027430441136, 
                1.7552323326201331, 
                1.8979430707401321, 
                2.1052999784003994, 
                2.351159050731747, 
                2.6220222302141467, 
                2.8928854096965466, 
                3.1637485891789465, 
                3.4346117686613464, 
                3.7054749481437463, 
                3.9763381276261462, 
                3.986338127626146, 
                3.991338127626146, 
                4.105108231539354, 
                4.219373098003046, 
                4.34173833376734, 
                4.466651197830026, 
                4.601551529627298, 
                4.743607500570655, 
                4.913915996267891, 
                5.1181675629984085, 
                5.36319315244834, 
                5.657228155791437, 
                5.951263159134533, 
                6.24529816247763, 
                6.539333165820726, 
                6.833368169163823, 
                7.127403172506919
            ]
        }
    ], 
    "Outlet 1001": [
        {
            "Total_area_outlet": 0.00031298575517654077, 
            "Center Node": 580, 
            "Diameter": 0.019962587721829687, 
            "Reynolds(peak)": 1636.4029465044707, 
            "Centroid": [
                2.4036718636871383e-05, 
                6.826439260276346e-05, 
                0.289990000000001
            ], 
            "Reynolds(mean)": 1634.1164864002444, 
            "Flow_outlet(peak)": 8.552178022904719e-05, 
            "Flow_outlet(mean)": 8.540228512611191e-05
        }
    ], 
    "Simulations_Parameters": [
        {
            "AutomaticDeltaTime": true, 
            "Dt": 0.1, 
            "Config_conditions(1:V-P-P),(2:V-V-P)": 1, 
            "SolverType(1:AMGCGL,2:AMGCL_NS_Solver,3:BICGSTABSolver)": 1, 
            "Time_vector": [
                0, 
                7.0
            ]
        }
    ], 
    "Fluid Characteristic": [
        {
            "blood_kinematic_viscosity": 3.3333333333333333e-06, 
            "blood_density": 1050.0, 
            "blood_dynamic_viscosity": 0.0035
        }
    ], 
    "name": [
        "I:/PROYECTOS/ESTUDIANTES/Sergio/V2/GID/D_170\\Modelo_9_170.gid\\Modelo_9_170.json"
    ], 
    "Inlet": [
        {
            "Center Node": 83261, 
            "Total_area_inlet": 0.00031298876267923, 
            "Diameter": 0.01996268363257169, 
            "Reynolds(peak)": -1637.3612236967792, 
            "Parabolic": true, 
            "Flow_inlet(mean)": -8.557227289615423e-05, 
            "Centroid": [
                -0.00010319409110340921, 
                -2.6215637677039552e-05, 
                -0.031420356708522716
            ], 
            "Flow_inlet(peak)": -8.557227289615423e-05,