{
    "Simulations_Parameters": [
        {
            "AutomaticDeltaTime": true, 
            "Dt": 0.1, 
            "Config_conditions(1:V-P-P),(2:V-V-P)": 1, 
            "SolverType(1:AMGCGL,2:AMGCL_NS_Solver,3:BICGSTABSolver)": 1, 
            "Time_vector": [
                0, 
                7.0
            ]
        }
    ], 
    "Time": [
        {
            "Time": [
                0.1, 
                0.16498575591676765, 
                0.23697327778650135, 
                0.31999875463781924, 
                0.4165038299676701, 
                0.5302091159095162, 
                0.6660216593680311, 
                0.8292331732451756, 
                1.0253595353087948, 
                1.260471224506733, 
                1.5302241233810276, 
                1.7999770222553222, 
                2.0697299211296167, 
                2.3400454761053338, 
                2.6873420768282323, 
                3.165849579595511, 
                3.6443570823627893, 
                4.216560132980469, 
                4.94959461803062, 
                5.682629103080771, 
                5.692629103080771, 
                5.697629103080771, 
                5.70762910308077, 
                5.71262910308077, 
                5.9052486660595624, 
                6.079124128415261, 
                6.26713633558442, 
                6.4597333788140165, 
                6.652315845697827, 
                6.787546808182053, 
                6.957304274154081, 
                7.200410384008404
            ]
        }
    ], 
    "Fluid Characteristic": [
        {
            "blood_kinematic_viscosity": 3.3333333333333333e-06, 
            "blood_density": 1050.0, 
            "blood_dynamic_viscosity": 0.0035
        }
    ], 
    "name": [
        "I:/PROYECTOS/ESTUDIANTES/Sergio/V2/GID\\Modelo_21_170_I.gid\\Modelo_21_170_I.json"
    ], 
    "Pressures": [
        {
            "Pressure Outlet 1002": [
                0
            ], 
            "Pressure Outlet 1001": [
                [
                    0.0, 
                    0.0, 
                    0.0, 
                    0.0, 
                    0.0, 
                    0.0, 
                    0.0, 
                    0.0, 
                    0.0, 
                    0.0, 
                    0.0, 
                    0.0, 
                    0.0, 
                    0.0, 
                    0.0, 
                    0.0, 
                    0.0, 
                    0.0, 
                    0.0, 
                    0.0, 
                    0.0, 
                    0.0, 
                    0.0, 
                    0.0, 
                    0.0, 
                    0.0, 
                    0.0, 
                    0.0, 
                    0.0, 
                    0.0, 
                    0.0, 
                    0.0
                ]
            ], 
            "Pressure Inlet": [
                [
                    1172.2063163160865, 
                    -438.7794070331528, 
                    138.71941269572005, 
                    19.57353555268221, 
                    64.3817338144326, 
                    78.91285348314946, 
                    98.12399915782946, 
                    98.99217994434436, 
                    76.01179395760265, 
                    37.72811433718667, 
                    43.97772081803951, 
                    60.218156128074405, 
                    54.653747392530896, 
                    60.05867625813218, 
                    76.80546395687374, 
                    75.71010170493126, 
                    70.52688833778151, 
                    65.24108311278196, 
                    62.75005445194259, 
                    63.087372999640486, 
                    72.46257373133179, 
                    66.39754379997379, 
                    70.54297687544867, 
                    67.16198728313712, 
                    59.328497653084725, 
                    47.32339849889243, 
                    43.832701660149695, 
                    58.9750446050861, 
                    68.74138568969992, 
                    67.11929327190904, 
                    60.346792164933085, 
                    55.9136820218092
                ]
            ]
        }
    ], 
    "Flow": [
        {
            "Flow Outlet 1002": [
                0
            ], 
            "Flow Outlet 1001": [
                [
                    8.224655556858346e-05, 
                    8.546974603008289e-05, 
                    8.538652166123363e-05, 
                    8.542344602027887e-05, 
                    8.542375083921033e-05, 
                    8.543164475284999e-05, 
                    8.543262718634063e-05, 
                    8.543231861525849e-05, 
                    8.543152506718942e-05, 
                    8.543319355400143e-05, 
                    8.543860812104856e-05, 
                    8.544115878919487e-05, 
                    8.543800519090808e-05, 
                    8.543296310685171e-05, 
                    8.542127437197202e-05, 
                    8.539241142573125e-05, 
                    8.534296157813111e-05, 
                    8.533767203954325e-05, 
                    8.539946591593765e-05, 
                    8.543716185475054e-05, 
                    8.542330635732627e-05, 
                    8.541364765197064e-05, 
                    8.541386020904344e-05, 
                    8.541189719685538e-05, 
                    8.541268443954902e-05, 
                    8.541759473644608e-05, 
                    8.542169198590095e-05, 
                    8.542494792478176e-05, 
                    8.541970825839318e-05, 
                    8.541436689146364e-05, 
                    8.540663427849664e-05, 
                    8.54040027256377e-05
                ]
            ], 
            "Flow Inlet": [
                [
                    -8.551315003150685e-05, 
                    -8.551315003150685e-05, 
                    -8.551315003150685e-05, 
                    -8.551315003150685e-05, 
                    -8.551315003150685e-05, 
                    -8.551315003150685e-05, 
                    -8.551315003150685e-05, 
                    -8.551315003150685e-05, 
                    -8.551315003150685e-05, 
                    -8.551315003150685e-05, 
                    -8.551315003150685e-05, 
                    -8.551315003150685e-05, 
                    -8.551315003150685e-05, 
                    -8.551315003150685e-05, 
                    -8.551315003150685e-05, 
                    -8.551315003150685e-05, 
                    -8.551315003150685e-05, 
                    -8.551315003150685e-05, 
                    -8.551315003150685e-05, 
                    -8.551315003150685e-05, 
                    -8.551315003150685e-05, 
                    -8.551315003150685e-05, 
                    -8.551315003150685e-05, 
                    -8.551315003150685e-05, 
                    -8.551315003150685e-05, 
                    -8.551315003150685e-05, 
                    -8.551315003150685e-05, 
                    -8.551315003150685e-05, 
                    -8.551315003150685e-05, 
                    -8.551315003150685e-05, 
                    -8.551315003150685e-05, 
                    -8.551315003150685e-05
                ]
            ]
        }
    ], 
    "Hemodynamic Parameters_1001_ABC": [
        {
            "C": -1703271.3208003193, 
            "B": -493478903763.38904, 
            "A": 42905156.46241078
        }
    ], 
    "Hemodynamic Parameters_1001_AB": [
        {
            "B": 523634898211.8744, 
            "A": -45483793.49659952
        }
    ],