{
    "Outlet 1001": [
        {
            "Centroid": [
                4.299313914413405e-05, 
                0.00010351568533516503, 
                0.26997999999999905
            ], 
            "Center Node": 554, 
            "Reynolds(peak)": 1230.1310938536026, 
            "Diameter": 0.01996258772166448, 
            "Reynolds(mean)": 1225.2803446192008, 
            "Flow_outlet(peak)": 6.428917846018262e-05, 
            "Total_area_outlet": 0.00031298575517136034, 
            "Flow_outlet(mean)": 6.403566833857507e-05
        }
    ], 
    "name": [
        "I:/PROYECTOS/ESTUDIANTES/Sergio/V1/GID\\Modelo_13_120_I.gid\\Modelo_13_120_I.json"
    ], 
    "Hemodynamic Parameters_1001_AB": [
        {
            "A": 23909932.29267417, 
            "B": -403834862031.3566
        }
    ], 
    "Simulations_Parameters": [
        {
            "SolverType(1:AMGCGL,2:AMGCL_NS_Solver,3:BICGSTABSolver)": 1, 
            "Time_vector": [
                0, 
                7.0
            ], 
            "Config_conditions(1:V-P-P),(2:V-V-P)": 1, 
            "AutomaticDeltaTime": true, 
            "Dt": 0.05
        }
    ], 
    "Bifurcation: ": [
        false
    ], 
    "Time": [
        {
            "Time": [
                0.05, 
                0.12108182511043225, 
                0.1982628024849214, 
                0.2876895731173268, 
                0.39102367817323763, 
                0.5104259932938743, 
                0.6894750194435484, 
                0.8656364025377088, 
                1.0557084577137623, 
                1.3174600446087568, 
                1.647701107630618, 
                1.9901162779959394, 
                2.362690274291844, 
                2.735264270587749, 
                3.107838266883654, 
                3.612360336092996, 
                4.116882405302338, 
                4.738727518164814, 
                4.748727518164814, 
                4.753727518164814, 
                5.038886544851654, 
                5.309955739405985, 
                5.620976670747445, 
                5.945533979377196, 
                6.2695725867899466, 
                6.570118998747043, 
                6.922519237898472, 
                7.397898697981879
            ]
        }
    ], 
    "Hemodynamic Parameters_1001_ABC": [
        {
            "A": -9802652.863341242, 
            "C": 4636895.098527737, 
            "B": 183986187570.3584
        }
    ], 
    "Pressures": [
        {
            "Pressure Inlet": [
                [
                    1912.280205706042, 
                    -779.4422868766825, 
                    225.9912172626544, 
                    13.117023561821567, 
                    83.37957200563046, 
                    93.39197908753736, 
                    116.98903950196835, 
                    134.36473967935734, 
                    140.5441810548225, 
                    140.9145547157245, 
                    141.05907816540767, 
                    131.08498283986637, 
                    119.56412955559983, 
                    131.3714950621354, 
                    141.31393869241145, 
                    133.49039677706176, 
                    142.66293409362453, 
                    137.07861133947617, 
                    131.4383270801497, 
                    120.13435867895636, 
                    119.1317732600899, 
                    115.96816062481025, 
                    113.59294572368111, 
                    121.93253917894201, 
                    135.68044230551163, 
                    139.46890595949634, 
                    130.026476555899, 
                    121.71141034895602
                ]
            ], 
            "Pressure Outlet 1002": [
                0
            ], 
            "Pressure Outlet 1001": [
                [
                    0.0, 
                    0.0, 
                    0.0, 
                    0.0, 
                    0.0, 
                    0.0, 
                    0.0, 
                    0.0, 
                    0.0, 
                    0.0, 
                    0.0, 
                    0.0, 
                    0.0, 
                    0.0, 
                    0.0, 
                    0.0, 
                    0.0, 
                    0.0, 
                    0.0, 
                    0.0, 
                    0.0, 
                    0.0, 
                    0.0, 
                    0.0, 
                    0.0, 
                    0.0, 
                    0.0, 
                    0.0
                ]
            ]
        }
    ], 
    "Flow": [
        {
            "Flow Outlet 1002": [
                0
            ], 
            "Flow Outlet 1001": [
                [
                    6.055050881446993e-05, 
                    6.428917846018262e-05, 
                    6.409510088343324e-05, 
                    6.417333841562047e-05, 
                    6.416090168918825e-05, 
                    6.417091962866597e-05, 
                    6.417390208230512e-05, 
                    6.417460993328609e-05, 
                    6.417356958333343e-05, 
                    6.417232218909361e-05, 
                    6.41716474491133e-05, 
                    6.417312891710264e-05, 
                    6.417693941286602e-05, 
                    6.417674184021404e-05, 
                    6.417512054538906e-05, 
                    6.417360143715702e-05, 
                    6.415287660357081e-05, 
                    6.412685490987999e-05, 
                    6.413144618144062e-05, 
                    6.412696720358128e-05, 
                    6.412689665198884e-05, 
                    6.415400516592414e-05, 
                    6.417329366677757e-05, 
                    6.417318832879254e-05, 
                    6.416831269914225e-05, 
                    6.416153212406597e-05, 
                    6.416132611110993e-05, 
                    6.416048255240696e-05
                ]
            ], 
            "Flow Inlet": [
                [
                    -6.424240346207797e-05, 
                    -6.424240346207797e-05, 
                    -6.424240346207797e-05, 
                    -6.424240346207797e-05, 
                    -6.424240346207797e-05, 
                    -6.424240346207797e-05, 
                    -6.424240346207797e-05, 
                    -6.424240346207797e-05, 
                    -6.424240346207797e-05, 
                    -6.424240346207797e-05, 
                    -6.424240346207797e-05, 
                    -6.424240346207797e-05, 
                    -6.424240346207797e-05, 
                    -6.424240346207797e-05, 
                    -6.424240346207797e-05, 
                    -6.424240346207797e-05, 
                    -6.424240346207797e-05, 
                    -6.424240346207797e-05, 
                    -6.424240346207797e-05, 
                    -6.424240346207797e-05, 
                    -6.424240346207797e-05, 
                    -6.424240346207797e-05, 
                    -6.424240346207797e-05, 
                    -6.424240346207797e-05, 
                    -6.424240346207797e-05, 
                    -6.424240346207797e-05, 
                    -6.424240346207797e-05, 
                    -6.424240346207797e-05
                ]
            ]
        }
    ], 
    "Inlet": [
        {
            "Centroid": [
                -0.00010319409110340905, 
                -2.6215637677039877e-05, 
                -0.031420356708522716
            ], 
            "Flow_inlet(mean)": -6.424240346207797e-05, 
            "Center Node": 105071, 
            "Reynolds(peak)": -1229.230179190642, 
            "Diameter": 0.01996268363257169,