{
    "Inlet": [
        {
            "Center Node": 479921, 
            "Total_area_inlet": 0.0003136218019297123, 
            "Centroid": [
                3.441915867130887e-05, 
                6.538258523934007e-05, 
                -0.03142035670497381
            ], 
            "Reynolds(mean)": -1698.4114689216938, 
            "Flow_inlet(peak)": -8.885261837966609e-05, 
            "Parabolic": true, 
            "Flow_inlet(mean)": -8.885261837966609e-05, 
            "Reynolds(peak)": -1698.4114689216938, 
            "Diameter": 0.019982861320051996
        }
    ], 
    "Pressures": [
        {
            "Pressure Outlet 1001": [
                [
                    0.0, 
                    0.0, 
                    0.0, 
                    0.0, 
                    0.0, 
                    0.0, 
                    0.0, 
                    0.0, 
                    0.0, 
                    0.0, 
                    0.0, 
                    0.0, 
                    0.0, 
                    0.0, 
                    0.0, 
                    0.0, 
                    0.0, 
                    0.0, 
                    0.0, 
                    0.0, 
                    0.0, 
                    0.0, 
                    0.0, 
                    0.0, 
                    0.0, 
                    0.0, 
                    0.0, 
                    0.0, 
                    0.0, 
                    0.0, 
                    0.0, 
                    0.0, 
                    0.0, 
                    0.0, 
                    0.0, 
                    0.0, 
                    0.0, 
                    0.0, 
                    0.0, 
                    0.0, 
                    0.0, 
                    0.0, 
                    0.0, 
                    0.0, 
                    0.0, 
                    0.0, 
                    0.0
                ]
            ], 
            "Pressure Inlet": [
                [
                    1267.6289529119717, 
                    -488.6935264951904, 
                    194.17707264120995, 
                    58.12470652386583, 
                    130.5444853697962, 
                    166.61877438312217, 
                    210.17272823321935, 
                    226.89443547338556, 
                    223.95479419946685, 
                    223.79008058486778, 
                    231.5100713267347, 
                    234.71723318805118, 
                    225.61647145246513, 
                    225.40934009063665, 
                    236.97419637936963, 
                    239.8750964685922, 
                    222.2360216255792, 
                    204.97076517178823, 
                    215.21225538766254, 
                    239.83434035562144, 
                    251.00978855736233, 
                    256.75539768907134, 
                    258.80800790162397, 
                    239.0296248065975, 
                    226.91464539666262, 
                    235.30571692941282, 
                    233.75316705470163, 
                    226.37877366322527, 
                    229.75492214761124, 
                    235.6693441138916, 
                    235.03128363173423, 
                    228.6070916826175, 
                    224.29055811537512, 
                    224.08208388222107, 
                    226.07651941961547, 
                    220.86256058576663, 
                    209.26066444252425, 
                    212.27965375871054, 
                    211.42940840927585, 
                    214.6376814844112, 
                    236.35571284166983, 
                    254.93797337095882, 
                    252.8970839308926, 
                    241.69078705623954, 
                    230.69218631018487, 
                    226.11521075310358, 
                    231.54080667459507
                ]
            ], 
            "Pressure Outlet 1002": [
                0
            ]
        }
    ], 
    "Flow": [
        {
            "Flow Inlet": [
                [
                    -8.885261837966609e-05, 
                    -8.885261837966609e-05, 
                    -8.885261837966609e-05, 
                    -8.885261837966609e-05, 
                    -8.885261837966609e-05, 
                    -8.885261837966609e-05, 
                    -8.885261837966609e-05, 
                    -8.885261837966609e-05, 
                    -8.885261837966609e-05, 
                    -8.885261837966609e-05, 
                    -8.885261837966609e-05, 
                    -8.885261837966609e-05, 
                    -8.885261837966609e-05, 
                    -8.885261837966609e-05, 
                    -8.885261837966609e-05, 
                    -8.885261837966609e-05, 
                    -8.885261837966609e-05, 
                    -8.885261837966609e-05, 
                    -8.885261837966609e-05, 
                    -8.885261837966609e-05, 
                    -8.885261837966609e-05, 
                    -8.885261837966609e-05, 
                    -8.885261837966609e-05, 
                    -8.885261837966609e-05, 
                    -8.885261837966609e-05, 
                    -8.885261837966609e-05, 
                    -8.885261837966609e-05, 
                    -8.885261837966609e-05, 
                    -8.885261837966609e-05, 
                    -8.885261837966609e-05, 
                    -8.885261837966609e-05, 
                    -8.885261837966609e-05, 
                    -8.885261837966609e-05, 
                    -8.885261837966609e-05, 
                    -8.885261837966609e-05, 
                    -8.885261837966609e-05, 
                    -8.885261837966609e-05, 
                    -8.885261837966609e-05, 
                    -8.885261837966609e-05, 
                    -8.885261837966609e-05, 
                    -8.885261837966609e-05, 
                    -8.885261837966609e-05, 
                    -8.885261837966609e-05, 
                    -8.885261837966609e-05, 
                    -8.885261837966609e-05, 
                    -8.885261837966609e-05, 
                    -8.885261837966609e-05
                ]
            ],