{
    "Hemodynamic Parameters_1001_ABC": [
        {
            "C": 8150128.858366579, 
            "B": -1176007211957.6724, 
            "A": 102703426.16352725
        }
    ], 
    "Hemodynamic Parameters_1001_AB": [
        {
            "B": 1013572610018.3916, 
            "A": -88765289.86604384
        }
    ], 
    "Simulations_Parameters": [
        {
            "Dt": 0.1, 
            "AutomaticDeltaTime": true, 
            "Config_conditions(1:V-P-P),(2:V-V-P)": 1, 
            "Time_vector": [
                0, 
                7.0
            ], 
            "SolverType(1:AMGCGL,2:AMGCL_NS_Solver,3:BICGSTABSolver)": 1
        }
    ], 
    "Outlet 1001": [
        {
            "Center Node": 390, 
            "Flow_outlet(mean)": 8.571586177035969e-05, 
            "Centroid": [
                8.330871757666676e-05, 
                0.00013302512240608139, 
                0.289990000000001
            ], 
            "Total_area_outlet": 0.00031298575517405973, 
            "Reynolds(mean)": 1640.1165689965571, 
            "Flow_outlet(peak)": 8.591170166587008e-05, 
            "Reynolds(peak)": 1643.8638364318151, 
            "Diameter": 0.019962587721750566
        }
    ], 
    "Fluid Characteristic": [
        {
            "blood_dynamic_viscosity": 0.0035, 
            "blood_kinematic_viscosity": 3.3333333333333333e-06, 
            "blood_density": 1050.0
        }
    ], 
    "Bifurcation: ": [
        false
    ], 
    "Inlet": [
        {
            "Center Node": 189992, 
            "Flow_inlet(peak)": -8.587638188930456e-05, 
            "Parabolic": true, 
            "Centroid": [
                -0.00010319409110340905, 
                -2.6215637677039877e-05, 
                -0.031420356708522716
            ], 
            "Total_area_inlet": 0.00031298876267923, 
            "Reynolds(mean)": -1643.1801210604863, 
            "Reynolds(peak)": -1643.1801210604863, 
            "Diameter": 0.01996268363257169, 
            "Flow_inlet(mean)": -8.587638188930456e-05
        }
    ], 
    "Pressures": [
        {
            "Pressure Outlet 1001": [
                [
                    0.0, 
                    0.0, 
                    0.0, 
                    0.0, 
                    0.0, 
                    0.0, 
                    0.0, 
                    0.0, 
                    0.0, 
                    0.0, 
                    0.0, 
                    0.0, 
                    0.0, 
                    0.0, 
                    0.0, 
                    0.0, 
                    0.0, 
                    0.0, 
                    0.0, 
                    0.0, 
                    0.0, 
                    0.0, 
                    0.0, 
                    0.0, 
                    0.0, 
                    0.0, 
                    0.0, 
                    0.0, 
                    0.0, 
                    0.0, 
                    0.0, 
                    0.0, 
                    0.0, 
                    0.0, 
                    0.0, 
                    0.0
                ]
            ], 
            "Pressure Outlet 1002": [
                0
            ], 
            "Pressure Inlet": [
                [
                    1263.6396909671937, 
                    -472.55500264467076, 
                    161.83956301368707, 
                    36.4608434587911, 
                    93.02615912933356, 
                    117.25512613954143, 
                    149.44808129859655, 
                    165.8790471703636, 
                    169.02173611212712, 
                    167.06298450681606, 
                    164.81981190179647, 
                    157.27598837931808, 
                    159.79109095214875, 
                    150.61856705152292, 
                    143.01238985203406, 
                    141.48256773132718, 
                    157.35030477642863, 
                    160.17196637775012, 
                    156.25549097174172, 
                    147.30455606304082, 
                    150.56442680769962, 
                    162.35157304940813, 
                    163.41849705770431, 
                    170.52633350119774, 
                    165.99418964487216, 
                    164.2814122399692, 
                    153.14049182122892, 
                    145.55607628569797, 
                    121.34445297948457, 
                    129.0154125354513, 
                    160.56854375543733, 
                    170.25072933550842, 
                    155.2116198586022, 
                    134.83680935575174, 
                    136.15554214078108, 
                    150.20947856756428
                ]
            ]
        }
    ], 
    "Time": [
        {
            "Time": [
                0.1, 
                0.16888119080910774, 
                0.24660771789474734, 
                0.3353523471960598, 
                0.43448352491907105, 
                0.5488481021415319, 
                0.6833557514616639, 
                0.843084186095511, 
                1.032792950897409, 
                1.2615732198109642, 
                1.5364696030999059, 
                1.8673459925420899, 
                1.8773459925420897, 
                1.8823459925420896, 
                2.0786387611443624, 
                2.270980512388415, 
                2.4605189151260887, 
                2.6567302183484953, 
                2.862132368657135, 
                3.070616680903215, 
                3.319030683062303, 
                3.614384794813214, 
                3.9678899064836215, 
                4.34023317573346, 
                4.814098283050372, 
                4.824098283050372, 
                4.829098283050372, 
                5.084506785981375, 
                5.325799545646845, 
                5.582564792024414, 
                5.825446784404604, 
                6.077329188235852, 
                6.332837483369739, 
                6.626679888223401, 
                6.970043146813688, 
                7.313406405403975
            ]
        }
    ], 
    "Flow": [
        {
            "Flow Inlet": [
                [
                    -8.587638188930456e-05, 
                    -8.587638188930456e-05, 
                    -8.587638188930456e-05, 
                    -8.587638188930456e-05, 
                    -8.587638188930456e-05, 
                    -8.587638188930456e-05, 
                    -8.587638188930456e-05, 
                    -8.587638188930456e-05, 
                    -8.587638188930456e-05, 
                    -8.587638188930456e-05, 
                    -8.587638188930456e-05, 
                    -8.587638188930456e-05, 
                    -8.587638188930456e-05, 
                    -8.587638188930456e-05, 
                    -8.587638188930456e-05, 
                    -8.587638188930456e-05, 
                    -8.587638188930456e-05, 
                    -8.587638188930456e-05, 
                    -8.587638188930456e-05, 
                    -8.587638188930456e-05, 
                    -8.587638188930456e-05, 
                    -8.587638188930456e-05, 
                    -8.587638188930456e-05, 
                    -8.587638188930456e-05, 
                    -8.587638188930456e-05, 
                    -8.587638188930456e-05, 
                    -8.587638188930456e-05, 
                    -8.587638188930456e-05, 
                    -8.587638188930456e-05, 
                    -8.587638188930456e-05, 
                    -8.587638188930456e-05, 
                    -8.587638188930456e-05, 
                    -8.587638188930456e-05, 
                    -8.587638188930456e-05, 
                    -8.587638188930456e-05, 
                    -8.587638188930456e-05
                ]
            ],