{
    "Bifurcation: ": [
        false
    ], 
    "Hemodynamic Parameters_1001_AB": [
        {
            "B": 1372900434315.5042, 
            "A": -117976225.56980203
        }
    ], 
    "Pressures": [
        {
            "Pressure Inlet": [
                [
                    1248.0389665702946, 
                    -480.93585673372496, 
                    148.919656300112, 
                    13.283224618133904, 
                    59.131847443021286, 
                    70.10946409382315, 
                    90.9167243269476, 
                    97.2881444165943, 
                    85.28522746751659, 
                    71.98320487985856, 
                    70.26247909811693, 
                    55.76168834634229, 
                    36.785226487218445, 
                    40.09070739773494, 
                    53.63885548320703, 
                    63.48761411799717, 
                    71.00998926667054, 
                    78.00239276606051, 
                    82.58977541537702, 
                    81.40780587494444, 
                    77.73836275254176, 
                    82.35493994204366, 
                    75.69410138499725, 
                    69.8824268814327, 
                    72.9612684245181, 
                    70.86743803954921, 
                    69.36746087486466, 
                    64.08719698071877, 
                    68.78858760498765, 
                    60.841915053418575, 
                    63.73041284771632, 
                    82.09452325231531, 
                    88.46460389462591, 
                    83.35860755565776, 
                    68.70762179469016, 
                    56.76190437332874, 
                    54.305068631420184, 
                    57.94841346184275, 
                    60.123805711187075, 
                    55.863571470488935, 
                    58.89591091318095, 
                    57.908723874034536, 
                    59.895480996705345
                ]
            ], 
            "Pressure Outlet 1001": [
                [
                    0.0, 
                    0.0, 
                    0.0, 
                    0.0, 
                    0.0, 
                    0.0, 
                    0.0, 
                    0.0, 
                    0.0, 
                    0.0, 
                    0.0, 
                    0.0, 
                    0.0, 
                    0.0, 
                    0.0, 
                    0.0, 
                    0.0, 
                    0.0, 
                    0.0, 
                    0.0, 
                    0.0, 
                    0.0, 
                    0.0, 
                    0.0, 
                    0.0, 
                    0.0, 
                    0.0, 
                    0.0, 
                    0.0, 
                    0.0, 
                    0.0, 
                    0.0, 
                    0.0, 
                    0.0, 
                    0.0, 
                    0.0, 
                    0.0, 
                    0.0, 
                    0.0, 
                    0.0, 
                    0.0, 
                    0.0, 
                    0.0
                ]
            ], 
            "Pressure Outlet 1002": [
                0
            ]
        }
    ], 
    "Outlet 1001": [
        {
            "Total_area_outlet": 0.0003129857551620257, 
            "Reynolds(mean)": 1631.959437714884, 
            "Centroid": [
                4.09431105279329e-05, 
                8.761835146427014e-05, 
                0.26997999999999905
            ], 
            "Flow_outlet(peak)": 8.540317871045691e-05, 
            "Reynolds(peak)": 1634.1335845861315, 
            "Diameter": 0.019962587721366793, 
            "Flow_outlet(mean)": 8.528955332784477e-05, 
            "Center Node": 496
        }
    ], 
    "Hemodynamic Parameters_1001_ABC": [
        {
            "B": -1434122879779.7432, 
            "C": 3672455.711998455, 
            "A": 123202429.67258719
        }
    ], 
    "Time": [
        {
            "Time": [
                0.1, 
                0.17568866913651227, 
                0.25984561108482973, 
                0.3568211697329662, 
                0.4664592374961075, 
                0.5905935679451351, 
                0.7349599729640992, 
                0.8914526414506743, 
                1.079391914697856, 
                1.0893919146978557, 
                1.0943919146978556, 
                1.217979858770159, 
                1.3415616819892788, 
                1.4651562472944992, 
                1.5887747407193649, 
                1.7124069394273784, 
                1.8360303356384176, 
                1.9843499089188064, 
                2.162286248872342, 
                2.3757528778151227, 
                2.6318655432981797, 
                2.939192325294436, 
                3.308041478487598, 
                3.6768906316807604, 
                4.0457397848739225, 
                4.414588938067085, 
                4.424588938067084, 
                4.429588938067084, 
                4.6141961050576, 
                4.798767107373793, 
                4.967095393157649, 
                5.143799769731893, 
                5.328312836119494, 
                5.512834657462079, 
                5.7342696899199925, 
                5.999999924787641, 
                6.318888089529434, 
                6.637776254271227, 
                6.647776254271227, 
                6.6527762542712265, 
                6.812280962601369, 
                6.971791647249421, 
                7.131275064539317
            ]
        }
    ], 
    "Simulations_Parameters": [
        {
            "Time_vector": [
                0, 
                7.0
            ], 
            "Config_conditions(1:V-P-P),(2:V-V-P)": 1, 
            "AutomaticDeltaTime": true, 
            "Dt": 0.1, 
            "SolverType(1:AMGCGL,2:AMGCL_NS_Solver,3:BICGSTABSolver)": 1
        }
    ],