{
    "Flow": [
        {
            "Flow Outlet 1002": [
                0
            ], 
            "Flow Inlet": [
                [
                    -8.544514042378246e-05, 
                    -8.544514042378246e-05, 
                    -8.544514042378246e-05, 
                    -8.544514042378246e-05, 
                    -8.544514042378246e-05, 
                    -8.544514042378246e-05, 
                    -8.544514042378246e-05, 
                    -8.544514042378246e-05, 
                    -8.544514042378246e-05, 
                    -8.544514042378246e-05, 
                    -8.544514042378246e-05, 
                    -8.544514042378246e-05, 
                    -8.544514042378246e-05, 
                    -8.544514042378246e-05, 
                    -8.544514042378246e-05, 
                    -8.544514042378246e-05, 
                    -8.544514042378246e-05, 
                    -8.544514042378246e-05, 
                    -8.544514042378246e-05, 
                    -8.544514042378246e-05, 
                    -8.544514042378246e-05, 
                    -8.544514042378246e-05, 
                    -8.544514042378246e-05, 
                    -8.544514042378246e-05, 
                    -8.544514042378246e-05, 
                    -8.544514042378246e-05, 
                    -8.544514042378246e-05, 
                    -8.544514042378246e-05, 
                    -8.544514042378246e-05, 
                    -8.544514042378246e-05, 
                    -8.544514042378246e-05, 
                    -8.544514042378246e-05, 
                    -8.544514042378246e-05, 
                    -8.544514042378246e-05, 
                    -8.544514042378246e-05, 
                    -8.544514042378246e-05, 
                    -8.544514042378246e-05, 
                    -8.544514042378246e-05, 
                    -8.544514042378246e-05
                ]
            ], 
            "Flow Outlet 1001": [
                [
                    8.205753512759209e-05, 
                    8.534450013576736e-05, 
                    8.529112678459482e-05, 
                    8.533838384691123e-05, 
                    8.534041323253935e-05, 
                    8.534785180298318e-05, 
                    8.534754526548063e-05, 
                    8.534638377136484e-05, 
                    8.534530546307381e-05, 
                    8.534418438887938e-05, 
                    8.53359982941477e-05, 
                    8.531301285325239e-05, 
                    8.530702019578718e-05, 
                    8.534807745277413e-05, 
                    8.537185779045606e-05, 
                    8.534889723401665e-05, 
                    8.534978839590586e-05, 
                    8.534763492104533e-05, 
                    8.534267716173577e-05, 
                    8.533890170735662e-05, 
                    8.53283857758325e-05, 
                    8.53077105945925e-05, 
                    8.528687236786731e-05, 
                    8.528221265638043e-05, 
                    8.52886298800432e-05, 
                    8.530753048223e-05, 
                    8.532898129640398e-05, 
                    8.534302359397733e-05, 
                    8.535093316480793e-05, 
                    8.535317086404156e-05, 
                    8.534904964066067e-05, 
                    8.534998239342732e-05, 
                    8.534710753089602e-05, 
                    8.533241077715565e-05, 
                    8.532359230792273e-05, 
                    8.532487262288608e-05, 
                    8.531830836540946e-05, 
                    8.531224068499093e-05, 
                    8.531606226991902e-05
                ]
            ]
        }
    ], 
    "Simulations_Parameters": [
        {
            "AutomaticDeltaTime": true, 
            "Config_conditions(1:V-P-P),(2:V-V-P)": 1, 
            "Time_vector": [
                0, 
                7.0
            ], 
            "SolverType(1:AMGCGL,2:AMGCL_NS_Solver,3:BICGSTABSolver)": 1, 
            "Dt": 0.1
        }
    ], 
    "Outlet 1001": [
        {
            "Center Node": 595, 
            "Centroid": [
                2.4036718804469165e-05, 
                6.82643925463387e-05, 
                0.26997999999999905
            ], 
            "Reynolds(peak)": 1633.5342793696122, 
            "Reynolds(mean)": 1631.157558299285, 
            "Flow_outlet(mean)": 8.524764546397715e-05, 
            "Diameter": 0.019962587721829683, 
            "Total_area_outlet": 0.0003129857551765407, 
            "Flow_outlet(peak)": 8.537185779045606e-05
        }
    ], 
    "Inlet": [
        {
            "Center Node": 76385, 
            "Parabolic": true, 
            "Flow_inlet(peak)": -8.544514042378246e-05, 
            "Centroid": [
                -0.00010319409110340921, 
                -2.6215637677039552e-05, 
                -0.031420356708522716
            ], 
            "Reynolds(peak)": -1634.9286392451913, 
            "Reynolds(mean)": -1634.9286392451913, 
            "Total_area_inlet": 0.00031298876267923, 
            "Diameter": 0.01996268363257169, 
            "Flow_inlet(mean)": -8.544514042378246e-05
        }
    ], 
    "Time": [
        {
            "Time": [
                0.1, 
                0.18043827567164328, 
                0.27007859169734383, 
                0.3713408178072465, 
                0.4866725609277644, 
                0.6183604083709422, 
                0.7647428497074468, 
                0.9275684824122197, 
                1.1189780928297204, 
                1.3594361726320237, 
                1.6248506205345814, 
                1.9136312533820263, 
                2.237846389350393, 
                2.5620615253187595, 
                2.886276661287126, 
                3.2104917972554925, 
                3.2204917972554923, 
                3.225491797255492, 
                3.410500150014995, 
                3.613043168581875, 
                3.809243551295402, 
                4.0040611011283564, 
                4.179228284762678, 
                4.346761664524921, 
                4.540392546903115, 
                4.765606036031872, 
                5.049693807949555, 
                5.333781579867238, 
                5.617869351784921, 
                5.901957123702604, 
                6.186044895620287, 
                6.196044895620287, 
                6.201044895620287, 
                6.333513792875203, 
                6.466505381432758, 
                6.604834728508681, 
                6.746258320934268, 
                6.887704836382534, 
                7.0428803500448405
            ]
        }
    ], 
    "name": [
        "D:/edu_12/V2/GID\\Modelo_6_145.gid\\Modelo_6_145.json"
    ], 
    "Bifurcation: ": [
        false
    ], 
    "Hemodynamic Parameters_1001_AB": [
        {
            "B": -984576554937.9307, 
            "A": 82548072.38010676
        }
    ], 
    "Hemodynamic Parameters_1001_ABC": [
        {
            "C": -7362630.762142539, 
            "B": 1107907058809.6514, 
            "A": -93075188.5691191
        }
    ], 
    "Pressures": [
        {
            "Pressure Outlet 1002": [
                0
            ],