{
    "Hemodynamic Parameters_1001_AB": [
        {
            "B": -2241679625964.547, 
            "A": 189157590.11059007
        }
    ], 
    "Hemodynamic Parameters_1001_ABC": [
        {
            "C": 25415123.821623087, 
            "B": 1990122588726.745, 
            "A": -167623369.36585134
        }
    ], 
    "Flow": [
        {
            "Flow Outlet 1001": [
                [
                    8.245823304193586e-05, 
                    8.562059646872798e-05, 
                    8.552611197468146e-05, 
                    8.557125425450514e-05, 
                    8.557562966535888e-05, 
                    8.558539827291556e-05, 
                    8.558606864814806e-05, 
                    8.558571675424129e-05, 
                    8.558453761287308e-05, 
                    8.558405087397093e-05, 
                    8.558409088750656e-05, 
                    8.558481417859493e-05, 
                    8.558649512019153e-05, 
                    8.558303340346508e-05, 
                    8.556566721461479e-05, 
                    8.553875049305677e-05, 
                    8.551675346038981e-05, 
                    8.553709795742234e-05, 
                    8.555383508608179e-05, 
                    8.557822325993852e-05, 
                    8.557436399776916e-05, 
                    8.557261944809978e-05, 
                    8.558728136458122e-05, 
                    8.558005605079335e-05, 
                    8.555974228405007e-05, 
                    8.553559299371189e-05, 
                    8.552078529344997e-05, 
                    8.553350620577869e-05, 
                    8.556678781158633e-05, 
                    8.557618210862823e-05
                ]
            ], 
            "Flow Outlet 1002": [
                0
            ], 
            "Flow Inlet": [
                [
                    -8.566709992696033e-05, 
                    -8.566709992696033e-05, 
                    -8.566709992696033e-05, 
                    -8.566709992696033e-05, 
                    -8.566709992696033e-05, 
                    -8.566709992696033e-05, 
                    -8.566709992696033e-05, 
                    -8.566709992696033e-05, 
                    -8.566709992696033e-05, 
                    -8.566709992696033e-05, 
                    -8.566709992696033e-05, 
                    -8.566709992696033e-05, 
                    -8.566709992696033e-05, 
                    -8.566709992696033e-05, 
                    -8.566709992696033e-05, 
                    -8.566709992696033e-05, 
                    -8.566709992696033e-05, 
                    -8.566709992696033e-05, 
                    -8.566709992696033e-05, 
                    -8.566709992696033e-05, 
                    -8.566709992696033e-05, 
                    -8.566709992696033e-05, 
                    -8.566709992696033e-05, 
                    -8.566709992696033e-05, 
                    -8.566709992696033e-05, 
                    -8.566709992696033e-05, 
                    -8.566709992696033e-05, 
                    -8.566709992696033e-05, 
                    -8.566709992696033e-05, 
                    -8.566709992696033e-05
                ]
            ]
        }
    ], 
    "name": [
        "I:/PROYECTOS/ESTUDIANTES/Sergio/V2/GID\\Modelo_26_120_I.gid\\Modelo_26_120_I.json"
    ], 
    "Fluid Characteristic": [
        {
            "blood_kinematic_viscosity": 3.3333333333333333e-06, 
            "blood_density": 1050.0, 
            "blood_dynamic_viscosity": 0.0035
        }
    ], 
    "Bifurcation: ": [
        false
    ], 
    "Time": [
        {
            "Time": [
                0.1, 
                0.17657788801887214, 
                0.2650158135085104, 
                0.35669907827108205, 
                0.4678121799386904, 
                0.5965798567505806, 
                0.7209301523341333, 
                0.868776193951783, 
                1.0637966291833791, 
                1.2916929418720706, 
                1.562628402938992, 
                1.8514838123665522, 
                2.1403392217941124, 
                2.4291946312216726, 
                2.7180500406492327, 
                3.08164922539228, 
                3.5051459937310256, 
                4.038810981420491, 
                4.572475969109957, 
                5.106140956799422, 
                5.116140956799422, 
                5.1211409567994215, 
                5.355727271961222, 
                5.615304192984187, 
                5.87892165371968, 
                6.103427478901954, 
                6.323348308544502, 
                6.552813499250042, 
                6.815090035007937, 
                7.0773665707658315
            ]
        }
    ], 
    "Outlet 1001": [
        {
            "Reynolds(mean)": 1635.2930713534033, 
            "Flow_outlet(peak)": 8.562059646872798e-05, 
            "Reynolds(peak)": 1638.2937301843517, 
            "Diameter": 0.019962587721750566, 
            "Center Node": 401, 
            "Centroid": [
                8.330871757666676e-05, 
                0.00013302512240608139, 
                0.289990000000001
            ], 
            "Flow_outlet(mean)": 8.546377587290231e-05, 
            "Total_area_outlet": 0.00031298575517405973
        }
    ], 
    "Pressures": [
        {
            "Pressure Inlet": [
                [
                    1290.6604133162348, 
                    -478.5184658943978, 
                    189.86387006308377, 
                    75.50246500670383, 
                    155.4616330758778, 
                    195.01233208623847, 
                    230.41557947985996, 
                    242.60162980404468, 
                    247.57959254990047, 
                    247.26231670033474, 
                    233.60590084470326, 
                    223.12136998465786, 
                    217.21375145210675, 
                    229.3780006646223, 
                    225.09637200711416, 
                    219.8607238349441, 
                    240.983465411866, 
                    244.64934341017357, 
                    218.87207118617243, 
                    204.40205485429007, 
                    208.88723719578655, 
                    205.6109953475367, 
                    234.91910741109328, 
                    254.69707670845798, 
                    234.3647750634165, 
                    211.1551765668739, 
                    194.69037521638214, 
                    216.0576565823238, 
                    236.6737502123223, 
                    226.53105066651503
                ]
            ], 
            "Pressure Outlet 1001": [
                [
                    0.0, 
                    0.0, 
                    0.0, 
                    0.0, 
                    0.0, 
                    0.0, 
                    0.0, 
                    0.0, 
                    0.0, 
                    0.0, 
                    0.0, 
                    0.0, 
                    0.0, 
                    0.0, 
                    0.0, 
                    0.0, 
                    0.0, 
                    0.0, 
                    0.0, 
                    0.0, 
                    0.0, 
                    0.0, 
                    0.0, 
                    0.0, 
                    0.0, 
                    0.0, 
                    0.0, 
                    0.0, 
                    0.0, 
                    0.0
                ]
            ], 
            "Pressure Outlet 1002": [
                0
            ]
        }
    ], 
    "Inlet": [
        {
            "Flow_inlet(mean)": -8.566709992696033e-05, 
            "Reynolds(mean)": -1639.1756677678004, 
            "Reynolds(peak)": -1639.1756677678004, 
            "Diameter": 0.01996268363257169, 
            "Center Node": 190912,