{
    "Fluid Characteristic": [
        {
            "blood_density": 1050.0, 
            "blood_kinematic_viscosity": 3.3333333333333333e-06, 
            "blood_dynamic_viscosity": 0.0035
        }
    ], 
    "Hemodynamic Parameters_1001_AB": [
        {
            "A": -35304808.96625266, 
            "B": 386727571910.29095
        }
    ], 
    "Simulations_Parameters": [
        {
            "Dt": 0.1, 
            "SolverType(1:AMGCGL,2:AMGCL_NS_Solver,3:BICGSTABSolver)": 1, 
            "AutomaticDeltaTime": true, 
            "Time_vector": [
                0, 
                7.0
            ], 
            "Config_conditions(1:V-P-P),(2:V-V-P)": 1
        }
    ], 
    "Hemodynamic Parameters_1001_ABC": [
        {
            "A": -153092232.61024475, 
            "C": -109891260.27938372, 
            "B": 1817138361783.4658
        }
    ], 
    "Inlet": [
        {
            "Flow_inlet(peak)": -8.560623823739446e-05, 
            "Center Node": 70123, 
            "Flow_inlet(mean)": -8.560623823739446e-05, 
            "Total_area_inlet": 0.00031298876267923, 
            "Reynolds(mean)": -1638.0111250119382, 
            "Centroid": [
                -0.00010319409110340905, 
                -2.6215637677039877e-05, 
                -0.031420356708522716
            ], 
            "Parabolic": true, 
            "Reynolds(peak)": -1638.0111250119382, 
            "Diameter": 0.01996268363257169
        }
    ], 
    "Pressures": [
        {
            "Pressure Outlet 1001": [
                [
                    0.0, 
                    0.0, 
                    0.0, 
                    0.0, 
                    0.0, 
                    0.0, 
                    0.0, 
                    0.0, 
                    0.0, 
                    0.0, 
                    0.0, 
                    0.0, 
                    0.0, 
                    0.0, 
                    0.0, 
                    0.0, 
                    0.0, 
                    0.0, 
                    0.0, 
                    0.0, 
                    0.0, 
                    0.0, 
                    0.0
                ]
            ], 
            "Pressure Outlet 1002": [
                0
            ], 
            "Pressure Inlet": [
                [
                    1315.638996399776, 
                    -489.2565341578475, 
                    190.51328040276485, 
                    68.64891545637005, 
                    144.42663364795578, 
                    172.70094055348537, 
                    198.144579456339, 
                    208.8270799800226, 
                    214.05124032107142, 
                    206.0109343892921, 
                    187.25038352626845, 
                    200.81331891134468, 
                    194.69766992361463, 
                    179.52767125274337, 
                    193.8602571638864, 
                    193.17241295047415, 
                    198.48174076224876, 
                    196.67556444381825, 
                    188.6470813081716, 
                    180.84487881344833, 
                    182.02404868495333, 
                    191.4336757206729, 
                    208.4709948229249
                ]
            ]
        }
    ], 
    "Time": [
        {
            "Time": [
                0.1, 
                0.1783816384976442, 
                0.2648751421544786, 
                0.3658178746712615, 
                0.47875288661569104, 
                0.6067106350635587, 
                0.7511020777458137, 
                0.9078022398387474, 
                1.096048544640307, 
                1.3123330523645351, 
                1.5472983335912591, 
                1.8131771400878447, 
                2.1321518943645303, 
                2.517541991005172, 
                2.9829671718960316, 
                3.5233742224203883, 
                4.063781272944746, 
                4.604188323469103, 
                5.14459537399346, 
                5.685002424517817, 
                6.2254094750421745, 
                6.765816525566532, 
                7.306223576090889
            ]
        }
    ], 
    "name": [
        "I:/PROYECTOS/ESTUDIANTES/Sergio/V2/GID\\Modelo_2_120_I.gid\\Modelo_2_120_I.json"
    ], 
    "Outlet 1001": [
        {
            "Center Node": 425, 
            "Flow_outlet(mean)": 8.535855073111081e-05, 
            "Flow_outlet(peak)": 8.555359016007988e-05, 
            "Reynolds(mean)": 1633.2796575520638, 
            "Centroid": [
                -1.8710628692159163e-05, 
                8.09623068897412e-05, 
                0.25
            ], 
            "Total_area_outlet": 0.0003129857551765408, 
            "Reynolds(peak)": 1637.0116085871653, 
            "Diameter": 0.019962587721829687
        }
    ], 
    "Flow": [
        {
            "Flow Outlet 1001": [
                [
                    8.228494350618605e-05, 
                    8.555359016007988e-05, 
                    8.546118849984407e-05, 
                    8.550635728857547e-05, 
                    8.550960438349996e-05, 
                    8.551871866936016e-05, 
                    8.551955349117724e-05, 
                    8.551872488934175e-05, 
                    8.551742734922028e-05, 
                    8.551333830264975e-05, 
                    8.549694327702414e-05, 
                    8.54850004998458e-05, 
                    8.549981718598713e-05, 
                    8.548414724979505e-05, 
                    8.546487739232147e-05, 
                    8.548287676345934e-05, 
                    8.550905608225268e-05, 
                    8.552505058334179e-05, 
                    8.549472582749695e-05, 
                    8.548610256114454e-05, 
                    8.549015548721122e-05, 
                    8.547654388433622e-05, 
                    8.544792348139773e-05
                ]
            ], 
            "Flow Outlet 1002": [
                0
            ], 
            "Flow Inlet": [
                [
                    -8.560623823739446e-05, 
                    -8.560623823739446e-05, 
                    -8.560623823739446e-05, 
                    -8.560623823739446e-05, 
                    -8.560623823739446e-05, 
                    -8.560623823739446e-05, 
                    -8.560623823739446e-05, 
                    -8.560623823739446e-05, 
                    -8.560623823739446e-05, 
                    -8.560623823739446e-05, 
                    -8.560623823739446e-05, 
                    -8.560623823739446e-05, 
                    -8.560623823739446e-05, 
                    -8.560623823739446e-05, 
                    -8.560623823739446e-05, 
                    -8.560623823739446e-05, 
                    -8.560623823739446e-05, 
                    -8.560623823739446e-05, 
                    -8.560623823739446e-05, 
                    -8.560623823739446e-05, 
                    -8.560623823739446e-05, 
                    -8.560623823739446e-05, 
                    -8.560623823739446e-05
                ]
            ]
        }
    ], 
    "Bifurcation: ": [
        false
    ]
}