{
    "Simulations_Parameters": [
        {
            "AutomaticDeltaTime": true, 
            "Config_conditions(1:V-P-P),(2:V-V-P)": 1, 
            "Time_vector": [
                0, 
                7.0
            ], 
            "SolverType(1:AMGCGL,2:AMGCL_NS_Solver,3:BICGSTABSolver)": 1, 
            "Dt": 0.1
        }
    ], 
    "Inlet": [
        {
            "Diameter": 0.01996268363257169, 
            "Flow_inlet(mean)": -8.55392213780753e-05, 
            "Flow_inlet(peak)": -8.55392213780753e-05, 
            "Center Node": 115526, 
            "Total_area_inlet": 0.00031298876267923, 
            "Centroid": [
                -0.00010319409110340921, 
                -2.6215637677039552e-05, 
                -0.031420356708522716
            ], 
            "Parabolic": true, 
            "Reynolds(mean)": -1636.7288077020282, 
            "Reynolds(peak)": -1636.7288077020282
        }
    ], 
    "Hemodynamic Parameters_1001_ABC": [
        {
            "A": 125761075.53109838, 
            "B": -1462097969359.1143, 
            "C": 1568502.22682013
        }
    ], 
    "name": [
        "I:/PROYECTOS/ESTUDIANTES/Sergio/V2/GID/D_170\\Modelo_18_170.gid\\Modelo_18_170.json"
    ], 
    "Time": [
        {
            "Time": [
                0.1, 
                0.17623816183648572, 
                0.26067893069731635, 
                0.3577242197376567, 
                0.4693354623783804, 
                0.5989238744763083, 
                0.7515996959965204, 
                0.9338980083876087, 
                1.1346302482174782, 
                1.144630248217478, 
                1.1496302482174778, 
                1.2799504620878723, 
                1.4030688550344925, 
                1.5337954971034535, 
                1.6631077956544296, 
                1.7889075442589621, 
                1.9092209633466206, 
                2.0440307061673773, 
                2.205015894896323, 
                2.4029756358524037, 
                2.649082380060932, 
                2.9972526817929994, 
                3.415052696791654, 
                3.4250526967916537, 
                3.4300526967916536, 
                3.6773518729470553, 
                3.9015035591217138, 
                4.116475697025789, 
                4.346276781515521, 
                4.593147862137379, 
                4.843793169272011, 
                5.144544157230151, 
                5.505430571212004, 
                5.9384882499573015, 
                5.948488249957301, 
                5.953488249957301, 
                6.1700542873055575, 
                6.386620324653814, 
                6.592806654072422, 
                6.808319840475838, 
                7.024898713968722
            ]
        }
    ], 
    "Fluid Characteristic": [
        {
            "blood_dynamic_viscosity": 0.0035, 
            "blood_density": 1050.0, 
            "blood_kinematic_viscosity": 3.3333333333333333e-06
        }
    ], 
    "Hemodynamic Parameters_1001_AB": [
        {
            "A": -123874119.66412467, 
            "B": 1440009098424.58
        }
    ], 
    "Pressures": [
        {
            "Pressure Outlet 1002": [
                0
            ], 
            "Pressure Inlet": [
                [
                    1288.9909151111108, 
                    -498.36185610484836, 
                    153.12634770857, 
                    11.285495301370089, 
                    56.651143517155504, 
                    65.30389995661479, 
                    87.03530292291661, 
                    97.62406813517647, 
                    94.06266607002054, 
                    89.05327036264364, 
                    86.98868355372834, 
                    74.11169846641353, 
                    52.985545909914215, 
                    44.33973645032595, 
                    54.231449520963544, 
                    66.13100696195445, 
                    71.85868902616069, 
                    73.31475924621739, 
                    71.5173903939559, 
                    72.53487776144726, 
                    82.37779284010246, 
                    87.67851998598765, 
                    89.79922049639234, 
                    93.9256352988305, 
                    88.04659880913114, 
                    83.82706234550584, 
                    72.85179782353343, 
                    72.07421688715425, 
                    78.98074679829743, 
                    76.22414099529723, 
                    81.75907294855064, 
                    82.73993988971677, 
                    79.36925592649114, 
                    77.52079885825722, 
                    77.08409634001822, 
                    70.64015432163426, 
                    70.64786510132303, 
                    60.538718880848045, 
                    65.82597142867135, 
                    72.13587443090842, 
                    71.74591949047587
                ]
            ], 
            "Pressure Outlet 1001": [
                [
                    0.0, 
                    0.0, 
                    0.0, 
                    0.0, 
                    0.0, 
                    0.0, 
                    0.0, 
                    0.0, 
                    0.0, 
                    0.0, 
                    0.0, 
                    0.0, 
                    0.0, 
                    0.0, 
                    0.0, 
                    0.0, 
                    0.0, 
                    0.0, 
                    0.0, 
                    0.0, 
                    0.0, 
                    0.0, 
                    0.0, 
                    0.0, 
                    0.0, 
                    0.0, 
                    0.0, 
                    0.0, 
                    0.0, 
                    0.0, 
                    0.0, 
                    0.0, 
                    0.0, 
                    0.0, 
                    0.0, 
                    0.0, 
                    0.0, 
                    0.0, 
                    0.0, 
                    0.0, 
                    0.0
                ]
            ]
        }
    ], 
    "Bifurcation: ": [
        false
    ], 
    "Outlet 1001": [
        {
            "Diameter": 0.019962587721829683, 
            "Flow_outlet(mean)": 8.534035555039069e-05, 
            "Center Node": 589, 
            "Centroid": [
                7.287326260279325e-05, 
                0.00016334872656868533, 
                0.289990000000001
            ], 
            "Total_area_outlet": 0.00031298575517654066, 
            "Reynolds(mean)": 1632.9315047509551, 
            "Reynolds(peak)": 1635.5198213105796, 
            "Flow_outlet(peak)": 8.547562629189616e-05
        }
    ], 
    "Flow": [
        {
            "Flow Outlet 1002": [
                0
            ],