{
    "Hemodynamic Parameters_1001_AB": [
        {
            "A": 173912906.2242879, 
            "B": -2047726344630.2332
        }
    ], 
    "Pressures": [
        {
            "Pressure Outlet 1002": [
                0
            ], 
            "Pressure Outlet 1001": [
                [
                    0.0, 
                    0.0, 
                    0.0, 
                    0.0, 
                    0.0, 
                    0.0, 
                    0.0, 
                    0.0, 
                    0.0, 
                    0.0, 
                    0.0, 
                    0.0, 
                    0.0, 
                    0.0, 
                    0.0, 
                    0.0, 
                    0.0, 
                    0.0, 
                    0.0, 
                    0.0, 
                    0.0, 
                    0.0, 
                    0.0, 
                    0.0, 
                    0.0, 
                    0.0, 
                    0.0, 
                    0.0, 
                    0.0, 
                    0.0, 
                    0.0, 
                    0.0, 
                    0.0, 
                    0.0, 
                    0.0
                ]
            ], 
            "Pressure Inlet": [
                [
                    1285.804218351504, 
                    -490.7122393809786, 
                    166.43578300820494, 
                    32.62516551677486, 
                    88.2219975609379, 
                    105.67631456098236, 
                    127.89010728758433, 
                    135.34094312290216, 
                    143.72479838623337, 
                    144.9347668759221, 
                    134.17668037487607, 
                    125.47036102735514, 
                    118.42450935661088, 
                    120.53676790076655, 
                    116.46564298762718, 
                    123.9177967131037, 
                    120.47195947152797, 
                    116.96931128066645, 
                    116.43862381581347, 
                    135.2874431770295, 
                    141.7594936239437, 
                    125.96462161185845, 
                    114.31989449249411, 
                    121.89122223676848, 
                    135.76028661314612, 
                    124.54010464425278, 
                    114.65594202464362, 
                    112.48010637520159, 
                    112.80206817771561, 
                    115.88321943953099, 
                    130.09549114113642, 
                    144.43726160091052, 
                    135.8829162389079, 
                    121.27015031283655, 
                    117.11304456717471
                ]
            ]
        }
    ], 
    "Bifurcation: ": [
        false
    ], 
    "name": [
        "I:/PROYECTOS/ESTUDIANTES/Sergio/V2/GID\\Modelo_3_145_I.gid\\Modelo_3_145_I.json"
    ], 
    "Flow": [
        {
            "Flow Inlet": [
                [
                    -8.572169367360291e-05, 
                    -8.572169367360291e-05, 
                    -8.572169367360291e-05, 
                    -8.572169367360291e-05, 
                    -8.572169367360291e-05, 
                    -8.572169367360291e-05, 
                    -8.572169367360291e-05, 
                    -8.572169367360291e-05, 
                    -8.572169367360291e-05, 
                    -8.572169367360291e-05, 
                    -8.572169367360291e-05, 
                    -8.572169367360291e-05, 
                    -8.572169367360291e-05, 
                    -8.572169367360291e-05, 
                    -8.572169367360291e-05, 
                    -8.572169367360291e-05, 
                    -8.572169367360291e-05, 
                    -8.572169367360291e-05, 
                    -8.572169367360291e-05, 
                    -8.572169367360291e-05, 
                    -8.572169367360291e-05, 
                    -8.572169367360291e-05, 
                    -8.572169367360291e-05, 
                    -8.572169367360291e-05, 
                    -8.572169367360291e-05, 
                    -8.572169367360291e-05, 
                    -8.572169367360291e-05, 
                    -8.572169367360291e-05, 
                    -8.572169367360291e-05, 
                    -8.572169367360291e-05, 
                    -8.572169367360291e-05, 
                    -8.572169367360291e-05, 
                    -8.572169367360291e-05, 
                    -8.572169367360291e-05, 
                    -8.572169367360291e-05
                ]
            ], 
            "Flow Outlet 1002": [
                0
            ], 
            "Flow Outlet 1001": [
                [
                    8.245480035241055e-05, 
                    8.573640065356347e-05, 
                    8.5620864603008e-05, 
                    8.56523678625488e-05, 
                    8.564941913440122e-05, 
                    8.565499103988917e-05, 
                    8.56544503605301e-05, 
                    8.565377776264303e-05, 
                    8.565339928370896e-05, 
                    8.565058088849113e-05, 
                    8.562478818184212e-05, 
                    8.558319441811015e-05, 
                    8.563116765531973e-05, 
                    8.564372077571028e-05, 
                    8.564517511813989e-05, 
                    8.56613457827858e-05, 
                    8.566021265688676e-05, 
                    8.565265542847182e-05, 
                    8.56378534904948e-05, 
                    8.564891062783443e-05, 
                    8.565241952403156e-05, 
                    8.564396613567081e-05, 
                    8.564079794324527e-05, 
                    8.565193240220863e-05, 
                    8.565783365016435e-05, 
                    8.566004677508916e-05, 
                    8.565454694865925e-05, 
                    8.564774609066924e-05, 
                    8.564765102474572e-05, 
                    8.5639182416557e-05, 
                    8.565790877474232e-05, 
                    8.567657454709878e-05, 
                    8.566218775122461e-05, 
                    8.564214520368766e-05, 
                    8.562782228651485e-05
                ]
            ]
        }
    ], 
    "Time": [
        {
            "Time": [
                0.1, 
                0.17927933022902331, 
                0.2669282672224757, 
                0.36580572662238997, 
                0.47552358622062435, 
                0.5996044074286244, 
                0.744795255313058, 
                0.9190756230208843, 
                1.1208487089857395, 
                1.3659127733625651, 
                1.6712078128743104, 
                2.0296429043677384, 
                2.4680701979436304, 
                2.47807019794363, 
                2.48307019794363, 
                2.7002928087767226, 
                2.919341853180087, 
                3.137242220965518, 
                3.3547521745479103, 
                3.574001752047068, 
                3.778027142776056, 
                4.018982418020138, 
                4.33456275375592, 
                4.712488666117693, 
                5.090414578479466, 
                5.514768247360195, 
                5.5247682473601945, 
                5.529768247360194, 
                5.756978704227117, 
                5.973524411414812, 
                6.189095019719148, 
                6.401753145891454, 
                6.6112657569216156, 
                6.838465291248392, 
                7.111126867574993
            ]
        }
    ], 
    "Simulations_Parameters": [
        {
            "AutomaticDeltaTime": true, 
            "Config_conditions(1:V-P-P),(2:V-V-P)": 1, 
            "Dt": 0.1, 
            "SolverType(1:AMGCGL,2:AMGCL_NS_Solver,3:BICGSTABSolver)": 1, 
            "Time_vector": [
                0, 
                7.0
            ]
        }
    ],