{
    "Hemodynamic Parameters_1001_AB": [
        {
            "A": -75999411.2092142, 
            "B": 879313471187.3914
        }
    ], 
    "name": [
        "I:/PROYECTOS/ESTUDIANTES/Sergio/V2/GID/D_170\\Modelo_17_170.gid\\Modelo_17_170.json"
    ], 
    "Pressures": [
        {
            "Pressure Inlet": [
                [
                    1291.660798626502, 
                    -484.4287364657272, 
                    147.25529878873385, 
                    11.479498040934436, 
                    55.09489942400472, 
                    64.72088868630522, 
                    87.15317577182893, 
                    97.4986182407495, 
                    92.21513706022644, 
                    86.0372877169403, 
                    84.10025819231197, 
                    72.13068135247391, 
                    52.437471993414405, 
                    46.20438541219821, 
                    61.73174294896317, 
                    78.05544283033798, 
                    82.21900354702184, 
                    81.13508092554287, 
                    80.36267352137027, 
                    81.0281654554659, 
                    85.51473580105416, 
                    94.95064549403399, 
                    95.83576992985543, 
                    81.60866118954578, 
                    74.96892370461914, 
                    66.40846090758973, 
                    75.81519823060572, 
                    82.24024807101333, 
                    82.70108461457238, 
                    75.47781805858325, 
                    75.21614711479513, 
                    64.94326622043214, 
                    53.26360066019294, 
                    63.9441686635196, 
                    72.43622306225899, 
                    74.45867198754762, 
                    70.4146814059364, 
                    75.02462670091889, 
                    74.00549418423735, 
                    68.24107470183867, 
                    63.67401325431529, 
                    66.35488669102192
                ]
            ], 
            "Pressure Outlet 1002": [
                0
            ], 
            "Pressure Outlet 1001": [
                [
                    0.0, 
                    0.0, 
                    0.0, 
                    0.0, 
                    0.0, 
                    0.0, 
                    0.0, 
                    0.0, 
                    0.0, 
                    0.0, 
                    0.0, 
                    0.0, 
                    0.0, 
                    0.0, 
                    0.0, 
                    0.0, 
                    0.0, 
                    0.0, 
                    0.0, 
                    0.0, 
                    0.0, 
                    0.0, 
                    0.0, 
                    0.0, 
                    0.0, 
                    0.0, 
                    0.0, 
                    0.0, 
                    0.0, 
                    0.0, 
                    0.0, 
                    0.0, 
                    0.0, 
                    0.0, 
                    0.0, 
                    0.0, 
                    0.0, 
                    0.0, 
                    0.0, 
                    0.0, 
                    0.0, 
                    0.0
                ]
            ]
        }
    ], 
    "Inlet": [
        {
            "Flow_inlet(mean)": -8.55947731582548e-05, 
            "Center Node": 115344, 
            "Reynolds(peak)": -1637.7917493266314, 
            "Diameter": 0.01996268363257169, 
            "Reynolds(mean)": -1637.7917493266314, 
            "Centroid": [
                -0.00010319409110340905, 
                -2.6215637677039877e-05, 
                -0.031420356708522716
            ], 
            "Total_area_inlet": 0.00031298876267923, 
            "Parabolic": true, 
            "Flow_inlet(peak)": -8.55947731582548e-05
        }
    ], 
    "Flow": [
        {
            "Flow Outlet 1002": [
                0
            ], 
            "Flow Outlet 1001": [
                [
                    8.233949342844216e-05, 
                    8.545555391939032e-05, 
                    8.540908277963113e-05, 
                    8.546248596287545e-05, 
                    8.547380923566509e-05, 
                    8.54860304260246e-05, 
                    8.548800991975448e-05, 
                    8.548698566166926e-05, 
                    8.548551747605276e-05, 
                    8.548866568596946e-05, 
                    8.548675156691367e-05, 
                    8.548577295854243e-05, 
                    8.548561629655274e-05, 
                    8.548612580481362e-05, 
                    8.548725413252853e-05, 
                    8.548928849954684e-05, 
                    8.549111398801155e-05, 
                    8.548801130519646e-05, 
                    8.546839792646926e-05, 
                    8.5399627543438e-05, 
                    8.529101454210157e-05, 
                    8.528749277621103e-05, 
                    8.536711564392164e-05, 
                    8.540046107591878e-05, 
                    8.540720739017196e-05, 
                    8.540341596646827e-05, 
                    8.541554935301065e-05, 
                    8.544276788173397e-05, 
                    8.546384522976811e-05, 
                    8.545538160851128e-05, 
                    8.544105027453436e-05, 
                    8.544391812457584e-05, 
                    8.545182260912399e-05, 
                    8.545318854766626e-05, 
                    8.545438291909219e-05, 
                    8.545154412507375e-05, 
                    8.54410171410837e-05, 
                    8.542299126829252e-05, 
                    8.541035092891755e-05, 
                    8.541713876092781e-05, 
                    8.541160586349596e-05, 
                    8.541196798325567e-05
                ]
            ],