{
    "Fluid Characteristic": [
        {
            "blood_density": 1050.0, 
            "blood_kinematic_viscosity": 3.3333333333333333e-06, 
            "blood_dynamic_viscosity": 0.0035
        }
    ], 
    "Flow": [
        {
            "Flow Outlet 1001": [
                [
                    8.206995795447635e-05, 
                    8.525444748797626e-05, 
                    8.519125946213073e-05, 
                    8.524081731232019e-05, 
                    8.524389048375272e-05, 
                    8.525211878054863e-05, 
                    8.525461482731313e-05, 
                    8.525520034940954e-05, 
                    8.525398495349906e-05, 
                    8.525352814934395e-05, 
                    8.52527059092244e-05, 
                    8.52513417309756e-05, 
                    8.525494732655129e-05, 
                    8.525596723730572e-05, 
                    8.525827807756121e-05, 
                    8.526062313853382e-05, 
                    8.526149479601268e-05, 
                    8.525880608392689e-05, 
                    8.524791078981949e-05, 
                    8.521665601389e-05, 
                    8.516590187456508e-05, 
                    8.515331831734671e-05, 
                    8.518648109301107e-05, 
                    8.518737965309052e-05, 
                    8.519295398916846e-05, 
                    8.518867514726908e-05, 
                    8.520205523819037e-05, 
                    8.521600990840905e-05, 
                    8.523169426499014e-05, 
                    8.524452523529341e-05, 
                    8.524533485495584e-05, 
                    8.523706028249506e-05, 
                    8.522731703782074e-05, 
                    8.522378815478901e-05, 
                    8.52294531144223e-05, 
                    8.52373575470279e-05, 
                    8.524698636509362e-05, 
                    8.523182134720581e-05
                ]
            ], 
            "Flow Outlet 1002": [
                0
            ], 
            "Flow Inlet": [
                [
                    -8.533557026206299e-05, 
                    -8.533557026206299e-05, 
                    -8.533557026206299e-05, 
                    -8.533557026206299e-05, 
                    -8.533557026206299e-05, 
                    -8.533557026206299e-05, 
                    -8.533557026206299e-05, 
                    -8.533557026206299e-05, 
                    -8.533557026206299e-05, 
                    -8.533557026206299e-05, 
                    -8.533557026206299e-05, 
                    -8.533557026206299e-05, 
                    -8.533557026206299e-05, 
                    -8.533557026206299e-05, 
                    -8.533557026206299e-05, 
                    -8.533557026206299e-05, 
                    -8.533557026206299e-05, 
                    -8.533557026206299e-05, 
                    -8.533557026206299e-05, 
                    -8.533557026206299e-05, 
                    -8.533557026206299e-05, 
                    -8.533557026206299e-05, 
                    -8.533557026206299e-05, 
                    -8.533557026206299e-05, 
                    -8.533557026206299e-05, 
                    -8.533557026206299e-05, 
                    -8.533557026206299e-05, 
                    -8.533557026206299e-05, 
                    -8.533557026206299e-05, 
                    -8.533557026206299e-05, 
                    -8.533557026206299e-05, 
                    -8.533557026206299e-05, 
                    -8.533557026206299e-05, 
                    -8.533557026206299e-05, 
                    -8.533557026206299e-05, 
                    -8.533557026206299e-05, 
                    -8.533557026206299e-05, 
                    -8.533557026206299e-05
                ]
            ]
        }
    ], 
    "Simulations_Parameters": [
        {
            "Dt": 0.1, 
            "SolverType(1:AMGCGL,2:AMGCL_NS_Solver,3:BICGSTABSolver)": 1, 
            "AutomaticDeltaTime": true, 
            "Time_vector": [
                0, 
                7.0
            ], 
            "Config_conditions(1:V-P-P),(2:V-V-P)": 1
        }
    ], 
    "Pressures": [
        {
            "Pressure Outlet 1001": [
                [
                    0.0, 
                    0.0, 
                    0.0, 
                    0.0, 
                    0.0, 
                    0.0, 
                    0.0, 
                    0.0, 
                    0.0, 
                    0.0, 
                    0.0, 
                    0.0, 
                    0.0, 
                    0.0, 
                    0.0, 
                    0.0, 
                    0.0, 
                    0.0, 
                    0.0, 
                    0.0, 
                    0.0, 
                    0.0, 
                    0.0, 
                    0.0, 
                    0.0, 
                    0.0, 
                    0.0, 
                    0.0, 
                    0.0, 
                    0.0, 
                    0.0, 
                    0.0, 
                    0.0, 
                    0.0, 
                    0.0, 
                    0.0, 
                    0.0, 
                    0.0
                ]
            ], 
            "Pressure Outlet 1002": [
                0
            ], 
            "Pressure Inlet": [
                [
                    1245.5880946519299, 
                    -464.8038449116513, 
                    142.53338743616834, 
                    13.202985571014992, 
                    52.47951036607737, 
                    58.8367419654076, 
                    79.2465004552684, 
                    93.57893685075432, 
                    95.41853560812989, 
                    78.38686501189292, 
                    60.39781004852923, 
                    61.269317806867356, 
                    50.377665263034544, 
                    39.53389728731399, 
                    44.45597547669524, 
                    56.565874791204045, 
                    66.49897263660586, 
                    72.7026825137404, 
                    74.20691564795955, 
                    74.666359361778, 
                    77.6189528860277, 
                    83.7843800831094, 
                    86.37060436119285, 
                    80.19326380288076, 
                    76.50520587394296, 
                    68.84946304248933, 
                    66.80442748924126, 
                    63.2436988773682, 
                    73.20781902250047, 
                    71.15298537990319, 
                    67.92076344642268, 
                    67.13907688776746, 
                    69.43678834047087, 
                    67.97701693788444, 
                    64.97697314332693, 
                    66.65022608312387, 
                    69.05888436295216, 
                    59.94282043720284
                ]
            ]
        }
    ], 
    "Inlet": [
        {
            "Flow_inlet(peak)": -8.533557026206299e-05, 
            "Center Node": 102802, 
            "Flow_inlet(mean)": -8.533557026206299e-05, 
            "Total_area_inlet": 0.00031298876267923, 
            "Reynolds(mean)": -1632.8320964282047, 
            "Centroid": [
                -0.00010319409110340913, 
                -2.6215637677038762e-05, 
                -0.031420356708522716
            ], 
            "Parabolic": true, 
            "Reynolds(peak)": -1632.8320964282047, 
            "Diameter": 0.01996268363257169
        }
    ], 
    "Hemodynamic Parameters_1001_ABC": [
        {
            "A": 162852248.79427415, 
            "C": 4578507.269995935, 
            "B": -1901181171737.044
        }
    ],