{
    "name": [
        "I:/PROYECTOS/ESTUDIANTES/Sergio/V1/GID\\Modelo_1_145.gid\\Modelo_1_145.json"
    ], 
    "Outlet 1001": [
        {
            "Reynolds(peak)": 1229.4240172502793, 
            "Diameter": 0.019962587721829687, 
            "Centroid": [
                2.4036718799441194e-05, 
                6.826439254019365e-05, 
                0.25
            ], 
            "Total_area_outlet": 0.0003129857551765408, 
            "Reynolds(mean)": 1225.3239841001655, 
            "Flow_outlet(peak)": 6.425222518462599e-05, 
            "Flow_outlet(mean)": 6.403794902804434e-05, 
            "Center Node": 419
        }
    ], 
    "Time": [
        {
            "Time": [
                0.05, 
                0.12391448295036142, 
                0.20345733944054875, 
                0.2942872475118419, 
                0.3973551387816001, 
                0.5137238565095044, 
                0.6450558652924478, 
                0.7964906033895758, 
                0.9767425791369901, 
                1.20638177001236, 
                1.4831824224412855, 
                1.816422162622972, 
                2.162124489861967, 
                2.5544741623338316, 
                3.0573262690318463, 
                3.7358244343172053, 
                4.563628876158225, 
                4.573628876158224, 
                4.578628876158224, 
                4.992692528020733, 
                5.326146139084134, 
                5.718490089293582, 
                6.132040831095617, 
                6.546135945990349, 
                6.949593861783026, 
                7.3445298193323625
            ]
        }
    ], 
    "Hemodynamic Parameters_1001_AB": [
        {
            "B": 427359996181.02423, 
            "A": -28644865.42186621
        }
    ], 
    "Hemodynamic Parameters_1001_ABC": [
        {
            "C": -5221212.360142633, 
            "B": -359975770402.61523, 
            "A": 24314949.919183373
        }
    ], 
    "Bifurcation: ": [
        false
    ], 
    "Pressures": [
        {
            "Pressure Inlet": [
                [
                    1877.1367389651414, 
                    -775.0738215584568, 
                    212.28306450154605, 
                    -6.755308403147986, 
                    52.49101567920545, 
                    50.319764203366915, 
                    65.53152735441115, 
                    74.02327621759935, 
                    74.86881280904913, 
                    73.23179792665182, 
                    82.91852519481812, 
                    92.26036186321296, 
                    89.0559712475636, 
                    81.60792869349714, 
                    75.44339768715555, 
                    74.7592769323593, 
                    79.83687754587933, 
                    81.36828095088521, 
                    73.21534561819993, 
                    84.34838577921349, 
                    84.28878356296849, 
                    80.56662222306272, 
                    79.9205210067237, 
                    81.15056177388097, 
                    78.51035322578983, 
                    82.08857998387863
                ]
            ], 
            "Pressure Outlet 1002": [
                0
            ], 
            "Pressure Outlet 1001": [
                [
                    0.0, 
                    0.0, 
                    0.0, 
                    0.0, 
                    0.0, 
                    0.0, 
                    0.0, 
                    0.0, 
                    0.0, 
                    0.0, 
                    0.0, 
                    0.0, 
                    0.0, 
                    0.0, 
                    0.0, 
                    0.0, 
                    0.0, 
                    0.0, 
                    0.0, 
                    0.0, 
                    0.0, 
                    0.0, 
                    0.0, 
                    0.0, 
                    0.0, 
                    0.0
                ]
            ]
        }
    ], 
    "Inlet": [
        {
            "Reynolds(peak)": -1230.1823899320407, 
            "Diameter": 0.01996268363257169, 
            "Parabolic": true, 
            "Centroid": [
                -0.00010319409110340905, 
                -2.6215637677039877e-05, 
                -0.031420356708522716
            ], 
            "Reynolds(mean)": -1230.1823899320407, 
            "Total_area_inlet": 0.00031298876267923, 
            "Center Node": 68751, 
            "Flow_inlet(mean)": -6.429216819098344e-05, 
            "Flow_inlet(peak)": -6.429216819098344e-05
        }
    ], 
    "Flow": [
        {
            "Flow Inlet": [
                [
                    -6.429216819098344e-05, 
                    -6.429216819098344e-05, 
                    -6.429216819098344e-05, 
                    -6.429216819098344e-05, 
                    -6.429216819098344e-05, 
                    -6.429216819098344e-05, 
                    -6.429216819098344e-05, 
                    -6.429216819098344e-05, 
                    -6.429216819098344e-05, 
                    -6.429216819098344e-05, 
                    -6.429216819098344e-05, 
                    -6.429216819098344e-05, 
                    -6.429216819098344e-05, 
                    -6.429216819098344e-05, 
                    -6.429216819098344e-05, 
                    -6.429216819098344e-05, 
                    -6.429216819098344e-05, 
                    -6.429216819098344e-05, 
                    -6.429216819098344e-05, 
                    -6.429216819098344e-05, 
                    -6.429216819098344e-05, 
                    -6.429216819098344e-05, 
                    -6.429216819098344e-05, 
                    -6.429216819098344e-05, 
                    -6.429216819098344e-05, 
                    -6.429216819098344e-05
                ]
            ], 
            "Flow Outlet 1002": [
                0
            ], 
            "Flow Outlet 1001": [
                [
                    6.049207965991175e-05, 
                    6.425222518462599e-05, 
                    6.407560436572714e-05, 
                    6.417717917841029e-05, 
                    6.417952260013665e-05, 
                    6.41975757912965e-05, 
                    6.420363754070311e-05, 
                    6.420744453002845e-05, 
                    6.420782503395457e-05, 
                    6.420729787494737e-05, 
                    6.420657087740264e-05, 
                    6.419926516265727e-05, 
                    6.415602256390448e-05, 
                    6.408210448005403e-05, 
                    6.40773505063547e-05, 
                    6.415730647340234e-05, 
                    6.419906294875547e-05, 
                    6.419440667617574e-05, 
                    6.418981547040998e-05, 
                    6.419850309174238e-05, 
                    6.417820203448839e-05, 
                    6.417365188747344e-05, 
                    6.418595001934075e-05, 
                    6.419210753819228e-05, 
                    6.419410742903572e-05, 
                    6.420185581002147e-05
                ]
            ]
        }
    ], 
    "Simulations_Parameters": [
        {
            "Config_conditions(1:V-P-P),(2:V-V-P)": 1, 
            "Time_vector": [
                0, 
                7.0
            ], 
            "AutomaticDeltaTime": true, 
            "SolverType(1:AMGCGL,2:AMGCL_NS_Solver,3:BICGSTABSolver)": 1, 
            "Dt": 0.05
        }
    ], 
    "Fluid Characteristic": [
        {
            "blood_dynamic_viscosity": 0.0035, 
            "blood_kinematic_viscosity": 3.3333333333333333e-06, 
            "blood_density": 1050.0
        }
    ]
}