{
    "name": [
        "I:/PROYECTOS/ESTUDIANTES/Sergio/V2/GID\\Modelo_25_145_I.gid\\Modelo_25_145_I.json"
    ], 
    "Inlet": [
        {
            "Flow_inlet(mean)": -8.556336672698875e-05, 
            "Diameter": 0.01996268363257169, 
            "Total_area_inlet": 0.00031298876267923, 
            "Reynolds(mean)": -1637.19081083348, 
            "Centroid": [
                -0.00010319409110340905, 
                -2.6215637677039877e-05, 
                -0.031420356708522716
            ], 
            "Center Node": 190264, 
            "Parabolic": true, 
            "Flow_inlet(peak)": -8.556336672698875e-05, 
            "Reynolds(peak)": -1637.19081083348
        }
    ], 
    "Time": [
        {
            "Time": [
                0.1, 
                0.1828040074565409, 
                0.2742154752006717, 
                0.37925440392563115, 
                0.5001271964956103, 
                0.6334553952899395, 
                0.7721478248658332, 
                0.9238096596505677, 
                1.1103486461276657, 
                1.31432947702687, 
                1.585236133808736, 
                1.8561427905906018, 
                2.127049447372468, 
                2.397956104154334, 
                2.6688627609361997, 
                2.9532093176159555, 
                3.2375558742957113, 
                3.521902430975467, 
                3.806248987655223, 
                4.090595544334979, 
                4.42343942157296, 
                4.75628329881094, 
                5.089127176048921, 
                5.458910262133585, 
                5.82869334821825, 
                6.198476434302915, 
                6.5682595203875795, 
                6.578259520387579, 
                6.583259520387579, 
                6.766593661886369, 
                6.952550234397057, 
                7.1513750789974155
            ]
        }
    ], 
    "Bifurcation: ": [
        false
    ], 
    "Fluid Characteristic": [
        {
            "blood_density": 1050.0, 
            "blood_kinematic_viscosity": 3.3333333333333333e-06, 
            "blood_dynamic_viscosity": 0.0035
        }
    ], 
    "Pressures": [
        {
            "Pressure Inlet": [
                [
                    1278.1264635337275, 
                    -490.7219232274011, 
                    168.739010473487, 
                    37.99458642580063, 
                    99.6688258863391, 
                    122.3571634410544, 
                    151.24040830356466, 
                    168.51509004401137, 
                    175.60350362275412, 
                    173.8711148293728, 
                    164.08173702965593, 
                    149.78065560051385, 
                    146.24375249984206, 
                    168.67030119618843, 
                    161.09251771593452, 
                    147.85087447017156, 
                    149.37922956788032, 
                    144.82710125727604, 
                    153.7532460266474, 
                    154.96758407470935, 
                    150.20568322942995, 
                    144.64185148608232, 
                    150.61594647753964, 
                    158.6848067592817, 
                    155.66578878174607, 
                    145.3837710065882, 
                    144.0238359058207, 
                    144.41264230892477, 
                    139.3547564224466, 
                    144.18904645181559, 
                    144.09623549128563, 
                    143.56763176863095
                ]
            ], 
            "Pressure Outlet 1002": [
                0
            ], 
            "Pressure Outlet 1001": [
                [
                    0.0, 
                    0.0, 
                    0.0, 
                    0.0, 
                    0.0, 
                    0.0, 
                    0.0, 
                    0.0, 
                    0.0, 
                    0.0, 
                    0.0, 
                    0.0, 
                    0.0, 
                    0.0, 
                    0.0, 
                    0.0, 
                    0.0, 
                    0.0, 
                    0.0, 
                    0.0, 
                    0.0, 
                    0.0, 
                    0.0, 
                    0.0, 
                    0.0, 
                    0.0, 
                    0.0, 
                    0.0, 
                    0.0, 
                    0.0, 
                    0.0, 
                    0.0
                ]
            ]
        }
    ], 
    "Outlet 1001": [
        {
            "Diameter": 0.019962587721829683, 
            "Total_area_outlet": 0.00031298575517654066, 
            "Flow_outlet(peak)": 8.553283045712326e-05, 
            "Reynolds(mean)": 1633.0688127325177, 
            "Centroid": [
                4.4686525919553125e-05, 
                0.0001027568349083484, 
                0.289990000000001
            ], 
            "Flow_outlet(mean)": 8.534753154762777e-05, 
            "Center Node": 554, 
            "Reynolds(peak)": 1636.614385341862
        }
    ], 
    "Hemodynamic Parameters_1001_AB": [
        {
            "A": 127670151.20484343, 
            "B": -1515197840453.8237
        }
    ], 
    "Simulations_Parameters": [
        {
            "SolverType(1:AMGCGL,2:AMGCL_NS_Solver,3:BICGSTABSolver)": 1, 
            "Time_vector": [
                0, 
                7.0
            ], 
            "Config_conditions(1:V-P-P),(2:V-V-P)": 1, 
            "AutomaticDeltaTime": true, 
            "Dt": 0.1
        }
    ], 
    "Flow": [
        {
            "Flow Outlet 1002": [
                0
            ], 
            "Flow Outlet 1001": [
                [
                    8.2297596503088e-05, 
                    8.553283045712326e-05, 
                    8.541889608895498e-05, 
                    8.546916826223969e-05, 
                    8.547027795546101e-05, 
                    8.547726764197546e-05, 
                    8.547600020322887e-05, 
                    8.547387108941245e-05, 
                    8.547141119888818e-05, 
                    8.54700365439831e-05, 
                    8.546978672958192e-05, 
                    8.547146814656739e-05, 
                    8.547534773452385e-05, 
                    8.547717970493475e-05, 
                    8.547102709333008e-05, 
                    8.545563107847625e-05, 
                    8.54224381802995e-05, 
                    8.539326984415555e-05, 
                    8.539763140422882e-05, 
                    8.541018899052696e-05, 
                    8.543979263552245e-05, 
                    8.543462850285856e-05, 
                    8.538882614203579e-05, 
                    8.540020216071458e-05, 
                    8.542007475130856e-05, 
                    8.544329463415039e-05, 
                    8.545446964468637e-05, 
                    8.54536591757008e-05, 
                    8.544780801528693e-05, 
                    8.544273921634977e-05, 
                    8.540733435369769e-05, 
                    8.53868554407968e-05
                ]
            ],