{
    "Inlet": [
        {
            "Flow_inlet(mean)": -8.57082962134669e-05, 
            "Reynolds(mean)": -1639.9639277941294, 
            "Centroid": [
                -0.00010319409110340921, 
                -2.6215637677039552e-05, 
                -0.031420356708522716
            ], 
            "Reynolds(peak)": -1639.9639277941294, 
            "Parabolic": true, 
            "Diameter": 0.01996268363257169, 
            "Flow_inlet(peak)": -8.57082962134669e-05, 
            "Total_area_inlet": 0.00031298876267923, 
            "Center Node": 189230
        }
    ], 
    "Bifurcation: ": [
        false
    ], 
    "Outlet 1001": [
        {
            "Flow_outlet(mean)": 8.55137785668109e-05, 
            "Total_area_outlet": 0.0003129857551740598, 
            "Reynolds(mean)": 1636.2498399733543, 
            "Reynolds(peak)": 1638.6832220543288, 
            "Flow_outlet(peak)": 8.56409521141246e-05, 
            "Centroid": [
                5.3095341566111e-05, 
                0.00011870255665385932, 
                0.289990000000001
            ], 
            "Diameter": 0.019962587721750566, 
            "Center Node": 564
        }
    ], 
    "Simulations_Parameters": [
        {
            "AutomaticDeltaTime": true, 
            "Config_conditions(1:V-P-P),(2:V-V-P)": 1, 
            "Time_vector": [
                0, 
                7.0
            ], 
            "SolverType(1:AMGCGL,2:AMGCL_NS_Solver,3:BICGSTABSolver)": 1, 
            "Dt": 0.1
        }
    ], 
    "Pressures": [
        {
            "Pressure Outlet 1002": [
                0
            ], 
            "Pressure Inlet": [
                [
                    1233.2631714128354, 
                    -470.8471652104518, 
                    146.30221649113784, 
                    14.887907566845195, 
                    60.97148021891822, 
                    75.39959751664519, 
                    99.60243190918817, 
                    108.45325744066282, 
                    101.55165166646066, 
                    86.71356724171993, 
                    74.12331966168604, 
                    73.9408094322149, 
                    63.56944475601653, 
                    43.19910697862618, 
                    34.89609506077153, 
                    38.51868227314353, 
                    48.16511748326532, 
                    63.77871601379498, 
                    78.1116481274006, 
                    84.54480233797867, 
                    83.6534520946195, 
                    77.00830102311853, 
                    74.60269778436462, 
                    82.80814285981053, 
                    87.9540779975485, 
                    87.39771473347068, 
                    79.70444288556608, 
                    78.30077479345299, 
                    64.49854524029237, 
                    70.19959253590471, 
                    82.01013517974056, 
                    78.98655422887651, 
                    77.04515916133647, 
                    72.19454188014281, 
                    65.24090069643901, 
                    60.01589831123278, 
                    56.818569688288314, 
                    53.59143721682514, 
                    53.97410284945865
                ]
            ], 
            "Pressure Outlet 1001": [
                [
                    0.0, 
                    0.0, 
                    0.0, 
                    0.0, 
                    0.0, 
                    0.0, 
                    0.0, 
                    0.0, 
                    0.0, 
                    0.0, 
                    0.0, 
                    0.0, 
                    0.0, 
                    0.0, 
                    0.0, 
                    0.0, 
                    0.0, 
                    0.0, 
                    0.0, 
                    0.0, 
                    0.0, 
                    0.0, 
                    0.0, 
                    0.0, 
                    0.0, 
                    0.0, 
                    0.0, 
                    0.0, 
                    0.0, 
                    0.0, 
                    0.0, 
                    0.0, 
                    0.0, 
                    0.0, 
                    0.0, 
                    0.0, 
                    0.0, 
                    0.0, 
                    0.0
                ]
            ]
        }
    ], 
    "Hemodynamic Parameters_1001_ABC": [
        {
            "A": 30066866.85833341, 
            "B": -341586887511.85156, 
            "C": -10432099.536102831
        }
    ], 
    "Time": [
        {
            "Time": [
                0.1, 
                0.17129433045077952, 
                0.250599681657233, 
                0.3439696544689524, 
                0.45661564371441643, 
                0.5923378529707661, 
                0.755164110108411, 
                0.9186195112289247, 
                1.1087911617749973, 
                1.3639038626739246, 
                1.3739038626739244, 
                1.3789038626739243, 
                1.5195740023210402, 
                1.6482762468499725, 
                1.7752833514623336, 
                1.9036610187620375, 
                2.0349647620218607, 
                2.1710819722796413, 
                2.327033552769284, 
                2.5084105428091883, 
                2.7247101126600857, 
                2.9849151551647672, 
                3.296604483656209, 
                3.6726377987736165, 
                4.048671113891023, 
                4.058671113891023, 
                4.063671113891023, 
                4.29831028779546, 
                4.532949461699897, 
                4.767588635604334, 
                5.0022278095087715, 
                5.242045317701796, 
                5.483184102610151, 
                5.726214010322331, 
                5.97242885240344, 
                6.217522813548861, 
                6.509631188374682, 
                6.801739563200503, 
                7.0938479380263235
            ]
        }
    ], 
    "name": [
        "I:/PROYECTOS/ESTUDIANTES/Sergio/V2/GID/D_170\\Modelo_27_170.gid\\Modelo_27_170.json"
    ], 
    "Hemodynamic Parameters_1001_AB": [
        {
            "A": -46486242.42081616, 
            "B": 533359090785.72766
        }
    ], 
    "Fluid Characteristic": [
        {
            "blood_dynamic_viscosity": 0.0035, 
            "blood_density": 1050.0, 
            "blood_kinematic_viscosity": 3.3333333333333333e-06
        }
    ], 
    "Flow": [
        {
            "Flow Outlet 1002": [
                0
            ],