{
    "Hemodynamic Parameters_1001_AB": [
        {
            "A": -113465025.00525956, 
            "B": 1319451826732.8674
        }
    ], 
    "Hemodynamic Parameters_1001_ABC": [
        {
            "A": 117464308.31570466, 
            "C": -1583291.7162228152, 
            "B": -1366191654336.0396
        }
    ], 
    "Outlet 1001": [
        {
            "Diameter": 0.01996258772166448, 
            "Total_area_outlet": 0.00031298575517136034, 
            "Reynolds(peak)": 1637.3177044764016, 
            "Flow_outlet(mean)": 8.54370072083764e-05, 
            "Centroid": [
                4.299313914413405e-05, 
                0.00010351568533516503, 
                0.26997999999999905
            ], 
            "Reynolds(mean)": 1634.780870592566, 
            "Flow_outlet(peak)": 8.556958735946485e-05, 
            "Center Node": 549
        }
    ], 
    "name": [
        "I:/PROYECTOS/ESTUDIANTES/Sergio/V2/GID/D_170\\Modelo_13_170.gid\\Modelo_13_170.json"
    ], 
    "Fluid Characteristic": [
        {
            "blood_density": 1050.0, 
            "blood_dynamic_viscosity": 0.0035, 
            "blood_kinematic_viscosity": 3.3333333333333333e-06
        }
    ], 
    "Simulations_Parameters": [
        {
            "AutomaticDeltaTime": true, 
            "Time_vector": [
                0, 
                7.0
            ], 
            "SolverType(1:AMGCGL,2:AMGCL_NS_Solver,3:BICGSTABSolver)": 1, 
            "Config_conditions(1:V-P-P),(2:V-V-P)": 1, 
            "Dt": 0.1
        }
    ], 
    "Time": [
        {
            "Time": [
                0.1, 
                0.1667330157120937, 
                0.24115984354466247, 
                0.3277857940687477, 
                0.42978216442406425, 
                0.551442833726552, 
                0.6969177963279426, 
                0.8705428319744252, 
                1.0762931633195072, 
                1.2820434946645891, 
                1.487793826009671, 
                1.70899251268396, 
                1.9652819426828856, 
                2.2882309913494114, 
                2.6111800400159373, 
                3.039070378332423, 
                3.5551941490495955, 
                3.5651941490495953, 
                3.570194149049595, 
                3.580194149049595, 
                3.585194149049595, 
                3.71090448916822, 
                3.8384300227103343, 
                3.9551633034576783, 
                4.071424929536444, 
                4.190577730592163, 
                4.315901389802061, 
                4.459647979682804, 
                4.627064744030237, 
                4.8279648701893105, 
                5.059169313456638, 
                5.328169914925535, 
                5.597170516394432, 
                5.866171117863329, 
                5.876171117863329, 
                5.881171117863329, 
                6.065396052764745, 
                6.2496209876661615, 
                6.433845922567578, 
                6.618070857468994, 
                6.7916485678732945, 
                6.965226278157863, 
                7.1388039895826925
            ]
        }
    ], 
    "Bifurcation: ": [
        false
    ], 
    "Flow": [
        {
            "Flow Outlet 1002": [
                0
            ], 
            "Flow Inlet": [
                [
                    -8.564483463284055e-05, 
                    -8.564483463284055e-05, 
                    -8.564483463284055e-05, 
                    -8.564483463284055e-05, 
                    -8.564483463284055e-05, 
                    -8.564483463284055e-05, 
                    -8.564483463284055e-05, 
                    -8.564483463284055e-05, 
                    -8.564483463284055e-05, 
                    -8.564483463284055e-05, 
                    -8.564483463284055e-05, 
                    -8.564483463284055e-05, 
                    -8.564483463284055e-05, 
                    -8.564483463284055e-05, 
                    -8.564483463284055e-05, 
                    -8.564483463284055e-05, 
                    -8.564483463284055e-05, 
                    -8.564483463284055e-05, 
                    -8.564483463284055e-05, 
                    -8.564483463284055e-05, 
                    -8.564483463284055e-05, 
                    -8.564483463284055e-05, 
                    -8.564483463284055e-05, 
                    -8.564483463284055e-05, 
                    -8.564483463284055e-05, 
                    -8.564483463284055e-05, 
                    -8.564483463284055e-05, 
                    -8.564483463284055e-05, 
                    -8.564483463284055e-05, 
                    -8.564483463284055e-05, 
                    -8.564483463284055e-05, 
                    -8.564483463284055e-05, 
                    -8.564483463284055e-05, 
                    -8.564483463284055e-05, 
                    -8.564483463284055e-05, 
                    -8.564483463284055e-05, 
                    -8.564483463284055e-05, 
                    -8.564483463284055e-05, 
                    -8.564483463284055e-05, 
                    -8.564483463284055e-05, 
                    -8.564483463284055e-05, 
                    -8.564483463284055e-05, 
                    -8.564483463284055e-05
                ]
            ], 
            "Flow Outlet 1001": [
                [
                    8.236204171487515e-05, 
                    8.553867159680549e-05, 
                    8.547183530439466e-05, 
                    8.552578209380331e-05, 
                    8.553346761348046e-05, 
                    8.554438358226687e-05, 
                    8.554664626050432e-05, 
                    8.55456948553468e-05, 
                    8.554317728243017e-05, 
                    8.55432634907876e-05, 
                    8.554728660403963e-05, 
                    8.555047345211995e-05, 
                    8.554026144524485e-05, 
                    8.550359830811454e-05, 
                    8.54344097455096e-05, 
                    8.536507198015025e-05, 
                    8.540840376490655e-05, 
                    8.54441729182545e-05, 
                    8.545205842236457e-05, 
                    8.54550604967101e-05, 
                    8.545097101849946e-05, 
                    8.547141228893e-05, 
                    8.549823764335022e-05, 
                    8.55181209977988e-05, 
                    8.553679834199368e-05, 
                    8.555764679814382e-05, 
                    8.556958735946485e-05, 
                    8.555559956389216e-05, 
                    8.551763487332729e-05, 
                    8.549186652960615e-05, 
                    8.550053880408263e-05, 
                    8.55164062487782e-05, 
                    8.551408019008986e-05, 
                    8.550905137754874e-05, 
                    8.551449346632983e-05, 
                    8.551299369389291e-05, 
                    8.552110483794602e-05, 
                    8.553035450688148e-05, 
                    8.553111126954771e-05, 
                    8.552516967432493e-05, 
                    8.552860196783121e-05, 
                    8.553393723849623e-05, 
                    8.552983033731936e-05
                ]
            ]
        }
    ], 
    "Inlet": [
        {
            "Diameter": 0.01996268363257169, 
            "Reynolds(peak)": -1638.7496380739276, 
            "Centroid": [
                -0.00010319409110340905, 
                -2.6215637677039877e-05, 
                -0.031420356708522716
            ], 
            "Parabolic": true, 
            "Flow_inlet(mean)": -8.564483463284055e-05, 
            "Reynolds(mean)": -1638.7496380739276,