{
    "Pressures": [
        {
            "Pressure Inlet": [
                [
                    1289.9539526392605, 
                    -476.8241180160362, 
                    189.7552034354186, 
                    73.89113599464137, 
                    150.93022037673973, 
                    189.063107972455, 
                    224.2955267390465, 
                    238.05160565619485, 
                    244.80354407542373, 
                    251.55009660667244, 
                    241.9452226649692, 
                    225.7547377955478, 
                    225.33492648826916, 
                    221.8914236659562, 
                    236.61868946934922, 
                    241.27221131682347, 
                    235.53847186053036, 
                    227.34071639256578, 
                    223.94446757301222, 
                    220.1151946370299, 
                    224.31533719593895, 
                    215.42658045190768, 
                    215.75227295453206, 
                    220.73199563019713, 
                    215.0273275299491, 
                    207.21338107951846
                ]
            ], 
            "Pressure Outlet 1001": [
                [
                    0.0, 
                    0.0, 
                    0.0, 
                    0.0, 
                    0.0, 
                    0.0, 
                    0.0, 
                    0.0, 
                    0.0, 
                    0.0, 
                    0.0, 
                    0.0, 
                    0.0, 
                    0.0, 
                    0.0, 
                    0.0, 
                    0.0, 
                    0.0, 
                    0.0, 
                    0.0, 
                    0.0, 
                    0.0, 
                    0.0, 
                    0.0, 
                    0.0, 
                    0.0
                ]
            ], 
            "Pressure Outlet 1002": [
                0
            ]
        }
    ], 
    "name": [
        "I:/PROYECTOS/ESTUDIANTES/Sergio/V2/GID\\Modelo_27_120_I.gid\\Modelo_27_120_I.json"
    ], 
    "Bifurcation: ": [
        false
    ], 
    "Time": [
        {
            "Time": [
                0.1, 
                0.1760774230311013, 
                0.2553135491257885, 
                0.3420987690242898, 
                0.4434102931254666, 
                0.5621702052210277, 
                0.6901954052453068, 
                0.8225820669197367, 
                0.9979967165705609, 
                1.2175163838324996, 
                1.468905220233416, 
                1.788050396499911, 
                2.1665066054264903, 
                2.54496281435307, 
                2.9234190232796493, 
                3.2734806245371235, 
                3.691588807158093, 
                4.194717529421631, 
                4.950588187482037, 
                5.706458845542443, 
                5.7164588455424425, 
                5.721458845542442, 
                6.029225923380206, 
                6.365201175749094, 
                6.771078779139473, 
                7.191863924309965
            ]
        }
    ], 
    "Flow": [
        {
            "Flow Outlet 1001": [
                [
                    8.248262734698652e-05, 
                    8.572642806157226e-05, 
                    8.563879257798197e-05, 
                    8.567615574090745e-05, 
                    8.567328823780793e-05, 
                    8.567972401548185e-05, 
                    8.567949164547951e-05, 
                    8.567873429618558e-05, 
                    8.567772590731715e-05, 
                    8.567727536737548e-05, 
                    8.567738469516635e-05, 
                    8.56780250181987e-05, 
                    8.567937267821381e-05, 
                    8.56825889083058e-05, 
                    8.567460575514007e-05, 
                    8.562810300570885e-05, 
                    8.557693351716352e-05, 
                    8.558642850503067e-05, 
                    8.565884858455839e-05, 
                    8.566369360871339e-05, 
                    8.566068238467671e-05, 
                    8.565690093364822e-05, 
                    8.56758882082933e-05, 
                    8.568590513074323e-05, 
                    8.568227232065655e-05, 
                    8.566610287418781e-05
                ]
            ], 
            "Flow Inlet": [
                [
                    -8.576732882619068e-05, 
                    -8.576732882619068e-05, 
                    -8.576732882619068e-05, 
                    -8.576732882619068e-05, 
                    -8.576732882619068e-05, 
                    -8.576732882619068e-05, 
                    -8.576732882619068e-05, 
                    -8.576732882619068e-05, 
                    -8.576732882619068e-05, 
                    -8.576732882619068e-05, 
                    -8.576732882619068e-05, 
                    -8.576732882619068e-05, 
                    -8.576732882619068e-05, 
                    -8.576732882619068e-05, 
                    -8.576732882619068e-05, 
                    -8.576732882619068e-05, 
                    -8.576732882619068e-05, 
                    -8.576732882619068e-05, 
                    -8.576732882619068e-05, 
                    -8.576732882619068e-05, 
                    -8.576732882619068e-05, 
                    -8.576732882619068e-05, 
                    -8.576732882619068e-05, 
                    -8.576732882619068e-05, 
                    -8.576732882619068e-05, 
                    -8.576732882619068e-05
                ]
            ], 
            "Flow Outlet 1002": [
                0
            ]
        }
    ], 
    "Fluid Characteristic": [
        {
            "blood_dynamic_viscosity": 0.0035, 
            "blood_density": 1050.0, 
            "blood_kinematic_viscosity": 3.3333333333333333e-06
        }
    ], 
    "Hemodynamic Parameters_1001_AB": [
        {
            "A": -86357619.56810898, 
            "B": 977308822491.5522
        }
    ], 
    "Hemodynamic Parameters_1001_ABC": [
        {
            "A": 100494816.65984505, 
            "B": -1142228135404.662, 
            "C": 15763989.982457638
        }
    ], 
    "Inlet": [
        {
            "Total_area_inlet": 0.00031298876267923, 
            "Diameter": 0.01996268363257169, 
            "Parabolic": true, 
            "Center Node": 191112, 
            "Flow_inlet(mean)": -8.576732882619068e-05, 
            "Centroid": [
                -0.00010319409110340905, 
                -2.6215637677039877e-05, 
                -0.031420356708522716
            ], 
            "Flow_inlet(peak)": -8.576732882619068e-05, 
            "Reynolds(mean)": -1641.093472537258, 
            "Reynolds(peak)": -1641.093472537258
        }
    ], 
    "Simulations_Parameters": [
        {
            "SolverType(1:AMGCGL,2:AMGCL_NS_Solver,3:BICGSTABSolver)": 1, 
            "Dt": 0.1, 
            "Config_conditions(1:V-P-P),(2:V-V-P)": 1, 
            "Time_vector": [
                0, 
                7.0
            ], 
            "AutomaticDeltaTime": true
        }
    ], 
    "Outlet 1001": [
        {
            "Diameter": 0.019962587721750566, 
            "Centroid": [
                5.309534156611107e-05, 
                0.00011870255665385935, 
                0.289990000000001
            ], 
            "Center Node": 433, 
            "Total_area_outlet": 0.0003129857551740598, 
            "Reynolds(peak)": 1640.3187480207496, 
            "Flow_outlet(mean)": 8.554322997405773e-05, 
            "Flow_outlet(peak)": 8.572642806157226e-05, 
            "Reynolds(mean)": 1636.8133732565543
        }
    ]
}