{
    "Flow": [
        {
            "Flow Outlet 1002": [
                0
            ], 
            "Flow Inlet": [
                [
                    -8.865654113066892e-05, 
                    -8.865654113066892e-05, 
                    -8.865654113066892e-05, 
                    -8.865654113066892e-05, 
                    -8.865654113066892e-05, 
                    -8.865654113066892e-05, 
                    -8.865654113066892e-05, 
                    -8.865654113066892e-05, 
                    -8.865654113066892e-05, 
                    -8.865654113066892e-05, 
                    -8.865654113066892e-05, 
                    -8.865654113066892e-05, 
                    -8.865654113066892e-05, 
                    -8.865654113066892e-05, 
                    -8.865654113066892e-05, 
                    -8.865654113066892e-05, 
                    -8.865654113066892e-05, 
                    -8.865654113066892e-05, 
                    -8.865654113066892e-05, 
                    -8.865654113066892e-05, 
                    -8.865654113066892e-05, 
                    -8.865654113066892e-05, 
                    -8.865654113066892e-05, 
                    -8.865654113066892e-05, 
                    -8.865654113066892e-05, 
                    -8.865654113066892e-05, 
                    -8.865654113066892e-05, 
                    -8.865654113066892e-05, 
                    -8.865654113066892e-05, 
                    -8.865654113066892e-05, 
                    -8.865654113066892e-05, 
                    -8.865654113066892e-05, 
                    -8.865654113066892e-05, 
                    -8.865654113066892e-05, 
                    -8.865654113066892e-05, 
                    -8.865654113066892e-05, 
                    -8.865654113066892e-05, 
                    -8.865654113066892e-05, 
                    -8.865654113066892e-05, 
                    -8.865654113066892e-05, 
                    -8.865654113066892e-05, 
                    -8.865654113066892e-05, 
                    -8.865654113066892e-05, 
                    -8.865654113066892e-05, 
                    -8.865654113066892e-05, 
                    -8.865654113066892e-05, 
                    -8.865654113066892e-05, 
                    -8.865654113066892e-05, 
                    -8.865654113066892e-05, 
                    -8.865654113066892e-05, 
                    -8.865654113066892e-05, 
                    -8.865654113066892e-05, 
                    -8.865654113066892e-05, 
                    -8.865654113066892e-05, 
                    -8.865654113066892e-05, 
                    -8.865654113066892e-05, 
                    -8.865654113066892e-05, 
                    -8.865654113066892e-05, 
                    -8.865654113066892e-05, 
                    -8.865654113066892e-05, 
                    -8.865654113066892e-05, 
                    -8.865654113066892e-05, 
                    -8.865654113066892e-05, 
                    -8.865654113066892e-05
                ]
            ], 
            "Flow Outlet 1001": [
                [
                    8.737975592556535e-05, 
                    8.867041118339082e-05, 
                    8.860252734609098e-05, 
                    8.860641968400977e-05, 
                    8.860662292510752e-05, 
                    8.860999345443182e-05, 
                    8.861156746165127e-05, 
                    8.86126346909558e-05, 
                    8.861293333611778e-05, 
                    8.861285137468349e-05, 
                    8.861251375700459e-05, 
                    8.861237002357923e-05, 
                    8.861217917793506e-05, 
                    8.861176755023804e-05, 
                    8.861110110278872e-05, 
                    8.861039746086994e-05, 
                    8.861148348775768e-05, 
                    8.861090649138487e-05, 
                    8.860930394483162e-05, 
                    8.860657657348138e-05, 
                    8.860588693651053e-05, 
                    8.861062038538049e-05, 
                    8.860924423641024e-05, 
                    8.858659195930405e-05, 
                    8.854804788573798e-05, 
                    8.851640542328178e-05, 
                    8.853261345553017e-05, 
                    8.857427413270701e-05, 
                    8.860790421495595e-05, 
                    8.857680932967931e-05, 
                    8.854498617900394e-05, 
                    8.852397254363347e-05, 
                    8.854792259354527e-05, 
                    8.858794367685359e-05, 
                    8.861610403477325e-05, 
                    8.860348877741521e-05, 
                    8.855818152711165e-05, 
                    8.854309436367751e-05, 
                    8.857934800889807e-05, 
                    8.861813052703589e-05, 
                    8.860705553834363e-05, 
                    8.858814817532929e-05, 
                    8.857244810466656e-05, 
                    8.85691459377506e-05, 
                    8.85813336114729e-05, 
                    8.859566902712678e-05, 
                    8.86028632620614e-05, 
                    8.860081287749698e-05, 
                    8.858304605551437e-05, 
                    8.857164081378504e-05, 
                    8.858740624278053e-05, 
                    8.860251458682725e-05, 
                    8.8592414943236e-05, 
                    8.858820709626909e-05, 
                    8.861258890868889e-05, 
                    8.861845108934366e-05, 
                    8.859779256443318e-05, 
                    8.853670260122849e-05, 
                    8.851397639280484e-05, 
                    8.853798534351104e-05, 
                    8.854099007319636e-05, 
                    8.855994165022678e-05, 
                    8.858550066454755e-05, 
                    8.859852457185788e-05
                ]
            ]
        }
    ], 
    "Simulations_Parameters": [
        {
            "AutomaticDeltaTime": true, 
            "Time_vector": [
                0, 
                7.0
            ], 
            "SolverType(1:AMGCGL,2:AMGCL_NS_Solver,3:BICGSTABSolver)": 1, 
            "Config_conditions(1:V-P-P),(2:V-V-P)": 1, 
            "Dt": 0.1
        }
    ], 
    "Hemodynamic Parameters_1001_AB": [
        {
            "A": 45840874.1482523, 
            "B": -545386542886.8245
        }
    ], 
    "Hemodynamic Parameters_1001_ABC": [
        {
            "A": -53247524.69462873, 
            "C": -4779652.172044784, 
            "B": 629034481384.9126
        }
    ], 
    "name": [
        "D:/edu_12/V2/GID\\Modelo_21_120.gid\\Modelo_21_120.json"
    ], 
    "Inlet": [
        {
            "Diameter": 0.019982861320051996, 
            "Flow_inlet(peak)": -8.865654113066892e-05, 
            "Center Node": 480052, 
            "Centroid": [
                3.441915867130895e-05, 
                6.538258523933848e-05, 
                -0.03142035670497381
            ], 
            "Flow_inlet(mean)": -8.865654113066892e-05, 
            "Parabolic": true, 
            "Reynolds(mean)": -1694.6634662790661, 
            "Total_area_inlet": 0.0003136218019297123, 
            "Reynolds(peak)": -1694.6634662790661
        }
    ], 
    "Fluid Characteristic": [
        {
            "blood_density": 1050.0, 
            "blood_dynamic_viscosity": 0.0035, 
            "blood_kinematic_viscosity": 3.3333333333333333e-06
        }
    ],