{
    "Hemodynamic Parameters_1001_AB": [
        {
            "B": 2316942894370.38, 
            "A": -199248100.2500757
        }
    ], 
    "Flow": [
        {
            "Flow Outlet 1001": [
                [
                    8.25933268836448e-05, 
                    8.571812458387767e-05, 
                    8.562336891142677e-05, 
                    8.566686611026955e-05, 
                    8.566613224305539e-05, 
                    8.567229968822193e-05, 
                    8.567144230066357e-05, 
                    8.567032962460255e-05, 
                    8.566938821560792e-05, 
                    8.567028028623661e-05, 
                    8.566853675203405e-05, 
                    8.566995008193135e-05, 
                    8.566951951541315e-05, 
                    8.566964839483996e-05, 
                    8.567006174520126e-05, 
                    8.567085082644783e-05, 
                    8.567176826402395e-05, 
                    8.56708288162101e-05, 
                    8.566177180222646e-05, 
                    8.563636258714032e-05, 
                    8.559618362630238e-05, 
                    8.557829413955658e-05, 
                    8.558874458761945e-05, 
                    8.558438375891878e-05, 
                    8.558745277821117e-05, 
                    8.55817132844508e-05, 
                    8.558659369049578e-05, 
                    8.561288744940595e-05, 
                    8.564804860536808e-05, 
                    8.566422187958395e-05, 
                    8.565544590030548e-05, 
                    8.565139132389172e-05, 
                    8.564485636971053e-05, 
                    8.563302669947187e-05, 
                    8.563693050000884e-05, 
                    8.565397943986754e-05, 
                    8.565193403818887e-05, 
                    8.565090952169481e-05, 
                    8.565826885985769e-05, 
                    8.565303406420498e-05, 
                    8.564507264654995e-05, 
                    8.564379806975876e-05, 
                    8.564502618425082e-05, 
                    8.56467282717709e-05, 
                    8.564980676141209e-05
                ]
            ], 
            "Flow Outlet 1002": [
                0
            ], 
            "Flow Inlet": [
                [
                    -8.57531065101148e-05, 
                    -8.57531065101148e-05, 
                    -8.57531065101148e-05, 
                    -8.57531065101148e-05, 
                    -8.57531065101148e-05, 
                    -8.57531065101148e-05, 
                    -8.57531065101148e-05, 
                    -8.57531065101148e-05, 
                    -8.57531065101148e-05, 
                    -8.57531065101148e-05, 
                    -8.57531065101148e-05, 
                    -8.57531065101148e-05, 
                    -8.57531065101148e-05, 
                    -8.57531065101148e-05, 
                    -8.57531065101148e-05, 
                    -8.57531065101148e-05, 
                    -8.57531065101148e-05, 
                    -8.57531065101148e-05, 
                    -8.57531065101148e-05, 
                    -8.57531065101148e-05, 
                    -8.57531065101148e-05, 
                    -8.57531065101148e-05, 
                    -8.57531065101148e-05, 
                    -8.57531065101148e-05, 
                    -8.57531065101148e-05, 
                    -8.57531065101148e-05, 
                    -8.57531065101148e-05, 
                    -8.57531065101148e-05, 
                    -8.57531065101148e-05, 
                    -8.57531065101148e-05, 
                    -8.57531065101148e-05, 
                    -8.57531065101148e-05, 
                    -8.57531065101148e-05, 
                    -8.57531065101148e-05, 
                    -8.57531065101148e-05, 
                    -8.57531065101148e-05, 
                    -8.57531065101148e-05, 
                    -8.57531065101148e-05, 
                    -8.57531065101148e-05, 
                    -8.57531065101148e-05, 
                    -8.57531065101148e-05, 
                    -8.57531065101148e-05, 
                    -8.57531065101148e-05, 
                    -8.57531065101148e-05, 
                    -8.57531065101148e-05
                ]
            ]
        }
    ], 
    "Pressures": [
        {
            "Pressure Inlet": [
                [
                    1292.0618618745866, 
                    -506.75079873473993, 
                    156.878965681031, 
                    11.843368673210659, 
                    59.9039868719421, 
                    69.97631234392068, 
                    91.06316246781002, 
                    98.87962749356147, 
                    91.95630269895886, 
                    84.34890586713121, 
                    82.95007631555004, 
                    71.87877416597888, 
                    53.53302247172575, 
                    43.815829431067364, 
                    49.424552614763826, 
                    60.46284775330058, 
                    68.3071692427824, 
                    73.00830115464329, 
                    71.09983489944202, 
                    66.12735943568296, 
                    72.09190099581085, 
                    84.66224081610085, 
                    90.48481358173879, 
                    87.57372179298468, 
                    86.83787979162497, 
                    77.83556918979576, 
                    75.80039233552506, 
                    73.86074564302088, 
                    79.9710347211248, 
                    82.72337388713977, 
                    80.46145879696533, 
                    78.86665230155344, 
                    79.95793064863176, 
                    78.53165972655148, 
                    73.63130934122347, 
                    68.71335128079753, 
                    60.86764096596231, 
                    58.61177429928122, 
                    59.995383247372956, 
                    55.23881613033938, 
                    63.955929552548945, 
                    65.39724841855461, 
                    62.001539353785304, 
                    56.34014269412752, 
                    56.835599125384
                ]
            ], 
            "Pressure Outlet 1001": [
                [
                    0.0, 
                    0.0, 
                    0.0, 
                    0.0, 
                    0.0, 
                    0.0, 
                    0.0, 
                    0.0, 
                    0.0, 
                    0.0, 
                    0.0, 
                    0.0, 
                    0.0, 
                    0.0, 
                    0.0, 
                    0.0, 
                    0.0, 
                    0.0, 
                    0.0, 
                    0.0, 
                    0.0, 
                    0.0, 
                    0.0, 
                    0.0, 
                    0.0, 
                    0.0, 
                    0.0, 
                    0.0, 
                    0.0, 
                    0.0, 
                    0.0, 
                    0.0, 
                    0.0, 
                    0.0, 
                    0.0, 
                    0.0, 
                    0.0, 
                    0.0, 
                    0.0, 
                    0.0, 
                    0.0, 
                    0.0, 
                    0.0, 
                    0.0, 
                    0.0
                ]
            ], 
            "Pressure Outlet 1002": [
                0
            ]
        }
    ], 
    "Inlet": [
        {
            "Total_area_inlet": 0.00031298876267923, 
            "Parabolic": true, 
            "Center Node": 115727,