{
    "Fluid Characteristic": [
        {
            "blood_kinematic_viscosity": 3.3333333333333333e-06, 
            "blood_dynamic_viscosity": 0.0035, 
            "blood_density": 1050.0
        }
    ], 
    "Time": [
        {
            "Time": [
                0.1, 
                0.18101828895390842, 
                0.27009125932289696, 
                0.3720430105088272, 
                0.4908175945655396, 
                0.624959486635146, 
                0.7813951912626933, 
                0.9684887404974426, 
                1.19343880719435, 
                1.464003194732638, 
                1.4740031947326377, 
                1.4790031947326376, 
                1.6144437526504225, 
                1.7417714363673336, 
                1.8607095465300907, 
                1.9783258615118084, 
                2.1132501191733817, 
                2.248594608478689, 
                2.405851348196103, 
                2.5903600678219223, 
                2.814907506532907, 
                3.0371401238846962, 
                3.312020187457181, 
                3.6720611081684393, 
                4.032102028879698, 
                4.392142949590956, 
                4.752183870302214, 
                5.112224791013472, 
                5.47226571172473, 
                5.832306632435988, 
                5.842306632435988, 
                5.847306632435988, 
                6.0494261857447444, 
                6.251545739053501, 
                6.453665292362258, 
                6.644172429918052, 
                6.843683553778211, 
                7.045744327630294
            ]
        }
    ], 
    "name": [
        "I:/PROYECTOS/ESTUDIANTES/Sergio/V2/GID\\Modelo_27_170_I.gid\\Modelo_27_170_I.json"
    ], 
    "Flow": [
        {
            "Flow Outlet 1001": [
                [
                    8.239356315884662e-05, 
                    8.562076732171563e-05, 
                    8.550899443586874e-05, 
                    8.553907402882218e-05, 
                    8.553375305990443e-05, 
                    8.553775737433934e-05, 
                    8.553614017876477e-05, 
                    8.553499300468935e-05, 
                    8.553428857106571e-05, 
                    8.553471619339648e-05, 
                    8.553378530767248e-05, 
                    8.553254678164258e-05, 
                    8.553639096823502e-05, 
                    8.553629958257044e-05, 
                    8.553702296124135e-05, 
                    8.553806177855823e-05, 
                    8.55399184664883e-05, 
                    8.554202678267271e-05, 
                    8.554224264568442e-05, 
                    8.55352089346551e-05, 
                    8.551499494297379e-05, 
                    8.549157592208547e-05, 
                    8.549406444827525e-05, 
                    8.554129174368248e-05, 
                    8.55315565879872e-05, 
                    8.551334018712507e-05, 
                    8.550007691407701e-05, 
                    8.549470698689892e-05, 
                    8.551022540305965e-05, 
                    8.550702275486975e-05, 
                    8.550230995843821e-05, 
                    8.549810200372284e-05, 
                    8.551399235296515e-05, 
                    8.553450663799252e-05, 
                    8.553870539224103e-05, 
                    8.553669483411352e-05, 
                    8.552782977940126e-05, 
                    8.553107206554197e-05
                ]
            ], 
            "Flow Inlet": [
                [
                    -8.56084018413408e-05, 
                    -8.56084018413408e-05, 
                    -8.56084018413408e-05, 
                    -8.56084018413408e-05, 
                    -8.56084018413408e-05, 
                    -8.56084018413408e-05, 
                    -8.56084018413408e-05, 
                    -8.56084018413408e-05, 
                    -8.56084018413408e-05, 
                    -8.56084018413408e-05, 
                    -8.56084018413408e-05, 
                    -8.56084018413408e-05, 
                    -8.56084018413408e-05, 
                    -8.56084018413408e-05, 
                    -8.56084018413408e-05, 
                    -8.56084018413408e-05, 
                    -8.56084018413408e-05, 
                    -8.56084018413408e-05, 
                    -8.56084018413408e-05, 
                    -8.56084018413408e-05, 
                    -8.56084018413408e-05, 
                    -8.56084018413408e-05, 
                    -8.56084018413408e-05, 
                    -8.56084018413408e-05, 
                    -8.56084018413408e-05, 
                    -8.56084018413408e-05, 
                    -8.56084018413408e-05, 
                    -8.56084018413408e-05, 
                    -8.56084018413408e-05, 
                    -8.56084018413408e-05, 
                    -8.56084018413408e-05, 
                    -8.56084018413408e-05, 
                    -8.56084018413408e-05, 
                    -8.56084018413408e-05, 
                    -8.56084018413408e-05, 
                    -8.56084018413408e-05, 
                    -8.56084018413408e-05, 
                    -8.56084018413408e-05
                ]
            ], 
            "Flow Outlet 1002": [
                0
            ]
        }
    ], 
    "Hemodynamic Parameters_1001_ABC": [
        {
            "B": -1430932759374.6826, 
            "C": 11436351.8969419, 
            "A": 123193009.55755758
        }
    ], 
    "Inlet": [
        {
            "Total_area_inlet": 0.00031298876267923, 
            "Center Node": 188782, 
            "Centroid": [
                -0.00010319409110340921, 
                -2.621563767704026e-05, 
                -0.031420356708522716
            ], 
            "Flow_inlet(peak)": -8.56084018413408e-05, 
            "Flow_inlet(mean)": -8.56084018413408e-05, 
            "Diameter": 0.01996268363257169, 
            "Reynolds(peak)": -1638.0525239497633, 
            "Reynolds(mean)": -1638.0525239497633, 
            "Parabolic": true
        }
    ], 
    "Simulations_Parameters": [
        {
            "SolverType(1:AMGCGL,2:AMGCL_NS_Solver,3:BICGSTABSolver)": 1, 
            "Dt": 0.1, 
            "Time_vector": [
                0, 
                7.0
            ], 
            "Config_conditions(1:V-P-P),(2:V-V-P)": 1, 
            "AutomaticDeltaTime": true
        }
    ], 
    "Hemodynamic Parameters_1001_AB": [
        {
            "B": 945234640961.3768, 
            "A": -81646839.75171341
        }
    ], 
    "Outlet 1001": [
        {
            "Center Node": 417, 
            "Flow_outlet(mean)": 8.544551632769171e-05, 
            "Diameter": 0.019962587721750566, 
            "Flow_outlet(peak)": 8.562076732171563e-05, 
            "Reynolds(peak)": 1638.2969993437594, 
            "Total_area_outlet": 0.0003129857551740598, 
            "Reynolds(mean)": 1634.9436869801527, 
            "Centroid": [
                5.3095341566110986e-05, 
                0.00011870255665385947, 
                0.289990000000001
            ]
        }
    ], 
    "Bifurcation: ": [
        false
    ],