{
    "Simulations_Parameters": [
        {
            "AutomaticDeltaTime": true, 
            "Config_conditions(1:V-P-P),(2:V-V-P)": 1, 
            "Time_vector": [
                0, 
                7.0
            ], 
            "SolverType(1:AMGCGL,2:AMGCL_NS_Solver,3:BICGSTABSolver)": 1, 
            "Dt": 0.1
        }
    ], 
    "Flow": [
        {
            "Flow Outlet 1002": [
                0
            ], 
            "Flow Outlet 1001": [
                [
                    8.209287886315464e-05, 
                    8.537140158400599e-05, 
                    8.528479007782314e-05, 
                    8.533750404587627e-05, 
                    8.534536851312297e-05, 
                    8.535635656209052e-05, 
                    8.53575433590823e-05, 
                    8.535632065960469e-05, 
                    8.535544592585668e-05, 
                    8.536092181211183e-05, 
                    8.537048012806853e-05, 
                    8.536937556823726e-05, 
                    8.53587572823182e-05, 
                    8.534734040768177e-05, 
                    8.533152366135998e-05, 
                    8.532661368779335e-05, 
                    8.532497680094219e-05, 
                    8.529745457257975e-05, 
                    8.528749069962282e-05, 
                    8.532552148728855e-05, 
                    8.536359025116571e-05, 
                    8.538987475218142e-05, 
                    8.538960513028833e-05, 
                    8.538602513673121e-05
                ]
            ], 
            "Flow Inlet": [
                [
                    -8.546955800575528e-05, 
                    -8.546955800575528e-05, 
                    -8.546955800575528e-05, 
                    -8.546955800575528e-05, 
                    -8.546955800575528e-05, 
                    -8.546955800575528e-05, 
                    -8.546955800575528e-05, 
                    -8.546955800575528e-05, 
                    -8.546955800575528e-05, 
                    -8.546955800575528e-05, 
                    -8.546955800575528e-05, 
                    -8.546955800575528e-05, 
                    -8.546955800575528e-05, 
                    -8.546955800575528e-05, 
                    -8.546955800575528e-05, 
                    -8.546955800575528e-05, 
                    -8.546955800575528e-05, 
                    -8.546955800575528e-05, 
                    -8.546955800575528e-05, 
                    -8.546955800575528e-05, 
                    -8.546955800575528e-05, 
                    -8.546955800575528e-05, 
                    -8.546955800575528e-05, 
                    -8.546955800575528e-05
                ]
            ]
        }
    ], 
    "Inlet": [
        {
            "Center Node": 140909, 
            "Flow_inlet(peak)": -8.546955800575528e-05, 
            "Parabolic": true, 
            "Centroid": [
                -0.00010319409110340905, 
                -2.6215637677039877e-05, 
                -0.031420356708522716
            ], 
            "Reynolds(peak)": -1635.3958513519358, 
            "Flow_inlet(mean)": -8.546955800575528e-05, 
            "Reynolds(mean)": -1635.3958513519358, 
            "Diameter": 0.01996268363257169, 
            "Total_area_inlet": 0.00031298876267923
        }
    ], 
    "Outlet 1001": [
        {
            "Reynolds(peak)": 1633.8789379875154, 
            "Centroid": [
                6.215379717078656e-05, 
                5.614083298509638e-05, 
                0.25
            ], 
            "Center Node": 416, 
            "Total_area_outlet": 0.00031298578738930095, 
            "Flow_outlet(peak)": 8.538987475218142e-05, 
            "Flow_outlet(mean)": 8.521196504037451e-05, 
            "Reynolds(mean)": 1630.4747529851559, 
            "Diameter": 0.019962588749112914
        }
    ], 
    "name": [
        "I:/PROYECTOS/ESTUDIANTES/Sergio/V2/GID/D_170\\Modelo_19_170.gid\\Modelo_19_170.json"
    ], 
    "Bifurcation: ": [
        false
    ], 
    "Hemodynamic Parameters_1001_AB": [
        {
            "B": 128926726009.42796, 
            "A": -11639243.730930427
        }
    ], 
    "Pressures": [
        {
            "Pressure Outlet 1002": [
                0
            ], 
            "Pressure Inlet": [
                [
                    1194.1134276184905, 
                    -458.4976712217946, 
                    145.69447514202326, 
                    18.947722645185163, 
                    66.26825868479155, 
                    75.3469684302297, 
                    85.7696684420166, 
                    77.91662967555604, 
                    50.73253172294445, 
                    36.88799757365346, 
                    56.55341925844287, 
                    68.02911323206246, 
                    63.866471470633726, 
                    47.73440016083726, 
                    48.6318447146491, 
                    58.79655466574225, 
                    58.00724916604611, 
                    51.702855977611016, 
                    43.039054307174695, 
                    39.15228567358069, 
                    37.331504019627246, 
                    37.549172675043835, 
                    39.83858890067135, 
                    41.3759170871888
                ]
            ], 
            "Pressure Outlet 1001": [
                [
                    0.0, 
                    0.0, 
                    0.0, 
                    0.0, 
                    0.0, 
                    0.0, 
                    0.0, 
                    0.0, 
                    0.0, 
                    0.0, 
                    0.0, 
                    0.0, 
                    0.0, 
                    0.0, 
                    0.0, 
                    0.0, 
                    0.0, 
                    0.0, 
                    0.0, 
                    0.0, 
                    0.0, 
                    0.0, 
                    0.0, 
                    0.0
                ]
            ]
        }
    ], 
    "Hemodynamic Parameters_1001_ABC": [
        {
            "B": -469163538338.68066, 
            "C": 32970005.09504351, 
            "A": 40664729.69785133
        }
    ], 
    "Time": [
        {
            "Time": [
                0.1, 
                0.17648883361097917, 
                0.2614638243124394, 
                0.3600093613332039, 
                0.472311975205758, 
                0.599153464651086, 
                0.7440224245162081, 
                0.9140766921380197, 
                1.1175451563226084, 
                1.3616596988258232, 
                1.6371761718886524, 
                1.9126926449514816, 
                2.2129061769594216, 
                2.513119708967362, 
                2.813333240975302, 
                3.1135467729832422, 
                3.5370172726828306, 
                3.960487772382419, 
                4.4689877428806914, 
                4.977487713378964, 
                5.485987683877236, 
                5.994487654375509, 
                6.502987624873781, 
                7.011487595372054
            ]
        }
    ], 
    "Fluid Characteristic": [
        {
            "blood_kinematic_viscosity": 3.3333333333333333e-06, 
            "blood_dynamic_viscosity": 0.0035, 
            "blood_density": 1050.0
        }
    ]
}