{
    "Outlet 1001": [
        {
            "Reynolds(peak)": 1638.0146097225218, 
            "Flow_outlet(peak)": 8.56060090602356e-05, 
            "Centroid": [
                9.262029203820218e-05, 
                0.0001651998312510945, 
                0.2699799999999991
            ], 
            "Total_area_outlet": 0.00031298575517654055, 
            "Reynolds(mean)": 1634.6246964714064, 
            "Flow_outlet(mean)": 8.542884522862756e-05, 
            "Center Node": 391, 
            "Diameter": 0.01996258772182968
        }
    ], 
    "Hemodynamic Parameters_1001_AB": [
        {
            "A": -104508556.15068936, 
            "B": 1212857175835.1487
        }
    ], 
    "Bifurcation: ": [
        false
    ], 
    "Flow": [
        {
            "Flow Outlet 1002": [
                0
            ], 
            "Flow Outlet 1001": [
                [
                    8.235657530000018e-05, 
                    8.56060090602356e-05, 
                    8.550363049837402e-05, 
                    8.555283371607573e-05, 
                    8.555375685378987e-05, 
                    8.556117841643766e-05, 
                    8.556020163354927e-05, 
                    8.555888504959543e-05, 
                    8.555868895457499e-05, 
                    8.556134553354255e-05, 
                    8.556589366371967e-05, 
                    8.556639221594202e-05, 
                    8.555166878305465e-05, 
                    8.549485094161416e-05, 
                    8.541642152691989e-05, 
                    8.544258893924569e-05, 
                    8.546902825481323e-05, 
                    8.547299483564753e-05, 
                    8.550073353723402e-05, 
                    8.553591750734283e-05, 
                    8.553751509540015e-05, 
                    8.55424502097649e-05, 
                    8.552942209239535e-05, 
                    8.550533763607737e-05, 
                    8.552117218869758e-05, 
                    8.555511648896835e-05, 
                    8.557144428079684e-05, 
                    8.556950795469154e-05, 
                    8.554510384657986e-05, 
                    8.551713152176051e-05, 
                    8.551040555061311e-05
                ]
            ], 
            "Flow Inlet": [
                [
                    -8.565060123154902e-05, 
                    -8.565060123154902e-05, 
                    -8.565060123154902e-05, 
                    -8.565060123154902e-05, 
                    -8.565060123154902e-05, 
                    -8.565060123154902e-05, 
                    -8.565060123154902e-05, 
                    -8.565060123154902e-05, 
                    -8.565060123154902e-05, 
                    -8.565060123154902e-05, 
                    -8.565060123154902e-05, 
                    -8.565060123154902e-05, 
                    -8.565060123154902e-05, 
                    -8.565060123154902e-05, 
                    -8.565060123154902e-05, 
                    -8.565060123154902e-05, 
                    -8.565060123154902e-05, 
                    -8.565060123154902e-05, 
                    -8.565060123154902e-05, 
                    -8.565060123154902e-05, 
                    -8.565060123154902e-05, 
                    -8.565060123154902e-05, 
                    -8.565060123154902e-05, 
                    -8.565060123154902e-05, 
                    -8.565060123154902e-05, 
                    -8.565060123154902e-05, 
                    -8.565060123154902e-05, 
                    -8.565060123154902e-05, 
                    -8.565060123154902e-05, 
                    -8.565060123154902e-05, 
                    -8.565060123154902e-05
                ]
            ]
        }
    ], 
    "name": [
        "I:/PROYECTOS/ESTUDIANTES/Sergio/V2/GID\\Modelo_14_170_I.gid\\Modelo_14_170_I.json"
    ], 
    "Inlet": [
        {
            "Reynolds(peak)": -1638.8599776126396, 
            "Parabolic": true, 
            "Reynolds(mean)": -1638.8599776126396, 
            "Flow_inlet(mean)": -8.565060123154902e-05, 
            "Total_area_inlet": 0.00031298876267923, 
            "Center Node": 102656, 
            "Diameter": 0.01996268363257169, 
            "Flow_inlet(peak)": -8.565060123154902e-05, 
            "Centroid": [
                -0.00010319409110340905, 
                -2.6215637677039877e-05, 
                -0.031420356708522716
            ]
        }
    ], 
    "Fluid Characteristic": [
        {
            "blood_dynamic_viscosity": 0.0035, 
            "blood_density": 1050.0, 
            "blood_kinematic_viscosity": 3.3333333333333333e-06
        }
    ], 
    "Simulations_Parameters": [
        {
            "SolverType(1:AMGCGL,2:AMGCL_NS_Solver,3:BICGSTABSolver)": 1, 
            "Config_conditions(1:V-P-P),(2:V-V-P)": 1, 
            "Dt": 0.1, 
            "AutomaticDeltaTime": true, 
            "Time_vector": [
                0, 
                7.0
            ]
        }
    ], 
    "Time": [
        {
            "Time": [
                0.1, 
                0.18303530697648684, 
                0.27556397602401017, 
                0.3807371152391873, 
                0.4999054649997445, 
                0.6413416786272264, 
                0.8112651058755154, 
                1.008998248136992, 
                1.227356948442336, 
                1.4457156487476799, 
                1.6640743490530239, 
                1.9223503795322083, 
                2.2192462979815213, 
                2.563407181069726, 
                3.0518659943705826, 
                3.6321769738000986, 
                3.6421769738000984, 
                3.6471769738000983, 
                3.9311514854137997, 
                4.215125997027501, 
                4.499100508641202, 
                4.783075020254904, 
                5.016110627496018, 
                5.265593371611911, 
                5.516722244350372, 
                5.7819775675825404, 
                6.047232890814709, 
                6.312488214046878, 
                6.577743537279047, 
                6.8554777888637615, 
                7.133212040448476
            ]
        }
    ], 
    "Hemodynamic Parameters_1001_ABC": [
        {
            "A": 107014819.24893011, 
            "B": -1242144211700.9053, 
            "C": -930593.9820658863
        }
    ], 
    "Pressures": [
        {
            "Pressure Outlet 1002": [
                0
            ],