{
    "Simulations_Parameters": [
        {
            "AutomaticDeltaTime": true, 
            "Time_vector": [
                0, 
                7.0
            ], 
            "Dt": 0.1, 
            "SolverType(1:AMGCGL,2:AMGCL_NS_Solver,3:BICGSTABSolver)": 1, 
            "Config_conditions(1:V-P-P),(2:V-V-P)": 1
        }
    ], 
    "Bifurcation: ": [
        false
    ], 
    "Outlet 1001": [
        {
            "Total_area_outlet": 0.00031298575516202547, 
            "Centroid": [
                2.1132281722222204e-05, 
                0.00012032486198441406, 
                0.26997999999999905
            ], 
            "Flow_outlet(mean)": 8.556488574995092e-05, 
            "Reynolds(peak)": 1640.6282464540652, 
            "Diameter": 0.019962587721366786, 
            "Reynolds(mean)": 1637.2277422988918, 
            "Flow_outlet(peak)": 8.574260308396157e-05, 
            "Center Node": 441
        }
    ], 
    "Hemodynamic Parameters_1001_AB": [
        {
            "A": 76315939.91798998, 
            "B": -911571737626.6547
        }
    ], 
    "Pressures": [
        {
            "Pressure Outlet 1002": [
                0
            ], 
            "Pressure Outlet 1001": [
                [
                    0.0, 
                    0.0, 
                    0.0, 
                    0.0, 
                    0.0, 
                    0.0, 
                    0.0, 
                    0.0, 
                    0.0, 
                    0.0, 
                    0.0, 
                    0.0, 
                    0.0, 
                    0.0, 
                    0.0, 
                    0.0, 
                    0.0, 
                    0.0, 
                    0.0, 
                    0.0, 
                    0.0, 
                    0.0, 
                    0.0, 
                    0.0, 
                    0.0, 
                    0.0, 
                    0.0, 
                    0.0, 
                    0.0, 
                    0.0, 
                    0.0, 
                    0.0, 
                    0.0
                ]
            ], 
            "Pressure Inlet": [
                [
                    1252.0823469771183, 
                    -455.2908220791692, 
                    157.41837352326525, 
                    39.646586373050546, 
                    92.74321387676386, 
                    114.0913810390964, 
                    144.8580720226151, 
                    165.70615779324268, 
                    177.20940707883278, 
                    174.24421045145348, 
                    165.1831821377631, 
                    156.78100510871226, 
                    155.50911541919947, 
                    157.57834990558896, 
                    137.15646260361382, 
                    127.20787808826812, 
                    130.23976781481457, 
                    147.61058605631115, 
                    158.7174006287991, 
                    154.89192785058827, 
                    143.51026694113392, 
                    144.57186772975618, 
                    152.31493072295493, 
                    145.86809603849042, 
                    153.03625154750162, 
                    154.79820184341932, 
                    149.87870951619064, 
                    152.6168112467016, 
                    154.99029283001087, 
                    154.9798260477234, 
                    149.88968074553677, 
                    140.81638711348094, 
                    130.61033290469885
                ]
            ]
        }
    ], 
    "Time": [
        {
            "Time": [
                0.1, 
                0.1597452502850588, 
                0.22705958825415717, 
                0.3056480445092008, 
                0.4005557065021006, 
                0.5167096784362679, 
                0.6306457716759205, 
                0.7548379649816926, 
                0.8901442139325714, 
                1.071552574351124, 
                1.3104817229762251, 
                1.5735494408307185, 
                1.8842588708621482, 
                2.194968300893578, 
                2.5056777309250076, 
                2.8163871609564373, 
                3.127096590987867, 
                3.4378060210192967, 
                3.7485154510507264, 
                4.116079775880099, 
                4.561052929928412, 
                5.0060260839767245, 
                5.016026083976724, 
                5.021026083976724, 
                5.244477798269141, 
                5.458901231640983, 
                5.686825733420768, 
                5.922725170471299, 
                6.154125966787555, 
                6.379052202469115, 
                6.649024200580808, 
                6.97227272667511, 
                7.2955212527694115
            ]
        }
    ], 
    "Hemodynamic Parameters_1001_ABC": [
        {
            "A": -72989561.37733777, 
            "C": -2778205.20620472, 
            "B": 872753932433.5269
        }
    ], 
    "Fluid Characteristic": [
        {
            "blood_dynamic_viscosity": 0.0035, 
            "blood_density": 1050.0, 
            "blood_kinematic_viscosity": 3.3333333333333333e-06
        }
    ], 
    "Flow": [
        {
            "Flow Inlet": [
                [
                    -8.577352594089865e-05, 
                    -8.577352594089865e-05, 
                    -8.577352594089865e-05, 
                    -8.577352594089865e-05, 
                    -8.577352594089865e-05, 
                    -8.577352594089865e-05, 
                    -8.577352594089865e-05, 
                    -8.577352594089865e-05, 
                    -8.577352594089865e-05, 
                    -8.577352594089865e-05, 
                    -8.577352594089865e-05, 
                    -8.577352594089865e-05, 
                    -8.577352594089865e-05, 
                    -8.577352594089865e-05, 
                    -8.577352594089865e-05, 
                    -8.577352594089865e-05, 
                    -8.577352594089865e-05, 
                    -8.577352594089865e-05, 
                    -8.577352594089865e-05, 
                    -8.577352594089865e-05, 
                    -8.577352594089865e-05, 
                    -8.577352594089865e-05, 
                    -8.577352594089865e-05, 
                    -8.577352594089865e-05, 
                    -8.577352594089865e-05, 
                    -8.577352594089865e-05, 
                    -8.577352594089865e-05, 
                    -8.577352594089865e-05, 
                    -8.577352594089865e-05, 
                    -8.577352594089865e-05, 
                    -8.577352594089865e-05, 
                    -8.577352594089865e-05, 
                    -8.577352594089865e-05
                ]
            ], 
            "Flow Outlet 1002": [
                0
            ],