{
    "Inlet": [
        {
            "Flow_inlet(peak)": -8.545985551428041e-05, 
            "Reynolds(mean)": -1635.210201458851, 
            "Flow_inlet(mean)": -8.545985551428041e-05, 
            "Centroid": [
                -0.00010319409110340905, 
                -2.6215637677039877e-05, 
                -0.031420356708522716
            ], 
            "Parabolic": true, 
            "Diameter": 0.01996268363257169, 
            "Reynolds(peak)": -1635.210201458851, 
            "Total_area_inlet": 0.00031298876267923, 
            "Center Node": 166081
        }
    ], 
    "name": [
        "I:/PROYECTOS/ESTUDIANTES/Sergio/V2/GID\\Modelo_24_145_I.gid\\Modelo_24_145_I.json"
    ], 
    "Fluid Characteristic": [
        {
            "blood_dynamic_viscosity": 0.0035, 
            "blood_density": 1050.0, 
            "blood_kinematic_viscosity": 3.3333333333333333e-06
        }
    ], 
    "Simulations_Parameters": [
        {
            "SolverType(1:AMGCGL,2:AMGCL_NS_Solver,3:BICGSTABSolver)": 1, 
            "Time_vector": [
                0, 
                7.0
            ], 
            "Config_conditions(1:V-P-P),(2:V-V-P)": 1, 
            "Dt": 0.1, 
            "AutomaticDeltaTime": true
        }
    ], 
    "Time": [
        {
            "Time": [
                0.1, 
                0.17371218293496385, 
                0.25100823904475467, 
                0.3348277937354962, 
                0.4312658367752076, 
                0.5460909354144886, 
                0.6835986258666128, 
                0.848693311948022, 
                1.0416132766555777, 
                1.26574588245587, 
                1.5512275474956674, 
                1.8938109358198896, 
                2.2711935084927264, 
                2.720826151658075, 
                3.2713376782629595, 
                3.9273257162947655, 
                4.583313754326571, 
                5.239301792358377, 
                5.895289830390183, 
                6.551277868421989, 
                7.319368118010068
            ]
        }
    ], 
    "Outlet 1001": [
        {
            "Flow_outlet(mean)": 8.516543062191149e-05, 
            "Flow_outlet(peak)": 8.535415883824984e-05, 
            "Reynolds(mean)": 1629.5844314368383, 
            "Centroid": [
                5.8627086397206703e-05, 
                0.00010353839509326638, 
                0.26997999999999905
            ], 
            "Diameter": 0.01996258772182968, 
            "Reynolds(peak)": 1633.1956215743387, 
            "Total_area_outlet": 0.00031298575517654055, 
            "Center Node": 376
        }
    ], 
    "Bifurcation: ": [
        false
    ], 
    "Flow": [
        {
            "Flow Inlet": [
                [
                    -8.545985551428041e-05, 
                    -8.545985551428041e-05, 
                    -8.545985551428041e-05, 
                    -8.545985551428041e-05, 
                    -8.545985551428041e-05, 
                    -8.545985551428041e-05, 
                    -8.545985551428041e-05, 
                    -8.545985551428041e-05, 
                    -8.545985551428041e-05, 
                    -8.545985551428041e-05, 
                    -8.545985551428041e-05, 
                    -8.545985551428041e-05, 
                    -8.545985551428041e-05, 
                    -8.545985551428041e-05, 
                    -8.545985551428041e-05, 
                    -8.545985551428041e-05, 
                    -8.545985551428041e-05, 
                    -8.545985551428041e-05, 
                    -8.545985551428041e-05, 
                    -8.545985551428041e-05, 
                    -8.545985551428041e-05
                ]
            ], 
            "Flow Outlet 1001": [
                [
                    8.221510449946446e-05, 
                    8.53350977237404e-05, 
                    8.525194162074766e-05, 
                    8.531165248657148e-05, 
                    8.532550654864739e-05, 
                    8.534043950560032e-05, 
                    8.534431116427074e-05, 
                    8.534444170167118e-05, 
                    8.53430193535815e-05, 
                    8.534258609124887e-05, 
                    8.534201981869493e-05, 
                    8.533257022137503e-05, 
                    8.52983666551209e-05, 
                    8.526706015363138e-05, 
                    8.527949298491859e-05, 
                    8.527395137611405e-05, 
                    8.529428022932454e-05, 
                    8.529010990319556e-05, 
                    8.530174417483101e-05, 
                    8.535415883824984e-05, 
                    8.528618800914133e-05
                ]
            ], 
            "Flow Outlet 1002": [
                0
            ]
        }
    ], 
    "Hemodynamic Parameters_1001_AB": [
        {
            "A": -79670076.81745692, 
            "B": 912813902348.5696
        }
    ], 
    "Hemodynamic Parameters_1001_ABC": [
        {
            "A": -45819845.975530684, 
            "B": 558786483073.0381, 
            "C": -91582419.6150485
        }
    ], 
    "Pressures": [
        {
            "Pressure Inlet": [
                [
                    1225.2731997456535, 
                    -461.7444158896855, 
                    160.2386532215421, 
                    38.35989502871269, 
                    95.9952991272397, 
                    122.22291766555797, 
                    153.1296491556102, 
                    165.3217531579776, 
                    162.79037531215664, 
                    157.2220835252419, 
                    161.1431981877456, 
                    164.6393521494306, 
                    161.6035817731573, 
                    166.18233225019557, 
                    155.46894981984534, 
                    146.42883387095273, 
                    154.27441238194544, 
                    165.4521897143373, 
                    160.78494889236424, 
                    156.07866487189722, 
                    151.85614664698102
                ]
            ], 
            "Pressure Outlet 1001": [
                [
                    0.0, 
                    0.0, 
                    0.0, 
                    0.0, 
                    0.0, 
                    0.0, 
                    0.0, 
                    0.0, 
                    0.0, 
                    0.0, 
                    0.0, 
                    0.0, 
                    0.0, 
                    0.0, 
                    0.0, 
                    0.0, 
                    0.0, 
                    0.0, 
                    0.0, 
                    0.0, 
                    0.0
                ]
            ], 
            "Pressure Outlet 1002": [
                0
            ]
        }
    ]
}