{
    "Time": [
        {
            "Time": [
                0.05, 
                0.14346460769455188, 
                0.2451392380642002, 
                0.3601522186314823, 
                0.4863781424998805, 
                0.6316017767261892, 
                0.8041393838291655, 
                1.0108982716538193, 
                1.259276568358308, 
                1.5076548650627968, 
                1.7560331617672855, 
                2.054361477237416, 
                2.352689792707546, 
                2.6831167925868677, 
                3.112709266993699, 
                3.628219129010554, 
                4.143728991027409, 
                4.153728991027409, 
                4.158728991027409, 
                4.416463567854538, 
                4.674198144681667, 
                4.9319327215087965, 
                5.149681268913671, 
                5.407441377577589, 
                5.665198706106153, 
                5.922955440407852, 
                6.180712377310808, 
                6.441942834721781, 
                6.755417813252208, 
                7.068892791782636
            ]
        }
    ], 
    "Pressures": [
        {
            "Pressure Inlet": [
                [
                    1902.0181418425832, 
                    -807.8380026565227, 
                    216.12339263689108, 
                    -19.55823270628959, 
                    40.36723376056158, 
                    32.571747666414474, 
                    42.8196447645686, 
                    45.78814459212346, 
                    41.12412265966587, 
                    31.7925581179958, 
                    32.83156962429831, 
                    41.68151474286069, 
                    45.36991093518726, 
                    46.79924785721049, 
                    42.862009468363105, 
                    36.06826407657025, 
                    32.27058783081808, 
                    31.871835134459467, 
                    28.09096194817963, 
                    30.209769051248202, 
                    31.71124137603088, 
                    35.619327264135286, 
                    36.65521910095772, 
                    35.83631245761915, 
                    34.01590392333311, 
                    32.20971976950604, 
                    29.588610093446867, 
                    29.553380260718615, 
                    31.19404121448126, 
                    30.537940335367885
                ]
            ], 
            "Pressure Outlet 1001": [
                [
                    0.0, 
                    0.0, 
                    0.0, 
                    0.0, 
                    0.0, 
                    0.0, 
                    0.0, 
                    0.0, 
                    0.0, 
                    0.0, 
                    0.0, 
                    0.0, 
                    0.0, 
                    0.0, 
                    0.0, 
                    0.0, 
                    0.0, 
                    0.0, 
                    0.0, 
                    0.0, 
                    0.0, 
                    0.0, 
                    0.0, 
                    0.0, 
                    0.0, 
                    0.0, 
                    0.0, 
                    0.0, 
                    0.0, 
                    0.0
                ]
            ], 
            "Pressure Outlet 1002": [
                0
            ]
        }
    ], 
    "name": [
        "I:/PROYECTOS/ESTUDIANTES/Sergio/V1/GID\\Modelo_5_170_I.gid\\Modelo_5_170_I.json"
    ], 
    "Bifurcation: ": [
        false
    ], 
    "Inlet": [
        {
            "Flow_inlet(mean)": -6.418789957761223e-05, 
            "Reynolds(mean)": -1228.1872882641226, 
            "Reynolds(peak)": -1228.1872882641226, 
            "Diameter": 0.01996268363257169, 
            "Center Node": 75297, 
            "Centroid": [
                -0.00010319409110340905, 
                -2.6215637677039877e-05, 
                -0.031420356708522716
            ], 
            "Flow_inlet(peak)": -6.418789957761223e-05, 
            "Parabolic": true, 
            "Total_area_inlet": 0.00031298876267923
        }
    ], 
    "Hemodynamic Parameters_1001_AB": [
        {
            "B": 2413939217548.8477, 
            "A": -155363975.80446106
        }
    ], 
    "Outlet 1001": [
        {
            "Reynolds(mean)": 1224.896532716066, 
            "Flow_outlet(peak)": 6.434588601502164e-05, 
            "Reynolds(peak)": 1231.2161555619596, 
            "Diameter": 0.019962587721829676, 
            "Center Node": 399, 
            "Centroid": [
                7.05755534888268e-05, 
                0.0001495529299346057, 
                0.26997999999999905
            ], 
            "Flow_outlet(mean)": 6.401560954044583e-05, 
            "Total_area_outlet": 0.00031298575517654044
        }
    ], 
    "Fluid Characteristic": [
        {
            "blood_kinematic_viscosity": 3.3333333333333333e-06, 
            "blood_density": 1050.0, 
            "blood_dynamic_viscosity": 0.0035
        }
    ], 
    "Flow": [
        {
            "Flow Outlet 1001": [
                [
                    6.052528856023146e-05, 
                    6.434588601502164e-05, 
                    6.405982396976953e-05, 
                    6.414246165633273e-05, 
                    6.412571314964943e-05, 
                    6.41335071694188e-05, 
                    6.413238308149415e-05, 
                    6.413218524574122e-05, 
                    6.413145399636696e-05, 
                    6.413167001882504e-05, 
                    6.413277403715711e-05, 
                    6.4134440725743e-05, 
                    6.413483913914572e-05, 
                    6.412886387791057e-05, 
                    6.411246496950699e-05, 
                    6.41100008187321e-05, 
                    6.41295855683629e-05, 
                    6.412592422372686e-05, 
                    6.412294408014431e-05, 
                    6.413077282651754e-05, 
                    6.413306222597362e-05, 
                    6.413454115864729e-05, 
                    6.412952585813919e-05, 
                    6.41293959473809e-05, 
                    6.413381953765958e-05, 
                    6.413513089165574e-05, 
                    6.413698461140484e-05, 
                    6.413890985883441e-05, 
                    6.413823791695997e-05, 
                    6.413569507692146e-05
                ]
            ], 
            "Flow Outlet 1002": [
                0
            ],