{
    "Hemodynamic Parameters_1001_ABC": [
        {
            "B": -866868066683.301, 
            "C": -382330.4409279525, 
            "A": 74876478.79370111
        }
    ], 
    "Fluid Characteristic": [
        {
            "blood_kinematic_viscosity": 3.3333333333333333e-06, 
            "blood_dynamic_viscosity": 0.0035, 
            "blood_density": 1050.0
        }
    ], 
    "Pressures": [
        {
            "Pressure Outlet 1002": [
                0
            ], 
            "Pressure Inlet": [
                [
                    1261.7146066861173, 
                    -487.0022241001371, 
                    150.7805269553739, 
                    11.988901556051978, 
                    55.99527230814968, 
                    61.48130647437689, 
                    72.90366337509387, 
                    64.28768819705624, 
                    45.2765932840518, 
                    52.940824714371885, 
                    70.42114846932385, 
                    76.34997712336052, 
                    74.74089751055068, 
                    63.61868078861411, 
                    60.57324467012333, 
                    56.349774308242345, 
                    56.389656684494824, 
                    48.78020130404015, 
                    51.13301410000288, 
                    55.849975069643946, 
                    51.22163184129482, 
                    43.89026112601867, 
                    42.762087774925185, 
                    50.31926992779171, 
                    51.417658280640964, 
                    49.62018794399517, 
                    45.86045119748609, 
                    45.6496427899075, 
                    45.14219826343436, 
                    45.03916064613911, 
                    41.864855714918804
                ]
            ], 
            "Pressure Outlet 1001": [
                [
                    0.0, 
                    0.0, 
                    0.0, 
                    0.0, 
                    0.0, 
                    0.0, 
                    0.0, 
                    0.0, 
                    0.0, 
                    0.0, 
                    0.0, 
                    0.0, 
                    0.0, 
                    0.0, 
                    0.0, 
                    0.0, 
                    0.0, 
                    0.0, 
                    0.0, 
                    0.0, 
                    0.0, 
                    0.0, 
                    0.0, 
                    0.0, 
                    0.0, 
                    0.0, 
                    0.0, 
                    0.0, 
                    0.0, 
                    0.0, 
                    0.0
                ]
            ]
        }
    ], 
    "Bifurcation: ": [
        false
    ], 
    "Time": [
        {
            "Time": [
                0.1, 
                0.17706391915367178, 
                0.26132035844700735, 
                0.35911574086888964, 
                0.4717012422076423, 
                0.5991957299058732, 
                0.750864399687575, 
                0.9188856998761961, 
                1.1193231390520344, 
                1.3725449601305295, 
                1.6257667812090246, 
                1.9161370595807414, 
                2.264526477727645, 
                2.6929365686249307, 
                2.7029365686249305, 
                2.7079365686249304, 
                2.9570379731178424, 
                3.2061393776107545, 
                3.4552407821036666, 
                3.7043421865965787, 
                3.952337563752466, 
                4.200392960040465, 
                4.455307745019885, 
                4.7166319904142675, 
                4.968002883942129, 
                5.268781053044107, 
                5.632829219188933, 
                5.996877385333759, 
                6.444512497665648, 
                6.8921476099975365, 
                7.339782722329425
            ]
        }
    ], 
    "Hemodynamic Parameters_1001_AB": [
        {
            "B": 856594753731.0872, 
            "A": -73996401.91121215
        }
    ], 
    "name": [
        "I:/PROYECTOS/ESTUDIANTES/Sergio/V2/GID\\Modelo_2_170_I.gid\\Modelo_2_170_I.json"
    ], 
    "Simulations_Parameters": [
        {
            "Config_conditions(1:V-P-P),(2:V-V-P)": 1, 
            "Dt": 0.1, 
            "SolverType(1:AMGCGL,2:AMGCL_NS_Solver,3:BICGSTABSolver)": 1, 
            "AutomaticDeltaTime": true, 
            "Time_vector": [
                0, 
                7.0
            ]
        }
    ], 
    "Flow": [
        {
            "Flow Outlet 1002": [
                0
            ], 
            "Flow Outlet 1001": [
                [
                    8.247336061068234e-05, 
                    8.575299032045409e-05, 
                    8.562521442971593e-05, 
                    8.565859155987896e-05, 
                    8.565364848627125e-05, 
                    8.565826067808033e-05, 
                    8.56576280576946e-05, 
                    8.56571373695703e-05, 
                    8.565755610582855e-05, 
                    8.566038306401023e-05, 
                    8.566101586162236e-05, 
                    8.564526818510957e-05, 
                    8.560866955596698e-05, 
                    8.559466049270222e-05, 
                    8.560787561542744e-05, 
                    8.560833784780454e-05, 
                    8.563607878984062e-05, 
                    8.565931189940518e-05, 
                    8.566237299851273e-05, 
                    8.56622646366268e-05, 
                    8.56467531089127e-05, 
                    8.563667427502136e-05, 
                    8.56412286465395e-05, 
                    8.56518001302476e-05, 
                    8.565795026603079e-05, 
                    8.56401196029306e-05, 
                    8.561782312531828e-05, 
                    8.561472358946353e-05, 
                    8.562854119499966e-05, 
                    8.565631470176096e-05, 
                    8.566729402970227e-05
                ]
            ], 
            "Flow Inlet": [
                [
                    -8.573523811760284e-05, 
                    -8.573523811760284e-05, 
                    -8.573523811760284e-05, 
                    -8.573523811760284e-05, 
                    -8.573523811760284e-05, 
                    -8.573523811760284e-05, 
                    -8.573523811760284e-05, 
                    -8.573523811760284e-05, 
                    -8.573523811760284e-05, 
                    -8.573523811760284e-05, 
                    -8.573523811760284e-05, 
                    -8.573523811760284e-05, 
                    -8.573523811760284e-05, 
                    -8.573523811760284e-05, 
                    -8.573523811760284e-05, 
                    -8.573523811760284e-05, 
                    -8.573523811760284e-05, 
                    -8.573523811760284e-05, 
                    -8.573523811760284e-05, 
                    -8.573523811760284e-05, 
                    -8.573523811760284e-05, 
                    -8.573523811760284e-05, 
                    -8.573523811760284e-05, 
                    -8.573523811760284e-05, 
                    -8.573523811760284e-05, 
                    -8.573523811760284e-05, 
                    -8.573523811760284e-05, 
                    -8.573523811760284e-05, 
                    -8.573523811760284e-05, 
                    -8.573523811760284e-05, 
                    -8.573523811760284e-05
                ]
            ]
        }
    ], 
    "Inlet": [
        {
            "Diameter": 0.01996268363257169, 
            "Flow_inlet(mean)": -8.573523811760284e-05, 
            "Total_area_inlet": 0.00031298876267923, 
            "Reynolds(peak)": -1640.4794409110739, 
            "Reynolds(mean)": -1640.4794409110739,