{
    "Inlet": [
        {
            "Total_area_inlet": 0.00031298876267923, 
            "Center Node": 188776, 
            "Flow_inlet(mean)": -8.546373809962969e-05, 
            "Parabolic": true, 
            "Flow_inlet(peak)": -8.546373809962969e-05, 
            "Reynolds(mean)": -1635.2844918158023, 
            "Reynolds(peak)": -1635.2844918158023, 
            "Diameter": 0.01996268363257169, 
            "Centroid": [
                -0.00010319409110340905, 
                -2.6215637677039877e-05, 
                -0.031420356708522716
            ]
        }
    ], 
    "Pressures": [
        {
            "Pressure Outlet 1002": [
                0
            ], 
            "Pressure Inlet": [
                [
                    1251.210340905058, 
                    -484.8410028910624, 
                    151.24974922188173, 
                    15.009133598596275, 
                    62.95894279812166, 
                    72.85157260933995, 
                    88.6825676140125, 
                    92.78003980821558, 
                    88.37320321643826, 
                    73.35697256577657, 
                    58.9644714111936, 
                    73.76867530152622, 
                    98.67925426705546, 
                    100.21303783953574, 
                    88.20663468839389, 
                    81.62585133296159, 
                    83.72275545613525, 
                    72.54565664669327, 
                    52.57964805138567, 
                    41.29598390417265, 
                    39.34166580320152, 
                    46.087093334733424, 
                    48.23930980224192, 
                    50.01480787855792, 
                    51.9021137927813, 
                    48.76649719612141, 
                    45.468227032425766, 
                    44.81166514078577, 
                    43.766128131566276, 
                    46.15689777403398, 
                    49.474273981948656, 
                    50.763976759061855, 
                    48.93941725607111, 
                    46.903578598593626
                ]
            ], 
            "Pressure Outlet 1001": [
                [
                    0.0, 
                    0.0, 
                    0.0, 
                    0.0, 
                    0.0, 
                    0.0, 
                    0.0, 
                    0.0, 
                    0.0, 
                    0.0, 
                    0.0, 
                    0.0, 
                    0.0, 
                    0.0, 
                    0.0, 
                    0.0, 
                    0.0, 
                    0.0, 
                    0.0, 
                    0.0, 
                    0.0, 
                    0.0, 
                    0.0, 
                    0.0, 
                    0.0, 
                    0.0, 
                    0.0, 
                    0.0, 
                    0.0, 
                    0.0, 
                    0.0, 
                    0.0, 
                    0.0, 
                    0.0
                ]
            ]
        }
    ], 
    "Simulations_Parameters": [
        {
            "SolverType(1:AMGCGL,2:AMGCL_NS_Solver,3:BICGSTABSolver)": 1, 
            "Config_conditions(1:V-P-P),(2:V-V-P)": 1, 
            "Dt": 0.1, 
            "AutomaticDeltaTime": true, 
            "Time_vector": [
                0, 
                7.0
            ]
        }
    ], 
    "Hemodynamic Parameters_1001_ABC": [
        {
            "A": 26588677.031510428, 
            "B": -302977178434.6946, 
            "C": -41298194.419641
        }
    ], 
    "Bifurcation: ": [
        false
    ], 
    "Flow": [
        {
            "Flow Outlet 1002": [
                0
            ], 
            "Flow Outlet 1001": [
                [
                    8.220172024254103e-05, 
                    8.539966119834277e-05, 
                    8.529391227471067e-05, 
                    8.53452851182145e-05, 
                    8.535356115873002e-05, 
                    8.536416994095063e-05, 
                    8.536511581552726e-05, 
                    8.536392942404294e-05, 
                    8.536202010309025e-05, 
                    8.536119566727027e-05, 
                    8.536237934818477e-05, 
                    8.53634751723804e-05, 
                    8.53548462599843e-05, 
                    8.53318867539683e-05, 
                    8.528210700968711e-05, 
                    8.522828243394787e-05, 
                    8.52413603440223e-05, 
                    8.53054716405283e-05, 
                    8.532992294102959e-05, 
                    8.534868997993606e-05, 
                    8.533102707271057e-05, 
                    8.532820731863322e-05, 
                    8.53356285010469e-05, 
                    8.534920657582513e-05, 
                    8.535349268682409e-05, 
                    8.534177057247526e-05, 
                    8.532128514185405e-05, 
                    8.531118690917219e-05, 
                    8.533928550074177e-05, 
                    8.536447096754946e-05, 
                    8.536622704617417e-05, 
                    8.535045094730974e-05, 
                    8.532969124035845e-05, 
                    8.531958071432378e-05
                ]
            ], 
            "Flow Inlet": [
                [
                    -8.546373809962969e-05, 
                    -8.546373809962969e-05, 
                    -8.546373809962969e-05, 
                    -8.546373809962969e-05, 
                    -8.546373809962969e-05, 
                    -8.546373809962969e-05, 
                    -8.546373809962969e-05, 
                    -8.546373809962969e-05, 
                    -8.546373809962969e-05, 
                    -8.546373809962969e-05, 
                    -8.546373809962969e-05, 
                    -8.546373809962969e-05, 
                    -8.546373809962969e-05, 
                    -8.546373809962969e-05, 
                    -8.546373809962969e-05, 
                    -8.546373809962969e-05, 
                    -8.546373809962969e-05, 
                    -8.546373809962969e-05, 
                    -8.546373809962969e-05, 
                    -8.546373809962969e-05, 
                    -8.546373809962969e-05, 
                    -8.546373809962969e-05, 
                    -8.546373809962969e-05, 
                    -8.546373809962969e-05, 
                    -8.546373809962969e-05, 
                    -8.546373809962969e-05, 
                    -8.546373809962969e-05, 
                    -8.546373809962969e-05, 
                    -8.546373809962969e-05, 
                    -8.546373809962969e-05, 
                    -8.546373809962969e-05, 
                    -8.546373809962969e-05, 
                    -8.546373809962969e-05, 
                    -8.546373809962969e-05
                ]
            ]
        }
    ], 
    "name": [
        "I:/PROYECTOS/ESTUDIANTES/Sergio/V2/GID\\Modelo_25_170_I.gid\\Modelo_25_170_I.json"
    ], 
    "Outlet 1001": [
        {
            "Center Node": 543, 
            "Reynolds(peak)": 1634.0662792703026, 
            "Centroid": [
                4.4686525919553125e-05, 
                0.0001027568349083484, 
                0.289990000000001
            ], 
            "Reynolds(mean)": 1631.090339496611, 
            "Flow_outlet(mean)": 8.524413247123789e-05, 
            "Flow_outlet(peak)": 8.539966119834277e-05, 
            "Diameter": 0.019962587721829683, 
            "Total_area_outlet": 0.00031298575517654066
        }
    ], 
    "Fluid Characteristic": [
        {
            "blood_dynamic_viscosity": 0.0035,