{
    "Outlet 1001": [
        {
            "Reynolds(peak)": 1635.4071525677903, 
            "Flow_outlet(peak)": 8.546973799190251e-05, 
            "Centroid": [
                4.586437285168538e-05, 
                0.00013679335040390328, 
                0.289990000000001
            ], 
            "Reynolds(mean)": 1632.6701171425323, 
            "Total_area_outlet": 0.00031298575517654066, 
            "Center Node": 514, 
            "Diameter": 0.019962587721829683, 
            "Flow_outlet(mean)": 8.532669489691295e-05
        }
    ], 
    "Hemodynamic Parameters_1001_AB": [
        {
            "A": -55526706.48757396, 
            "B": 640731654770.029
        }
    ], 
    "Time": [
        {
            "Time": [
                0.1, 
                0.175433565996272, 
                0.25890389879236264, 
                0.3557818788674111, 
                0.4707095915958191, 
                0.6088304319883245, 
                0.7745997849522277, 
                0.9652378853580185, 
                1.2016100751819057, 
                1.2116100751819054, 
                1.2166100751819053, 
                1.3311046586929052, 
                1.4484508427908251, 
                1.561502912771171, 
                1.6730919829876452, 
                1.7845537520238297, 
                1.8973547446119683, 
                2.027620907099493, 
                2.161503701578299, 
                2.3481266658174444, 
                2.5896899180078288, 
                2.8824303842023316, 
                2.8924303842023313, 
                2.8974303842023312, 
                3.0715225105551474, 
                3.248184708709297, 
                3.4202004021978563, 
                3.596058653355467, 
                3.7742372925747913, 
                3.950158188281164, 
                4.162052575231077, 
                4.421853421436779, 
                4.7350676504766955, 
                5.048281879516612, 
                5.361496108556528, 
                5.674710337596444, 
                5.9879245666363605, 
                6.301138795676277, 
                6.311138795676277, 
                6.3161387956762765, 
                6.471903678879619, 
                6.6258001507157, 
                6.772233365894791, 
                6.915089497430734, 
                7.056952922880377
            ]
        }
    ], 
    "Flow": [
        {
            "Flow Outlet 1002": [
                0
            ], 
            "Flow Inlet": [
                [
                    -8.549913857151272e-05, 
                    -8.549913857151272e-05, 
                    -8.549913857151272e-05, 
                    -8.549913857151272e-05, 
                    -8.549913857151272e-05, 
                    -8.549913857151272e-05, 
                    -8.549913857151272e-05, 
                    -8.549913857151272e-05, 
                    -8.549913857151272e-05, 
                    -8.549913857151272e-05, 
                    -8.549913857151272e-05, 
                    -8.549913857151272e-05, 
                    -8.549913857151272e-05, 
                    -8.549913857151272e-05, 
                    -8.549913857151272e-05, 
                    -8.549913857151272e-05, 
                    -8.549913857151272e-05, 
                    -8.549913857151272e-05, 
                    -8.549913857151272e-05, 
                    -8.549913857151272e-05, 
                    -8.549913857151272e-05, 
                    -8.549913857151272e-05, 
                    -8.549913857151272e-05, 
                    -8.549913857151272e-05, 
                    -8.549913857151272e-05, 
                    -8.549913857151272e-05, 
                    -8.549913857151272e-05, 
                    -8.549913857151272e-05, 
                    -8.549913857151272e-05, 
                    -8.549913857151272e-05, 
                    -8.549913857151272e-05, 
                    -8.549913857151272e-05, 
                    -8.549913857151272e-05, 
                    -8.549913857151272e-05, 
                    -8.549913857151272e-05, 
                    -8.549913857151272e-05, 
                    -8.549913857151272e-05, 
                    -8.549913857151272e-05, 
                    -8.549913857151272e-05, 
                    -8.549913857151272e-05, 
                    -8.549913857151272e-05, 
                    -8.549913857151272e-05, 
                    -8.549913857151272e-05, 
                    -8.549913857151272e-05, 
                    -8.549913857151272e-05
                ]
            ], 
            "Flow Outlet 1001": [
                [
                    8.233652891206934e-05, 
                    8.546973799190251e-05, 
                    8.536045076900365e-05, 
                    8.540247150694682e-05, 
                    8.540339130327572e-05, 
                    8.541240700291039e-05, 
                    8.541378285018342e-05, 
                    8.541319969055752e-05, 
                    8.541222606832675e-05, 
                    8.541320471860236e-05, 
                    8.541216494561308e-05, 
                    8.541297930339344e-05, 
                    8.541252532281814e-05, 
                    8.541278411575693e-05, 
                    8.541323615669362e-05, 
                    8.541440429570807e-05, 
                    8.541681344021076e-05, 
                    8.542066716461016e-05, 
                    8.54214247958007e-05, 
                    8.539912076828671e-05, 
                    8.533149876033639e-05, 
                    8.530604013177896e-05, 
                    8.533487727956936e-05, 
                    8.533375419659949e-05, 
                    8.533345897076739e-05, 
                    8.535271877968796e-05, 
                    8.538157093692448e-05, 
                    8.540402737839854e-05, 
                    8.540450378546695e-05, 
                    8.539485652599275e-05, 
                    8.53836689422555e-05, 
                    8.53835425050503e-05, 
                    8.540278614006297e-05, 
                    8.540411045164526e-05, 
                    8.537997607977301e-05, 
                    8.536800441759705e-05, 
                    8.537648198376993e-05, 
                    8.53977991895452e-05, 
                    8.540133718432079e-05, 
                    8.54019105288089e-05, 
                    8.541417739552028e-05, 
                    8.54118880627905e-05, 
                    8.540669123056881e-05, 
                    8.540774653887468e-05, 
                    8.541032184230718e-05
                ]
            ]
        }
    ], 
    "Bifurcation: ": [
        false
    ], 
    "Hemodynamic Parameters_1001_ABC": [
        {
            "A": 62140848.174606085, 
            "C": -2062959.6133512855, 
            "B": -718165310225.6097
        }
    ], 
    "name": [
        "I:/PROYECTOS/ESTUDIANTES/Sergio/V2/GID\\Modelo_17_170_I.gid\\Modelo_17_170_I.json"
    ], 
    "Fluid Characteristic": [
        {
            "blood_density": 1050.0, 
            "blood_dynamic_viscosity": 0.0035, 
            "blood_kinematic_viscosity": 3.3333333333333333e-06
        }
    ], 
    "Pressures": [
        {
            "Pressure Outlet 1002": [
                0
            ],