{
    "Pressures": [
        {
            "Pressure Outlet 1002": [
                0
            ], 
            "Pressure Outlet 1001": [
                [
                    0.0, 
                    0.0, 
                    0.0, 
                    0.0, 
                    0.0, 
                    0.0, 
                    0.0, 
                    0.0, 
                    0.0, 
                    0.0, 
                    0.0, 
                    0.0, 
                    0.0, 
                    0.0, 
                    0.0, 
                    0.0, 
                    0.0, 
                    0.0, 
                    0.0, 
                    0.0, 
                    0.0, 
                    0.0, 
                    0.0, 
                    0.0, 
                    0.0, 
                    0.0, 
                    0.0, 
                    0.0
                ]
            ], 
            "Pressure Inlet": [
                [
                    1229.3368157470088, 
                    -464.27452610671514, 
                    160.92470397986355, 
                    38.764552869404525, 
                    98.09774127407725, 
                    122.81749949036126, 
                    150.0553184653534, 
                    159.3892496308015, 
                    159.3083283433375, 
                    156.24652239847387, 
                    155.5906734885271, 
                    150.83712573355714, 
                    143.22340224514033, 
                    154.6215047286751, 
                    153.16369533680853, 
                    145.01036200449036, 
                    127.7675342779245, 
                    124.78653688113734, 
                    156.59199616449968, 
                    170.01094555715974, 
                    166.38214283398526, 
                    161.9767457369958, 
                    165.18598456018015, 
                    150.02516876628638, 
                    135.37207406771168, 
                    152.9790554592016, 
                    146.54001966600154, 
                    135.6848926808386
                ]
            ]
        }
    ], 
    "Hemodynamic Parameters_1001_ABC": [
        {
            "C": -17631887.956612647, 
            "B": 701060394839.541, 
            "A": -58124384.966706336
        }
    ], 
    "Fluid Characteristic": [
        {
            "blood_kinematic_viscosity": 3.3333333333333333e-06, 
            "blood_density": 1050.0, 
            "blood_dynamic_viscosity": 0.0035
        }
    ], 
    "Bifurcation: ": [
        false
    ], 
    "Time": [
        {
            "Time": [
                0.1, 
                0.1748176829985142, 
                0.2572532739263725, 
                0.35174775443976813, 
                0.4611058874494498, 
                0.5894584384242441, 
                0.729947048611304, 
                0.9026798034396712, 
                1.0913581363788327, 
                1.3163855716071715, 
                1.5933768748238288, 
                1.918063797965391, 
                2.2961956244815322, 
                2.6743274509976733, 
                3.0524592775138144, 
                3.528729598974012, 
                3.6885467374347374, 
                3.7684553066651003, 
                4.053844052477694, 
                4.3323616937300145, 
                4.614431565306064, 
                4.907071715713847, 
                5.197777534683589, 
                5.481366277900106, 
                5.81766625509328, 
                6.202022660504317, 
                6.6997214687211315, 
                7.293212398784222
            ]
        }
    ], 
    "Inlet": [
        {
            "Centroid": [
                -0.00010319409110340905, 
                -2.6215637677039877e-05, 
                -0.031420356708522716
            ], 
            "Flow_inlet(mean)": -8.554215934159632e-05, 
            "Reynolds(peak)": -1636.7850234291923, 
            "Reynolds(mean)": -1636.7850234291923, 
            "Flow_inlet(peak)": -8.554215934159632e-05, 
            "Diameter": 0.01996268363257169, 
            "Total_area_inlet": 0.00031298876267923, 
            "Center Node": 165776, 
            "Parabolic": true
        }
    ], 
    "name": [
        "I:/PROYECTOS/ESTUDIANTES/Sergio/V2/GID\\Modelo_23_145_I.gid\\Modelo_23_145_I.json"
    ], 
    "Hemodynamic Parameters_1001_AB": [
        {
            "B": -389808668388.71735, 
            "A": 31539966.642335463
        }
    ], 
    "Flow": [
        {
            "Flow Outlet 1002": [
                0
            ], 
            "Flow Inlet": [
                [
                    -8.554215934159632e-05, 
                    -8.554215934159632e-05, 
                    -8.554215934159632e-05, 
                    -8.554215934159632e-05, 
                    -8.554215934159632e-05, 
                    -8.554215934159632e-05, 
                    -8.554215934159632e-05, 
                    -8.554215934159632e-05, 
                    -8.554215934159632e-05, 
                    -8.554215934159632e-05, 
                    -8.554215934159632e-05, 
                    -8.554215934159632e-05, 
                    -8.554215934159632e-05, 
                    -8.554215934159632e-05, 
                    -8.554215934159632e-05, 
                    -8.554215934159632e-05, 
                    -8.554215934159632e-05, 
                    -8.554215934159632e-05, 
                    -8.554215934159632e-05, 
                    -8.554215934159632e-05, 
                    -8.554215934159632e-05, 
                    -8.554215934159632e-05, 
                    -8.554215934159632e-05, 
                    -8.554215934159632e-05, 
                    -8.554215934159632e-05, 
                    -8.554215934159632e-05, 
                    -8.554215934159632e-05, 
                    -8.554215934159632e-05
                ]
            ], 
            "Flow Outlet 1001": [
                [
                    8.219475025225078e-05, 
                    8.544616630081971e-05, 
                    8.537904352727671e-05, 
                    8.543279057215893e-05, 
                    8.543725722636758e-05, 
                    8.544459502775972e-05, 
                    8.544425719202598e-05, 
                    8.544335273400584e-05, 
                    8.544221337957327e-05, 
                    8.544169861577253e-05, 
                    8.544085623810775e-05, 
                    8.543645971686135e-05, 
                    8.54244015990115e-05, 
                    8.54170045589042e-05, 
                    8.541082389096048e-05, 
                    8.539147263234056e-05, 
                    8.538527290403009e-05, 
                    8.537540959010625e-05, 
                    8.538724778127999e-05, 
                    8.541999508576267e-05, 
                    8.54278910801929e-05, 
                    8.538300243055251e-05, 
                    8.53266548367175e-05, 
                    8.533414269537412e-05, 
                    8.537326145775203e-05, 
                    8.54204219736366e-05, 
                    8.542094632698183e-05, 
                    8.540291211641687e-05
                ]
            ]
        }
    ], 
    "Outlet 1001": [
        {
            "Centroid": [
                1.2343161578888893e-05, 
                9.51377092105258e-05, 
                0.26997999999999905
            ], 
            "Total_area_outlet": 0.0003129857551833543, 
            "Flow_outlet(peak)": 8.544616630081971e-05, 
            "Reynolds(peak)": 1634.956123763658, 
            "Reynolds(mean)": 1632.0802632102373, 
            "Flow_outlet(mean)": 8.529586791939287e-05,