{
    "Hemodynamic Parameters_1001_ABC": [
        {
            "C": -2126526.9091069996, 
            "B": -414450579681.46924, 
            "A": 37143573.89481886
        }
    ], 
    "Time": [
        {
            "Time": [
                0.1, 
                0.17206645412267643, 
                0.25217113174405625, 
                0.34607479091937954, 
                0.4539341321778524, 
                0.5768168879952953, 
                0.7121715985355488, 
                0.8577583317726747, 
                1.0283812576321942, 
                1.2327652695623839, 
                1.4733829603073798, 
                1.757625721699822, 
                2.099842361147023, 
                2.5212346169399726, 
                3.0317673984181095, 
                3.5423001798962463, 
                4.052832961374383, 
                4.56336574285252, 
                5.073898524330657, 
                5.584431305808794, 
                6.18338890779911, 
                6.19338890779911, 
                6.19838890779911, 
                6.491752118494186, 
                6.788877852048293, 
                7.094187303493876
            ]
        }
    ], 
    "Inlet": [
        {
            "Centroid": [
                -0.00010319409110340905, 
                -2.6215637677039877e-05, 
                -0.031420356708522716
            ], 
            "Reynolds(mean)": -1640.2928029310413, 
            "Total_area_inlet": 0.00031298876267923, 
            "Reynolds(peak)": -1640.2928029310413, 
            "Diameter": 0.01996268363257169, 
            "Parabolic": true, 
            "Center Node": 166044, 
            "Flow_inlet(mean)": -8.572548398642579e-05, 
            "Flow_inlet(peak)": -8.572548398642579e-05
        }
    ], 
    "name": [
        "D:/edu_12/V2/GID\\Modelo_22_145.gid\\Modelo_22_145.json"
    ], 
    "Outlet 1001": [
        {
            "Centroid": [
                2.1132281722222204e-05, 
                0.00012032486198441406, 
                0.26997999999999905
            ], 
            "Total_area_outlet": 0.00031298575516202547, 
            "Reynolds(mean)": 1635.7385637338557, 
            "Reynolds(peak)": 1638.506996904473, 
            "Diameter": 0.019962587721366786, 
            "Center Node": 442, 
            "Flow_outlet(peak)": 8.563174222406488e-05, 
            "Flow_outlet(mean)": 8.548705821839464e-05
        }
    ], 
    "Pressures": [
        {
            "Pressure Outlet 1002": [
                0
            ], 
            "Pressure Outlet 1001": [
                [
                    0.0, 
                    0.0, 
                    0.0, 
                    0.0, 
                    0.0, 
                    0.0, 
                    0.0, 
                    0.0, 
                    0.0, 
                    0.0, 
                    0.0, 
                    0.0, 
                    0.0, 
                    0.0, 
                    0.0, 
                    0.0, 
                    0.0, 
                    0.0, 
                    0.0, 
                    0.0, 
                    0.0, 
                    0.0, 
                    0.0, 
                    0.0, 
                    0.0, 
                    0.0
                ]
            ], 
            "Pressure Inlet": [
                [
                    1252.3431120151838, 
                    -470.6058922816189, 
                    161.19960710968297, 
                    35.730468990028726, 
                    93.07776290772159, 
                    117.91373210436602, 
                    143.6760042329004, 
                    145.05606417148272, 
                    131.31472557809252, 
                    124.2027810237867, 
                    138.3610660643833, 
                    161.7358751029377, 
                    165.485376852879, 
                    149.3458525533961, 
                    146.84875878503448, 
                    140.4085358558088, 
                    131.7078525907361, 
                    149.33217928035992, 
                    148.0569574739038, 
                    138.52967778766762, 
                    140.886983540526, 
                    149.00478312835125, 
                    142.9904905370771, 
                    142.65264136196612, 
                    137.8743502632892, 
                    145.05969700225896
                ]
            ]
        }
    ], 
    "Flow": [
        {
            "Flow Outlet 1002": [
                0
            ], 
            "Flow Outlet 1001": [
                [
                    8.251605063937984e-05, 
                    8.563174222406488e-05, 
                    8.555100676660173e-05, 
                    8.560728760086258e-05, 
                    8.561715018378827e-05, 
                    8.56283229070386e-05, 
                    8.562902548856226e-05, 
                    8.562773724416121e-05, 
                    8.562589325177652e-05, 
                    8.562484811708956e-05, 
                    8.56255209118302e-05, 
                    8.562628130256209e-05, 
                    8.562061170890115e-05, 
                    8.560961157386218e-05, 
                    8.55948379654645e-05, 
                    8.559183952895895e-05, 
                    8.560928740274077e-05, 
                    8.561805652263074e-05, 
                    8.561562623438713e-05, 
                    8.5611284057522e-05, 
                    8.55871735982721e-05, 
                    8.559266592539182e-05, 
                    8.559146278077108e-05, 
                    8.557050986762083e-05, 
                    8.557106176735482e-05, 
                    8.556861810666468e-05
                ]
            ], 
            "Flow Inlet": [
                [
                    -8.572548398642579e-05, 
                    -8.572548398642579e-05, 
                    -8.572548398642579e-05, 
                    -8.572548398642579e-05, 
                    -8.572548398642579e-05, 
                    -8.572548398642579e-05, 
                    -8.572548398642579e-05, 
                    -8.572548398642579e-05, 
                    -8.572548398642579e-05, 
                    -8.572548398642579e-05, 
                    -8.572548398642579e-05, 
                    -8.572548398642579e-05, 
                    -8.572548398642579e-05, 
                    -8.572548398642579e-05, 
                    -8.572548398642579e-05, 
                    -8.572548398642579e-05, 
                    -8.572548398642579e-05, 
                    -8.572548398642579e-05, 
                    -8.572548398642579e-05, 
                    -8.572548398642579e-05, 
                    -8.572548398642579e-05, 
                    -8.572548398642579e-05, 
                    -8.572548398642579e-05, 
                    -8.572548398642579e-05, 
                    -8.572548398642579e-05, 
                    -8.572548398642579e-05
                ]
            ]
        }
    ], 
    "Simulations_Parameters": [
        {
            "AutomaticDeltaTime": true, 
            "Dt": 0.1, 
            "Config_conditions(1:V-P-P),(2:V-V-P)": 1, 
            "SolverType(1:AMGCGL,2:AMGCL_NS_Solver,3:BICGSTABSolver)": 1, 
            "Time_vector": [
                0, 
                7.0
            ]
        }
    ], 
    "Hemodynamic Parameters_1001_AB": [
        {
            "B": 439309895211.5476, 
            "A": -39271309.90200955
        }
    ], 
    "Fluid Characteristic": [
        {
            "blood_kinematic_viscosity": 3.3333333333333333e-06, 
            "blood_density": 1050.0, 
            "blood_dynamic_viscosity": 0.0035
        }
    ], 
    "Bifurcation: ": [
        false
    ]
}