{
    "name": [
        "I:/PROYECTOS/ESTUDIANTES/Sergio/V2/GID\\Modelo_19.gid\\Modelo_19.json"
    ], 
    "Bifurcation: ": [
        false
    ], 
    "Hemodynamic Parameters_1001_AB": [
        {
            "B": 3052182115457.2217, 
            "A": -261872857.2534668
        }
    ], 
    "Outlet 1001": [
        {
            "Diameter": 0.019962590452276333, 
            "Reynolds(peak)": 1638.924143990909, 
            "Total_area_outlet": 0.00031298584079579784, 
            "Centroid": [
                -2.790748252833332e-05, 
                0.00014700342080000103, 
                0.25
            ], 
            "Reynolds(mean)": 1635.8378071787301, 
            "Flow_outlet(peak)": 8.565355490541813e-05, 
            "Flow_outlet(mean)": 8.549225658019187e-05, 
            "Center Node": 414
        }
    ], 
    "Hemodynamic Parameters_1001_ABC": [
        {
            "B": -2602547634886.1885, 
            "C": -21913194.198311925, 
            "A": 223375131.67320246
        }
    ], 
    "Inlet": [
        {
            "Diameter": 0.01996258886345206, 
            "Reynolds(peak)": -1640.2405361744395, 
            "Parabolic": true, 
            "Total_area_inlet": 0.00031298579097466033, 
            "Reynolds(mean)": -1640.2405361744395, 
            "Flow_inlet(mean)": -8.572234545242284e-05, 
            "Center Node": 135786, 
            "Flow_inlet(peak)": -8.572234545242284e-05, 
            "Centroid": [
                -0.00011264752207188776, 
                7.922032327307591e-05, 
                1.0823686532045463e-16
            ]
        }
    ], 
    "Time": [
        {
            "Time": [
                0.1, 
                0.20389922499615937, 
                0.31399469707277716, 
                0.43735164585534403, 
                0.5831330603885215, 
                0.7579953186379079, 
                0.9331333455730676, 
                1.1325828277684056, 
                1.3849437764080894, 
                1.7031460300013384, 
                2.100336691339666, 
                2.4975273526779933, 
                2.9419148633671877, 
                3.386302374056382, 
                3.9451383838588643, 
                4.5039743936613466, 
                5.062810403463828, 
                5.62164641326631, 
                5.63164641326631, 
                5.63664641326631, 
                5.914122657542776, 
                6.191598901819241, 
                6.469075146095707, 
                6.74619455146967, 
                7.0240532986887745
            ]
        }
    ], 
    "Simulations_Parameters": [
        {
            "Time_vector": [
                0, 
                7.0
            ], 
            "SolverType(1:AMGCGL,2:AMGCL_NS_Solver,3:BICGSTABSolver)": 1, 
            "AutomaticDeltaTime": true, 
            "Config_conditions(1:V-P-P),(2:V-V-P)": 1, 
            "Dt": 0.1
        }
    ], 
    "Pressures": [
        {
            "Pressure Inlet": [
                [
                    1029.080601631882, 
                    -412.0550626572858, 
                    132.5332529404925, 
                    20.99927167060855, 
                    70.49000532319712, 
                    76.41132714724563, 
                    72.42829041321656, 
                    44.81964514137918, 
                    25.61665469907452, 
                    45.648875391182905, 
                    64.97712294983423, 
                    66.66423040507361, 
                    49.42357583182349, 
                    44.87412968822674, 
                    37.62996010898294, 
                    37.686752263519494, 
                    38.76913900872542, 
                    30.162408644769496, 
                    34.71569877426276, 
                    31.09441449597336, 
                    34.321455803041516, 
                    32.44360960228745, 
                    31.72595944871914, 
                    31.65272619272442, 
                    32.16421441714387
                ]
            ], 
            "Pressure Outlet 1002": [
                0
            ], 
            "Pressure Outlet 1001": [
                [
                    0.0, 
                    0.0, 
                    0.0, 
                    0.0, 
                    0.0, 
                    0.0, 
                    0.0, 
                    0.0, 
                    0.0, 
                    0.0, 
                    0.0, 
                    0.0, 
                    0.0, 
                    0.0, 
                    0.0, 
                    0.0, 
                    0.0, 
                    0.0, 
                    0.0, 
                    0.0, 
                    0.0, 
                    0.0, 
                    0.0, 
                    0.0, 
                    0.0
                ]
            ]
        }
    ], 
    "Fluid Characteristic": [
        {
            "blood_dynamic_viscosity": 0.0035, 
            "blood_kinematic_viscosity": 3.3333333333333333e-06, 
            "blood_density": 1050.0
        }
    ], 
    "Flow": [
        {
            "Flow Inlet": [
                [
                    -8.572234545242284e-05, 
                    -8.572234545242284e-05, 
                    -8.572234545242284e-05, 
                    -8.572234545242284e-05, 
                    -8.572234545242284e-05, 
                    -8.572234545242284e-05, 
                    -8.572234545242284e-05, 
                    -8.572234545242284e-05, 
                    -8.572234545242284e-05, 
                    -8.572234545242284e-05, 
                    -8.572234545242284e-05, 
                    -8.572234545242284e-05, 
                    -8.572234545242284e-05, 
                    -8.572234545242284e-05, 
                    -8.572234545242284e-05, 
                    -8.572234545242284e-05, 
                    -8.572234545242284e-05, 
                    -8.572234545242284e-05, 
                    -8.572234545242284e-05, 
                    -8.572234545242284e-05, 
                    -8.572234545242284e-05, 
                    -8.572234545242284e-05, 
                    -8.572234545242284e-05, 
                    -8.572234545242284e-05, 
                    -8.572234545242284e-05
                ]
            ], 
            "Flow Outlet 1002": [
                0
            ], 
            "Flow Outlet 1001": [
                [
                    8.217787407763362e-05, 
                    8.56278019044396e-05, 
                    8.55768921914977e-05, 
                    8.562822471688957e-05, 
                    8.562704473246351e-05, 
                    8.563171182717746e-05, 
                    8.562895391310263e-05, 
                    8.562925306338393e-05, 
                    8.563564340222549e-05, 
                    8.564587539978956e-05, 
                    8.564185088786576e-05, 
                    8.562119930009634e-05, 
                    8.559085214354072e-05, 
                    8.559046176685091e-05, 
                    8.562857693939238e-05, 
                    8.564965234210258e-05, 
                    8.562008655321628e-05, 
                    8.56317315658478e-05, 
                    8.563387101423274e-05, 
                    8.56348237408638e-05, 
                    8.564736084686046e-05, 
                    8.565355490541813e-05, 
                    8.565175257148812e-05, 
                    8.565188892598902e-05, 
                    8.56494757724287e-05
                ]
            ]
        }
    ]
}