{
    "Pressures": [
        {
            "Pressure Outlet 1002": [
                0
            ], 
            "Pressure Outlet 1001": [
                [
                    0.0, 
                    0.0, 
                    0.0, 
                    0.0, 
                    0.0, 
                    0.0, 
                    0.0, 
                    0.0, 
                    0.0, 
                    0.0, 
                    0.0, 
                    0.0, 
                    0.0, 
                    0.0, 
                    0.0, 
                    0.0, 
                    0.0, 
                    0.0, 
                    0.0, 
                    0.0, 
                    0.0, 
                    0.0, 
                    0.0, 
                    0.0
                ]
            ], 
            "Pressure Inlet": [
                [
                    1172.6876220887223, 
                    -441.0727060372157, 
                    139.47049082279824, 
                    19.412909327711795, 
                    65.86738559160304, 
                    81.61024304668423, 
                    99.74315156280798, 
                    97.20920011855308, 
                    69.86013416003198, 
                    34.32614972482267, 
                    46.81077705978244, 
                    60.050394652290066, 
                    54.7332302638478, 
                    63.67597642980374, 
                    79.1205920815516, 
                    78.70117608310986, 
                    70.41457702954865, 
                    62.87202402807261, 
                    59.1786720561648, 
                    59.138952834315035, 
                    62.330409563554845, 
                    57.169932613465534, 
                    49.24816888446748, 
                    57.45515005339887
                ]
            ]
        }
    ], 
    "Hemodynamic Parameters_1001_ABC": [
        {
            "C": 7197257.818533063, 
            "B": -338337060764.2468, 
            "A": 29685375.704224765
        }
    ], 
    "Fluid Characteristic": [
        {
            "blood_kinematic_viscosity": 3.3333333333333333e-06, 
            "blood_density": 1050.0, 
            "blood_dynamic_viscosity": 0.0035
        }
    ], 
    "Bifurcation: ": [
        false
    ], 
    "Hemodynamic Parameters_1001_AB": [
        {
            "B": 223870335002.91635, 
            "A": -19902665.53683174
        }
    ], 
    "name": [
        "I:/PROYECTOS/ESTUDIANTES/Sergio/V2/GID/D_170\\Modelo_21_170.gid\\Modelo_21_170.json"
    ], 
    "Time": [
        {
            "Time": [
                0.1, 
                0.16644034206084585, 
                0.24123137511604428, 
                0.3305799697191732, 
                0.43746279514253383, 
                0.5576806492072861, 
                0.6982255460038163, 
                0.8643689518387158, 
                1.0640057407809949, 
                1.2955112167887206, 
                1.5270166927964464, 
                1.8107976540209487, 
                2.0945786152454513, 
                2.3783595764699537, 
                2.7033178377412015, 
                3.0954667436400887, 
                3.5915896476847284, 
                4.087712551729368, 
                4.5838354557740075, 
                5.079958359818647, 
                5.576081263863287, 
                6.072204167907927, 
                6.568327071952567, 
                7.064449975997206
            ]
        }
    ], 
    "Flow": [
        {
            "Flow Outlet 1002": [
                0
            ], 
            "Flow Inlet": [
                [
                    -8.558950508864332e-05, 
                    -8.558950508864332e-05, 
                    -8.558950508864332e-05, 
                    -8.558950508864332e-05, 
                    -8.558950508864332e-05, 
                    -8.558950508864332e-05, 
                    -8.558950508864332e-05, 
                    -8.558950508864332e-05, 
                    -8.558950508864332e-05, 
                    -8.558950508864332e-05, 
                    -8.558950508864332e-05, 
                    -8.558950508864332e-05, 
                    -8.558950508864332e-05, 
                    -8.558950508864332e-05, 
                    -8.558950508864332e-05, 
                    -8.558950508864332e-05, 
                    -8.558950508864332e-05, 
                    -8.558950508864332e-05, 
                    -8.558950508864332e-05, 
                    -8.558950508864332e-05, 
                    -8.558950508864332e-05, 
                    -8.558950508864332e-05, 
                    -8.558950508864332e-05, 
                    -8.558950508864332e-05
                ]
            ], 
            "Flow Outlet 1001": [
                [
                    8.230152378053409e-05, 
                    8.552050504244788e-05, 
                    8.544822866719179e-05, 
                    8.549347244734016e-05, 
                    8.549711930665399e-05, 
                    8.550611107071899e-05, 
                    8.550742684005306e-05, 
                    8.550659962090584e-05, 
                    8.550529848644699e-05, 
                    8.550656530471895e-05, 
                    8.551107496744928e-05, 
                    8.551217285072088e-05, 
                    8.550331726160856e-05, 
                    8.548720270931536e-05, 
                    8.546588727328406e-05, 
                    8.543536581657955e-05, 
                    8.539091650095131e-05, 
                    8.540052539769218e-05, 
                    8.546823849336953e-05, 
                    8.549017408455582e-05, 
                    8.550113303908494e-05, 
                    8.5484553114894e-05, 
                    8.547199904406962e-05, 
                    8.547140083181572e-05
                ]
            ]
        }
    ], 
    "Simulations_Parameters": [
        {
            "Config_conditions(1:V-P-P),(2:V-V-P)": 1, 
            "Dt": 0.1, 
            "AutomaticDeltaTime": true, 
            "SolverType(1:AMGCGL,2:AMGCL_NS_Solver,3:BICGSTABSolver)": 1, 
            "Time_vector": [
                0, 
                7.0
            ]
        }
    ], 
    "Outlet 1001": [
        {
            "Diameter": 0.019962588749576307, 
            "Center Node": 581, 
            "Reynolds(peak)": 1636.3784624019195, 
            "Reynolds(mean)": 1633.1054465063269, 
            "Flow_outlet(mean)": 8.534945049801678e-05, 
            "Centroid": [
                4.244701675161105e-05, 
                0.0001242352117204307, 
                0.25
            ], 
            "Total_area_outlet": 0.0003129857874038317, 
            "Flow_outlet(peak)": 8.552050504244788e-05
        }
    ], 
    "Inlet": [
        {
            "Diameter": 0.01996268363257169, 
            "Total_area_inlet": 0.00031298876267923, 
            "Reynolds(peak)": -1637.690948768067, 
            "Reynolds(mean)": -1637.690948768067, 
            "Flow_inlet(mean)": -8.558950508864332e-05, 
            "Centroid": [
                -0.00010319409110340913, 
                -2.6215637677038762e-05, 
                -0.031420356708522716
            ], 
            "Center Node": 140840, 
            "Parabolic": true, 
            "Flow_inlet(peak)": -8.558950508864332e-05
        }
    ]
}