{
    "name": [
        "D:/edu_12/V2/GID\\Modelo_18_145.gid\\Modelo_18_145.json"
    ], 
    "Outlet 1001": [
        {
            "Centroid": [
                7.287326260279325e-05, 
                0.00016334872656868533, 
                0.289990000000001
            ], 
            "Diameter": 0.019962587721829683, 
            "Reynolds(peak)": 1635.8011631574384, 
            "Flow_outlet(peak)": 8.549032979487364e-05, 
            "Reynolds(mean)": 1632.0414953990685, 
            "Flow_outlet(mean)": 8.529384183299825e-05, 
            "Center Node": 608, 
            "Total_area_outlet": 0.00031298575517654066
        }
    ], 
    "Time": [
        {
            "Time": [
                0.1, 
                0.18149968259171495, 
                0.26830165869576167, 
                0.3647626007353356, 
                0.47275604819631317, 
                0.5934800976987278, 
                0.7350079095172757, 
                0.9121281035273345, 
                1.1111288498594827, 
                1.3456254575035653, 
                1.6383887381531688, 
                1.9311520188027722, 
                2.2239152994523756, 
                2.516678580101979, 
                2.8600283446213735, 
                3.203378109140768, 
                3.546727873660162, 
                3.8900776381795565, 
                4.233427402698951, 
                4.576777167218346, 
                4.92012693173774, 
                5.263476696257134, 
                5.606826460776529, 
                5.9768520551002915, 
                6.346877649424054, 
                6.716903243747817, 
                6.726903243747817, 
                6.731903243747817, 
                6.913536812500249, 
                7.094053946971173
            ]
        }
    ], 
    "Simulations_Parameters": [
        {
            "Config_conditions(1:V-P-P),(2:V-V-P)": 1, 
            "Time_vector": [
                0, 
                7.0
            ], 
            "SolverType(1:AMGCGL,2:AMGCL_NS_Solver,3:BICGSTABSolver)": 1, 
            "AutomaticDeltaTime": true, 
            "Dt": 0.1
        }
    ], 
    "Hemodynamic Parameters_1001_ABC": [
        {
            "A": 28358478.476113975, 
            "B": -311880375447.8799, 
            "C": 6487090.471109942
        }
    ], 
    "Bifurcation: ": [
        false
    ], 
    "Flow": [
        {
            "Flow Outlet 1002": [
                0
            ], 
            "Flow Outlet 1001": [
                [
                    8.233103878470832e-05, 
                    8.549032979487364e-05, 
                    8.535970553747762e-05, 
                    8.539626356305064e-05, 
                    8.539679065949846e-05, 
                    8.540543348124775e-05, 
                    8.54060473314272e-05, 
                    8.54053717029816e-05, 
                    8.540442777777754e-05, 
                    8.540428044525291e-05, 
                    8.540423152468756e-05, 
                    8.540378220499276e-05, 
                    8.540359058789102e-05, 
                    8.540410745314153e-05, 
                    8.540308217617164e-05, 
                    8.539814386559325e-05, 
                    8.537975661305385e-05, 
                    8.536889316727243e-05, 
                    8.538371143413187e-05, 
                    8.539690786848957e-05, 
                    8.540074358557116e-05, 
                    8.535215047395863e-05, 
                    8.533076307944117e-05, 
                    8.539117643568001e-05, 
                    8.541709510989835e-05, 
                    8.540933420242787e-05, 
                    8.54028248734664e-05, 
                    8.539450291545176e-05, 
                    8.539299352514482e-05, 
                    8.53777748151861e-05
                ]
            ], 
            "Flow Inlet": [
                [
                    -8.549078962266484e-05, 
                    -8.549078962266484e-05, 
                    -8.549078962266484e-05, 
                    -8.549078962266484e-05, 
                    -8.549078962266484e-05, 
                    -8.549078962266484e-05, 
                    -8.549078962266484e-05, 
                    -8.549078962266484e-05, 
                    -8.549078962266484e-05, 
                    -8.549078962266484e-05, 
                    -8.549078962266484e-05, 
                    -8.549078962266484e-05, 
                    -8.549078962266484e-05, 
                    -8.549078962266484e-05, 
                    -8.549078962266484e-05, 
                    -8.549078962266484e-05, 
                    -8.549078962266484e-05, 
                    -8.549078962266484e-05, 
                    -8.549078962266484e-05, 
                    -8.549078962266484e-05, 
                    -8.549078962266484e-05, 
                    -8.549078962266484e-05, 
                    -8.549078962266484e-05, 
                    -8.549078962266484e-05, 
                    -8.549078962266484e-05, 
                    -8.549078962266484e-05, 
                    -8.549078962266484e-05, 
                    -8.549078962266484e-05, 
                    -8.549078962266484e-05, 
                    -8.549078962266484e-05
                ]
            ]
        }
    ], 
    "Pressures": [
        {
            "Pressure Inlet": [
                [
                    1313.4933691436886, 
                    -504.6324670831374, 
                    170.92451362430754, 
                    32.89031601436206, 
                    90.57934640314973, 
                    111.41578765747066, 
                    141.9957434376502, 
                    157.24738781840426, 
                    161.56869586021793, 
                    167.45305317851322, 
                    166.39471947063168, 
                    154.46950290457417, 
                    141.0232364875874, 
                    134.47200914547867, 
                    147.52653140460248, 
                    145.2591157734433, 
                    133.1584225889634, 
                    139.0615389518464, 
                    164.00095086580222, 
                    161.20757780867268, 
                    138.08464102172823, 
                    136.63911109741062, 
                    151.57555658627393, 
                    156.4627639220275, 
                    140.4208705000897, 
                    123.80217038098925, 
                    129.37598513043824, 
                    127.66996489749667, 
                    140.25780527249628, 
                    163.6037824519812
                ]
            ], 
            "Pressure Outlet 1002": [
                0
            ], 
            "Pressure Outlet 1001": [
                [
                    0.0, 
                    0.0, 
                    0.0, 
                    0.0, 
                    0.0, 
                    0.0, 
                    0.0, 
                    0.0, 
                    0.0, 
                    0.0, 
                    0.0, 
                    0.0, 
                    0.0, 
                    0.0, 
                    0.0, 
                    0.0, 
                    0.0, 
                    0.0, 
                    0.0, 
                    0.0, 
                    0.0, 
                    0.0, 
                    0.0, 
                    0.0, 
                    0.0, 
                    0.0, 
                    0.0, 
                    0.0, 
                    0.0, 
                    0.0
                ]
            ]
        }
    ], 
    "Hemodynamic Parameters_1001_AB": [
        {
            "A": -16613741.512070844, 
            "B": 174426888946.2078
        }
    ],