{
    "Time": [
        {
            "Time": [
                0.1, 
                0.1628831772431757, 
                0.23309443850642192, 
                0.312766133051391, 
                0.4011126131794341, 
                0.4991896803515669, 
                0.6115393704350567, 
                0.7446418718013823, 
                0.904688380477418, 
                1.0974987485075653, 
                1.3299768045017928, 
                1.6096535587684357, 
                1.9449082802300117, 
                2.2801630016915877, 
                2.615417723153164, 
                3.016414835588165, 
                3.4977028251863347, 
                3.9789908147845043, 
                4.460278804382674, 
                4.941566793980844, 
                5.519337864363514, 
                5.529337864363514, 
                5.534337864363514, 
                5.823160183703148, 
                6.111845371481854, 
                6.400607506420476, 
                6.689418127023649, 
                6.978309939830088, 
                7.267323488308215
            ]
        }
    ], 
    "Inlet": [
        {
            "Total_area_inlet": 0.00031298876267923, 
            "Centroid": [
                -0.00010319409110340905, 
                -2.6215637677039877e-05, 
                -0.031420356708522716
            ], 
            "Parabolic": true, 
            "Diameter": 0.01996268363257169, 
            "Reynolds(mean)": -1636.6833367143477, 
            "Flow_inlet(peak)": -8.55368449594144e-05, 
            "Flow_inlet(mean)": -8.55368449594144e-05, 
            "Reynolds(peak)": -1636.6833367143477, 
            "Center Node": 103772
        }
    ], 
    "Hemodynamic Parameters_1001_ABC": [
        {
            "A": -9231598.239313602, 
            "B": 127922939274.4834, 
            "C": 2149211.969814703
        }
    ], 
    "name": [
        "I:/PROYECTOS/ESTUDIANTES/Sergio/V2/GID\\Modelo_15_145_I.gid\\Modelo_15_145_I.json"
    ], 
    "Bifurcation: ": [
        false
    ], 
    "Fluid Characteristic": [
        {
            "blood_density": 1050.0, 
            "blood_kinematic_viscosity": 3.3333333333333333e-06, 
            "blood_dynamic_viscosity": 0.0035
        }
    ], 
    "Hemodynamic Parameters_1001_AB": [
        {
            "A": 20339158.68623973, 
            "B": -257945074650.69348
        }
    ], 
    "Simulations_Parameters": [
        {
            "Config_conditions(1:V-P-P),(2:V-V-P)": 1, 
            "Dt": 0.1, 
            "AutomaticDeltaTime": true, 
            "Time_vector": [
                0, 
                7.0
            ], 
            "SolverType(1:AMGCGL,2:AMGCL_NS_Solver,3:BICGSTABSolver)": 1
        }
    ], 
    "Flow": [
        {
            "Flow Outlet 1001": [
                [
                    8.224510373792145e-05, 
                    8.542454212466114e-05, 
                    8.536306118081362e-05, 
                    8.541624855375616e-05, 
                    8.542370320364626e-05, 
                    8.543479529292481e-05, 
                    8.543887139668521e-05, 
                    8.54404055495751e-05, 
                    8.543930916329203e-05, 
                    8.543816355208587e-05, 
                    8.543753920297169e-05, 
                    8.543666990270212e-05, 
                    8.543942052399038e-05, 
                    8.544408202935375e-05, 
                    8.54393614226608e-05, 
                    8.542529067254027e-05, 
                    8.539540018708305e-05, 
                    8.537121455119797e-05, 
                    8.539161830918472e-05, 
                    8.543078617800887e-05, 
                    8.54170127741982e-05, 
                    8.540446831832026e-05, 
                    8.53951979877415e-05, 
                    8.530740879435443e-05, 
                    8.528656631284326e-05, 
                    8.538010836738679e-05, 
                    8.542081990306548e-05, 
                    8.534079405242355e-05, 
                    8.531970083545091e-05
                ]
            ], 
            "Flow Outlet 1002": [
                0
            ], 
            "Flow Inlet": [
                [
                    -8.55368449594144e-05, 
                    -8.55368449594144e-05, 
                    -8.55368449594144e-05, 
                    -8.55368449594144e-05, 
                    -8.55368449594144e-05, 
                    -8.55368449594144e-05, 
                    -8.55368449594144e-05, 
                    -8.55368449594144e-05, 
                    -8.55368449594144e-05, 
                    -8.55368449594144e-05, 
                    -8.55368449594144e-05, 
                    -8.55368449594144e-05, 
                    -8.55368449594144e-05, 
                    -8.55368449594144e-05, 
                    -8.55368449594144e-05, 
                    -8.55368449594144e-05, 
                    -8.55368449594144e-05, 
                    -8.55368449594144e-05, 
                    -8.55368449594144e-05, 
                    -8.55368449594144e-05, 
                    -8.55368449594144e-05, 
                    -8.55368449594144e-05, 
                    -8.55368449594144e-05, 
                    -8.55368449594144e-05, 
                    -8.55368449594144e-05, 
                    -8.55368449594144e-05, 
                    -8.55368449594144e-05, 
                    -8.55368449594144e-05, 
                    -8.55368449594144e-05
                ]
            ]
        }
    ], 
    "Pressures": [
        {
            "Pressure Outlet 1001": [
                [
                    0.0, 
                    0.0, 
                    0.0, 
                    0.0, 
                    0.0, 
                    0.0, 
                    0.0, 
                    0.0, 
                    0.0, 
                    0.0, 
                    0.0, 
                    0.0, 
                    0.0, 
                    0.0, 
                    0.0, 
                    0.0, 
                    0.0, 
                    0.0, 
                    0.0, 
                    0.0, 
                    0.0, 
                    0.0, 
                    0.0, 
                    0.0, 
                    0.0, 
                    0.0, 
                    0.0, 
                    0.0, 
                    0.0
                ]
            ], 
            "Pressure Outlet 1002": [
                0
            ],