{
    "Simulations_Parameters": [
        {
            "AutomaticDeltaTime": true, 
            "Time_vector": [
                0, 
                7.0
            ], 
            "SolverType(1:AMGCGL,2:AMGCL_NS_Solver,3:BICGSTABSolver)": 1, 
            "Dt": 0.1, 
            "Config_conditions(1:V-P-P),(2:V-V-P)": 1
        }
    ], 
    "Pressures": [
        {
            "Pressure Outlet 1002": [
                0
            ], 
            "Pressure Outlet 1001": [
                [
                    0.0, 
                    0.0, 
                    0.0, 
                    0.0, 
                    0.0, 
                    0.0, 
                    0.0, 
                    0.0, 
                    0.0, 
                    0.0, 
                    0.0, 
                    0.0, 
                    0.0, 
                    0.0, 
                    0.0, 
                    0.0, 
                    0.0, 
                    0.0, 
                    0.0, 
                    0.0, 
                    0.0, 
                    0.0, 
                    0.0, 
                    0.0, 
                    0.0, 
                    0.0, 
                    0.0, 
                    0.0, 
                    0.0, 
                    0.0, 
                    0.0, 
                    0.0, 
                    0.0, 
                    0.0, 
                    0.0, 
                    0.0, 
                    0.0, 
                    0.0
                ]
            ], 
            "Pressure Inlet": [
                [
                    1366.2484671484967, 
                    -497.2939960532436, 
                    188.35052567225407, 
                    62.34504271654961, 
                    130.9577651792048, 
                    158.59698387599173, 
                    186.47821720582843, 
                    206.9900427506847, 
                    214.28620585570133, 
                    220.43006045475948, 
                    236.6225747408877, 
                    225.15201647815582, 
                    217.97829152204494, 
                    220.19462015647846, 
                    208.68979482613761, 
                    191.49152391193863, 
                    188.48152665100798, 
                    201.00716417564377, 
                    206.19678927983367, 
                    212.56448135618868, 
                    220.08377555373144, 
                    211.5381842889987, 
                    187.49327520016766, 
                    185.1155934832893, 
                    209.3346576830612, 
                    225.13079663508069, 
                    241.84636188977964, 
                    234.84568112321722, 
                    226.06928145706348, 
                    221.75423899359942, 
                    209.29190158151232, 
                    220.53952864032732, 
                    230.55527283585076, 
                    218.7111470724761, 
                    199.0993967176975, 
                    192.81768773416783, 
                    211.8602533362609, 
                    221.83286958680662
                ]
            ]
        }
    ], 
    "Inlet": [
        {
            "Reynolds(peak)": -1636.4741673650897, 
            "Reynolds(mean)": -1636.4741673650897, 
            "Flow_inlet(peak)": -8.552591328692993e-05, 
            "Centroid": [
                -0.00010319409110340905, 
                -2.6215637677039877e-05, 
                -0.031420356708522716
            ], 
            "Flow_inlet(mean)": -8.552591328692993e-05, 
            "Center Node": 77979, 
            "Parabolic": true, 
            "Diameter": 0.01996268363257169, 
            "Total_area_inlet": 0.00031298876267923
        }
    ], 
    "Hemodynamic Parameters_1001_AB": [
        {
            "B": 695492272918.2422, 
            "A": -61898447.179716624
        }
    ], 
    "Hemodynamic Parameters_1001_ABC": [
        {
            "C": -2418368.563192621, 
            "B": -496462007444.78906, 
            "A": 44897104.24234879
        }
    ], 
    "Bifurcation: ": [
        false
    ], 
    "Flow": [
        {
            "Flow Outlet 1002": [
                0
            ], 
            "Flow Inlet": [
                [
                    -8.552591328692993e-05, 
                    -8.552591328692993e-05, 
                    -8.552591328692993e-05, 
                    -8.552591328692993e-05, 
                    -8.552591328692993e-05, 
                    -8.552591328692993e-05, 
                    -8.552591328692993e-05, 
                    -8.552591328692993e-05, 
                    -8.552591328692993e-05, 
                    -8.552591328692993e-05, 
                    -8.552591328692993e-05, 
                    -8.552591328692993e-05, 
                    -8.552591328692993e-05, 
                    -8.552591328692993e-05, 
                    -8.552591328692993e-05, 
                    -8.552591328692993e-05, 
                    -8.552591328692993e-05, 
                    -8.552591328692993e-05, 
                    -8.552591328692993e-05, 
                    -8.552591328692993e-05, 
                    -8.552591328692993e-05, 
                    -8.552591328692993e-05, 
                    -8.552591328692993e-05, 
                    -8.552591328692993e-05, 
                    -8.552591328692993e-05, 
                    -8.552591328692993e-05, 
                    -8.552591328692993e-05, 
                    -8.552591328692993e-05, 
                    -8.552591328692993e-05, 
                    -8.552591328692993e-05, 
                    -8.552591328692993e-05, 
                    -8.552591328692993e-05, 
                    -8.552591328692993e-05, 
                    -8.552591328692993e-05, 
                    -8.552591328692993e-05, 
                    -8.552591328692993e-05, 
                    -8.552591328692993e-05, 
                    -8.552591328692993e-05
                ]
            ], 
            "Flow Outlet 1001": [
                [
                    8.224959822159886e-05, 
                    8.545649636235252e-05, 
                    8.539503220514563e-05, 
                    8.542517312766908e-05, 
                    8.54269581073545e-05, 
                    8.543573246362138e-05, 
                    8.543841795576042e-05, 
                    8.543779096234548e-05, 
                    8.543655993181928e-05, 
                    8.54347410447108e-05, 
                    8.543778876080422e-05, 
                    8.543578110075101e-05, 
                    8.543363431961122e-05, 
                    8.543078182145286e-05, 
                    8.542327288956652e-05, 
                    8.540307303794568e-05, 
                    8.53885442298958e-05, 
                    8.540584820854176e-05, 
                    8.543514562927819e-05, 
                    8.541266671873426e-05, 
                    8.539823602651815e-05, 
                    8.540927648869271e-05, 
                    8.542898758831101e-05, 
                    8.543371893956399e-05, 
                    8.543207328300081e-05, 
                    8.539524292421468e-05, 
                    8.539394836898129e-05, 
                    8.537827843687536e-05, 
                    8.532246457677307e-05, 
                    8.529880834858509e-05, 
                    8.529174635721169e-05, 
                    8.535364579083764e-05, 
                    8.541423828133431e-05, 
                    8.543491680773387e-05, 
                    8.542694937697111e-05, 
                    8.540266080903067e-05, 
                    8.541222942822331e-05, 
                    8.54236148611941e-05
                ]
            ]
        }
    ],