{
    "Pressures": [
        {
            "Pressure Outlet 1002": [
                0
            ], 
            "Pressure Outlet 1001": [
                [
                    0.0, 
                    0.0, 
                    0.0, 
                    0.0, 
                    0.0, 
                    0.0, 
                    0.0, 
                    0.0, 
                    0.0, 
                    0.0, 
                    0.0, 
                    0.0, 
                    0.0, 
                    0.0, 
                    0.0, 
                    0.0, 
                    0.0, 
                    0.0, 
                    0.0, 
                    0.0, 
                    0.0, 
                    0.0, 
                    0.0, 
                    0.0, 
                    0.0
                ]
            ], 
            "Pressure Inlet": [
                [
                    1174.71164069837, 
                    -419.8812845517699, 
                    130.5430264640304, 
                    19.449699207138227, 
                    56.79330764579352, 
                    67.0569947832042, 
                    86.77519220944119, 
                    97.58370129980284, 
                    93.26871859569857, 
                    67.16863011453654, 
                    35.52863999376072, 
                    46.49582348402787, 
                    50.231306035408394, 
                    46.385901070390766, 
                    66.19862452699522, 
                    74.32720403463055, 
                    75.88954271792677, 
                    68.14892435325851, 
                    66.87965135441995, 
                    63.173240772983846, 
                    64.44953321824244, 
                    60.466566178995414, 
                    60.311120767250735, 
                    64.04159504022799, 
                    61.62398182230808
                ]
            ]
        }
    ], 
    "Bifurcation: ": [
        false
    ], 
    "name": [
        "I:/PROYECTOS/ESTUDIANTES/Sergio/V2/GID\\Modelo_20_170_I.gid\\Modelo_20_170_I.json"
    ], 
    "Flow": [
        {
            "Flow Inlet": [
                [
                    -8.549703950611382e-05, 
                    -8.549703950611382e-05, 
                    -8.549703950611382e-05, 
                    -8.549703950611382e-05, 
                    -8.549703950611382e-05, 
                    -8.549703950611382e-05, 
                    -8.549703950611382e-05, 
                    -8.549703950611382e-05, 
                    -8.549703950611382e-05, 
                    -8.549703950611382e-05, 
                    -8.549703950611382e-05, 
                    -8.549703950611382e-05, 
                    -8.549703950611382e-05, 
                    -8.549703950611382e-05, 
                    -8.549703950611382e-05, 
                    -8.549703950611382e-05, 
                    -8.549703950611382e-05, 
                    -8.549703950611382e-05, 
                    -8.549703950611382e-05, 
                    -8.549703950611382e-05, 
                    -8.549703950611382e-05, 
                    -8.549703950611382e-05, 
                    -8.549703950611382e-05, 
                    -8.549703950611382e-05, 
                    -8.549703950611382e-05
                ]
            ], 
            "Flow Outlet 1002": [
                0
            ], 
            "Flow Outlet 1001": [
                [
                    8.224719956075449e-05, 
                    8.532726929876646e-05, 
                    8.528700108398641e-05, 
                    8.534152747767122e-05, 
                    8.535887470285894e-05, 
                    8.537791955456766e-05, 
                    8.53864827816482e-05, 
                    8.53901503424056e-05, 
                    8.538964099256624e-05, 
                    8.538896668588923e-05, 
                    8.539218160973483e-05, 
                    8.539980006723763e-05, 
                    8.540329464328213e-05, 
                    8.539640504519326e-05, 
                    8.537885434675237e-05, 
                    8.537460199712954e-05, 
                    8.536164896275984e-05, 
                    8.532950696935396e-05, 
                    8.529911935531496e-05, 
                    8.532150354541013e-05, 
                    8.534482538634987e-05, 
                    8.537068123330443e-05, 
                    8.538813966516442e-05, 
                    8.539726000415075e-05, 
                    8.537081988433163e-05
                ]
            ]
        }
    ], 
    "Time": [
        {
            "Time": [
                0.1, 
                0.1508186128426428, 
                0.20779377090042894, 
                0.27412148132171854, 
                0.3514363185278757, 
                0.4425381307114217, 
                0.551188342456426, 
                0.6814519258390297, 
                0.8332773453659124, 
                1.0207715294716688, 
                1.2440781342757934, 
                1.5015827439318095, 
                1.7590873535878255, 
                2.0165919632438416, 
                2.3251498232978283, 
                2.633707683351815, 
                2.9422655434058016, 
                3.3678070457670835, 
                3.7933485481283653, 
                4.240634160236665, 
                4.848397274055494, 
                5.4561603878743234, 
                6.063923501693153, 
                6.671686615511982, 
                7.3284202532981455
            ]
        }
    ], 
    "Simulations_Parameters": [
        {
            "AutomaticDeltaTime": true, 
            "Dt": 0.1, 
            "Config_conditions(1:V-P-P),(2:V-V-P)": 1, 
            "SolverType(1:AMGCGL,2:AMGCL_NS_Solver,3:BICGSTABSolver)": 1, 
            "Time_vector": [
                0, 
                7.0
            ]
        }
    ], 
    "Inlet": [
        {
            "Diameter": 0.01996268363257169, 
            "Reynolds(peak)": -1635.9216892376571, 
            "Reynolds(mean)": -1635.9216892376571, 
            "Flow_inlet(mean)": -8.549703950611382e-05, 
            "Parabolic": true, 
            "Flow_inlet(peak)": -8.549703950611382e-05, 
            "Center Node": 140850, 
            "Total_area_inlet": 0.00031298876267923, 
            "Centroid": [
                -0.00010319409110340905, 
                -2.6215637677039877e-05, 
                -0.031420356708522716
            ]
        }
    ], 
    "Hemodynamic Parameters_1001_ABC": [
        {
            "A": 147771880.88082474, 
            "B": -1722109555098.041, 
            "C": 73686079.99524194
        }
    ], 
    "Hemodynamic Parameters_1001_AB": [
        {
            "A": -61616456.6864121, 
            "B": 712703647315.0492
        }
    ], 
    "Fluid Characteristic": [
        {
            "blood_dynamic_viscosity": 0.0035, 
            "blood_density": 1050.0, 
            "blood_kinematic_viscosity": 3.3333333333333333e-06
        }
    ], 
    "Outlet 1001": [
        {
            "Diameter": 0.019962587721829676, 
            "Flow_outlet(mean)": 8.524094700786337e-05, 
            "Flow_outlet(peak)": 8.540329464328213e-05, 
            "Reynolds(mean)": 1631.029387752645, 
            "Reynolds(peak)": 1634.1358028465052, 
            "Center Node": 497, 
            "Total_area_outlet": 0.0003129857551765405, 
            "Centroid": [
                7.705501106926971e-05, 
                0.00014089454130671288, 
                0.25
            ]
        }
    ]
}