{
    "Pressures": [
        {
            "Pressure Outlet 1002": [
                0
            ], 
            "Pressure Outlet 1001": [
                [
                    0.0, 
                    0.0, 
                    0.0, 
                    0.0, 
                    0.0, 
                    0.0, 
                    0.0, 
                    0.0, 
                    0.0, 
                    0.0, 
                    0.0, 
                    0.0, 
                    0.0, 
                    0.0, 
                    0.0, 
                    0.0, 
                    0.0, 
                    0.0, 
                    0.0, 
                    0.0, 
                    0.0, 
                    0.0, 
                    0.0, 
                    0.0, 
                    0.0, 
                    0.0, 
                    0.0, 
                    0.0, 
                    0.0, 
                    0.0, 
                    0.0, 
                    0.0, 
                    0.0, 
                    0.0
                ]
            ], 
            "Pressure Inlet": [
                [
                    1366.7952287992055, 
                    -543.8843693941633, 
                    219.08152320693486, 
                    83.6367778024401, 
                    165.80498885333697, 
                    180.84259713461924, 
                    202.61406248069645, 
                    208.54218634455526, 
                    218.34192988367298, 
                    202.08189699548507, 
                    213.57940457832217, 
                    221.7605449618586, 
                    228.6612861624433, 
                    236.35010135960948, 
                    223.65654436003953, 
                    230.38922187688516, 
                    205.99839191244087, 
                    195.92826802197993, 
                    194.08432689761136, 
                    179.4864245457204, 
                    188.58874345955397, 
                    202.53162518665076, 
                    187.4278543315799, 
                    202.2711374215684, 
                    207.2584380197985, 
                    226.79717198284308, 
                    229.78900142192242, 
                    228.07762348371608, 
                    212.91861958229575, 
                    226.74844866065814, 
                    205.06031904710008, 
                    203.05516114917177, 
                    230.59827132362196, 
                    235.81428380405112
                ]
            ]
        }
    ], 
    "Fluid Characteristic": [
        {
            "blood_dynamic_viscosity": 0.0035, 
            "blood_density": 1050.0, 
            "blood_kinematic_viscosity": 3.3333333333333333e-06
        }
    ], 
    "Hemodynamic Parameters_1001_AB": [
        {
            "A": -322524068.7847481, 
            "B": 3744438478274.0815
        }
    ], 
    "name": [
        "I:/PROYECTOS/ESTUDIANTES/Sergio/V2/GID\\Modelo_6_120.gid\\Modelo_6_120.json"
    ], 
    "Time": [
        {
            "Time": [
                0.1, 
                0.25131229759756324, 
                0.40028764291119356, 
                0.5331740554069594, 
                0.6696473274862299, 
                0.8255009931632029, 
                0.9974941422687571, 
                1.1992574518267523, 
                1.4372594900718045, 
                1.7267877766331763, 
                2.08033513312383, 
                2.4920003720323125, 
                2.903665610940795, 
                2.913665610940795, 
                2.9186656109407947, 
                3.125388516965606, 
                3.3329019216734905, 
                3.5384085765422335, 
                3.7333452178298354, 
                3.9242412094889603, 
                4.127222608219949, 
                4.386147370296537, 
                4.696613318973956, 
                5.051155143397237, 
                5.405696967820518, 
                5.760238792243799, 
                6.11478061666708, 
                6.1247806166670795, 
                6.129780616667079, 
                6.34247517609109, 
                6.543412218765676, 
                6.767210199894299, 
                6.977578635445694, 
                7.185693814210796
            ]
        }
    ], 
    "Flow": [
        {
            "Flow Inlet": [
                [
                    -8.552914850644214e-05, 
                    -8.552914850644214e-05, 
                    -8.552914850644214e-05, 
                    -8.552914850644214e-05, 
                    -8.552914850644214e-05, 
                    -8.552914850644214e-05, 
                    -8.552914850644214e-05, 
                    -8.552914850644214e-05, 
                    -8.552914850644214e-05, 
                    -8.552914850644214e-05, 
                    -8.552914850644214e-05, 
                    -8.552914850644214e-05, 
                    -8.552914850644214e-05, 
                    -8.552914850644214e-05, 
                    -8.552914850644214e-05, 
                    -8.552914850644214e-05, 
                    -8.552914850644214e-05, 
                    -8.552914850644214e-05, 
                    -8.552914850644214e-05, 
                    -8.552914850644214e-05, 
                    -8.552914850644214e-05, 
                    -8.552914850644214e-05, 
                    -8.552914850644214e-05, 
                    -8.552914850644214e-05, 
                    -8.552914850644214e-05, 
                    -8.552914850644214e-05, 
                    -8.552914850644214e-05, 
                    -8.552914850644214e-05, 
                    -8.552914850644214e-05, 
                    -8.552914850644214e-05, 
                    -8.552914850644214e-05, 
                    -8.552914850644214e-05, 
                    -8.552914850644214e-05, 
                    -8.552914850644214e-05
                ]
            ], 
            "Flow Outlet 1002": [
                0
            ], 
            "Flow Outlet 1001": [
                [
                    8.219828641337651e-05, 
                    8.558923500290601e-05, 
                    8.545364231340365e-05, 
                    8.54809331679838e-05, 
                    8.546689925003184e-05, 
                    8.546882858328902e-05, 
                    8.546641106148995e-05, 
                    8.546614954898592e-05, 
                    8.546553049314595e-05, 
                    8.545775214196382e-05, 
                    8.544932943328918e-05, 
                    8.547708294279243e-05, 
                    8.544839021101756e-05, 
                    8.544500499337925e-05, 
                    8.543573474278412e-05, 
                    8.543273640554983e-05, 
                    8.546391479923988e-05, 
                    8.548157019054241e-05, 
                    8.548213890018815e-05, 
                    8.546847376841343e-05, 
                    8.544951490738873e-05, 
                    8.54361367088455e-05, 
                    8.546158463158907e-05, 
                    8.545881196078167e-05, 
                    8.544263476519802e-05, 
                    8.543278860406854e-05, 
                    8.543410242156583e-05, 
                    8.543674755693336e-05, 
                    8.54345126644525e-05, 
                    8.54701472904235e-05, 
                    8.547057957781222e-05, 
                    8.54462814894256e-05, 
                    8.544063766837804e-05, 
                    8.54197767553547e-05
                ]
            ]
        }
    ], 
    "Simulations_Parameters": [
        {
            "AutomaticDeltaTime": true, 
            "Time_vector": [
                0, 
                7.0
            ], 
            "Dt": 0.1, 
            "SolverType(1:AMGCGL,2:AMGCL_NS_Solver,3:BICGSTABSolver)": 1, 
            "Config_conditions(1:V-P-P),(2:V-V-P)": 1
        }
    ], 
    "Bifurcation: ": [
        false
    ],