{
    "Hemodynamic Parameters_1001_AB": [
        {
            "A": -88180581.93703973, 
            "B": 999782157986.8197
        }
    ], 
    "Flow": [
        {
            "Flow Outlet 1001": [
                [
                    8.249551987456052e-05, 
                    8.563680890819873e-05, 
                    8.558167130216801e-05, 
                    8.564615868391791e-05, 
                    8.565481621754471e-05, 
                    8.566461879836145e-05, 
                    8.566538389278598e-05, 
                    8.566462188735375e-05, 
                    8.566339864675178e-05, 
                    8.566277318017171e-05, 
                    8.566288108433722e-05, 
                    8.566396798119715e-05, 
                    8.56637862414766e-05, 
                    8.565127413358203e-05, 
                    8.560268545876285e-05, 
                    8.553051184627577e-05, 
                    8.550931103966814e-05, 
                    8.558130441938013e-05, 
                    8.564101897123581e-05, 
                    8.565738449498606e-05, 
                    8.564939953196818e-05
                ]
            ], 
            "Flow Outlet 1002": [
                0
            ], 
            "Flow Inlet": [
                [
                    -8.577983032430164e-05, 
                    -8.577983032430164e-05, 
                    -8.577983032430164e-05, 
                    -8.577983032430164e-05, 
                    -8.577983032430164e-05, 
                    -8.577983032430164e-05, 
                    -8.577983032430164e-05, 
                    -8.577983032430164e-05, 
                    -8.577983032430164e-05, 
                    -8.577983032430164e-05, 
                    -8.577983032430164e-05, 
                    -8.577983032430164e-05, 
                    -8.577983032430164e-05, 
                    -8.577983032430164e-05, 
                    -8.577983032430164e-05, 
                    -8.577983032430164e-05, 
                    -8.577983032430164e-05, 
                    -8.577983032430164e-05, 
                    -8.577983032430164e-05, 
                    -8.577983032430164e-05, 
                    -8.577983032430164e-05
                ]
            ]
        }
    ], 
    "Hemodynamic Parameters_1001_ABC": [
        {
            "A": -33274718.587355733, 
            "C": -101338278.49723303, 
            "B": 419089675189.68945
        }
    ], 
    "Outlet 1001": [
        {
            "Center Node": 374, 
            "Total_area_outlet": 0.00031298575517654055, 
            "Reynolds(peak)": 1639.1507080435977, 
            "Diameter": 0.01996258772182968, 
            "Reynolds(mean)": 1635.6666495590384, 
            "Centroid": [
                5.8627086397206703e-05, 
                0.00010353839509326638, 
                0.26997999999999905
            ], 
            "Flow_outlet(mean)": 8.548329983784212e-05, 
            "Flow_outlet(peak)": 8.566538389278598e-05
        }
    ], 
    "Time": [
        {
            "Time": [
                0.1, 
                0.1786520357315392, 
                0.2660168954082897, 
                0.36761608352807673, 
                0.481378103403411, 
                0.6026630346913832, 
                0.7428628167564096, 
                0.8841511434855728, 
                1.0559878465251866, 
                1.2555066206133672, 
                1.4862301329626726, 
                1.7791636158291873, 
                2.1657577942487993, 
                2.627248992114055, 
                3.1562679541250596, 
                3.7931295855127236, 
                4.429991216900388, 
                5.212736184726562, 
                5.995481152552736, 
                6.77822612037891, 
                7.690703228191202
            ]
        }
    ], 
    "Inlet": [
        {
            "Total_area_inlet": 0.00031298876267923, 
            "Center Node": 167640, 
            "Parabolic": true, 
            "Reynolds(peak)": -1641.3326793217952, 
            "Diameter": 0.01996268363257169, 
            "Reynolds(mean)": -1641.3326793217952, 
            "Flow_inlet(peak)": -8.577983032430164e-05, 
            "Centroid": [
                -0.00010319409110340905, 
                -2.6215637677039877e-05, 
                -0.031420356708522716
            ], 
            "Flow_inlet(mean)": -8.577983032430164e-05
        }
    ], 
    "Bifurcation: ": [
        false
    ], 
    "Fluid Characteristic": [
        {
            "blood_density": 1050.0, 
            "blood_kinematic_viscosity": 3.3333333333333333e-06, 
            "blood_dynamic_viscosity": 0.0035
        }
    ], 
    "Pressures": [
        {
            "Pressure Outlet 1001": [
                [
                    0.0, 
                    0.0, 
                    0.0, 
                    0.0, 
                    0.0, 
                    0.0, 
                    0.0, 
                    0.0, 
                    0.0, 
                    0.0, 
                    0.0, 
                    0.0, 
                    0.0, 
                    0.0, 
                    0.0, 
                    0.0, 
                    0.0, 
                    0.0, 
                    0.0, 
                    0.0, 
                    0.0
                ]
            ], 
            "Pressure Outlet 1002": [
                0
            ], 
            "Pressure Inlet": [
                [
                    1260.7698212736482, 
                    -466.5041849420134, 
                    189.7067424176554, 
                    80.96158292716147, 
                    164.6672110143125, 
                    202.3260699195836, 
                    228.22570939938961, 
                    236.1479500989647, 
                    238.3525275908247, 
                    241.00417214643127, 
                    227.36416183613008, 
                    211.64983317627133, 
                    213.19421664446529, 
                    228.00323977852963, 
                    226.6550121644411, 
                    232.9076051363338, 
                    236.22103628119928, 
                    210.93155478779957, 
                    197.11654629067252, 
                    213.4337731845146, 
                    225.25069603768955
                ]
            ]
        }
    ], 
    "Simulations_Parameters": [
        {
            "Dt": 0.1, 
            "SolverType(1:AMGCGL,2:AMGCL_NS_Solver,3:BICGSTABSolver)": 1, 
            "AutomaticDeltaTime": true, 
            "Config_conditions(1:V-P-P),(2:V-V-P)": 1, 
            "Time_vector": [
                0, 
                7.0
            ]
        }
    ], 
    "name": [
        "D:/edu_12/V2/GID\\Modelo_24_120_I.gid\\Modelo_24_120_I.json"
    ]
}