{
    "Flow": [
        {
            "Flow Outlet 1001": [
                [
                    8.232004651335607e-05, 
                    8.559130320500979e-05, 
                    8.547470542825771e-05, 
                    8.549319157119889e-05, 
                    8.54904091216882e-05, 
                    8.549553449979361e-05, 
                    8.549454678085146e-05, 
                    8.549364873464417e-05, 
                    8.549307051594229e-05, 
                    8.549331315380154e-05, 
                    8.549431273607002e-05, 
                    8.549571062026799e-05, 
                    8.549655269313256e-05, 
                    8.549758570706801e-05, 
                    8.550059327548914e-05, 
                    8.54994210753942e-05, 
                    8.547230560872536e-05, 
                    8.543819521476042e-05, 
                    8.546891632041756e-05, 
                    8.548378021001119e-05, 
                    8.548356078430149e-05, 
                    8.550701140220749e-05, 
                    8.55068055440184e-05, 
                    8.549895336892637e-05, 
                    8.549675010650215e-05, 
                    8.548257885087434e-05, 
                    8.547311155821503e-05, 
                    8.54880976002762e-05, 
                    8.551693232274606e-05, 
                    8.551249158194747e-05, 
                    8.54930131584372e-05, 
                    8.548105430464623e-05
                ]
            ], 
            "Flow Outlet 1002": [
                0
            ], 
            "Flow Inlet": [
                [
                    -8.55634545792916e-05, 
                    -8.55634545792916e-05, 
                    -8.55634545792916e-05, 
                    -8.55634545792916e-05, 
                    -8.55634545792916e-05, 
                    -8.55634545792916e-05, 
                    -8.55634545792916e-05, 
                    -8.55634545792916e-05, 
                    -8.55634545792916e-05, 
                    -8.55634545792916e-05, 
                    -8.55634545792916e-05, 
                    -8.55634545792916e-05, 
                    -8.55634545792916e-05, 
                    -8.55634545792916e-05, 
                    -8.55634545792916e-05, 
                    -8.55634545792916e-05, 
                    -8.55634545792916e-05, 
                    -8.55634545792916e-05, 
                    -8.55634545792916e-05, 
                    -8.55634545792916e-05, 
                    -8.55634545792916e-05, 
                    -8.55634545792916e-05, 
                    -8.55634545792916e-05, 
                    -8.55634545792916e-05, 
                    -8.55634545792916e-05, 
                    -8.55634545792916e-05, 
                    -8.55634545792916e-05, 
                    -8.55634545792916e-05, 
                    -8.55634545792916e-05, 
                    -8.55634545792916e-05, 
                    -8.55634545792916e-05, 
                    -8.55634545792916e-05
                ]
            ]
        }
    ], 
    "Inlet": [
        {
            "Total_area_inlet": 0.00031298876267923, 
            "Parabolic": true, 
            "Center Node": 188917, 
            "Centroid": [
                -0.00010319409110340905, 
                -2.6215637677039877e-05, 
                -0.031420356708522716
            ], 
            "Flow_inlet(mean)": -8.55634545792916e-05, 
            "Reynolds(mean)": -1637.192491821366, 
            "Flow_inlet(peak)": -8.55634545792916e-05, 
            "Reynolds(peak)": -1637.192491821366, 
            "Diameter": 0.01996268363257169
        }
    ], 
    "Fluid Characteristic": [
        {
            "blood_kinematic_viscosity": 3.3333333333333333e-06, 
            "blood_density": 1050.0, 
            "blood_dynamic_viscosity": 0.0035
        }
    ], 
    "Time": [
        {
            "Time": [
                0.1, 
                0.16446236408747256, 
                0.23710607300778996, 
                0.32400670277619703, 
                0.4289317317867435, 
                0.5565063082760048, 
                0.7101217797187391, 
                0.8937976021957255, 
                1.1037773123074968, 
                1.3615614467922166, 
                1.6193455812769364, 
                1.8771297157616562, 
                2.134913850246376, 
                2.392697984731096, 
                2.6584528905037943, 
                2.9730345499751953, 
                3.2876162094465964, 
                3.683345912436111, 
                4.190129509755895, 
                4.200129509755895, 
                4.205129509755895, 
                4.478673066197435, 
                4.752216622638975, 
                5.025760179080515, 
                5.299303735522055, 
                5.572847291963595, 
                5.846390848405135, 
                6.090502096104822, 
                6.352828767337011, 
                6.614959292393617, 
                6.854611072234352, 
                7.077300434928775
            ]
        }
    ], 
    "Hemodynamic Parameters_1001_ABC": [
        {
            "C": -11067602.73704566, 
            "B": -495847561740.60535, 
            "A": 43276076.002243504
        }
    ], 
    "Hemodynamic Parameters_1001_AB": [
        {
            "B": 533883399691.3145, 
            "A": -46520737.835308865
        }
    ], 
    "Outlet 1001": [
        {
            "Total_area_outlet": 0.00031298575517405973, 
            "Center Node": 403, 
            "Centroid": [
                8.330871757666676e-05, 
                0.00013302512240608139, 
                0.289990000000001
            ], 
            "Flow_outlet(mean)": 8.539460948653058e-05, 
            "Reynolds(mean)": 1633.9696180979279, 
            "Flow_outlet(peak)": 8.559130320500979e-05, 
            "Reynolds(peak)": 1637.733222873431, 
            "Diameter": 0.019962587721750566
        }
    ], 
    "name": [
        "I:/PROYECTOS/ESTUDIANTES/Sergio/V2/GID\\Modelo_26_170_I.gid\\Modelo_26_170_I.json"
    ], 
    "Bifurcation: ": [
        false
    ], 
    "Pressures": [
        {
            "Pressure Inlet": [
                [
                    1233.9495750233484, 
                    -463.86113719296685, 
                    143.46204258381763, 
                    14.633976382691161, 
                    57.838872316407375, 
                    69.51358550515995, 
                    92.48356477383167, 
                    103.23502879553412, 
                    98.40126073974638, 
                    80.53277726799512, 
                    55.77450199713009, 
                    46.713109767063216, 
                    63.416007904158306, 
                    79.92950628304797, 
                    88.03692135028304, 
                    88.87180498589375, 
                    88.47486360805274, 
                    84.5637760561718, 
                    71.35244998536159, 
                    62.86171201951243, 
                    58.59425820279515, 
                    66.63755541136878, 
                    73.41540328483912, 
                    80.46129636833743, 
                    77.20597249637954, 
                    74.34245114126621, 
                    69.33110881664668, 
                    66.76163804011041, 
                    71.91844318047846, 
                    73.9654166681602, 
                    67.07895266753117, 
                    68.5287593350749
                ]
            ],