{
    "Hemodynamic Parameters_1001_ABC": [
        {
            "C": -18547019.933859587, 
            "B": 793816137791.979, 
            "A": -66311699.571453065
        }
    ], 
    "Hemodynamic Parameters_1001_AB": [
        {
            "B": -484856243948.2962, 
            "A": 39916491.47020444
        }
    ], 
    "Pressures": [
        {
            "Pressure Outlet 1001": [
                [
                    0.0, 
                    0.0, 
                    0.0, 
                    0.0, 
                    0.0, 
                    0.0, 
                    0.0, 
                    0.0, 
                    0.0, 
                    0.0, 
                    0.0, 
                    0.0, 
                    0.0, 
                    0.0, 
                    0.0, 
                    0.0, 
                    0.0, 
                    0.0, 
                    0.0, 
                    0.0, 
                    0.0, 
                    0.0, 
                    0.0, 
                    0.0, 
                    0.0, 
                    0.0, 
                    0.0, 
                    0.0, 
                    0.0
                ]
            ], 
            "Pressure Inlet": [
                [
                    1293.2088573896356, 
                    -483.4212526904255, 
                    164.05792372676405, 
                    33.965981115974614, 
                    87.40240092665263, 
                    105.47227955836614, 
                    131.91176028782368, 
                    147.58222809868872, 
                    154.32831169276065, 
                    146.12010759058643, 
                    120.87551769471112, 
                    110.34168461260339, 
                    127.95254975068596, 
                    140.68266347669638, 
                    133.44476933849634, 
                    127.06361304703627, 
                    123.64828987832657, 
                    132.86162773911073, 
                    138.80227720078048, 
                    131.77443704908356, 
                    123.27627714962429, 
                    133.03883854600144, 
                    138.44249446673408, 
                    131.99558092433523, 
                    119.97569885145396, 
                    118.58195377759446, 
                    121.45109195360074, 
                    119.34947481246171, 
                    128.5310856335853
                ]
            ], 
            "Pressure Outlet 1002": [
                0
            ]
        }
    ], 
    "Inlet": [
        {
            "Diameter": 0.01996268363257169, 
            "Reynolds(peak)": -1637.270128926727, 
            "Reynolds(mean)": -1637.270128926727, 
            "Flow_inlet(peak)": -8.556751207342952e-05, 
            "Parabolic": true, 
            "Flow_inlet(mean)": -8.556751207342952e-05, 
            "Center Node": 68850, 
            "Total_area_inlet": 0.00031298876267923, 
            "Centroid": [
                -0.00010319409110340905, 
                -2.6215637677039877e-05, 
                -0.031420356708522716
            ]
        }
    ], 
    "Flow": [
        {
            "Flow Inlet": [
                [
                    -8.556751207342952e-05, 
                    -8.556751207342952e-05, 
                    -8.556751207342952e-05, 
                    -8.556751207342952e-05, 
                    -8.556751207342952e-05, 
                    -8.556751207342952e-05, 
                    -8.556751207342952e-05, 
                    -8.556751207342952e-05, 
                    -8.556751207342952e-05, 
                    -8.556751207342952e-05, 
                    -8.556751207342952e-05, 
                    -8.556751207342952e-05, 
                    -8.556751207342952e-05, 
                    -8.556751207342952e-05, 
                    -8.556751207342952e-05, 
                    -8.556751207342952e-05, 
                    -8.556751207342952e-05, 
                    -8.556751207342952e-05, 
                    -8.556751207342952e-05, 
                    -8.556751207342952e-05, 
                    -8.556751207342952e-05, 
                    -8.556751207342952e-05, 
                    -8.556751207342952e-05, 
                    -8.556751207342952e-05, 
                    -8.556751207342952e-05, 
                    -8.556751207342952e-05, 
                    -8.556751207342952e-05, 
                    -8.556751207342952e-05, 
                    -8.556751207342952e-05
                ]
            ], 
            "Flow Outlet 1001": [
                [
                    8.2184570632006e-05, 
                    8.545929024196221e-05, 
                    8.540476128260103e-05, 
                    8.54518777771533e-05, 
                    8.546068224943968e-05, 
                    8.547243296572714e-05, 
                    8.547476784940105e-05, 
                    8.547506680455286e-05, 
                    8.547381531647117e-05, 
                    8.54726359034956e-05, 
                    8.546988973725068e-05, 
                    8.54645855853399e-05, 
                    8.548085852314606e-05, 
                    8.547742220763866e-05, 
                    8.544565218995339e-05, 
                    8.542506946473112e-05, 
                    8.539785470519034e-05, 
                    8.541009733924614e-05, 
                    8.54434544008025e-05, 
                    8.545791891506532e-05, 
                    8.544736038381093e-05, 
                    8.541544062342911e-05, 
                    8.542091980849702e-05, 
                    8.54460447261844e-05, 
                    8.543942004666e-05, 
                    8.544912752336748e-05, 
                    8.545562076909688e-05, 
                    8.545506332086262e-05, 
                    8.54670630843923e-05
                ]
            ], 
            "Flow Outlet 1002": [
                0
            ]
        }
    ], 
    "Fluid Characteristic": [
        {
            "blood_kinematic_viscosity": 3.3333333333333333e-06, 
            "blood_density": 1050.0, 
            "blood_dynamic_viscosity": 0.0035
        }
    ], 
    "Outlet 1001": [
        {
            "Total_area_outlet": 0.0003129857551765408, 
            "Diameter": 0.019962587721829687, 
            "Flow_outlet(peak)": 8.548085852314606e-05, 
            "Reynolds(peak)": 1635.619936609994, 
            "Flow_outlet(mean)": 8.533788842680948e-05, 
            "Centroid": [
                2.4036718799441194e-05, 
                6.826439254019365e-05, 
                0.25
            ], 
            "Reynolds(mean)": 1632.8842979658893, 
            "Center Node": 419
        }
    ], 
    "name": [
        "I:/PROYECTOS/ESTUDIANTES/Sergio/V2/GID\\Modelo_1_145_I.gid\\Modelo_1_145_I.json"
    ], 
    "Bifurcation: ": [
        false
    ], 
    "Simulations_Parameters": [
        {
            "Config_conditions(1:V-P-P),(2:V-V-P)": 1, 
            "AutomaticDeltaTime": true, 
            "Dt": 0.1, 
            "Time_vector": [
                0, 
                7.0
            ], 
            "SolverType(1:AMGCGL,2:AMGCL_NS_Solver,3:BICGSTABSolver)": 1
        }
    ],