{
    "Time": [
        {
            "Time": [
                0.1, 
                0.17134451380217652, 
                0.251349906552978, 
                0.34339273189331787, 
                0.44733005809661436, 
                0.5646152787982115, 
                0.700985382596355, 
                0.8635626264880424, 
                1.0584608298021554, 
                1.2923797795580316, 
                1.5262987293139079, 
                1.760217679069784, 
                2.021543735262635, 
                2.354060924475431, 
                2.7587131419658295, 
                3.2442967210115, 
                3.2542967210115, 
                3.2592967210115, 
                3.515915137187879, 
                3.5259151371878787, 
                3.5309151371878786, 
                3.657052140119577, 
                3.7784256710248525, 
                3.8998160740830667, 
                4.021213509295875, 
                4.1426109956527695, 
                4.26400651055957, 
                4.409679910283102, 
                4.584488186775879, 
                4.794259132706593, 
                5.045985734408057, 
                5.297712336109521, 
                5.307712336109521, 
                5.312712336109521, 
                5.463699609097963, 
                5.6147002357910445, 
                5.7657222228431095, 
                5.9167587756000755, 
                6.067795928133734, 
                6.218830944205158, 
                6.400072051909287, 
                6.617561468885343, 
                6.87854993236027, 
                7.1395383958351974
            ]
        }
    ], 
    "Inlet": [
        {
            "Total_area_inlet": 0.00031298876267923, 
            "Centroid": [
                -0.00010319409110340905, 
                -2.6215637677039877e-05, 
                -0.031420356708522716
            ], 
            "Parabolic": true, 
            "Diameter": 0.01996268363257169, 
            "Reynolds(mean)": -1633.8626203868866, 
            "Flow_inlet(peak)": -8.53894278202744e-05, 
            "Flow_inlet(mean)": -8.53894278202744e-05, 
            "Reynolds(peak)": -1633.8626203868866, 
            "Center Node": 115394
        }
    ], 
    "Hemodynamic Parameters_1001_ABC": [
        {
            "A": 212215174.31929284, 
            "B": -2480274768589.5034, 
            "C": -1708931.6242796257
        }
    ], 
    "Flow": [
        {
            "Flow Outlet 1001": [
                [
                    8.202001578861682e-05, 
                    8.525935766634885e-05, 
                    8.521662705398853e-05, 
                    8.526937733104553e-05, 
                    8.527515450577334e-05, 
                    8.528531739559728e-05, 
                    8.528686714877176e-05, 
                    8.528621484573815e-05, 
                    8.528485159934385e-05, 
                    8.528448418476108e-05, 
                    8.528579377252181e-05, 
                    8.528737297552025e-05, 
                    8.528263537505425e-05, 
                    8.525867722012228e-05, 
                    8.517807013746588e-05, 
                    8.513491792117981e-05, 
                    8.517218881616507e-05, 
                    8.517928288222706e-05, 
                    8.522312280189141e-05, 
                    8.524463684288241e-05, 
                    8.52500121593769e-05, 
                    8.525592591490015e-05, 
                    8.526749503867766e-05, 
                    8.527371508096073e-05, 
                    8.527752572704163e-05, 
                    8.528309073539392e-05, 
                    8.528637233981168e-05, 
                    8.528569446984466e-05, 
                    8.526879246471876e-05, 
                    8.524323305426008e-05, 
                    8.524837684597377e-05, 
                    8.527995548282628e-05, 
                    8.527989297985095e-05, 
                    8.527744011415717e-05, 
                    8.529278707203032e-05, 
                    8.528263128872098e-05, 
                    8.527638751095125e-05, 
                    8.528635054999072e-05, 
                    8.529666319444732e-05, 
                    8.530564953913673e-05, 
                    8.531332560437301e-05, 
                    8.529858964281866e-05, 
                    8.527393863545103e-05, 
                    8.527638207859766e-05
                ]
            ], 
            "Flow Outlet 1002": [
                0
            ], 
            "Flow Inlet": [
                [
                    -8.53894278202744e-05, 
                    -8.53894278202744e-05, 
                    -8.53894278202744e-05, 
                    -8.53894278202744e-05, 
                    -8.53894278202744e-05, 
                    -8.53894278202744e-05, 
                    -8.53894278202744e-05, 
                    -8.53894278202744e-05, 
                    -8.53894278202744e-05, 
                    -8.53894278202744e-05, 
                    -8.53894278202744e-05, 
                    -8.53894278202744e-05, 
                    -8.53894278202744e-05, 
                    -8.53894278202744e-05, 
                    -8.53894278202744e-05, 
                    -8.53894278202744e-05, 
                    -8.53894278202744e-05, 
                    -8.53894278202744e-05, 
                    -8.53894278202744e-05, 
                    -8.53894278202744e-05, 
                    -8.53894278202744e-05, 
                    -8.53894278202744e-05, 
                    -8.53894278202744e-05, 
                    -8.53894278202744e-05, 
                    -8.53894278202744e-05, 
                    -8.53894278202744e-05, 
                    -8.53894278202744e-05, 
                    -8.53894278202744e-05, 
                    -8.53894278202744e-05, 
                    -8.53894278202744e-05, 
                    -8.53894278202744e-05, 
                    -8.53894278202744e-05, 
                    -8.53894278202744e-05, 
                    -8.53894278202744e-05, 
                    -8.53894278202744e-05, 
                    -8.53894278202744e-05, 
                    -8.53894278202744e-05, 
                    -8.53894278202744e-05, 
                    -8.53894278202744e-05, 
                    -8.53894278202744e-05, 
                    -8.53894278202744e-05, 
                    -8.53894278202744e-05, 
                    -8.53894278202744e-05, 
                    -8.53894278202744e-05
                ]
            ]
        }
    ], 
    "Hemodynamic Parameters_1001_AB": [
        {
            "A": -200838757.43681094, 
            "B": 2346900612155.307
        }
    ], 
    "name": [
        "I:/PROYECTOS/ESTUDIANTES/Sergio/V2/GID\\Modelo_16_170_I.gid\\Modelo_16_170_I.json"
    ], 
    "Bifurcation: ": [
        false
    ], 
    "Fluid Characteristic": [
        {
            "blood_density": 1050.0, 
            "blood_kinematic_viscosity": 3.3333333333333333e-06, 
            "blood_dynamic_viscosity": 0.0035
        }
    ], 
    "Simulations_Parameters": [
        {
            "Dt": 0.1, 
            "AutomaticDeltaTime": true, 
            "Time_vector": [
                0, 
                7.0
            ], 
            "Config_conditions(1:V-P-P),(2:V-V-P)": 1, 
            "SolverType(1:AMGCGL,2:AMGCL_NS_Solver,3:BICGSTABSolver)": 1
        }
    ],