{
    "Inlet": [
        {
            "Parabolic": true, 
            "Total_area_inlet": 0.00031298876267923, 
            "Flow_inlet(mean)": -6.409946743280759e-05, 
            "Centroid": [
                -0.00010319409110340905, 
                -2.6215637677039877e-05, 
                -0.031420356708522716
            ], 
            "Center Node": 105131, 
            "Diameter": 0.01996268363257169, 
            "Reynolds(peak)": -1226.4952055376632, 
            "Flow_inlet(peak)": -6.409946743280759e-05, 
            "Reynolds(mean)": -1226.4952055376632
        }
    ], 
    "Hemodynamic Parameters_1001_AB": [
        {
            "A": 138418995.48160762, 
            "B": -2192952732375.1663
        }
    ], 
    "Hemodynamic Parameters_1001_ABC": [
        {
            "A": -102571828.72692412, 
            "B": 1633071643440.1138, 
            "C": -9483997.4390869
        }
    ], 
    "Fluid Characteristic": [
        {
            "blood_density": 1050.0, 
            "blood_kinematic_viscosity": 3.3333333333333333e-06, 
            "blood_dynamic_viscosity": 0.0035
        }
    ], 
    "Pressures": [
        {
            "Pressure Inlet": [
                [
                    1889.0978141448356, 
                    -798.924301577837, 
                    238.1514694385345, 
                    15.066189820837796, 
                    97.44461822432088, 
                    108.0929903347427, 
                    126.86581221464874, 
                    135.55627711013022, 
                    139.24327206547284, 
                    135.04295049675636, 
                    122.62463191707988, 
                    124.1268122523095, 
                    129.7762417581305, 
                    126.75990063487077, 
                    125.22060330616114, 
                    117.78444199208973, 
                    114.52455316632832, 
                    108.4123374278698, 
                    125.52734622137959, 
                    126.89969224452918, 
                    126.68756388951122, 
                    122.7393471242488, 
                    122.77575881647537, 
                    129.44010815114467, 
                    135.6902737605544, 
                    131.4877891380416
                ]
            ], 
            "Pressure Outlet 1002": [
                0
            ], 
            "Pressure Outlet 1001": [
                [
                    0.0, 
                    0.0, 
                    0.0, 
                    0.0, 
                    0.0, 
                    0.0, 
                    0.0, 
                    0.0, 
                    0.0, 
                    0.0, 
                    0.0, 
                    0.0, 
                    0.0, 
                    0.0, 
                    0.0, 
                    0.0, 
                    0.0, 
                    0.0, 
                    0.0, 
                    0.0, 
                    0.0, 
                    0.0, 
                    0.0, 
                    0.0, 
                    0.0, 
                    0.0
                ]
            ]
        }
    ], 
    "name": [
        "I:/PROYECTOS/ESTUDIANTES/Sergio/V1/GID\\Modelo_14_120_I.gid\\Modelo_14_120_I.json"
    ], 
    "Outlet 1001": [
        {
            "Total_area_outlet": 0.00031298575517654055, 
            "Centroid": [
                9.262029203820218e-05, 
                0.0001651998312510945, 
                0.2699799999999991
            ], 
            "Flow_outlet(mean)": 6.388154580735964e-05, 
            "Center Node": 388, 
            "Diameter": 0.01996258772182968, 
            "Reynolds(peak)": 1228.3612831907992, 
            "Flow_outlet(peak)": 6.419668451912487e-05, 
            "Reynolds(mean)": 1222.3313114677
        }
    ], 
    "Time": [
        {
            "Time": [
                0.05, 
                0.15861749786060814, 
                0.2758379257495758, 
                0.4147312819217269, 
                0.5789374103060698, 
                0.7520950262558571, 
                0.9465635063604346, 
                1.1315874889839395, 
                1.4049419472465934, 
                1.7006371086259795, 
                2.0231605253484615, 
                2.4163317906231674, 
                2.8095030558978733, 
                3.2737660430342315, 
                3.7380290301705896, 
                4.202292017306948, 
                4.212292017306948, 
                4.2172920173069475, 
                4.545598595560481, 
                4.836851146064393, 
                5.145241167614311, 
                5.4617731949394805, 
                5.822105071541998, 
                6.178257187418971, 
                6.596062399185295, 
                7.099279014367919
            ]
        }
    ], 
    "Simulations_Parameters": [
        {
            "SolverType(1:AMGCGL,2:AMGCL_NS_Solver,3:BICGSTABSolver)": 1, 
            "Config_conditions(1:V-P-P),(2:V-V-P)": 1, 
            "Time_vector": [
                0, 
                7.0
            ], 
            "AutomaticDeltaTime": true, 
            "Dt": 0.05
        }
    ], 
    "Flow": [
        {
            "Flow Outlet 1002": [
                0
            ], 
            "Flow Outlet 1001": [
                [
                    6.040062910056387e-05, 
                    6.419668451912487e-05, 
                    6.396081140339791e-05, 
                    6.404486742766195e-05, 
                    6.402650939663087e-05, 
                    6.403510337624367e-05, 
                    6.403353135611112e-05, 
                    6.403294152198349e-05, 
                    6.40319826579231e-05, 
                    6.403221779551913e-05, 
                    6.403314419479224e-05, 
                    6.403340079544363e-05, 
                    6.403272610601363e-05, 
                    6.402556654380296e-05, 
                    6.3996359849557e-05, 
                    6.397075737051821e-05, 
                    6.398375805126456e-05, 
                    6.398287415779521e-05, 
                    6.399462410427185e-05, 
                    6.401112141786657e-05, 
                    6.402687782242708e-05, 
                    6.402428316939342e-05, 
                    6.400978766132076e-05, 
                    6.400294745398455e-05, 
                    6.400468783990414e-05, 
                    6.399199589783489e-05
                ]
            ], 
            "Flow Inlet": [
                [
                    -6.409946743280759e-05, 
                    -6.409946743280759e-05, 
                    -6.409946743280759e-05, 
                    -6.409946743280759e-05, 
                    -6.409946743280759e-05, 
                    -6.409946743280759e-05, 
                    -6.409946743280759e-05, 
                    -6.409946743280759e-05, 
                    -6.409946743280759e-05, 
                    -6.409946743280759e-05, 
                    -6.409946743280759e-05, 
                    -6.409946743280759e-05, 
                    -6.409946743280759e-05, 
                    -6.409946743280759e-05, 
                    -6.409946743280759e-05, 
                    -6.409946743280759e-05, 
                    -6.409946743280759e-05, 
                    -6.409946743280759e-05, 
                    -6.409946743280759e-05, 
                    -6.409946743280759e-05, 
                    -6.409946743280759e-05, 
                    -6.409946743280759e-05, 
                    -6.409946743280759e-05, 
                    -6.409946743280759e-05, 
                    -6.409946743280759e-05, 
                    -6.409946743280759e-05
                ]
            ]
        }
    ],