{
    "Simulations_Parameters": [
        {
            "AutomaticDeltaTime": true, 
            "Config_conditions(1:V-P-P),(2:V-V-P)": 1, 
            "Dt": 0.1, 
            "SolverType(1:AMGCGL,2:AMGCL_NS_Solver,3:BICGSTABSolver)": 1, 
            "Time_vector": [
                0, 
                7.0
            ]
        }
    ], 
    "Flow": [
        {
            "Flow Outlet 1002": [
                0
            ], 
            "Flow Outlet 1001": [
                [
                    8.223958729857786e-05, 
                    8.549127480266154e-05, 
                    8.537339934897591e-05, 
                    8.541630630628639e-05, 
                    8.541721644430245e-05, 
                    8.542457062781765e-05, 
                    8.542552905821459e-05, 
                    8.54256785128487e-05, 
                    8.54248380361608e-05, 
                    8.542433399103685e-05, 
                    8.542650165013894e-05, 
                    8.542943071234215e-05, 
                    8.542438788394332e-05, 
                    8.540428428499567e-05, 
                    8.536342059526855e-05, 
                    8.534040684394851e-05, 
                    8.537934359833903e-05, 
                    8.542396791227313e-05, 
                    8.541527136915644e-05, 
                    8.541103172327758e-05, 
                    8.541921087001447e-05, 
                    8.542555809948987e-05, 
                    8.542809274921245e-05, 
                    8.543543793281748e-05, 
                    8.544206783124754e-05, 
                    8.544120801206781e-05, 
                    8.54321963282744e-05, 
                    8.54332229974913e-05, 
                    8.544313047375089e-05, 
                    8.545035538358006e-05, 
                    8.544798351332402e-05, 
                    8.543224061893453e-05, 
                    8.542853276948076e-05
                ]
            ], 
            "Flow Inlet": [
                [
                    -8.5506115801297e-05, 
                    -8.5506115801297e-05, 
                    -8.5506115801297e-05, 
                    -8.5506115801297e-05, 
                    -8.5506115801297e-05, 
                    -8.5506115801297e-05, 
                    -8.5506115801297e-05, 
                    -8.5506115801297e-05, 
                    -8.5506115801297e-05, 
                    -8.5506115801297e-05, 
                    -8.5506115801297e-05, 
                    -8.5506115801297e-05, 
                    -8.5506115801297e-05, 
                    -8.5506115801297e-05, 
                    -8.5506115801297e-05, 
                    -8.5506115801297e-05, 
                    -8.5506115801297e-05, 
                    -8.5506115801297e-05, 
                    -8.5506115801297e-05, 
                    -8.5506115801297e-05, 
                    -8.5506115801297e-05, 
                    -8.5506115801297e-05, 
                    -8.5506115801297e-05, 
                    -8.5506115801297e-05, 
                    -8.5506115801297e-05, 
                    -8.5506115801297e-05, 
                    -8.5506115801297e-05, 
                    -8.5506115801297e-05, 
                    -8.5506115801297e-05, 
                    -8.5506115801297e-05, 
                    -8.5506115801297e-05, 
                    -8.5506115801297e-05, 
                    -8.5506115801297e-05
                ]
            ]
        }
    ], 
    "Fluid Characteristic": [
        {
            "blood_kinematic_viscosity": 3.3333333333333333e-06, 
            "blood_density": 1050.0, 
            "blood_dynamic_viscosity": 0.0035
        }
    ], 
    "Hemodynamic Parameters_1001_AB": [
        {
            "B": 3566087210534.953, 
            "A": -305309761.3840943
        }
    ], 
    "Pressures": [
        {
            "Pressure Outlet 1002": [
                0
            ], 
            "Pressure Outlet 1001": [
                [
                    0.0, 
                    0.0, 
                    0.0, 
                    0.0, 
                    0.0, 
                    0.0, 
                    0.0, 
                    0.0, 
                    0.0, 
                    0.0, 
                    0.0, 
                    0.0, 
                    0.0, 
                    0.0, 
                    0.0, 
                    0.0, 
                    0.0, 
                    0.0, 
                    0.0, 
                    0.0, 
                    0.0, 
                    0.0, 
                    0.0, 
                    0.0, 
                    0.0, 
                    0.0, 
                    0.0, 
                    0.0, 
                    0.0, 
                    0.0, 
                    0.0, 
                    0.0, 
                    0.0
                ]
            ], 
            "Pressure Inlet": [
                [
                    1223.3509424244378, 
                    -466.56626893539277, 
                    146.93398781378144, 
                    17.309066626421295, 
                    61.883044397481406, 
                    69.8264109249496, 
                    84.49474181423092, 
                    89.38736745650765, 
                    84.29444344945372, 
                    64.10792280177976, 
                    53.474171566548094, 
                    76.87731951440823, 
                    95.63107236237133, 
                    93.32428027093053, 
                    76.72698611571305, 
                    78.86297398626142, 
                    73.02372318368737, 
                    47.36641093371546, 
                    32.64907618828783, 
                    28.787138196097064, 
                    40.102673684802284, 
                    45.55501585208245, 
                    49.70802403923959, 
                    50.04913880942762, 
                    48.66244472787213, 
                    45.60540331620851, 
                    44.73784957609066, 
                    46.6548429803509, 
                    48.04009690406875, 
                    48.63458041040936, 
                    48.702678052161886, 
                    48.3353085709297, 
                    46.66592500969563
                ]
            ]
        }
    ], 
    "Hemodynamic Parameters_1001_ABC": [
        {
            "B": -4211191936717.067, 
            "C": 31219893.349431098, 
            "A": 360436489.4344834
        }
    ], 
    "name": [
        "I:/PROYECTOS/ESTUDIANTES/Sergio/V2/GID\\Modelo_22_170_I.gid\\Modelo_22_170_I.json"
    ],