{
    "Hemodynamic Parameters_1001_AB": [
        {
            "A": -182975117.92839822, 
            "B": 2121907637066.0017
        }
    ], 
    "Bifurcation: ": [
        false
    ], 
    "Fluid Characteristic": [
        {
            "blood_density": 1050.0, 
            "blood_dynamic_viscosity": 0.0035, 
            "blood_kinematic_viscosity": 3.3333333333333333e-06
        }
    ], 
    "Hemodynamic Parameters_1001_ABC": [
        {
            "A": -4546615.630628347, 
            "C": -131361851.2202565, 
            "B": 74217645336.17041
        }
    ], 
    "Outlet 1001": [
        {
            "Reynolds(mean)": 1631.21814369659, 
            "Flow_outlet(mean)": 8.525081617034432e-05, 
            "Reynolds(peak)": 1635.6563525464474, 
            "Diameter": 0.019962588749576307, 
            "Total_area_outlet": 0.0003129857874038317, 
            "Flow_outlet(peak)": 8.54827660957708e-05, 
            "Center Node": 575, 
            "Centroid": [
                4.244701675161117e-05, 
                0.00012423521172042916, 
                0.25
            ]
        }
    ], 
    "Inlet": [
        {
            "Reynolds(mean)": -1636.032834790439, 
            "Reynolds(peak)": -1636.032834790439, 
            "Total_area_inlet": 0.00031298876267923, 
            "Diameter": 0.01996268363257169, 
            "Parabolic": true, 
            "Flow_inlet(peak)": -8.550284822897608e-05, 
            "Center Node": 142052, 
            "Flow_inlet(mean)": -8.550284822897608e-05, 
            "Centroid": [
                -0.00010319409110340915, 
                -2.62156376770396e-05, 
                -0.031420356708522716
            ]
        }
    ], 
    "Time": [
        {
            "Time": [
                0.1, 
                0.1614540369996768, 
                0.23002081601849664, 
                0.3098858956832639, 
                0.4037460242988454, 
                0.5155242334072963, 
                0.6478605236396974, 
                0.7914152237579518, 
                0.9615027923783068, 
                1.1657260332453165, 
                1.411430470177134, 
                1.7066814555396894, 
                2.0491431601833114, 
                2.441974309881463, 
                2.924689378476759, 
                3.5359736871196774, 
                4.269523753397093, 
                5.14982765971048, 
                6.14982765971048, 
                7.14982765971048
            ]
        }
    ], 
    "Simulations_Parameters": [
        {
            "Time_vector": [
                0, 
                7.0
            ], 
            "SolverType(1:AMGCGL,2:AMGCL_NS_Solver,3:BICGSTABSolver)": 1, 
            "AutomaticDeltaTime": true, 
            "Config_conditions(1:V-P-P),(2:V-V-P)": 1, 
            "Dt": 0.1
        }
    ], 
    "Flow": [
        {
            "Flow Inlet": [
                [
                    -8.550284822897608e-05, 
                    -8.550284822897608e-05, 
                    -8.550284822897608e-05, 
                    -8.550284822897608e-05, 
                    -8.550284822897608e-05, 
                    -8.550284822897608e-05, 
                    -8.550284822897608e-05, 
                    -8.550284822897608e-05, 
                    -8.550284822897608e-05, 
                    -8.550284822897608e-05, 
                    -8.550284822897608e-05, 
                    -8.550284822897608e-05, 
                    -8.550284822897608e-05, 
                    -8.550284822897608e-05, 
                    -8.550284822897608e-05, 
                    -8.550284822897608e-05, 
                    -8.550284822897608e-05, 
                    -8.550284822897608e-05, 
                    -8.550284822897608e-05, 
                    -8.550284822897608e-05
                ]
            ], 
            "Flow Outlet 1001": [
                [
                    8.228041864679138e-05, 
                    8.54827660957708e-05, 
                    8.538366336142492e-05, 
                    8.541679441332837e-05, 
                    8.541708199189132e-05, 
                    8.542369590333787e-05, 
                    8.542432344557047e-05, 
                    8.542421252086522e-05, 
                    8.54234724970849e-05, 
                    8.542333934590359e-05, 
                    8.542421235174421e-05, 
                    8.542011729621016e-05, 
                    8.539525488149909e-05, 
                    8.53703158800574e-05, 
                    8.53999931170705e-05, 
                    8.541790322162388e-05, 
                    8.536249018902349e-05, 
                    8.534486590132508e-05, 
                    8.538005799573378e-05, 
                    8.540134435063006e-05
                ]
            ], 
            "Flow Outlet 1002": [
                0
            ]
        }
    ], 
    "Pressures": [
        {
            "Pressure Outlet 1001": [
                [
                    0.0, 
                    0.0, 
                    0.0, 
                    0.0, 
                    0.0, 
                    0.0, 
                    0.0, 
                    0.0, 
                    0.0, 
                    0.0, 
                    0.0, 
                    0.0, 
                    0.0, 
                    0.0, 
                    0.0, 
                    0.0, 
                    0.0, 
                    0.0, 
                    0.0, 
                    0.0
                ]
            ], 
            "Pressure Inlet": [
                [
                    1197.4157923575099, 
                    -436.3766464196588, 
                    151.3771812331707, 
                    39.26008254751482, 
                    93.67965496381576, 
                    119.43510144138556, 
                    148.45009645265705, 
                    159.61480213395575, 
                    155.56813525937523, 
                    147.9430697241202, 
                    157.9206881704994, 
                    167.24652430030716, 
                    161.56254994321216, 
                    152.11058501381436, 
                    159.48052441830114, 
                    157.5819656827068, 
                    156.86272703464306, 
                    159.54947013056224, 
                    157.6540768462333, 
                    146.4756972690275
                ]
            ], 
            "Pressure Outlet 1002": [
                0
            ]
        }
    ], 
    "name": [
        "D:/edu_12/V2/GID\\Modelo_21_145.gid\\Modelo_21_145.json"
    ]
}