{
    "Simulations_Parameters": [
        {
            "SolverType(1:AMGCGL,2:AMGCL_NS_Solver,3:BICGSTABSolver)": 1, 
            "AutomaticDeltaTime": true, 
            "Dt": 0.1, 
            "Config_conditions(1:V-P-P),(2:V-V-P)": 1, 
            "Time_vector": [
                0, 
                7.0
            ]
        }
    ], 
    "Flow": [
        {
            "Flow Outlet 1002": [
                0
            ], 
            "Flow Outlet 1001": [
                [
                    8.243957983426377e-05, 
                    8.563498406550085e-05, 
                    8.553042820690222e-05, 
                    8.557037935780466e-05, 
                    8.556979426864325e-05, 
                    8.557628460398434e-05, 
                    8.55752900236605e-05, 
                    8.557422488604332e-05, 
                    8.557373618424475e-05, 
                    8.557391689002407e-05, 
                    8.557089449215653e-05, 
                    8.557658088094829e-05, 
                    8.558708850143298e-05, 
                    8.557206685624068e-05, 
                    8.55336414339804e-05, 
                    8.552903514003669e-05, 
                    8.55433804353093e-05, 
                    8.554308776553092e-05, 
                    8.555088166392623e-05, 
                    8.556376164855912e-05, 
                    8.555964090938994e-05, 
                    8.555681325490086e-05, 
                    8.554718991308133e-05, 
                    8.551337753175964e-05, 
                    8.550941095002204e-05, 
                    8.555073276796801e-05, 
                    8.55571038503424e-05, 
                    8.554986513971067e-05, 
                    8.555928664630532e-05, 
                    8.554715094946355e-05, 
                    8.554678926980058e-05, 
                    8.55577646746175e-05
                ]
            ], 
            "Flow Inlet": [
                [
                    -8.564724766683249e-05, 
                    -8.564724766683249e-05, 
                    -8.564724766683249e-05, 
                    -8.564724766683249e-05, 
                    -8.564724766683249e-05, 
                    -8.564724766683249e-05, 
                    -8.564724766683249e-05, 
                    -8.564724766683249e-05, 
                    -8.564724766683249e-05, 
                    -8.564724766683249e-05, 
                    -8.564724766683249e-05, 
                    -8.564724766683249e-05, 
                    -8.564724766683249e-05, 
                    -8.564724766683249e-05, 
                    -8.564724766683249e-05, 
                    -8.564724766683249e-05, 
                    -8.564724766683249e-05, 
                    -8.564724766683249e-05, 
                    -8.564724766683249e-05, 
                    -8.564724766683249e-05, 
                    -8.564724766683249e-05, 
                    -8.564724766683249e-05, 
                    -8.564724766683249e-05, 
                    -8.564724766683249e-05, 
                    -8.564724766683249e-05, 
                    -8.564724766683249e-05, 
                    -8.564724766683249e-05, 
                    -8.564724766683249e-05, 
                    -8.564724766683249e-05, 
                    -8.564724766683249e-05, 
                    -8.564724766683249e-05, 
                    -8.564724766683249e-05
                ]
            ]
        }
    ], 
    "Fluid Characteristic": [
        {
            "blood_kinematic_viscosity": 3.3333333333333333e-06, 
            "blood_density": 1050.0, 
            "blood_dynamic_viscosity": 0.0035
        }
    ], 
    "Pressures": [
        {
            "Pressure Outlet 1002": [
                0
            ], 
            "Pressure Outlet 1001": [
                [
                    0.0, 
                    0.0, 
                    0.0, 
                    0.0, 
                    0.0, 
                    0.0, 
                    0.0, 
                    0.0, 
                    0.0, 
                    0.0, 
                    0.0, 
                    0.0, 
                    0.0, 
                    0.0, 
                    0.0, 
                    0.0, 
                    0.0, 
                    0.0, 
                    0.0, 
                    0.0, 
                    0.0, 
                    0.0, 
                    0.0, 
                    0.0, 
                    0.0, 
                    0.0, 
                    0.0, 
                    0.0, 
                    0.0, 
                    0.0, 
                    0.0, 
                    0.0
                ]
            ], 
            "Pressure Inlet": [
                [
                    1252.2622159769428, 
                    -476.5884981083823, 
                    166.61507838877333, 
                    39.81748711817682, 
                    98.41989347428355, 
                    117.78831756700272, 
                    142.287390795454, 
                    154.57990361819836, 
                    152.913932652739, 
                    139.8412827557081, 
                    127.03053079502426, 
                    135.78409221836077, 
                    139.4243561561678, 
                    120.93707987351917, 
                    122.583357338706, 
                    117.12437028522469, 
                    112.35626685102513, 
                    108.18242178354913, 
                    126.74749204261951, 
                    142.3345186690138, 
                    137.252005752991, 
                    132.51384227203226, 
                    133.68142510475812, 
                    143.1909441093061, 
                    141.85479345931282, 
                    127.46504692481076, 
                    122.23050275875164, 
                    130.9933838067579, 
                    135.0367586149985, 
                    135.39008538110684, 
                    128.8586715335732, 
                    120.12325573550335
                ]
            ]
        }
    ], 
    "Hemodynamic Parameters_1001_ABC": [
        {
            "B": 1928763194706.239, 
            "C": -16495521.117795542, 
            "A": -163463086.00309837
        }
    ], 
    "name": [
        "I:/PROYECTOS/ESTUDIANTES/Sergio/V2/GID\\Modelo_10_145_I.gid\\Modelo_10_145_I.json"
    ], 
    "Time": [
        {
            "Time": [
                0.1, 
                0.18021574823059383, 
                0.26712630251664726, 
                0.3637687455359676, 
                0.475281680769956, 
                0.6089473427996752, 
                0.7524878650170568, 
                0.9183076146017795, 
                1.1131468282313792, 
                1.3578371084591057, 
                1.6465445363932751, 
                1.9352519643274446, 
                2.223959392261614, 
                2.571244811463162, 
                2.91853023066471, 
                3.320322813104665, 
                3.3303228131046647, 
                3.3353228131046646, 
                3.5424884049112, 
                3.7399920554887633, 
                3.9332612220729817, 
                4.130040396690714, 
                4.327307985446253, 
                4.533387717322617, 
                4.773798551823191, 
                5.055250042676351, 
                5.388059774104122, 
                5.720869505531893, 
                6.053679236959664, 
                6.475675679947061, 
                6.897672122934458, 
                7.319668565921855
            ]
        }
    ], 
    "Bifurcation: ": [
        false
    ], 
    "Inlet": [
        {
            "Flow_inlet(mean)": -8.564724766683249e-05, 
            "Center Node": 91126,