{
    "Fluid Characteristic": [
        {
            "blood_kinematic_viscosity": 3.3333333333333333e-06, 
            "blood_dynamic_viscosity": 0.0035, 
            "blood_density": 1050.0
        }
    ], 
    "Time": [
        {
            "Time": [
                0.1, 
                0.18165597359074329, 
                0.27045381883345265, 
                0.3690560477325887, 
                0.4746343126135348, 
                0.5885578266842699, 
                0.715621655597573, 
                0.8682801326724103, 
                1.0687806561007516, 
                1.2553561676862977, 
                1.4962468186892168, 
                1.7843153074664833, 
                2.180599946680731, 
                2.616493353264394, 
                3.1732433939927334, 
                3.729993434721073, 
                4.286743475449413, 
                4.843493516177752, 
                5.400243556906091, 
                5.4102435569060905, 
                5.41524355690609, 
                5.727097342717331, 
                5.9818410844193775, 
                6.2841366003780275, 
                6.563325739101546, 
                6.811946760861991, 
                7.079146498640667
            ]
        }
    ], 
    "name": [
        "I:/PROYECTOS/ESTUDIANTES/Sergio/V2/GID\\Modelo_3_120_I.gid\\Modelo_3_120_I.json"
    ], 
    "Flow": [
        {
            "Flow Outlet 1001": [
                [
                    8.238680092012126e-05, 
                    8.562240157397911e-05, 
                    8.553037044798948e-05, 
                    8.556547932629392e-05, 
                    8.55634213691247e-05, 
                    8.557038575192469e-05, 
                    8.557083558190397e-05, 
                    8.557042251571455e-05, 
                    8.556910869860419e-05, 
                    8.556578463708614e-05, 
                    8.554984744022934e-05, 
                    8.551555190076238e-05, 
                    8.554759069066835e-05, 
                    8.558387539090694e-05, 
                    8.554310735317459e-05, 
                    8.552209627191481e-05, 
                    8.553682743490431e-05, 
                    8.5547261159858e-05, 
                    8.553998100416402e-05, 
                    8.55506447399891e-05, 
                    8.554844431952795e-05, 
                    8.554728545462143e-05, 
                    8.553295102303377e-05, 
                    8.552464765287486e-05, 
                    8.552917398228917e-05, 
                    8.550460601825741e-05, 
                    8.554932105825305e-05
                ]
            ], 
            "Flow Inlet": [
                [
                    -8.565858123624674e-05, 
                    -8.565858123624674e-05, 
                    -8.565858123624674e-05, 
                    -8.565858123624674e-05, 
                    -8.565858123624674e-05, 
                    -8.565858123624674e-05, 
                    -8.565858123624674e-05, 
                    -8.565858123624674e-05, 
                    -8.565858123624674e-05, 
                    -8.565858123624674e-05, 
                    -8.565858123624674e-05, 
                    -8.565858123624674e-05, 
                    -8.565858123624674e-05, 
                    -8.565858123624674e-05, 
                    -8.565858123624674e-05, 
                    -8.565858123624674e-05, 
                    -8.565858123624674e-05, 
                    -8.565858123624674e-05, 
                    -8.565858123624674e-05, 
                    -8.565858123624674e-05, 
                    -8.565858123624674e-05, 
                    -8.565858123624674e-05, 
                    -8.565858123624674e-05, 
                    -8.565858123624674e-05, 
                    -8.565858123624674e-05, 
                    -8.565858123624674e-05, 
                    -8.565858123624674e-05
                ]
            ], 
            "Flow Outlet 1002": [
                0
            ]
        }
    ], 
    "Hemodynamic Parameters_1001_ABC": [
        {
            "B": 1995770354419.3806, 
            "C": -16146283.447481059, 
            "A": -168472867.6556124
        }
    ], 
    "Inlet": [
        {
            "Total_area_inlet": 0.00031298876267923, 
            "Center Node": 70060, 
            "Flow_inlet(peak)": -8.565858123624674e-05, 
            "Flow_inlet(mean)": -8.565858123624674e-05, 
            "Diameter": 0.01996268363257169, 
            "Centroid": [
                -0.00010319409110340905, 
                -2.6215637677039877e-05, 
                -0.031420356708522716
            ], 
            "Reynolds(peak)": -1639.012669013893, 
            "Reynolds(mean)": -1639.012669013893, 
            "Parabolic": true
        }
    ], 
    "Simulations_Parameters": [
        {
            "Dt": 0.1, 
            "Time_vector": [
                0, 
                7.0
            ], 
            "SolverType(1:AMGCGL,2:AMGCL_NS_Solver,3:BICGSTABSolver)": 1, 
            "Config_conditions(1:V-P-P),(2:V-V-P)": 1, 
            "AutomaticDeltaTime": true
        }
    ], 
    "Hemodynamic Parameters_1001_AB": [
        {
            "B": -1771025234346.1523, 
            "A": 149249953.27303973
        }
    ], 
    "Outlet 1001": [
        {
            "Center Node": 412, 
            "Flow_outlet(mean)": 8.54328971747471e-05, 
            "Diameter": 0.019962588749112928, 
            "Flow_outlet(peak)": 8.562240157397911e-05, 
            "Reynolds(peak)": 1638.328185369069, 
            "Total_area_outlet": 0.00031298578738930133, 
            "Reynolds(mean)": 1634.7021436696316, 
            "Centroid": [
                5.984660410938541e-05, 
                8.972251986735864e-05, 
                0.25
            ]
        }
    ], 
    "Bifurcation: ": [
        false
    ], 
    "Pressures": [
        {
            "Pressure Inlet": [
                [
                    1315.1166945289735, 
                    -491.77224156303197, 
                    192.31663210412194, 
                    68.59162878402158, 
                    144.06167090322276, 
                    171.38871366816352, 
                    195.8148978740198, 
                    207.26945496618566, 
                    214.41725434776305, 
                    215.14546390390385, 
                    201.64844975840967, 
                    202.3573814350404, 
                    213.51239586882343, 
                    196.1030521238549, 
                    192.87875300553878, 
                    202.2916258027464, 
                    203.34443354318887, 
                    194.13054693153384, 
                    174.62873067457824, 
                    175.4752615168183, 
                    171.03329819649426, 
                    179.44040702245636, 
                    191.9012277137773, 
                    179.87071243692859, 
                    182.68574477884263, 
                    181.959133850186, 
                    196.28738501321686
                ]
            ], 
            "Pressure Outlet 1001": [
                [
                    0.0, 
                    0.0, 
                    0.0, 
                    0.0, 
                    0.0, 
                    0.0, 
                    0.0, 
                    0.0, 
                    0.0, 
                    0.0, 
                    0.0, 
                    0.0, 
                    0.0, 
                    0.0, 
                    0.0, 
                    0.0, 
                    0.0, 
                    0.0, 
                    0.0, 
                    0.0, 
                    0.0, 
                    0.0, 
                    0.0, 
                    0.0, 
                    0.0, 
                    0.0, 
                    0.0
                ]
            ], 
            "Pressure Outlet 1002": [
                0
            ]
        }
    ]
}