{
    "Bifurcation: ": [
        false
    ], 
    "Hemodynamic Parameters_1001_ABC": [
        {
            "C": -18519061.47642404, 
            "B": -713069296604.535, 
            "A": 61525736.605934665
        }
    ], 
    "Simulations_Parameters": [
        {
            "Dt": 0.1, 
            "AutomaticDeltaTime": true, 
            "Config_conditions(1:V-P-P),(2:V-V-P)": 1, 
            "Time_vector": [
                0, 
                7.0
            ], 
            "SolverType(1:AMGCGL,2:AMGCL_NS_Solver,3:BICGSTABSolver)": 1
        }
    ], 
    "Time": [
        {
            "Time": [
                0.1, 
                0.178489901868496, 
                0.2661654968844571, 
                0.36615634736608194, 
                0.4774312483562314, 
                0.6029540438051931, 
                0.749637211428583, 
                0.9273837234963027, 
                1.134406390411228, 
                1.3857248387464665, 
                1.6370432870817049, 
                1.939174588965961, 
                2.3017853766593928, 
                2.6643961643528247, 
                3.099459231289852, 
                3.621486194178701, 
                3.6314861941787013, 
                3.6364861941787012, 
                3.646486194178701, 
                3.651486194178701, 
                3.805091174591895, 
                3.9503607982021127, 
                4.087027335248462, 
                4.241327462691308, 
                4.397948016997185, 
                4.554567788411743, 
                4.7425054552887875, 
                4.968023898183003, 
                5.219627454557074, 
                5.4982675090600255, 
                5.847715141964576, 
                6.274703374858701, 
                6.701691607752826, 
                7.128679840646951
            ]
        }
    ], 
    "Outlet 1001": [
        {
            "Reynolds(mean)": 1632.7424758574416, 
            "Flow_outlet(peak)": 8.552892164531509e-05, 
            "Reynolds(peak)": 1636.5395928084465, 
            "Diameter": 0.019962587721750566, 
            "Centroid": [
                0.00011239953331638416, 
                0.00015477023229601577, 
                0.25
            ], 
            "Total_area_outlet": 0.00031298575517405984, 
            "Flow_outlet(mean)": 8.53304765116882e-05, 
            "Center Node": 453
        }
    ], 
    "name": [
        "I:/PROYECTOS/ESTUDIANTES/Sergio/V2/GID/D_170\\Modelo_10_170.gid\\Modelo_10_170.json"
    ], 
    "Fluid Characteristic": [
        {
            "blood_dynamic_viscosity": 0.0035, 
            "blood_kinematic_viscosity": 3.3333333333333333e-06, 
            "blood_density": 1050.0
        }
    ], 
    "Hemodynamic Parameters_1001_AB": [
        {
            "B": 645944142275.568, 
            "A": -55781455.764230914
        }
    ], 
    "Inlet": [
        {
            "Reynolds(mean)": -1636.3140830302127, 
            "Flow_inlet(peak)": -8.55175469104748e-05, 
            "Reynolds(peak)": -1636.3140830302127, 
            "Diameter": 0.01996268363257169, 
            "Centroid": [
                -0.00010319409110340905, 
                -2.6215637677039877e-05, 
                -0.031420356708522716
            ], 
            "Flow_inlet(mean)": -8.55175469104748e-05, 
            "Total_area_inlet": 0.00031298876267923, 
            "Parabolic": true, 
            "Center Node": 90007
        }
    ], 
    "Pressures": [
        {
            "Pressure Outlet 1001": [
                [
                    0.0, 
                    0.0, 
                    0.0, 
                    0.0, 
                    0.0, 
                    0.0, 
                    0.0, 
                    0.0, 
                    0.0, 
                    0.0, 
                    0.0, 
                    0.0, 
                    0.0, 
                    0.0, 
                    0.0, 
                    0.0, 
                    0.0, 
                    0.0, 
                    0.0, 
                    0.0, 
                    0.0, 
                    0.0, 
                    0.0, 
                    0.0, 
                    0.0, 
                    0.0, 
                    0.0, 
                    0.0, 
                    0.0, 
                    0.0, 
                    0.0, 
                    0.0, 
                    0.0, 
                    0.0
                ]
            ], 
            "Pressure Outlet 1002": [
                0
            ], 
            "Pressure Inlet": [
                [
                    1225.6165111921189, 
                    -473.3294070819534, 
                    148.8467745726044, 
                    15.770428335303121, 
                    62.18064195218431, 
                    70.35200394479614, 
                    81.38565223800951, 
                    70.34082458124868, 
                    42.58141973919718, 
                    46.01945306983196, 
                    71.38033798442991, 
                    76.80726267677984, 
                    77.359151138957, 
                    73.83669651214602, 
                    65.47288030401633, 
                    52.411358472222354, 
                    39.88871958975401, 
                    38.79100022257696, 
                    41.3848806166888, 
                    39.93238374577036, 
                    43.55095540828787, 
                    44.22375641934154, 
                    49.01746813002142, 
                    49.7570818770296, 
                    50.103323688413425, 
                    50.6807334129353, 
                    49.261484616135725, 
                    46.51800880889888, 
                    41.57195733311426, 
                    35.23606356902699, 
                    38.37446120699273, 
                    47.13475321406235, 
                    44.57361435549205, 
                    41.75133614418046
                ]
            ]
        }
    ], 
    "Flow": [
        {
            "Flow Inlet": [
                [
                    -8.55175469104748e-05, 
                    -8.55175469104748e-05, 
                    -8.55175469104748e-05, 
                    -8.55175469104748e-05, 
                    -8.55175469104748e-05, 
                    -8.55175469104748e-05, 
                    -8.55175469104748e-05, 
                    -8.55175469104748e-05, 
                    -8.55175469104748e-05, 
                    -8.55175469104748e-05, 
                    -8.55175469104748e-05, 
                    -8.55175469104748e-05, 
                    -8.55175469104748e-05, 
                    -8.55175469104748e-05, 
                    -8.55175469104748e-05, 
                    -8.55175469104748e-05, 
                    -8.55175469104748e-05, 
                    -8.55175469104748e-05, 
                    -8.55175469104748e-05, 
                    -8.55175469104748e-05, 
                    -8.55175469104748e-05, 
                    -8.55175469104748e-05, 
                    -8.55175469104748e-05, 
                    -8.55175469104748e-05, 
                    -8.55175469104748e-05, 
                    -8.55175469104748e-05, 
                    -8.55175469104748e-05, 
                    -8.55175469104748e-05, 
                    -8.55175469104748e-05, 
                    -8.55175469104748e-05, 
                    -8.55175469104748e-05, 
                    -8.55175469104748e-05, 
                    -8.55175469104748e-05, 
                    -8.55175469104748e-05
                ]
            ],