{
    "Time": [
        {
            "Time": [
                0.1, 
                0.1722571970551059, 
                0.25263655172992444, 
                0.3474617950162806, 
                0.4616170090097396, 
                0.5866096975604904, 
                0.7312138144254533, 
                0.8964587704404358, 
                1.103069700352409, 
                1.328041562452336, 
                1.588863909969454, 
                1.9125284719245839, 
                2.334936305117258, 
                2.757344138309932, 
                2.767344138309932, 
                2.772344138309932, 
                2.973530402711384, 
                3.169452460979406, 
                3.3762936594058037, 
                3.583010306680658, 
                3.7836745044147664, 
                3.984328077859393, 
                4.224724280283928, 
                4.517264215059614, 
                4.8098041498352995, 
                5.102344084610985, 
                5.394884019386671, 
                5.741300227169284, 
                5.751300227169284, 
                5.756300227169284, 
                5.935441640359806, 
                6.094243608657166, 
                6.254312520327373, 
                6.420929865435456, 
                6.5990384302875755, 
                6.780798264192643, 
                6.997689671684337, 
                7.255075784779388
            ]
        }
    ], 
    "Bifurcation: ": [
        false
    ], 
    "Outlet 1001": [
        {
            "Centroid": [
                3.1174873052513927e-05, 
                6.931638458544458e-05, 
                0.289990000000001
            ], 
            "Reynolds(mean)": 1638.1446024814252, 
            "Total_area_outlet": 0.00031298575517405995, 
            "Reynolds(peak)": 1640.7988088465204, 
            "Flow_outlet(mean)": 8.5612802748567e-05, 
            "Diameter": 0.019962587721750573, 
            "Flow_outlet(peak)": 8.575151702668668e-05, 
            "Center Node": 422
        }
    ], 
    "Pressures": [
        {
            "Pressure Outlet 1002": [
                0
            ], 
            "Pressure Outlet 1001": [
                [
                    0.0, 
                    0.0, 
                    0.0, 
                    0.0, 
                    0.0, 
                    0.0, 
                    0.0, 
                    0.0, 
                    0.0, 
                    0.0, 
                    0.0, 
                    0.0, 
                    0.0, 
                    0.0, 
                    0.0, 
                    0.0, 
                    0.0, 
                    0.0, 
                    0.0, 
                    0.0, 
                    0.0, 
                    0.0, 
                    0.0, 
                    0.0, 
                    0.0, 
                    0.0, 
                    0.0, 
                    0.0, 
                    0.0, 
                    0.0, 
                    0.0, 
                    0.0, 
                    0.0, 
                    0.0, 
                    0.0, 
                    0.0, 
                    0.0, 
                    0.0
                ]
            ], 
            "Pressure Inlet": [
                [
                    1403.1478574984749, 
                    -531.0092725760134, 
                    175.52253353917175, 
                    27.41013437724428, 
                    80.95266732221997, 
                    94.38835675832256, 
                    119.5269151014514, 
                    133.06720484958672, 
                    134.57454613515432, 
                    140.811861547401, 
                    145.35570182962715, 
                    139.24653629833108, 
                    135.35591497030683, 
                    145.96257594577864, 
                    153.5291612526269, 
                    147.04893075609547, 
                    151.09108613532925, 
                    149.61056746608816, 
                    145.7999798647968, 
                    141.20234011039827, 
                    142.58484640885612, 
                    153.68146814328486, 
                    154.76554192111305, 
                    140.14023177123724, 
                    121.86644368397576, 
                    131.20114674538203, 
                    149.82693593131205, 
                    162.30859891241946, 
                    172.81840136528655, 
                    165.95281859010063, 
                    153.44695693910333, 
                    137.06675895231984, 
                    131.60568082364736, 
                    138.7189421635283, 
                    148.25078596578206, 
                    161.6686041922292, 
                    162.51151366055532, 
                    147.48480114436418
                ]
            ]
        }
    ], 
    "Inlet": [
        {
            "Parabolic": true, 
            "Centroid": [
                -0.00010319409110340905, 
                -2.6215637677039877e-05, 
                -0.031420356708522716
            ], 
            "Reynolds(mean)": -1642.6363985365097, 
            "Reynolds(peak)": -1642.6363985365097, 
            "Flow_inlet(mean)": -8.584796569651331e-05, 
            "Diameter": 0.01996268363257169, 
            "Flow_inlet(peak)": -8.584796569651331e-05, 
            "Center Node": 84384, 
            "Total_area_inlet": 0.00031298876267923
        }
    ], 
    "Simulations_Parameters": [
        {
            "AutomaticDeltaTime": true, 
            "Time_vector": [
                0, 
                7.0
            ], 
            "SolverType(1:AMGCGL,2:AMGCL_NS_Solver,3:BICGSTABSolver)": 1, 
            "Config_conditions(1:V-P-P),(2:V-V-P)": 1, 
            "Dt": 0.1
        }
    ], 
    "Flow": [
        {
            "Flow Outlet 1002": [
                0
            ], 
            "Flow Inlet": [
                [
                    -8.584796569651331e-05, 
                    -8.584796569651331e-05, 
                    -8.584796569651331e-05, 
                    -8.584796569651331e-05, 
                    -8.584796569651331e-05, 
                    -8.584796569651331e-05, 
                    -8.584796569651331e-05, 
                    -8.584796569651331e-05, 
                    -8.584796569651331e-05, 
                    -8.584796569651331e-05, 
                    -8.584796569651331e-05, 
                    -8.584796569651331e-05, 
                    -8.584796569651331e-05, 
                    -8.584796569651331e-05, 
                    -8.584796569651331e-05, 
                    -8.584796569651331e-05, 
                    -8.584796569651331e-05, 
                    -8.584796569651331e-05, 
                    -8.584796569651331e-05, 
                    -8.584796569651331e-05, 
                    -8.584796569651331e-05, 
                    -8.584796569651331e-05, 
                    -8.584796569651331e-05, 
                    -8.584796569651331e-05, 
                    -8.584796569651331e-05, 
                    -8.584796569651331e-05, 
                    -8.584796569651331e-05, 
                    -8.584796569651331e-05, 
                    -8.584796569651331e-05, 
                    -8.584796569651331e-05, 
                    -8.584796569651331e-05, 
                    -8.584796569651331e-05, 
                    -8.584796569651331e-05, 
                    -8.584796569651331e-05, 
                    -8.584796569651331e-05, 
                    -8.584796569651331e-05, 
                    -8.584796569651331e-05, 
                    -8.584796569651331e-05
                ]
            ],