{
    "name": [
        "D:/edu_12/V2/GID\\Modelo_21_120_I.gid\\Modelo_21_120_I.json"
    ], 
    "Outlet 1001": [
        {
            "Reynolds(peak)": 1637.3380498547015, 
            "Flow_outlet(peak)": 8.557065505693405e-05, 
            "Diameter": 0.019962588749576307, 
            "Total_area_outlet": 0.0003129857874038317, 
            "Flow_outlet(mean)": 8.534868596654406e-05, 
            "Center Node": 396, 
            "Centroid": [
                4.244701675161103e-05, 
                0.00012423521172043008, 
                0.25
            ], 
            "Reynolds(mean)": 1633.0908177008123
        }
    ], 
    "Fluid Characteristic": [
        {
            "blood_dynamic_viscosity": 0.0035, 
            "blood_density": 1050.0, 
            "blood_kinematic_viscosity": 3.3333333333333333e-06
        }
    ], 
    "Hemodynamic Parameters_1001_ABC": [
        {
            "A": -89259939.814143, 
            "B": 1073932433242.075, 
            "C": -170550846.16096658
        }
    ], 
    "Hemodynamic Parameters_1001_AB": [
        {
            "A": -40968999.159610964, 
            "B": 449670187944.4723
        }
    ], 
    "Flow": [
        {
            "Flow Outlet 1002": [
                0
            ], 
            "Flow Outlet 1001": [
                [
                    8.235136097510278e-05, 
                    8.557065505693405e-05, 
                    8.548759392332636e-05, 
                    8.551993047136846e-05, 
                    8.552010107194664e-05, 
                    8.552788873856988e-05, 
                    8.552870992463482e-05, 
                    8.552794650617061e-05, 
                    8.552673682343779e-05, 
                    8.552640931469652e-05, 
                    8.552626734573955e-05, 
                    8.552148990978316e-05, 
                    8.551321704351015e-05, 
                    8.550392372828242e-05, 
                    8.548363121079168e-05, 
                    8.545149550165143e-05, 
                    8.546068184191614e-05, 
                    8.549572538274442e-05, 
                    8.549579033023353e-05, 
                    8.541775225709432e-05, 
                    8.53650979394905e-05
                ]
            ], 
            "Flow Inlet": [
                [
                    -8.559615574614601e-05, 
                    -8.559615574614601e-05, 
                    -8.559615574614601e-05, 
                    -8.559615574614601e-05, 
                    -8.559615574614601e-05, 
                    -8.559615574614601e-05, 
                    -8.559615574614601e-05, 
                    -8.559615574614601e-05, 
                    -8.559615574614601e-05, 
                    -8.559615574614601e-05, 
                    -8.559615574614601e-05, 
                    -8.559615574614601e-05, 
                    -8.559615574614601e-05, 
                    -8.559615574614601e-05, 
                    -8.559615574614601e-05, 
                    -8.559615574614601e-05, 
                    -8.559615574614601e-05, 
                    -8.559615574614601e-05, 
                    -8.559615574614601e-05, 
                    -8.559615574614601e-05, 
                    -8.559615574614601e-05
                ]
            ]
        }
    ], 
    "Pressures": [
        {
            "Pressure Outlet 1002": [
                0
            ], 
            "Pressure Inlet": [
                [
                    1228.6541619801706, 
                    -437.6216425872714, 
                    178.17361546051836, 
                    76.80366122568743, 
                    150.83506800544757, 
                    189.1355696049225, 
                    218.06924556123934, 
                    224.4149951286886, 
                    226.028946506595, 
                    232.3764116674388, 
                    237.44515196323502, 
                    225.5556564183684, 
                    219.87462203662812, 
                    225.04431377060067, 
                    223.87786144377128, 
                    215.35433446360577, 
                    211.75779751598517, 
                    213.79795015519437, 
                    214.43238960442548, 
                    220.63080567310365, 
                    221.21698818433637
                ]
            ], 
            "Pressure Outlet 1001": [
                [
                    0.0, 
                    0.0, 
                    0.0, 
                    0.0, 
                    0.0, 
                    0.0, 
                    0.0, 
                    0.0, 
                    0.0, 
                    0.0, 
                    0.0, 
                    0.0, 
                    0.0, 
                    0.0, 
                    0.0, 
                    0.0, 
                    0.0, 
                    0.0, 
                    0.0, 
                    0.0, 
                    0.0
                ]
            ]
        }
    ], 
    "Inlet": [
        {
            "Reynolds(peak)": -1637.8182041083592, 
            "Centroid": [
                -0.00010319409110340905, 
                -2.6215637677039877e-05, 
                -0.031420356708522716
            ], 
            "Diameter": 0.01996268363257169, 
            "Total_area_inlet": 0.00031298876267923, 
            "Center Node": 143213, 
            "Flow_inlet(mean)": -8.559615574614601e-05, 
            "Parabolic": true, 
            "Flow_inlet(peak)": -8.559615574614601e-05, 
            "Reynolds(mean)": -1637.8182041083592
        }
    ], 
    "Simulations_Parameters": [
        {
            "SolverType(1:AMGCGL,2:AMGCL_NS_Solver,3:BICGSTABSolver)": 1, 
            "Config_conditions(1:V-P-P),(2:V-V-P)": 1, 
            "Dt": 0.1, 
            "AutomaticDeltaTime": true, 
            "Time_vector": [
                0, 
                7.0
            ]
        }
    ], 
    "Time": [
        {
            "Time": [
                0.1, 
                0.16302636619021665, 
                0.233395980252516, 
                0.3163090083106304, 
                0.4153299196865524, 
                0.5341721194480351, 
                0.6705024675053649, 
                0.8100021253297717, 
                0.9476833566743799, 
                1.1365303496841064, 
                1.3828822952302104, 
                1.6516564393335869, 
                1.957165596148009, 
                2.319470464945889, 
                2.7448137331225366, 
                3.31528057112723, 
                4.005541372594924, 
                4.80106173182295, 
                5.80106173182295, 
                6.80106173182295, 
                7.80106173182295
            ]
        }
    ], 
    "Bifurcation: ": [
        false
    ]
}