{
    "Flow": [
        {
            "Flow Outlet 1002": [
                0
            ], 
            "Flow Inlet": [
                [
                    -8.546230321221088e-05, 
                    -8.546230321221088e-05, 
                    -8.546230321221088e-05, 
                    -8.546230321221088e-05, 
                    -8.546230321221088e-05, 
                    -8.546230321221088e-05, 
                    -8.546230321221088e-05, 
                    -8.546230321221088e-05, 
                    -8.546230321221088e-05, 
                    -8.546230321221088e-05, 
                    -8.546230321221088e-05, 
                    -8.546230321221088e-05, 
                    -8.546230321221088e-05, 
                    -8.546230321221088e-05, 
                    -8.546230321221088e-05, 
                    -8.546230321221088e-05, 
                    -8.546230321221088e-05, 
                    -8.546230321221088e-05, 
                    -8.546230321221088e-05, 
                    -8.546230321221088e-05, 
                    -8.546230321221088e-05, 
                    -8.546230321221088e-05, 
                    -8.546230321221088e-05, 
                    -8.546230321221088e-05, 
                    -8.546230321221088e-05, 
                    -8.546230321221088e-05, 
                    -8.546230321221088e-05, 
                    -8.546230321221088e-05, 
                    -8.546230321221088e-05, 
                    -8.546230321221088e-05, 
                    -8.546230321221088e-05, 
                    -8.546230321221088e-05
                ]
            ], 
            "Flow Outlet 1001": [
                [
                    8.201331032312213e-05, 
                    8.54673934191387e-05, 
                    8.534676309418098e-05, 
                    8.538851952757203e-05, 
                    8.538191875819725e-05, 
                    8.538549622294454e-05, 
                    8.538292246102684e-05, 
                    8.538180947601222e-05, 
                    8.538176431094413e-05, 
                    8.5375682674312e-05, 
                    8.534562133972242e-05, 
                    8.533312780428403e-05, 
                    8.534933691422182e-05, 
                    8.535211287763858e-05, 
                    8.537111131301934e-05, 
                    8.538319785482635e-05, 
                    8.53638909815764e-05, 
                    8.535494300973071e-05, 
                    8.53419794499686e-05, 
                    8.533821617846286e-05, 
                    8.535756927776158e-05, 
                    8.535569637250374e-05, 
                    8.533797336207235e-05, 
                    8.530427543671293e-05, 
                    8.528346230268403e-05, 
                    8.536760342944346e-05, 
                    8.53640582325296e-05, 
                    8.536125312888329e-05, 
                    8.537083760852778e-05, 
                    8.534403287588814e-05, 
                    8.533451259643968e-05, 
                    8.53395804727706e-05
                ]
            ]
        }
    ], 
    "Simulations_Parameters": [
        {
            "AutomaticDeltaTime": true, 
            "Time_vector": [
                0, 
                7.0
            ], 
            "SolverType(1:AMGCGL,2:AMGCL_NS_Solver,3:BICGSTABSolver)": 1, 
            "Config_conditions(1:V-P-P),(2:V-V-P)": 1, 
            "Dt": 0.1
        }
    ], 
    "Inlet": [
        {
            "Diameter": 0.01996268363257169, 
            "Flow_inlet(peak)": -8.546230321221088e-05, 
            "Center Node": 85602, 
            "Flow_inlet(mean)": -8.546230321221088e-05, 
            "Parabolic": true, 
            "Reynolds(mean)": -1635.2570363218624, 
            "Total_area_inlet": 0.00031298876267923, 
            "Reynolds(peak)": -1635.2570363218624, 
            "Centroid": [
                -0.00010319409110340905, 
                -2.6215637677039877e-05, 
                -0.031420356708522716
            ]
        }
    ], 
    "Hemodynamic Parameters_1001_ABC": [
        {
            "A": -60568677.76516664, 
            "C": 10097055.753525704, 
            "B": 738377623879.8688
        }
    ], 
    "name": [
        "I:/PROYECTOS/ESTUDIANTES/Sergio/V2/GID\\Modelo_7_120.gid\\Modelo_7_120.json"
    ], 
    "Fluid Characteristic": [
        {
            "blood_density": 1050.0, 
            "blood_dynamic_viscosity": 0.0035, 
            "blood_kinematic_viscosity": 3.3333333333333333e-06
        }
    ], 
    "Time": [
        {
            "Time": [
                0.1, 
                0.19652784662357023, 
                0.2976324281989414, 
                0.4165780637882512, 
                0.5513762906521206, 
                0.7080149336314855, 
                0.8933210195527137, 
                1.11471690567319, 
                1.3799421518241233, 
                1.7015139031872202, 
                2.023085654550317, 
                2.3944798426164655, 
                2.4044798426164653, 
                2.409479842616465, 
                2.6283276018158364, 
                2.8404155134071973, 
                3.0772921802825626, 
                3.3254157979855283, 
                3.5608056800413403, 
                3.805126959066382, 
                4.102478352307698, 
                4.399829745549015, 
                4.732959239641288, 
                5.141965573235027, 
                5.664086556943317, 
                6.1862075406516075, 
                6.196207540651607, 
                6.201207540651607, 
                6.439538922279691, 
                6.684172151668674, 
                6.909577623704006, 
                7.16833440838626
            ]
        }
    ], 
    "Hemodynamic Parameters_1001_AB": [
        {
            "A": 70813525.69112858, 
            "B": -858460517018.695
        }
    ], 
    "Bifurcation: ": [
        false
    ], 
    "Outlet 1001": [
        {
            "Diameter": 0.019962587721750573, 
            "Center Node": 413, 
            "Flow_outlet(mean)": 8.525499915897247e-05, 
            "Centroid": [
                3.1174873052513927e-05, 
                6.931638458544458e-05, 
                0.289990000000001
            ], 
            "Reynolds(mean)": 1631.2982664168985, 
            "Total_area_outlet": 0.00031298575517405995, 
            "Reynolds(peak)": 1635.362290718394, 
            "Flow_outlet(peak)": 8.54673934191387e-05
        }
    ], 
    "Pressures": [
        {
            "Pressure Outlet 1002": [
                0
            ], 
            "Pressure Outlet 1001": [
                [
                    0.0, 
                    0.0, 
                    0.0, 
                    0.0, 
                    0.0, 
                    0.0, 
                    0.0, 
                    0.0, 
                    0.0, 
                    0.0, 
                    0.0, 
                    0.0, 
                    0.0, 
                    0.0, 
                    0.0, 
                    0.0, 
                    0.0, 
                    0.0, 
                    0.0, 
                    0.0, 
                    0.0, 
                    0.0, 
                    0.0, 
                    0.0, 
                    0.0, 
                    0.0, 
                    0.0, 
                    0.0, 
                    0.0, 
                    0.0, 
                    0.0, 
                    0.0
                ]
            ],