{
    "Pressures": [
        {
            "Pressure Outlet 1002": [
                0
            ], 
            "Pressure Outlet 1001": [
                [
                    0.0, 
                    0.0, 
                    0.0, 
                    0.0, 
                    0.0, 
                    0.0, 
                    0.0, 
                    0.0, 
                    0.0, 
                    0.0, 
                    0.0, 
                    0.0, 
                    0.0, 
                    0.0, 
                    0.0, 
                    0.0, 
                    0.0, 
                    0.0, 
                    0.0
                ]
            ], 
            "Pressure Inlet": [
                [
                    1199.689540763427, 
                    -458.197983243275, 
                    162.02340197679086, 
                    43.16976578297031, 
                    109.56717716483308, 
                    137.03059225355813, 
                    154.53928099804187, 
                    150.6737018975322, 
                    141.2640857878088, 
                    144.73305256868798, 
                    153.79115146352672, 
                    151.6248686545246, 
                    158.56476838834652, 
                    154.40305856783093, 
                    157.33486877502634, 
                    162.6363279826818, 
                    160.87583157786278, 
                    156.9482211149942, 
                    168.16273427473752
                ]
            ]
        }
    ], 
    "Flow": [
        {
            "Flow Outlet 1002": [
                0
            ], 
            "Flow Inlet": [
                [
                    -8.549500647920935e-05, 
                    -8.549500647920935e-05, 
                    -8.549500647920935e-05, 
                    -8.549500647920935e-05, 
                    -8.549500647920935e-05, 
                    -8.549500647920935e-05, 
                    -8.549500647920935e-05, 
                    -8.549500647920935e-05, 
                    -8.549500647920935e-05, 
                    -8.549500647920935e-05, 
                    -8.549500647920935e-05, 
                    -8.549500647920935e-05, 
                    -8.549500647920935e-05, 
                    -8.549500647920935e-05, 
                    -8.549500647920935e-05, 
                    -8.549500647920935e-05, 
                    -8.549500647920935e-05, 
                    -8.549500647920935e-05, 
                    -8.549500647920935e-05
                ]
            ], 
            "Flow Outlet 1001": [
                [
                    8.229177193837314e-05, 
                    8.545773546854774e-05, 
                    8.534322224505579e-05, 
                    8.53888369842461e-05, 
                    8.539246455195136e-05, 
                    8.5399894235425e-05, 
                    8.539900029480438e-05, 
                    8.539813655797033e-05, 
                    8.53979421961627e-05, 
                    8.539979791556527e-05, 
                    8.540001193156952e-05, 
                    8.538502483725347e-05, 
                    8.536595570734126e-05, 
                    8.535515352618226e-05, 
                    8.535440506922698e-05, 
                    8.535422790468682e-05, 
                    8.537188862284128e-05, 
                    8.536658529429435e-05, 
                    8.539083220521821e-05
                ]
            ]
        }
    ], 
    "Hemodynamic Parameters_1001_AB": [
        {
            "A": -471908715.0155981, 
            "B": 5507230956917.902
        }
    ], 
    "Time": [
        {
            "Time": [
                0.1, 
                0.18368728260526068, 
                0.2751032141704982, 
                0.38228578703792215, 
                0.5109375390242213, 
                0.6462283449690851, 
                0.7920972098767207, 
                0.9467800310302312, 
                1.1321859346336627, 
                1.3739202024977244, 
                1.6887410777335532, 
                2.0588043753475973, 
                2.501112608375905, 
                3.047897233858891, 
                3.7700741103889883, 
                4.519749093723215, 
                5.334271682816216, 
                6.334271682816216, 
                7.334271682816216
            ]
        }
    ], 
    "Simulations_Parameters": [
        {
            "SolverType(1:AMGCGL,2:AMGCL_NS_Solver,3:BICGSTABSolver)": 1, 
            "Time_vector": [
                0, 
                7.0
            ], 
            "Dt": 0.1, 
            "AutomaticDeltaTime": true, 
            "Config_conditions(1:V-P-P),(2:V-V-P)": 1
        }
    ], 
    "Bifurcation: ": [
        false
    ], 
    "Outlet 1001": [
        {
            "Center Node": 498, 
            "Total_area_outlet": 0.0003129857551765405, 
            "Centroid": [
                7.705501106926971e-05, 
                0.00014089454130671288, 
                0.25
            ], 
            "Reynolds(mean)": 1630.6617005724058, 
            "Reynolds(peak)": 1635.1774921873512, 
            "Flow_outlet(peak)": 8.545773546854774e-05, 
            "Diameter": 0.019962587721829676, 
            "Flow_outlet(mean)": 8.522173092035347e-05
        }
    ], 
    "name": [
        "I:/PROYECTOS/ESTUDIANTES/Sergio/V2/GID\\Modelo_20_145.gid\\Modelo_20_145.json"
    ], 
    "Fluid Characteristic": [
        {
            "blood_density": 1050.0, 
            "blood_dynamic_viscosity": 0.0035, 
            "blood_kinematic_viscosity": 3.3333333333333333e-06
        }
    ], 
    "Hemodynamic Parameters_1001_ABC": [
        {
            "A": 467893518.00718474, 
            "C": 64636256.22778423, 
            "B": -5459741358524.8125
        }
    ], 
    "Inlet": [
        {
            "Center Node": 142127, 
            "Total_area_inlet": 0.00031298876267923, 
            "Parabolic": true, 
            "Flow_inlet(mean)": -8.549500647920935e-05, 
            "Reynolds(mean)": -1635.882788793536, 
            "Flow_inlet(peak)": -8.549500647920935e-05, 
            "Reynolds(peak)": -1635.882788793536, 
            "Centroid": [
                -0.00010319409110340905, 
                -2.6215637677039877e-05, 
                -0.031420356708522716
            ], 
            "Diameter": 0.01996268363257169
        }
    ]
}