{
    "Outlet 1001": [
        {
            "Centroid": [
                2.4036718798882593e-05, 
                6.826439254075248e-05, 
                0.289990000000001
            ], 
            "Center Node": 429, 
            "Reynolds(peak)": 1638.8438107798913, 
            "Diameter": 0.019962587721829687, 
            "Reynolds(mean)": 1636.918928491584, 
            "Flow_outlet(peak)": 8.56493448112165e-05, 
            "Total_area_outlet": 0.0003129857551765408, 
            "Flow_outlet(mean)": 8.55487465078591e-05
        }
    ], 
    "name": [
        "I:/PROYECTOS/ESTUDIANTES/Sergio/V2/GID/D_170\\Modelo_16_170.gid\\Modelo_16_170.json"
    ], 
    "Time": [
        {
            "Time": [
                0.1, 
                0.1718628006208479, 
                0.2517235008305986, 
                0.34395213820049214, 
                0.45019630808160505, 
                0.5732230802390759, 
                0.7176210419911724, 
                0.8895952039670665, 
                1.09578043417414, 
                1.1057804341741397, 
                1.1107804341741396, 
                1.2336941526718257, 
                1.3553841576414163, 
                1.4755228028791916, 
                1.5935419675125542, 
                1.708845068070024, 
                1.8217362696122765, 
                1.957400535342986, 
                2.125404007367381, 
                2.3335001822654995, 
                2.614285445788261, 
                2.624285445788261, 
                2.629285445788261, 
                2.7973838167628573, 
                2.9660765980263193, 
                3.1347693792897813, 
                3.273222626581431, 
                3.404347939646166, 
                3.5345913443864654, 
                3.676058484447791, 
                3.8735567102196673, 
                4.1217511422621005, 
                4.40583812978798, 
                4.689925117313859, 
                4.974012104839738, 
                4.984012104839738, 
                4.989012104839738, 
                5.125813525075634, 
                5.260906502338565, 
                5.392106893123135, 
                5.522192749796262, 
                5.649769767984544, 
                5.767908923934505, 
                5.907548527527562, 
                6.081879947082522, 
                6.294204223607529, 
                6.506528500132535, 
                6.741246531863464, 
                6.975964563594393, 
                7.283737420801706
            ]
        }
    ], 
    "Simulations_Parameters": [
        {
            "SolverType(1:AMGCGL,2:AMGCL_NS_Solver,3:BICGSTABSolver)": 1, 
            "Time_vector": [
                0, 
                7.0
            ], 
            "Config_conditions(1:V-P-P),(2:V-V-P)": 1, 
            "AutomaticDeltaTime": true, 
            "Dt": 0.1
        }
    ], 
    "Bifurcation: ": [
        false
    ], 
    "Flow": [
        {
            "Flow Outlet 1002": [
                0
            ], 
            "Flow Outlet 1001": [
                [
                    8.235193259782675e-05, 
                    8.563518494637861e-05, 
                    8.556297378359367e-05, 
                    8.56083230391016e-05, 
                    8.561592151437123e-05, 
                    8.562716052260484e-05, 
                    8.562873231411319e-05, 
                    8.562820995110227e-05, 
                    8.562699620002752e-05, 
                    8.562900363030232e-05, 
                    8.562792599962156e-05, 
                    8.562716959736546e-05, 
                    8.562678357729705e-05, 
                    8.562762127507473e-05, 
                    8.562920498731357e-05, 
                    8.563090505777614e-05, 
                    8.563027383673179e-05, 
                    8.56220232489611e-05, 
                    8.559671970768417e-05, 
                    8.554398453018485e-05, 
                    8.552310622769495e-05, 
                    8.554917925174886e-05, 
                    8.555194784836849e-05, 
                    8.557922192976778e-05, 
                    8.560979794947084e-05, 
                    8.561714432702615e-05, 
                    8.561790929106753e-05, 
                    8.562439517675401e-05, 
                    8.561812062051898e-05, 
                    8.560651512810978e-05, 
                    8.560605647154223e-05, 
                    8.561849711756547e-05, 
                    8.562142385676467e-05, 
                    8.561556981557938e-05, 
                    8.56174195606038e-05, 
                    8.562268625610701e-05, 
                    8.562323749073848e-05, 
                    8.563165400236749e-05, 
                    8.564262319991666e-05, 
                    8.56493448112165e-05, 
                    8.564850128296901e-05, 
                    8.563855147155662e-05, 
                    8.563182911747764e-05, 
                    8.56309534819434e-05, 
                    8.562467307755871e-05, 
                    8.561870012588116e-05, 
                    8.561743169170477e-05, 
                    8.56146020201885e-05, 
                    8.560405537629973e-05, 
                    8.558512709701369e-05
                ]
            ], 
            "Flow Inlet": [
                [
                    -8.572716351133127e-05, 
                    -8.572716351133127e-05, 
                    -8.572716351133127e-05, 
                    -8.572716351133127e-05, 
                    -8.572716351133127e-05, 
                    -8.572716351133127e-05, 
                    -8.572716351133127e-05, 
                    -8.572716351133127e-05, 
                    -8.572716351133127e-05, 
                    -8.572716351133127e-05, 
                    -8.572716351133127e-05, 
                    -8.572716351133127e-05, 
                    -8.572716351133127e-05, 
                    -8.572716351133127e-05, 
                    -8.572716351133127e-05, 
                    -8.572716351133127e-05, 
                    -8.572716351133127e-05, 
                    -8.572716351133127e-05, 
                    -8.572716351133127e-05, 
                    -8.572716351133127e-05, 
                    -8.572716351133127e-05, 
                    -8.572716351133127e-05, 
                    -8.572716351133127e-05, 
                    -8.572716351133127e-05, 
                    -8.572716351133127e-05, 
                    -8.572716351133127e-05, 
                    -8.572716351133127e-05, 
                    -8.572716351133127e-05, 
                    -8.572716351133127e-05, 
                    -8.572716351133127e-05, 
                    -8.572716351133127e-05, 
                    -8.572716351133127e-05, 
                    -8.572716351133127e-05, 
                    -8.572716351133127e-05, 
                    -8.572716351133127e-05, 
                    -8.572716351133127e-05, 
                    -8.572716351133127e-05, 
                    -8.572716351133127e-05, 
                    -8.572716351133127e-05, 
                    -8.572716351133127e-05, 
                    -8.572716351133127e-05, 
                    -8.572716351133127e-05, 
                    -8.572716351133127e-05, 
                    -8.572716351133127e-05, 
                    -8.572716351133127e-05, 
                    -8.572716351133127e-05, 
                    -8.572716351133127e-05, 
                    -8.572716351133127e-05, 
                    -8.572716351133127e-05, 
                    -8.572716351133127e-05
                ]
            ]
        }
    ], 
    "Hemodynamic Parameters_1001_AB": [
        {
            "A": -69239133.68420331,