{
    "Pressures": [
        {
            "Pressure Outlet 1002": [
                0
            ], 
            "Pressure Inlet": [
                [
                    1310.4887121643976, 
                    -502.38133286407856, 
                    153.1094780376363, 
                    9.397855391851516, 
                    51.7349799431958, 
                    54.39011215210141, 
                    69.68542766192475, 
                    75.00311608326646, 
                    64.27379510135916, 
                    43.383863705826194, 
                    36.620851554714626, 
                    48.253971954282186, 
                    60.496743021434874, 
                    60.60603663878578, 
                    59.134882343926485, 
                    56.2048206484768, 
                    53.20160510661535, 
                    53.053778589170925, 
                    52.921491192711024, 
                    54.76110879644711, 
                    65.21693305941774, 
                    65.7906929010037, 
                    57.558710413868724, 
                    52.93343066404786, 
                    60.21209809306128, 
                    62.05408209878582, 
                    54.54740712963613, 
                    45.51927928611785, 
                    47.17330868768624, 
                    55.94025864271985, 
                    53.963045924585984, 
                    45.38810045885238, 
                    36.53612879340329, 
                    36.23976683785351, 
                    38.22704114217261, 
                    38.67265407713263, 
                    44.11508569007307
                ]
            ], 
            "Pressure Outlet 1001": [
                [
                    0.0, 
                    0.0, 
                    0.0, 
                    0.0, 
                    0.0, 
                    0.0, 
                    0.0, 
                    0.0, 
                    0.0, 
                    0.0, 
                    0.0, 
                    0.0, 
                    0.0, 
                    0.0, 
                    0.0, 
                    0.0, 
                    0.0, 
                    0.0, 
                    0.0, 
                    0.0, 
                    0.0, 
                    0.0, 
                    0.0, 
                    0.0, 
                    0.0, 
                    0.0, 
                    0.0, 
                    0.0, 
                    0.0, 
                    0.0, 
                    0.0, 
                    0.0, 
                    0.0, 
                    0.0, 
                    0.0, 
                    0.0, 
                    0.0
                ]
            ]
        }
    ], 
    "Inlet": [
        {
            "Total_area_inlet": 0.00031298876267923, 
            "Center Node": 75429, 
            "Flow_inlet(mean)": -8.543895598566562e-05, 
            "Parabolic": true, 
            "Flow_inlet(peak)": -8.543895598566562e-05, 
            "Reynolds(mean)": -1634.8103046629703, 
            "Reynolds(peak)": -1634.8103046629703, 
            "Diameter": 0.01996268363257169, 
            "Centroid": [
                -0.00010319409110340905, 
                -2.6215637677039877e-05, 
                -0.031420356708522716
            ]
        }
    ], 
    "Simulations_Parameters": [
        {
            "SolverType(1:AMGCGL,2:AMGCL_NS_Solver,3:BICGSTABSolver)": 1, 
            "Config_conditions(1:V-P-P),(2:V-V-P)": 1, 
            "Dt": 0.1, 
            "AutomaticDeltaTime": true, 
            "Time_vector": [
                0, 
                7.0
            ]
        }
    ], 
    "Hemodynamic Parameters_1001_ABC": [
        {
            "A": 118924140.81393449, 
            "B": -1386502054155.6775, 
            "C": -654080.4684295666
        }
    ], 
    "Bifurcation: ": [
        false
    ], 
    "Flow": [
        {
            "Flow Outlet 1002": [
                0
            ], 
            "Flow Outlet 1001": [
                [
                    8.222193160598636e-05, 
                    8.537486800326314e-05, 
                    8.528348794698874e-05, 
                    8.533356757334415e-05, 
                    8.533965964099193e-05, 
                    8.534926956344759e-05, 
                    8.535103122912153e-05, 
                    8.535077742718948e-05, 
                    8.534978972865846e-05, 
                    8.535049857701283e-05, 
                    8.535350283193346e-05, 
                    8.535756851401813e-05, 
                    8.535759358967323e-05, 
                    8.534696636708328e-05, 
                    8.532250124054131e-05, 
                    8.528770053905527e-05, 
                    8.529000752758044e-05, 
                    8.528660934282079e-05, 
                    8.528310484961832e-05, 
                    8.529412066587717e-05, 
                    8.529302054459601e-05, 
                    8.530402015818589e-05, 
                    8.530878565611802e-05, 
                    8.530122584335568e-05, 
                    8.531253804512442e-05, 
                    8.533808313369402e-05, 
                    8.534155510338971e-05, 
                    8.53394118567268e-05, 
                    8.533672404184952e-05, 
                    8.533400258681408e-05, 
                    8.533699186275314e-05, 
                    8.53374220656873e-05, 
                    8.534088881116186e-05, 
                    8.53397196105207e-05, 
                    8.534447438913177e-05, 
                    8.535234467849436e-05, 
                    8.535301495588795e-05
                ]
            ], 
            "Flow Inlet": [
                [
                    -8.543895598566562e-05, 
                    -8.543895598566562e-05, 
                    -8.543895598566562e-05, 
                    -8.543895598566562e-05, 
                    -8.543895598566562e-05, 
                    -8.543895598566562e-05, 
                    -8.543895598566562e-05, 
                    -8.543895598566562e-05, 
                    -8.543895598566562e-05, 
                    -8.543895598566562e-05, 
                    -8.543895598566562e-05, 
                    -8.543895598566562e-05, 
                    -8.543895598566562e-05, 
                    -8.543895598566562e-05, 
                    -8.543895598566562e-05, 
                    -8.543895598566562e-05, 
                    -8.543895598566562e-05, 
                    -8.543895598566562e-05, 
                    -8.543895598566562e-05, 
                    -8.543895598566562e-05, 
                    -8.543895598566562e-05, 
                    -8.543895598566562e-05, 
                    -8.543895598566562e-05, 
                    -8.543895598566562e-05, 
                    -8.543895598566562e-05, 
                    -8.543895598566562e-05, 
                    -8.543895598566562e-05, 
                    -8.543895598566562e-05, 
                    -8.543895598566562e-05, 
                    -8.543895598566562e-05, 
                    -8.543895598566562e-05, 
                    -8.543895598566562e-05, 
                    -8.543895598566562e-05, 
                    -8.543895598566562e-05, 
                    -8.543895598566562e-05, 
                    -8.543895598566562e-05, 
                    -8.543895598566562e-05
                ]
            ]
        }
    ], 
    "name": [
        "I:/PROYECTOS/ESTUDIANTES/Sergio/V2/GID/D_170\\Modelo_5_170.gid\\Modelo_5_170.json"
    ], 
    "Outlet 1001": [
        {
            "Reynolds(peak)": 1633.5918778093778, 
            "Center Node": 395, 
            "Centroid": [
                7.05755534888268e-05, 
                0.0001495529299346057, 
                0.26997999999999905
            ], 
            "Reynolds(mean)": 1631.1244082805035, 
            "Flow_outlet(mean)": 8.52459129758837e-05,