{
    "Pressures": [
        {
            "Pressure Inlet": [
                [
                    1264.676504040454, 
                    -487.6119525491736, 
                    151.40750451181015, 
                    13.885349423071103, 
                    59.465332577522375, 
                    66.69765225914188, 
                    81.59264928257485, 
                    84.75008885611385, 
                    75.58378977689352, 
                    58.89495843481096, 
                    66.60399276080047, 
                    89.07862176453494, 
                    100.8478372050277, 
                    95.16283595085274, 
                    82.06575576345118, 
                    78.16495090069581, 
                    68.60968839930767, 
                    57.795079292690346, 
                    54.98767287519251, 
                    38.44583789719719, 
                    46.75916844124683, 
                    51.527485486534765, 
                    51.12765500355163, 
                    51.625521444899306, 
                    48.70295354922031, 
                    43.56384488806166, 
                    40.206624826716606, 
                    43.877813782992156, 
                    47.18946078201186, 
                    45.513732036730275
                ]
            ], 
            "Pressure Outlet 1001": [
                [
                    0.0, 
                    0.0, 
                    0.0, 
                    0.0, 
                    0.0, 
                    0.0, 
                    0.0, 
                    0.0, 
                    0.0, 
                    0.0, 
                    0.0, 
                    0.0, 
                    0.0, 
                    0.0, 
                    0.0, 
                    0.0, 
                    0.0, 
                    0.0, 
                    0.0, 
                    0.0, 
                    0.0, 
                    0.0, 
                    0.0, 
                    0.0, 
                    0.0, 
                    0.0, 
                    0.0, 
                    0.0, 
                    0.0, 
                    0.0
                ]
            ], 
            "Pressure Outlet 1002": [
                0
            ]
        }
    ], 
    "Outlet 1001": [
        {
            "Diameter": 0.01996258772166448, 
            "Reynolds(peak)": 1634.9719528420312, 
            "Reynolds(mean)": 1632.0777931457449, 
            "Total_area_outlet": 0.00031298575517136034, 
            "Centroid": [
                4.299313914413405e-05, 
                0.00010351568533516503, 
                0.26997999999999905
            ], 
            "Flow_outlet(mean)": 8.529573882711306e-05, 
            "Flow_outlet(peak)": 8.544699355934159e-05, 
            "Center Node": 552
        }
    ], 
    "name": [
        "I:/PROYECTOS/ESTUDIANTES/Sergio/V2/GID\\Modelo_13_170_I.gid\\Modelo_13_170_I.json"
    ], 
    "Time": [
        {
            "Time": [
                0.1, 
                0.17638617140222396, 
                0.2613445875110287, 
                0.35788200046735225, 
                0.46501987913536064, 
                0.5835744648040102, 
                0.718512260020214, 
                0.8775404100044634, 
                1.0680801053748452, 
                1.2970489726319612, 
                1.5260178398890771, 
                1.8013285780715973, 
                2.131666389343474, 
                2.527986169635008, 
                3.003506525855929, 
                3.5741032756615327, 
                3.5841032756615325, 
                3.5891032756615324, 
                3.87442802791958, 
                4.1597527801776275, 
                4.4450775324356755, 
                4.7304022846937235, 
                5.0157270369517715, 
                5.3010517892098195, 
                5.586352153233733, 
                5.871647275787839, 
                6.156940027181388, 
                6.4422312993471476, 
                6.727522571512907, 
                7.012812185816427
            ]
        }
    ], 
    "Hemodynamic Parameters_1001_ABC": [
        {
            "A": 183970533.98145658, 
            "B": -2145473457965.3489, 
            "C": -7316597.933348089
        }
    ], 
    "Inlet": [
        {
            "Parabolic": true, 
            "Diameter": 0.01996268363257169, 
            "Reynolds(peak)": -1636.4144432910293, 
            "Reynolds(mean)": -1636.4144432910293, 
            "Centroid": [
                -0.00010319409110340905, 
                -2.6215637677039877e-05, 
                -0.031420356708522716
            ], 
            "Total_area_inlet": 0.00031298876267923, 
            "Flow_inlet(peak)": -8.552279196911073e-05, 
            "Flow_inlet(mean)": -8.552279196911073e-05, 
            "Center Node": 102658
        }
    ], 
    "Hemodynamic Parameters_1001_AB": [
        {
            "A": -173444826.89529777, 
            "B": 2022366789791.9978
        }
    ], 
    "Fluid Characteristic": [
        {
            "blood_dynamic_viscosity": 0.0035, 
            "blood_density": 1050.0, 
            "blood_kinematic_viscosity": 3.3333333333333333e-06
        }
    ], 
    "Bifurcation: ": [
        false
    ], 
    "Simulations_Parameters": [
        {
            "Time_vector": [
                0, 
                7.0
            ], 
            "SolverType(1:AMGCGL,2:AMGCL_NS_Solver,3:BICGSTABSolver)": 1, 
            "Config_conditions(1:V-P-P),(2:V-V-P)": 1, 
            "Dt": 0.1, 
            "AutomaticDeltaTime": true
        }
    ], 
    "Flow": [
        {
            "Flow Inlet": [
                [
                    -8.552279196911073e-05, 
                    -8.552279196911073e-05, 
                    -8.552279196911073e-05, 
                    -8.552279196911073e-05, 
                    -8.552279196911073e-05, 
                    -8.552279196911073e-05, 
                    -8.552279196911073e-05, 
                    -8.552279196911073e-05, 
                    -8.552279196911073e-05, 
                    -8.552279196911073e-05, 
                    -8.552279196911073e-05, 
                    -8.552279196911073e-05, 
                    -8.552279196911073e-05, 
                    -8.552279196911073e-05, 
                    -8.552279196911073e-05, 
                    -8.552279196911073e-05, 
                    -8.552279196911073e-05, 
                    -8.552279196911073e-05, 
                    -8.552279196911073e-05, 
                    -8.552279196911073e-05, 
                    -8.552279196911073e-05, 
                    -8.552279196911073e-05, 
                    -8.552279196911073e-05, 
                    -8.552279196911073e-05, 
                    -8.552279196911073e-05, 
                    -8.552279196911073e-05, 
                    -8.552279196911073e-05, 
                    -8.552279196911073e-05, 
                    -8.552279196911073e-05, 
                    -8.552279196911073e-05
                ]
            ],