{
    "name": [
        "I:/PROYECTOS/ESTUDIANTES/Sergio/V1/GID\\Modelo_16_120_I.gid\\Modelo_16_120_I.json"
    ], 
    "Inlet": [
        {
            "Centroid": [
                -0.00010319409110340905, 
                -2.6215637677039877e-05, 
                -0.031420356708522716
            ], 
            "Flow_inlet(peak)": -6.423147637306002e-05, 
            "Parabolic": true, 
            "Center Node": 117880, 
            "Total_area_inlet": 0.00031298876267923, 
            "Diameter": 0.01996268363257169, 
            "Reynolds(peak)": -1229.0210975425762, 
            "Flow_inlet(mean)": -6.423147637306002e-05, 
            "Reynolds(mean)": -1229.0210975425762
        }
    ], 
    "Outlet 1001": [
        {
            "Centroid": [
                2.4036718798882593e-05, 
                6.826439254075248e-05, 
                0.289990000000001
            ], 
            "Reynolds(mean)": 1225.5150664908267, 
            "Center Node": 410, 
            "Diameter": 0.019962587721829687, 
            "Reynolds(peak)": 1230.6620617866483, 
            "Flow_outlet(mean)": 6.404793538638883e-05, 
            "Flow_outlet(peak)": 6.431692793585195e-05, 
            "Total_area_outlet": 0.0003129857551765408
        }
    ], 
    "Simulations_Parameters": [
        {
            "Config_conditions(1:V-P-P),(2:V-V-P)": 1, 
            "Dt": 0.05, 
            "SolverType(1:AMGCGL,2:AMGCL_NS_Solver,3:BICGSTABSolver)": 1, 
            "Time_vector": [
                0, 
                7.0
            ], 
            "AutomaticDeltaTime": true
        }
    ], 
    "Flow": [
        {
            "Flow Outlet 1001": [
                [
                    6.048493076820617e-05, 
                    6.431692793585195e-05, 
                    6.406372822177754e-05, 
                    6.415099458432652e-05, 
                    6.414073257266885e-05, 
                    6.41520315951819e-05, 
                    6.415226918353425e-05, 
                    6.415164672046024e-05, 
                    6.414987797166012e-05, 
                    6.414919142611016e-05, 
                    6.414949320782271e-05, 
                    6.415176374888272e-05, 
                    6.415317453020612e-05, 
                    6.415151944140435e-05, 
                    6.415559357038484e-05, 
                    6.415932993427763e-05, 
                    6.415931692203399e-05, 
                    6.415401975595079e-05, 
                    6.415053482496585e-05, 
                    6.414907685623023e-05, 
                    6.414475053066828e-05, 
                    6.413894105219677e-05, 
                    6.414483825817927e-05, 
                    6.414661210591475e-05, 
                    6.414970134966877e-05, 
                    6.414810661260572e-05, 
                    6.415141068220304e-05, 
                    6.415236116246807e-05, 
                    6.4147310777247e-05, 
                    6.41336416770092e-05, 
                    6.412556234176159e-05, 
                    6.41391187912288e-05, 
                    6.414731669644096e-05, 
                    6.414340107500426e-05, 
                    6.413452436384272e-05, 
                    6.413192266162195e-05
                ]
            ], 
            "Flow Inlet": [
                [
                    -6.423147637306002e-05, 
                    -6.423147637306002e-05, 
                    -6.423147637306002e-05, 
                    -6.423147637306002e-05, 
                    -6.423147637306002e-05, 
                    -6.423147637306002e-05, 
                    -6.423147637306002e-05, 
                    -6.423147637306002e-05, 
                    -6.423147637306002e-05, 
                    -6.423147637306002e-05, 
                    -6.423147637306002e-05, 
                    -6.423147637306002e-05, 
                    -6.423147637306002e-05, 
                    -6.423147637306002e-05, 
                    -6.423147637306002e-05, 
                    -6.423147637306002e-05, 
                    -6.423147637306002e-05, 
                    -6.423147637306002e-05, 
                    -6.423147637306002e-05, 
                    -6.423147637306002e-05, 
                    -6.423147637306002e-05, 
                    -6.423147637306002e-05, 
                    -6.423147637306002e-05, 
                    -6.423147637306002e-05, 
                    -6.423147637306002e-05, 
                    -6.423147637306002e-05, 
                    -6.423147637306002e-05, 
                    -6.423147637306002e-05, 
                    -6.423147637306002e-05, 
                    -6.423147637306002e-05, 
                    -6.423147637306002e-05, 
                    -6.423147637306002e-05, 
                    -6.423147637306002e-05, 
                    -6.423147637306002e-05, 
                    -6.423147637306002e-05, 
                    -6.423147637306002e-05
                ]
            ], 
            "Flow Outlet 1002": [
                0
            ]
        }
    ], 
    "Fluid Characteristic": [
        {
            "blood_dynamic_viscosity": 0.0035, 
            "blood_density": 1050.0, 
            "blood_kinematic_viscosity": 3.3333333333333333e-06
        }
    ], 
    "Time": [
        {
            "Time": [
                0.05, 
                0.14299990131489707, 
                0.2367535980004876, 
                0.3408409039587679, 
                0.47796676082579403, 
                0.627582180945224, 
                0.7966745007307899, 
                0.9904369921246707, 
                1.2359746511726812, 
                1.527532688434491, 
                1.8553336883296163, 
                2.2519043909086407, 
                2.2619043909086405, 
                2.2669043909086404, 
                2.4194460170200376, 
                2.6162777713012937, 
                2.816989079313497, 
                3.015820545476616, 
                3.210266304210148, 
                3.40866404735823, 
                3.645596521412439, 
                3.9320621290581528, 
                4.281289942023475, 
                4.707460298110675, 
                4.717460298110675, 
                4.722460298110675, 
                4.93698698207847, 
                5.149511855709036, 
                5.364452502778109, 
                5.583260875419303, 
                5.802636070423122, 
                6.015603863163189, 
                6.265773250322598, 
                6.566730067415733, 
                6.935136828986302, 
                7.387551382143169
            ]
        }
    ], 
    "Hemodynamic Parameters_1001_ABC": [
        {
            "A": -421382335.6192089, 
            "B": 6600739019413.526, 
            "C": 1933701.6593457013
        }
    ],