{
    "Flow": [
        {
            "Flow Outlet 1002": [
                0
            ], 
            "Flow Outlet 1001": [
                [
                    8.187122974578106e-05, 
                    8.511527007291314e-05, 
                    8.504496727764502e-05, 
                    8.508834869450099e-05, 
                    8.509947405092736e-05, 
                    8.511324761041349e-05, 
                    8.511635347654876e-05, 
                    8.511615104204076e-05, 
                    8.511551480971409e-05, 
                    8.511961175399376e-05, 
                    8.512896421415692e-05, 
                    8.513468653991345e-05, 
                    8.511647263525589e-05, 
                    8.507398522940102e-05, 
                    8.503698084112763e-05, 
                    8.501591423084946e-05, 
                    8.502613538602606e-05, 
                    8.507787228511983e-05, 
                    8.511337429524941e-05, 
                    8.510896893555882e-05, 
                    8.508252908812017e-05, 
                    8.506973083207679e-05, 
                    8.506270701045008e-05, 
                    8.50671116533679e-05, 
                    8.506877052163122e-05, 
                    8.508056634785717e-05
                ]
            ], 
            "Flow Inlet": [
                [
                    -8.522368787391991e-05, 
                    -8.522368787391991e-05, 
                    -8.522368787391991e-05, 
                    -8.522368787391991e-05, 
                    -8.522368787391991e-05, 
                    -8.522368787391991e-05, 
                    -8.522368787391991e-05, 
                    -8.522368787391991e-05, 
                    -8.522368787391991e-05, 
                    -8.522368787391991e-05, 
                    -8.522368787391991e-05, 
                    -8.522368787391991e-05, 
                    -8.522368787391991e-05, 
                    -8.522368787391991e-05, 
                    -8.522368787391991e-05, 
                    -8.522368787391991e-05, 
                    -8.522368787391991e-05, 
                    -8.522368787391991e-05, 
                    -8.522368787391991e-05, 
                    -8.522368787391991e-05, 
                    -8.522368787391991e-05, 
                    -8.522368787391991e-05, 
                    -8.522368787391991e-05, 
                    -8.522368787391991e-05, 
                    -8.522368787391991e-05, 
                    -8.522368787391991e-05
                ]
            ]
        }
    ], 
    "Simulations_Parameters": [
        {
            "AutomaticDeltaTime": true, 
            "Dt": 0.1, 
            "SolverType(1:AMGCGL,2:AMGCL_NS_Solver,3:BICGSTABSolver)": 1, 
            "Time_vector": [
                0, 
                7.0
            ], 
            "Config_conditions(1:V-P-P),(2:V-V-P)": 1
        }
    ], 
    "Inlet": [
        {
            "Center Node": 89929, 
            "Flow_inlet(mean)": -8.522368787391991e-05, 
            "Flow_inlet(peak)": -8.522368787391991e-05, 
            "Parabolic": true, 
            "Centroid": [
                -0.00010319409110340905, 
                -2.6215637677039877e-05, 
                -0.031420356708522716
            ], 
            "Reynolds(mean)": -1630.6913108938252, 
            "Reynolds(peak)": -1630.6913108938252, 
            "Diameter": 0.01996268363257169, 
            "Total_area_inlet": 0.00031298876267923
        }
    ], 
    "Fluid Characteristic": [
        {
            "blood_kinematic_viscosity": 3.3333333333333333e-06, 
            "blood_density": 1050.0, 
            "blood_dynamic_viscosity": 0.0035
        }
    ], 
    "Time": [
        {
            "Time": [
                0.1, 
                0.16421367986704727, 
                0.23583806214987696, 
                0.31910064141876215, 
                0.4168086463426964, 
                0.5328929893442863, 
                0.67156961975006, 
                0.8371777909740188, 
                1.033697642765476, 
                1.2577041568841714, 
                1.4817106710028667, 
                1.705717185121562, 
                2.008662415336109, 
                2.3116076455506556, 
                2.6699206351351084, 
                3.115154579501407, 
                3.645778869588835, 
                4.176403159676264, 
                4.707027449763692, 
                5.23765173985112, 
                5.768276029938549, 
                6.298900320025977, 
                6.829524610113405, 
                6.839524610113405, 
                6.844524610113405, 
                7.112290492559575
            ]
        }
    ], 
    "Pressures": [
        {
            "Pressure Outlet 1002": [
                0
            ], 
            "Pressure Outlet 1001": [
                [
                    0.0, 
                    0.0, 
                    0.0, 
                    0.0, 
                    0.0, 
                    0.0, 
                    0.0, 
                    0.0, 
                    0.0, 
                    0.0, 
                    0.0, 
                    0.0, 
                    0.0, 
                    0.0, 
                    0.0, 
                    0.0, 
                    0.0, 
                    0.0, 
                    0.0, 
                    0.0, 
                    0.0, 
                    0.0, 
                    0.0, 
                    0.0, 
                    0.0, 
                    0.0
                ]
            ], 
            "Pressure Inlet": [
                [
                    1204.3205328548088, 
                    -451.4791225674629, 
                    139.98056853780986, 
                    15.217692397787452, 
                    57.251627235710664, 
                    68.51549004269525, 
                    89.03688842442845, 
                    92.89817101472849, 
                    68.7514488885637, 
                    35.42099697538463, 
                    42.08352057530854, 
                    57.097321227262114, 
                    63.0233457023065, 
                    65.53179610298947, 
                    69.74628897988028, 
                    65.19609867122178, 
                    53.76869598966471, 
                    50.35466069316017, 
                    54.08596867934471, 
                    58.31695660349956, 
                    58.087221001497525, 
                    58.74495170036234, 
                    50.31283663955294, 
                    44.447054892989144, 
                    41.19701175289778, 
                    46.30158130911631
                ]
            ]
        }
    ], 
    "Hemodynamic Parameters_1001_ABC": [
        {
            "C": -30873445.114674866, 
            "B": 877845159606.6426, 
            "A": -73989396.43942824
        }
    ], 
    "Hemodynamic Parameters_1001_AB": [
        {
            "B": -520226754453.8131, 
            "A": 43575005.59701142
        }
    ], 
    "name": [
        "I:/PROYECTOS/ESTUDIANTES/Sergio/V2/GID\\Modelo_12_170_I.gid\\Modelo_12_170_I.json"
    ], 
    "Outlet 1001": [
        {
            "Center Node": 425, 
            "Flow_outlet(peak)": 8.513468653991345e-05, 
            "Flow_outlet(mean)": 8.496403609925539e-05, 
            "Centroid": [
                6.215379717078656e-05, 
                5.614083298509638e-05, 
                0.25
            ], 
            "Total_area_outlet": 0.0003129857873893009, 
            "Reynolds(mean)": 1625.7307962082232, 
            "Reynolds(peak)": 1628.9960798447044, 
            "Diameter": 0.019962588749112914
        }
    ],