{
    "name": [
        "I:/PROYECTOS/ESTUDIANTES/Sergio/V2/GID\\Modelo_13_145_I.gid\\Modelo_13_145_I.json"
    ], 
    "Bifurcation: ": [
        false
    ], 
    "Outlet 1001": [
        {
            "Diameter": 0.01996258772166448, 
            "Reynolds(peak)": 1635.636310206869, 
            "Total_area_outlet": 0.00031298575517136034, 
            "Centroid": [
                4.299313914413405e-05, 
                0.00010351568533516503, 
                0.26997999999999905
            ], 
            "Reynolds(mean)": 1632.8033490411565, 
            "Flow_outlet(peak)": 8.548171424025341e-05, 
            "Flow_outlet(mean)": 8.533365786897456e-05, 
            "Center Node": 567
        }
    ], 
    "Hemodynamic Parameters_1001_ABC": [
        {
            "B": 1419504760949.4998, 
            "C": 12087545.221199587, 
            "A": -119605413.291275
        }
    ], 
    "Inlet": [
        {
            "Diameter": 0.01996268363257169, 
            "Reynolds(peak)": -1637.6156823226684, 
            "Parabolic": true, 
            "Total_area_inlet": 0.00031298876267923, 
            "Reynolds(mean)": -1637.6156823226684, 
            "Flow_inlet(mean)": -8.558557149066119e-05, 
            "Center Node": 103922, 
            "Flow_inlet(peak)": -8.558557149066119e-05, 
            "Centroid": [
                -0.00010319409110340905, 
                -2.6215637677039877e-05, 
                -0.031420356708522716
            ]
        }
    ], 
    "Time": [
        {
            "Time": [
                0.1, 
                0.18728900770865026, 
                0.2833696057423141, 
                0.3935770435684637, 
                0.5185351654087949, 
                0.6602734701217536, 
                0.8080293335450708, 
                1.0001730677536265, 
                1.2327935261165575, 
                1.48282584700434, 
                1.7328581678921227, 
                1.9828904887799053, 
                2.232922809667688, 
                2.4916633018878924, 
                2.7788099626501808, 
                3.065956623412469, 
                3.4651634561797566, 
                3.4751634561797564, 
                3.4801634561797563, 
                3.6887308786512896, 
                3.868568561247662, 
                4.076186401944191, 
                4.287543855593683, 
                4.476630818921959, 
                4.6798035433218, 
                4.925843188677815, 
                5.221388108255374, 
                5.516933027832932, 
                5.897611878435175, 
                6.278290729037417, 
                6.65896957963966, 
                7.039648430241902
            ]
        }
    ], 
    "Pressures": [
        {
            "Pressure Inlet": [
                [
                    1290.2840894386836, 
                    -498.5141358996969, 
                    171.82279259312574, 
                    37.96413683724032, 
                    100.31935422906196, 
                    121.63447245138427, 
                    149.2608923049683, 
                    163.64839096063432, 
                    167.07947607065293, 
                    153.28842019823875, 
                    128.49051028921357, 
                    134.8333782812879, 
                    165.29941721546106, 
                    146.7800159529082, 
                    124.25957092517874, 
                    119.04540616167692, 
                    135.89178478451115, 
                    152.35618384533768, 
                    146.70648911198106, 
                    148.4373649295418, 
                    150.45936197611232, 
                    144.05490202499902, 
                    136.19613739711272, 
                    125.64957827578456, 
                    126.52585991601502, 
                    144.74388953661168, 
                    150.66476288688966, 
                    134.63051234573962, 
                    120.55183978283968, 
                    129.63517513177672, 
                    155.91742776208804, 
                    149.63354182426963
                ]
            ], 
            "Pressure Outlet 1002": [
                0
            ], 
            "Pressure Outlet 1001": [
                [
                    0.0, 
                    0.0, 
                    0.0, 
                    0.0, 
                    0.0, 
                    0.0, 
                    0.0, 
                    0.0, 
                    0.0, 
                    0.0, 
                    0.0, 
                    0.0, 
                    0.0, 
                    0.0, 
                    0.0, 
                    0.0, 
                    0.0, 
                    0.0, 
                    0.0, 
                    0.0, 
                    0.0, 
                    0.0, 
                    0.0, 
                    0.0, 
                    0.0, 
                    0.0, 
                    0.0, 
                    0.0, 
                    0.0, 
                    0.0, 
                    0.0, 
                    0.0
                ]
            ]
        }
    ], 
    "Hemodynamic Parameters_1001_AB": [
        {
            "B": -1230496333955.0515, 
            "A": 103448150.00216982
        }
    ], 
    "Simulations_Parameters": [
        {
            "SolverType(1:AMGCGL,2:AMGCL_NS_Solver,3:BICGSTABSolver)": 1, 
            "Time_vector": [
                0, 
                7.0
            ], 
            "AutomaticDeltaTime": true, 
            "Config_conditions(1:V-P-P),(2:V-V-P)": 1, 
            "Dt": 0.1
        }
    ], 
    "Flow": [
        {
            "Flow Inlet": [
                [
                    -8.558557149066119e-05, 
                    -8.558557149066119e-05, 
                    -8.558557149066119e-05, 
                    -8.558557149066119e-05, 
                    -8.558557149066119e-05, 
                    -8.558557149066119e-05, 
                    -8.558557149066119e-05, 
                    -8.558557149066119e-05, 
                    -8.558557149066119e-05, 
                    -8.558557149066119e-05, 
                    -8.558557149066119e-05, 
                    -8.558557149066119e-05, 
                    -8.558557149066119e-05, 
                    -8.558557149066119e-05, 
                    -8.558557149066119e-05, 
                    -8.558557149066119e-05, 
                    -8.558557149066119e-05, 
                    -8.558557149066119e-05, 
                    -8.558557149066119e-05, 
                    -8.558557149066119e-05, 
                    -8.558557149066119e-05, 
                    -8.558557149066119e-05, 
                    -8.558557149066119e-05, 
                    -8.558557149066119e-05, 
                    -8.558557149066119e-05, 
                    -8.558557149066119e-05, 
                    -8.558557149066119e-05, 
                    -8.558557149066119e-05, 
                    -8.558557149066119e-05, 
                    -8.558557149066119e-05, 
                    -8.558557149066119e-05, 
                    -8.558557149066119e-05
                ]
            ], 
            "Flow Outlet 1002": [
                0
            ],