{
    "Flow": [
        {
            "Flow Outlet 1001": [
                [
                    8.185839829316799e-05, 
                    8.525910975109588e-05, 
                    8.518478788736827e-05, 
                    8.52259893244488e-05, 
                    8.523663195201506e-05, 
                    8.525001350149201e-05, 
                    8.525555311023084e-05, 
                    8.525747295120506e-05, 
                    8.525646293856157e-05, 
                    8.525525858066622e-05, 
                    8.525521641189628e-05, 
                    8.525516380773457e-05, 
                    8.525069245675547e-05, 
                    8.524875058703156e-05, 
                    8.523908933440107e-05, 
                    8.520464007053419e-05, 
                    8.519989369084401e-05, 
                    8.521207521443797e-05, 
                    8.521197146851892e-05, 
                    8.52204784573512e-05, 
                    8.523781162180664e-05, 
                    8.524106676349605e-05, 
                    8.524213769584668e-05, 
                    8.524021595255253e-05, 
                    8.524285383136863e-05, 
                    8.523957498687307e-05, 
                    8.520504975415066e-05, 
                    8.520072963218454e-05, 
                    8.51915278245202e-05, 
                    8.517486559293188e-05, 
                    8.513593353936482e-05, 
                    8.513025535408127e-05, 
                    8.517575508885285e-05, 
                    8.524050128844628e-05, 
                    8.524692910604696e-05, 
                    8.524476507476446e-05, 
                    8.521720347627644e-05
                ]
            ], 
            "Flow Outlet 1002": [
                0
            ], 
            "Flow Inlet": [
                [
                    -8.534662019123653e-05, 
                    -8.534662019123653e-05, 
                    -8.534662019123653e-05, 
                    -8.534662019123653e-05, 
                    -8.534662019123653e-05, 
                    -8.534662019123653e-05, 
                    -8.534662019123653e-05, 
                    -8.534662019123653e-05, 
                    -8.534662019123653e-05, 
                    -8.534662019123653e-05, 
                    -8.534662019123653e-05, 
                    -8.534662019123653e-05, 
                    -8.534662019123653e-05, 
                    -8.534662019123653e-05, 
                    -8.534662019123653e-05, 
                    -8.534662019123653e-05, 
                    -8.534662019123653e-05, 
                    -8.534662019123653e-05, 
                    -8.534662019123653e-05, 
                    -8.534662019123653e-05, 
                    -8.534662019123653e-05, 
                    -8.534662019123653e-05, 
                    -8.534662019123653e-05, 
                    -8.534662019123653e-05, 
                    -8.534662019123653e-05, 
                    -8.534662019123653e-05, 
                    -8.534662019123653e-05, 
                    -8.534662019123653e-05, 
                    -8.534662019123653e-05, 
                    -8.534662019123653e-05, 
                    -8.534662019123653e-05, 
                    -8.534662019123653e-05, 
                    -8.534662019123653e-05, 
                    -8.534662019123653e-05, 
                    -8.534662019123653e-05, 
                    -8.534662019123653e-05, 
                    -8.534662019123653e-05
                ]
            ]
        }
    ], 
    "Hemodynamic Parameters_1001_AB": [
        {
            "B": 383631989536.24225, 
            "A": -35312062.86242551
        }
    ], 
    "Fluid Characteristic": [
        {
            "blood_kinematic_viscosity": 3.3333333333333333e-06, 
            "blood_density": 1050.0, 
            "blood_dynamic_viscosity": 0.0035
        }
    ], 
    "Pressures": [
        {
            "Pressure Inlet": [
                [
                    1424.22677666748, 
                    -506.36544193221647, 
                    187.7918063174912, 
                    58.53262783132332, 
                    117.80636272459935, 
                    140.91990614373222, 
                    176.08148261315748, 
                    208.56122644511538, 
                    224.22955942718875, 
                    232.01678345131685, 
                    230.97944039411252, 
                    229.57835294093698, 
                    225.16774933166687, 
                    229.0501444860719, 
                    220.05741400949972, 
                    215.01167335364093, 
                    209.2590198668234, 
                    218.67989182510135, 
                    212.15810491910293, 
                    211.00924858779442, 
                    215.92614440684343, 
                    215.8668063185302, 
                    223.30913338542993, 
                    229.71016154145505, 
                    229.9792187393295, 
                    225.86457476924136, 
                    221.18531053579923, 
                    231.03326571986366, 
                    226.37403291149678, 
                    237.34712042429607, 
                    240.55608347542835, 
                    225.08284628630864, 
                    218.55876460357203, 
                    222.79221485676018, 
                    228.03155579661737, 
                    224.72483030840232, 
                    211.24448839041585
                ]
            ], 
            "Pressure Outlet 1001": [
                [
                    0.0, 
                    0.0, 
                    0.0, 
                    0.0, 
                    0.0, 
                    0.0, 
                    0.0, 
                    0.0, 
                    0.0, 
                    0.0, 
                    0.0, 
                    0.0, 
                    0.0, 
                    0.0, 
                    0.0, 
                    0.0, 
                    0.0, 
                    0.0, 
                    0.0, 
                    0.0, 
                    0.0, 
                    0.0, 
                    0.0, 
                    0.0, 
                    0.0, 
                    0.0, 
                    0.0, 
                    0.0, 
                    0.0, 
                    0.0, 
                    0.0, 
                    0.0, 
                    0.0, 
                    0.0, 
                    0.0, 
                    0.0, 
                    0.0
                ]
            ], 
            "Pressure Outlet 1002": [
                0
            ]
        }
    ],