{
    "Outlet 1001": [
        {
            "Flow_outlet(peak)": 8.565576666478071e-05, 
            "Reynolds(peak)": 1638.966688718896, 
            "Reynolds(mean)": 1635.8939996579436, 
            "Total_area_outlet": 0.00031298575517654066, 
            "Centroid": [
                4.586437285168538e-05, 
                0.00013679335040390328, 
                0.289990000000001
            ], 
            "Center Node": 508, 
            "Flow_outlet(mean)": 8.54951816211371e-05, 
            "Diameter": 0.019962587721829683
        }
    ], 
    "Pressures": [
        {
            "Pressure Outlet 1001": [
                [
                    0.0, 
                    0.0, 
                    0.0, 
                    0.0, 
                    0.0, 
                    0.0, 
                    0.0, 
                    0.0, 
                    0.0, 
                    0.0, 
                    0.0, 
                    0.0, 
                    0.0, 
                    0.0, 
                    0.0, 
                    0.0, 
                    0.0, 
                    0.0, 
                    0.0, 
                    0.0, 
                    0.0, 
                    0.0, 
                    0.0, 
                    0.0, 
                    0.0, 
                    0.0, 
                    0.0, 
                    0.0, 
                    0.0, 
                    0.0, 
                    0.0, 
                    0.0, 
                    0.0, 
                    0.0, 
                    0.0, 
                    0.0, 
                    0.0, 
                    0.0, 
                    0.0, 
                    0.0
                ]
            ], 
            "Pressure Inlet": [
                [
                    1318.5276846609988, 
                    -507.02144136985254, 
                    171.53148181017525, 
                    33.0414773655006, 
                    91.69331546921522, 
                    113.27623972659048, 
                    143.10459175588753, 
                    157.66476364995145, 
                    163.5794172145711, 
                    168.35877337510826, 
                    164.52530672560232, 
                    170.80154644799177, 
                    158.0342487628335, 
                    150.44874019676575, 
                    145.60953542560736, 
                    138.5602997497049, 
                    133.66778843755102, 
                    129.59993027404627, 
                    122.60769631524221, 
                    122.84270443209245, 
                    141.94215254172244, 
                    168.70236442573685, 
                    170.7766211023875, 
                    142.91831116741076, 
                    129.22561760246091, 
                    148.68523047184064, 
                    163.50613299994146, 
                    173.52748767024912, 
                    165.39467445597117, 
                    151.7760693363867, 
                    133.1161908497928, 
                    124.24392320943846, 
                    127.12613132492218, 
                    138.58464164901073, 
                    145.2056647443906, 
                    148.08945471071036, 
                    161.61019398058076, 
                    162.8787442647995, 
                    145.92575142436795, 
                    118.84202617285854
                ]
            ], 
            "Pressure Outlet 1002": [
                0
            ]
        }
    ], 
    "Flow": [
        {
            "Flow Inlet": [
                [
                    -8.566816988345039e-05, 
                    -8.566816988345039e-05, 
                    -8.566816988345039e-05, 
                    -8.566816988345039e-05, 
                    -8.566816988345039e-05, 
                    -8.566816988345039e-05, 
                    -8.566816988345039e-05, 
                    -8.566816988345039e-05, 
                    -8.566816988345039e-05, 
                    -8.566816988345039e-05, 
                    -8.566816988345039e-05, 
                    -8.566816988345039e-05, 
                    -8.566816988345039e-05, 
                    -8.566816988345039e-05, 
                    -8.566816988345039e-05, 
                    -8.566816988345039e-05, 
                    -8.566816988345039e-05, 
                    -8.566816988345039e-05, 
                    -8.566816988345039e-05, 
                    -8.566816988345039e-05, 
                    -8.566816988345039e-05, 
                    -8.566816988345039e-05, 
                    -8.566816988345039e-05, 
                    -8.566816988345039e-05, 
                    -8.566816988345039e-05, 
                    -8.566816988345039e-05, 
                    -8.566816988345039e-05, 
                    -8.566816988345039e-05, 
                    -8.566816988345039e-05, 
                    -8.566816988345039e-05, 
                    -8.566816988345039e-05, 
                    -8.566816988345039e-05, 
                    -8.566816988345039e-05, 
                    -8.566816988345039e-05, 
                    -8.566816988345039e-05, 
                    -8.566816988345039e-05, 
                    -8.566816988345039e-05, 
                    -8.566816988345039e-05, 
                    -8.566816988345039e-05, 
                    -8.566816988345039e-05
                ]
            ], 
            "Flow Outlet 1001": [
                [
                    8.243085652527037e-05, 
                    8.565576666478071e-05, 
                    8.553576607810549e-05, 
                    8.558026013938661e-05, 
                    8.558002574271146e-05, 
                    8.558665571585975e-05, 
                    8.558640761102604e-05, 
                    8.558596670606934e-05, 
                    8.558516813079364e-05, 
                    8.558496673242279e-05, 
                    8.558497603493908e-05, 
                    8.55824816458811e-05, 
                    8.558100819703106e-05, 
                    8.558567958596815e-05, 
                    8.558523586947354e-05, 
                    8.558561351366987e-05, 
                    8.558744181848729e-05, 
                    8.559103651186009e-05, 
                    8.559464723723614e-05, 
                    8.559269151735505e-05, 
                    8.558561804281799e-05, 
                    8.558226045756415e-05, 
                    8.557545579963175e-05, 
                    8.556704374711944e-05, 
                    8.556796030918161e-05, 
                    8.558593253188166e-05, 
                    8.558583173690133e-05, 
                    8.558056706181737e-05, 
                    8.557610813165816e-05, 
                    8.557336737419861e-05, 
                    8.557281101350906e-05, 
                    8.556845722483366e-05, 
                    8.55612648558253e-05, 
                    8.556064100521607e-05, 
                    8.556623876458739e-05, 
                    8.55594393559569e-05, 
                    8.554398248990976e-05, 
                    8.552870290062831e-05, 
                    8.550083550244894e-05, 
                    8.548209456146854e-05
                ]
            ], 
            "Flow Outlet 1002": [
                0
            ]
        }
    ], 
    "Bifurcation: ": [
        false
    ],