{
    "Hemodynamic Parameters_1001_ABC": [
        {
            "C": 2957235.615542233, 
            "B": 322082490900.0757, 
            "A": -25157376.08439046
        }
    ], 
    "Pressures": [
        {
            "Pressure Outlet 1002": [
                0
            ], 
            "Pressure Outlet 1001": [
                [
                    0.0, 
                    0.0, 
                    0.0, 
                    0.0, 
                    0.0, 
                    0.0, 
                    0.0, 
                    0.0, 
                    0.0, 
                    0.0, 
                    0.0, 
                    0.0, 
                    0.0, 
                    0.0, 
                    0.0, 
                    0.0, 
                    0.0, 
                    0.0, 
                    0.0, 
                    0.0, 
                    0.0, 
                    0.0, 
                    0.0, 
                    0.0, 
                    0.0, 
                    0.0, 
                    0.0, 
                    0.0, 
                    0.0, 
                    0.0, 
                    0.0, 
                    0.0
                ]
            ], 
            "Pressure Inlet": [
                [
                    1370.986450270548, 
                    -536.5854942390159, 
                    211.6731963446726, 
                    78.07564422586299, 
                    160.76690038600105, 
                    177.0446559265518, 
                    199.25775660130807, 
                    205.69243076797758, 
                    214.90238386067693, 
                    210.20327350974603, 
                    212.9218664263501, 
                    211.03202349130567, 
                    199.29479774307924, 
                    189.7814391162954, 
                    209.70555876892772, 
                    206.40520674854855, 
                    189.3656949988443, 
                    177.9912227959079, 
                    178.51709092168014, 
                    187.1806543767801, 
                    207.87809398832485, 
                    214.98291292969031, 
                    212.00618953438521, 
                    215.16224264277815, 
                    224.8931683476213, 
                    214.0163758302219, 
                    208.6570959432182, 
                    201.64841698547218, 
                    202.96653231832752, 
                    218.1344999343921, 
                    228.87843532457657, 
                    226.01313396066223
                ]
            ]
        }
    ], 
    "Fluid Characteristic": [
        {
            "blood_kinematic_viscosity": 3.3333333333333333e-06, 
            "blood_density": 1050.0, 
            "blood_dynamic_viscosity": 0.0035
        }
    ], 
    "Bifurcation: ": [
        false
    ], 
    "Hemodynamic Parameters_1001_AB": [
        {
            "B": -2138448977505.1323, 
            "A": 180484528.06939402
        }
    ], 
    "name": [
        "I:/PROYECTOS/ESTUDIANTES/Sergio/V2/GID\\Modelo_5_120.gid\\Modelo_5_120.json"
    ], 
    "Time": [
        {
            "Time": [
                0.1, 
                0.22012249700936654, 
                0.35543214701147907, 
                0.5112948569521567, 
                0.6958357792670986, 
                0.9168214754664368, 
                1.1193252442423403, 
                1.3086621483018495, 
                1.536372850585887, 
                1.810427013972615, 
                2.1388787015250164, 
                2.582933087070111, 
                3.026987472615205, 
                3.57442178467238, 
                3.58442178467238, 
                3.5894217846723797, 
                3.838414663740483, 
                4.039530297355814, 
                4.248003980193645, 
                4.485511667077922, 
                4.723118640955725, 
                5.050945607322183, 
                5.304391205004109, 
                5.590224476406637, 
                5.600224476406637, 
                5.605224476406637, 
                5.810625475054147, 
                6.026461259641012, 
                6.237876568280307, 
                6.518998370163446, 
                6.747455778304016, 
                7.015294146899727
            ]
        }
    ], 
    "Flow": [
        {
            "Flow Outlet 1002": [
                0
            ], 
            "Flow Inlet": [
                [
                    -8.572774440279421e-05, 
                    -8.572774440279421e-05, 
                    -8.572774440279421e-05, 
                    -8.572774440279421e-05, 
                    -8.572774440279421e-05, 
                    -8.572774440279421e-05, 
                    -8.572774440279421e-05, 
                    -8.572774440279421e-05, 
                    -8.572774440279421e-05, 
                    -8.572774440279421e-05, 
                    -8.572774440279421e-05, 
                    -8.572774440279421e-05, 
                    -8.572774440279421e-05, 
                    -8.572774440279421e-05, 
                    -8.572774440279421e-05, 
                    -8.572774440279421e-05, 
                    -8.572774440279421e-05, 
                    -8.572774440279421e-05, 
                    -8.572774440279421e-05, 
                    -8.572774440279421e-05, 
                    -8.572774440279421e-05, 
                    -8.572774440279421e-05, 
                    -8.572774440279421e-05, 
                    -8.572774440279421e-05, 
                    -8.572774440279421e-05, 
                    -8.572774440279421e-05, 
                    -8.572774440279421e-05, 
                    -8.572774440279421e-05, 
                    -8.572774440279421e-05, 
                    -8.572774440279421e-05, 
                    -8.572774440279421e-05, 
                    -8.572774440279421e-05
                ]
            ], 
            "Flow Outlet 1001": [
                [
                    8.25055790314258e-05, 
                    8.572576585967795e-05, 
                    8.558326173469321e-05, 
                    8.56307785092405e-05, 
                    8.562648875313194e-05, 
                    8.562987018046454e-05, 
                    8.562801650054874e-05, 
                    8.562770156922471e-05, 
                    8.562323098105544e-05, 
                    8.560203670997009e-05, 
                    8.558302351332925e-05, 
                    8.563156317011384e-05, 
                    8.563797321200967e-05, 
                    8.559509175095805e-05, 
                    8.560681707076362e-05, 
                    8.560758289330113e-05, 
                    8.560453057176286e-05, 
                    8.55774730468337e-05, 
                    8.555136899911027e-05, 
                    8.557625148333572e-05, 
                    8.559612010969552e-05, 
                    8.56049508162207e-05, 
                    8.558470660873834e-05, 
                    8.557833432684708e-05, 
                    8.558610915324469e-05, 
                    8.558279674640615e-05, 
                    8.55646880941664e-05, 
                    8.554956777101323e-05, 
                    8.555919611041282e-05, 
                    8.560722676499369e-05, 
                    8.558499199195322e-05, 
                    8.554857079141942e-05
                ]
            ]
        }
    ], 
    "Simulations_Parameters": [
        {
            "Dt": 0.1, 
            "Config_conditions(1:V-P-P),(2:V-V-P)": 1, 
            "AutomaticDeltaTime": true, 
            "SolverType(1:AMGCGL,2:AMGCL_NS_Solver,3:BICGSTABSolver)": 1, 
            "Time_vector": [
                0, 
                7.0
            ]
        }
    ], 
    "Outlet 1001": [
        {
            "Diameter": 0.019962587721829676, 
            "Reynolds(peak)": 1640.306077217078, 
            "Reynolds(mean)": 1636.0469864612764,