{
    "Bifurcation: ": [
        false
    ], 
    "Simulations_Parameters": [
        {
            "SolverType(1:AMGCGL,2:AMGCL_NS_Solver,3:BICGSTABSolver)": 1, 
            "AutomaticDeltaTime": true, 
            "Time_vector": [
                0, 
                7.0
            ], 
            "Config_conditions(1:V-P-P),(2:V-V-P)": 1, 
            "Dt": 0.1
        }
    ], 
    "Inlet": [
        {
            "Reynolds(peak)": -1635.6184348822244, 
            "Flow_inlet(peak)": -8.548119073427016e-05, 
            "Reynolds(mean)": -1635.6184348822244, 
            "Flow_inlet(mean)": -8.548119073427016e-05, 
            "Centroid": [
                -0.00010319409110340915, 
                -2.62156376770396e-05, 
                -0.031420356708522716
            ], 
            "Center Node": 89944, 
            "Parabolic": true, 
            "Diameter": 0.01996268363257169, 
            "Total_area_inlet": 0.00031298876267923
        }
    ], 
    "Time": [
        {
            "Time": [
                0.1, 
                0.1696220964465631, 
                0.24717234401829413, 
                0.33759243526518734, 
                0.44335323083100453, 
                0.5680052951793784, 
                0.7173841299209965, 
                0.8970920193596069, 
                1.0861797316726227, 
                1.2752674439856386, 
                1.4643551562986545, 
                1.7066733235833091, 
                1.9489914908679637, 
                2.212240550131525, 
                2.5376956802729427, 
                2.965707727387211, 
                3.4925605197418053, 
                4.0194133120963995, 
                4.546266104450994, 
                4.556266104450994, 
                4.5612661044509935, 
                4.829063103499871, 
                5.096860102548748, 
                5.364657101597625, 
                5.629232274907512, 
                5.89705751221131, 
                6.164878368736054, 
                6.432697972658056, 
                6.695011705855193, 
                7.01639565397168
            ]
        }
    ], 
    "Hemodynamic Parameters_1001_ABC": [
        {
            "B": -257541896839.79297, 
            "C": 14694662.32203646, 
            "A": 22706841.194877706
        }
    ], 
    "Fluid Characteristic": [
        {
            "blood_kinematic_viscosity": 3.3333333333333333e-06, 
            "blood_dynamic_viscosity": 0.0035, 
            "blood_density": 1050.0
        }
    ], 
    "Flow": [
        {
            "Flow Outlet 1002": [
                0
            ], 
            "Flow Outlet 1001": [
                [
                    8.207972763602982e-05, 
                    8.547905364059916e-05, 
                    8.537919568614385e-05, 
                    8.540215508708462e-05, 
                    8.540071572509916e-05, 
                    8.540725604275543e-05, 
                    8.54069653291835e-05, 
                    8.540609351270039e-05, 
                    8.540605655840824e-05, 
                    8.540872013506395e-05, 
                    8.541359901038729e-05, 
                    8.541598324817913e-05, 
                    8.540767843591962e-05, 
                    8.53910441985315e-05, 
                    8.536789724802299e-05, 
                    8.534378066605059e-05, 
                    8.53482629276977e-05, 
                    8.540296372511468e-05, 
                    8.542553298673239e-05, 
                    8.542059009276237e-05, 
                    8.541933844510301e-05, 
                    8.541750304200796e-05, 
                    8.54108495073308e-05, 
                    8.540829184256702e-05, 
                    8.541133306190255e-05, 
                    8.541018076391552e-05, 
                    8.541653755815157e-05, 
                    8.542774963536456e-05, 
                    8.542792726324952e-05, 
                    8.540172055215107e-05
                ]
            ], 
            "Flow Inlet": [
                [
                    -8.548119073427016e-05, 
                    -8.548119073427016e-05, 
                    -8.548119073427016e-05, 
                    -8.548119073427016e-05, 
                    -8.548119073427016e-05, 
                    -8.548119073427016e-05, 
                    -8.548119073427016e-05, 
                    -8.548119073427016e-05, 
                    -8.548119073427016e-05, 
                    -8.548119073427016e-05, 
                    -8.548119073427016e-05, 
                    -8.548119073427016e-05, 
                    -8.548119073427016e-05, 
                    -8.548119073427016e-05, 
                    -8.548119073427016e-05, 
                    -8.548119073427016e-05, 
                    -8.548119073427016e-05, 
                    -8.548119073427016e-05, 
                    -8.548119073427016e-05, 
                    -8.548119073427016e-05, 
                    -8.548119073427016e-05, 
                    -8.548119073427016e-05, 
                    -8.548119073427016e-05, 
                    -8.548119073427016e-05, 
                    -8.548119073427016e-05, 
                    -8.548119073427016e-05, 
                    -8.548119073427016e-05, 
                    -8.548119073427016e-05, 
                    -8.548119073427016e-05, 
                    -8.548119073427016e-05
                ]
            ]
        }
    ], 
    "Outlet 1001": [
        {
            "Reynolds(peak)": 1635.5853172031048, 
            "Flow_outlet(mean)": 8.529549011880699e-05, 
            "Reynolds(mean)": 1632.072950275416, 
            "Total_area_outlet": 0.0003129857873893009, 
            "Centroid": [
                6.215379717078651e-05, 
                5.614083298509638e-05, 
                0.25
            ], 
            "Center Node": 547, 
            "Flow_outlet(peak)": 8.547905364059916e-05, 
            "Diameter": 0.019962588749112914
        }
    ], 
    "name": [
        "I:/PROYECTOS/ESTUDIANTES/Sergio/V2/GID/D_170\\Modelo_12_170.gid\\Modelo_12_170.json"
    ], 
    "Hemodynamic Parameters_1001_AB": [
        {
            "B": 184660296416.22195, 
            "A": -16477473.192679787
        }
    ], 
    "Pressures": [
        {
            "Pressure Outlet 1002": [
                0
            ], 
            "Pressure Inlet": [
                [
                    1208.1938414737522, 
                    -458.4223893774829, 
                    143.19020891932806, 
                    15.854039525861488, 
                    60.44006630809619, 
                    73.06911522012128, 
                    92.4112385717113, 
                    90.31614165781704, 
                    59.069761511393146, 
                    33.13206023038424, 
                    43.369028911249565, 
                    56.13476052016199, 
                    59.41816488239218, 
                    61.25822835156578, 
                    63.57596136275316, 
                    60.98421511495689, 
                    54.6982137676052, 
                    60.02984806834617, 
                    62.88339046751143, 
                    59.78213634983679, 
                    54.32615303759244, 
                    57.34620828790655, 
                    64.11157124929295, 
                    80.74293916250673, 
                    64.8515399828959, 
                    46.26534737882211, 
                    49.6122016882793, 
                    60.86905373487507, 
                    60.6586482311795, 
                    52.45370574668463
                ]
            ],