{
    "Inlet": [
        {
            "Flow_inlet(peak)": -8.549413531003579e-05, 
            "Reynolds(mean)": -1635.8661196251733, 
            "Reynolds(peak)": -1635.8661196251733, 
            "Flow_inlet(mean)": -8.549413531003579e-05, 
            "Centroid": [
                -0.00010319409110340905, 
                -2.6215637677039877e-05, 
                -0.031420356708522716
            ], 
            "Parabolic": true, 
            "Center Node": 78038, 
            "Total_area_inlet": 0.00031298876267923, 
            "Diameter": 0.01996268363257169
        }
    ], 
    "Hemodynamic Parameters_1001_AB": [
        {
            "A": 89189547.6496708, 
            "B": -1074167937962.5212
        }
    ], 
    "Bifurcation: ": [
        false
    ], 
    "Time": [
        {
            "Time": [
                0.1, 
                0.16967633901096107, 
                0.24542239341709948, 
                0.3317515900079597, 
                0.4273339792981098, 
                0.530892585735403, 
                0.6419150320300633, 
                0.7669436422320739, 
                0.9124900633348092, 
                1.0841805932514, 
                1.2964995231074465, 
                1.56454299163645, 
                1.8325864601654533, 
                2.1543006187725187, 
                2.476014777379584, 
                2.8634295817298527, 
                3.2508443860801215, 
                3.6382591904303903, 
                4.025673994780659, 
                4.477923886853341, 
                5.023881618937864, 
                5.033881618937864, 
                5.038881618937864, 
                5.316608386791953, 
                5.5973456456872395, 
                5.87433333430535, 
                6.15132102292346, 
                6.42830871154157, 
                6.708189397883566, 
                6.9840806890609075, 
                7.26188590852309
            ]
        }
    ], 
    "Fluid Characteristic": [
        {
            "blood_dynamic_viscosity": 0.0035, 
            "blood_density": 1050.0, 
            "blood_kinematic_viscosity": 3.3333333333333333e-06
        }
    ], 
    "Hemodynamic Parameters_1001_ABC": [
        {
            "A": -89385253.1542768, 
            "B": 1076459700752.2543, 
            "C": 1517360.8073871117
        }
    ], 
    "Outlet 1001": [
        {
            "Flow_outlet(mean)": 8.524667204706644e-05, 
            "Reynolds(mean)": 1631.1389326454364, 
            "Reynolds(peak)": 1633.8639033222478, 
            "Flow_outlet(peak)": 8.538908461350997e-05, 
            "Total_area_outlet": 0.00031298575516206564, 
            "Centroid": [
                1.234316127888889e-05, 
                9.513770873552552e-05, 
                0.26997999999999905
            ], 
            "Center Node": 441, 
            "Diameter": 0.019962587721368066
        }
    ], 
    "Flow": [
        {
            "Flow Outlet 1001": [
                [
                    8.22230508627343e-05, 
                    8.537830773077022e-05, 
                    8.530551041858908e-05, 
                    8.53635783201958e-05, 
                    8.537215319637233e-05, 
                    8.538474351128411e-05, 
                    8.538839177700946e-05, 
                    8.538908461350997e-05, 
                    8.538760393448337e-05, 
                    8.538632387613488e-05, 
                    8.538597161650479e-05, 
                    8.538328405967425e-05, 
                    8.538310320705268e-05, 
                    8.538541115845466e-05, 
                    8.537844142092972e-05, 
                    8.537050391851182e-05, 
                    8.534981010899211e-05, 
                    8.532189091694224e-05, 
                    8.532454195967077e-05, 
                    8.531815363068674e-05, 
                    8.525643616233746e-05, 
                    8.5270523555517e-05, 
                    8.526424429258918e-05, 
                    8.528217077877205e-05, 
                    8.534553245702998e-05, 
                    8.536708828367311e-05, 
                    8.535229736716364e-05, 
                    8.535994503997056e-05, 
                    8.535057180135453e-05, 
                    8.530959720710523e-05, 
                    8.530856627504368e-05
                ]
            ], 
            "Flow Inlet": [
                [
                    -8.549413531003579e-05, 
                    -8.549413531003579e-05, 
                    -8.549413531003579e-05, 
                    -8.549413531003579e-05, 
                    -8.549413531003579e-05, 
                    -8.549413531003579e-05, 
                    -8.549413531003579e-05, 
                    -8.549413531003579e-05, 
                    -8.549413531003579e-05, 
                    -8.549413531003579e-05, 
                    -8.549413531003579e-05, 
                    -8.549413531003579e-05, 
                    -8.549413531003579e-05, 
                    -8.549413531003579e-05, 
                    -8.549413531003579e-05, 
                    -8.549413531003579e-05, 
                    -8.549413531003579e-05, 
                    -8.549413531003579e-05, 
                    -8.549413531003579e-05, 
                    -8.549413531003579e-05, 
                    -8.549413531003579e-05, 
                    -8.549413531003579e-05, 
                    -8.549413531003579e-05, 
                    -8.549413531003579e-05, 
                    -8.549413531003579e-05, 
                    -8.549413531003579e-05, 
                    -8.549413531003579e-05, 
                    -8.549413531003579e-05, 
                    -8.549413531003579e-05, 
                    -8.549413531003579e-05, 
                    -8.549413531003579e-05
                ]
            ], 
            "Flow Outlet 1002": [
                0
            ]
        }
    ], 
    "Pressures": [
        {
            "Pressure Inlet": [
                [
                    1374.7135044340832, 
                    -504.8291793786962, 
                    192.32969374996276, 
                    64.715024510607, 
                    134.7730891745855, 
                    162.84110618202686, 
                    196.5529824822339, 
                    215.994764180989, 
                    219.80240436110137, 
                    221.82142122885324, 
                    226.03816292485877, 
                    221.2212363363871, 
                    221.8708045439078, 
                    222.3024570113845, 
                    221.8472022226714, 
                    220.965847723004, 
                    220.14939678243903, 
                    225.0574908772373, 
                    226.11322122828366, 
                    218.580289603111, 
                    219.26737075443347, 
                    209.09267283549408, 
                    200.06164734920975, 
                    194.23703983291628, 
                    205.80778802929655, 
                    215.92234210193192, 
                    207.26125828944237, 
                    186.83370972147694, 
                    193.56565536811243, 
                    191.34708304333796, 
                    200.54469956940173
                ]
            ],