{
    "Inlet": [
        {
            "Flow_inlet(mean)": -8.533511783519944e-05, 
            "Reynolds(mean)": -1632.8234395796967, 
            "Reynolds(peak)": -1632.8234395796967, 
            "Parabolic": true, 
            "Diameter": 0.01996268363257169, 
            "Flow_inlet(peak)": -8.533511783519944e-05, 
            "Centroid": [
                -0.00010319409110340905, 
                -2.6215637677039877e-05, 
                -0.031420356708522716
            ], 
            "Total_area_inlet": 0.00031298876267923, 
            "Center Node": 90023
        }
    ], 
    "Bifurcation: ": [
        false
    ], 
    "Pressures": [
        {
            "Pressure Outlet 1002": [
                0
            ], 
            "Pressure Inlet": [
                [
                    1207.8078824121014, 
                    -462.45841037490436, 
                    144.562178791886, 
                    15.153103762097317, 
                    58.65694032933492, 
                    69.43028376438292, 
                    88.86092796213755, 
                    90.11690662110527, 
                    62.32520782477412, 
                    29.74871001888656, 
                    40.89697711827844, 
                    66.33371056490617, 
                    73.17301010792269, 
                    71.38089055398966, 
                    69.9044999063255, 
                    60.57004523974176, 
                    58.15023026757419, 
                    59.32177009065605, 
                    67.61122476789618, 
                    71.21367320520753, 
                    76.42355001216583, 
                    71.9937861750713, 
                    78.9559250376431, 
                    70.21498005820384, 
                    55.85585586511247, 
                    66.53596620504521, 
                    82.39546900615258, 
                    76.07334163855072, 
                    57.53543304395545
                ]
            ], 
            "Pressure Outlet 1001": [
                [
                    0.0, 
                    0.0, 
                    0.0, 
                    0.0, 
                    0.0, 
                    0.0, 
                    0.0, 
                    0.0, 
                    0.0, 
                    0.0, 
                    0.0, 
                    0.0, 
                    0.0, 
                    0.0, 
                    0.0, 
                    0.0, 
                    0.0, 
                    0.0, 
                    0.0, 
                    0.0, 
                    0.0, 
                    0.0, 
                    0.0, 
                    0.0, 
                    0.0, 
                    0.0, 
                    0.0, 
                    0.0, 
                    0.0
                ]
            ]
        }
    ], 
    "Outlet 1001": [
        {
            "Flow_outlet(mean)": 8.512393551755446e-05, 
            "Total_area_outlet": 0.0003129857551765407, 
            "Reynolds(mean)": 1628.7904499405042, 
            "Reynolds(peak)": 1631.4806419551799, 
            "Flow_outlet(peak)": 8.526453047965989e-05, 
            "Centroid": [
                5.282075851584695e-05, 
                9.182701925898595e-05, 
                0.25
            ], 
            "Diameter": 0.019962587721829683, 
            "Center Node": 453
        }
    ], 
    "Simulations_Parameters": [
        {
            "AutomaticDeltaTime": true, 
            "Time_vector": [
                0, 
                7.0
            ], 
            "SolverType(1:AMGCGL,2:AMGCL_NS_Solver,3:BICGSTABSolver)": 1, 
            "Config_conditions(1:V-P-P),(2:V-V-P)": 1, 
            "Dt": 0.1
        }
    ], 
    "Time": [
        {
            "Time": [
                0.1, 
                0.17342463140991582, 
                0.2489848946085742, 
                0.3316652147370711, 
                0.42898327524437446, 
                0.5455042068935309, 
                0.6852692631413579, 
                0.8531632591018787, 
                1.054674399284082, 
                1.2964796366657863, 
                1.5382848740474906, 
                1.780090111429195, 
                2.070251457758537, 
                2.394547569886748, 
                2.7965241118024875, 
                3.297922841677545, 
                3.799321571552602, 
                4.30072030142766, 
                4.802119031302717, 
                5.303517761177774, 
                5.313517761177774, 
                5.318517761177774, 
                5.5692015342908086, 
                5.819906411502158, 
                6.070604541626033, 
                6.321304323107047, 
                6.572003674889723, 
                6.822703121857604, 
                7.123542470994336
            ]
        }
    ], 
    "Hemodynamic Parameters_1001_ABC": [
        {
            "A": 48364507.88945681, 
            "B": -558240650193.833, 
            "C": 43248449.037674636
        }
    ], 
    "name": [
        "I:/PROYECTOS/ESTUDIANTES/Sergio/V2/GID/D_170\\Modelo_11_170.gid\\Modelo_11_170.json"
    ], 
    "Hemodynamic Parameters_1001_AB": [
        {
            "A": 36150063.227903955, 
            "B": -433388627425.98224
        }
    ], 
    "Fluid Characteristic": [
        {
            "blood_dynamic_viscosity": 0.0035, 
            "blood_density": 1050.0, 
            "blood_kinematic_viscosity": 3.3333333333333333e-06
        }
    ], 
    "Flow": [
        {
            "Flow Outlet 1002": [
                0
            ], 
            "Flow Outlet 1001": [
                [
                    8.204549349559632e-05, 
                    8.525932447996416e-05, 
                    8.518663487516543e-05, 
                    8.523832923427272e-05, 
                    8.524199924009524e-05, 
                    8.525112177424775e-05, 
                    8.525274090956089e-05, 
                    8.525253973388927e-05, 
                    8.525183402456968e-05, 
                    8.525439797479226e-05, 
                    8.526097199743287e-05, 
                    8.526453047965989e-05, 
                    8.525988944418141e-05, 
                    8.524926450560474e-05, 
                    8.519426322904383e-05, 
                    8.515012515097533e-05, 
                    8.519726882765311e-05, 
                    8.52476470524167e-05, 
                    8.52629184787381e-05, 
                    8.523647962290591e-05, 
                    8.523940013917867e-05, 
                    8.523906448373964e-05, 
                    8.5210602292454e-05, 
                    8.519414031262172e-05, 
                    8.520887068450491e-05, 
                    8.524035520116348e-05, 
                    8.525449052716042e-05, 
                    8.523800341096525e-05, 
                    8.521142842652578e-05
                ]
            ],