{
    "Time": [
        {
            "Time": [
                0.1, 
                0.1712837995517823, 
                0.24948665627656297, 
                0.3381793226769635, 
                0.4396245262659388, 
                0.5599535165039156, 
                0.7096992631785485, 
                0.8924664020895094, 
                1.0752335410004703, 
                1.2580006799114312, 
                1.440767818822392, 
                1.6235349577333529, 
                1.8378882158693775, 
                2.0929950043138685, 
                2.34810179275836, 
                2.6460515481572546, 
                3.0158814229665056, 
                3.0258814229665054, 
                3.0308814229665053, 
                3.2159241386833064, 
                3.4009668544001075, 
                3.5860095701169086, 
                3.771379942999816, 
                3.95671200932593, 
                4.141957745769846, 
                4.327132101225381, 
                4.512264006692242, 
                4.7344015133319965, 
                4.956539019971751, 
                5.223110692229321, 
                5.4896823644868915, 
                5.756254036744462, 
                6.022825709002032, 
                6.289397381259603, 
                6.555969053517173, 
                6.565969053517173, 
                6.570969053517173, 
                6.696474208180772, 
                6.814419399751768, 
                6.933658745376045, 
                7.053714627298048
            ]
        }
    ], 
    "Simulations_Parameters": [
        {
            "AutomaticDeltaTime": true, 
            "Time_vector": [
                0, 
                7.0
            ], 
            "Config_conditions(1:V-P-P),(2:V-V-P)": 1, 
            "SolverType(1:AMGCGL,2:AMGCL_NS_Solver,3:BICGSTABSolver)": 1, 
            "Dt": 0.1
        }
    ], 
    "Outlet 1001": [
        {
            "Center Node": 409, 
            "Reynolds(peak)": 1637.358114596949, 
            "Centroid": [
                3.1174873052513927e-05, 
                6.931638458544458e-05, 
                0.289990000000001
            ], 
            "Total_area_outlet": 0.00031298575517405995, 
            "Reynolds(mean)": 1634.946325045796, 
            "Flow_outlet(mean)": 8.544565419842253e-05, 
            "Diameter": 0.019962587721750573, 
            "Flow_outlet(peak)": 8.557169927576258e-05
        }
    ], 
    "Inlet": [
        {
            "Center Node": 83258, 
            "Parabolic": true, 
            "Flow_inlet(peak)": -8.56282380326169e-05, 
            "Centroid": [
                -0.00010319409110340905, 
                -2.6215637677039877e-05, 
                -0.031420356708522716
            ], 
            "Reynolds(peak)": -1638.4320745836558, 
            "Reynolds(mean)": -1638.4320745836558, 
            "Total_area_inlet": 0.00031298876267923, 
            "Diameter": 0.01996268363257169, 
            "Flow_inlet(mean)": -8.56282380326169e-05
        }
    ], 
    "name": [
        "I:/PROYECTOS/ESTUDIANTES/Sergio/V2/GID/D_170\\Modelo_7_170.gid\\Modelo_7_170.json"
    ], 
    "Flow": [
        {
            "Flow Outlet 1002": [
                0
            ], 
            "Flow Inlet": [
                [
                    -8.56282380326169e-05, 
                    -8.56282380326169e-05, 
                    -8.56282380326169e-05, 
                    -8.56282380326169e-05, 
                    -8.56282380326169e-05, 
                    -8.56282380326169e-05, 
                    -8.56282380326169e-05, 
                    -8.56282380326169e-05, 
                    -8.56282380326169e-05, 
                    -8.56282380326169e-05, 
                    -8.56282380326169e-05, 
                    -8.56282380326169e-05, 
                    -8.56282380326169e-05, 
                    -8.56282380326169e-05, 
                    -8.56282380326169e-05, 
                    -8.56282380326169e-05, 
                    -8.56282380326169e-05, 
                    -8.56282380326169e-05, 
                    -8.56282380326169e-05, 
                    -8.56282380326169e-05, 
                    -8.56282380326169e-05, 
                    -8.56282380326169e-05, 
                    -8.56282380326169e-05, 
                    -8.56282380326169e-05, 
                    -8.56282380326169e-05, 
                    -8.56282380326169e-05, 
                    -8.56282380326169e-05, 
                    -8.56282380326169e-05, 
                    -8.56282380326169e-05, 
                    -8.56282380326169e-05, 
                    -8.56282380326169e-05, 
                    -8.56282380326169e-05, 
                    -8.56282380326169e-05, 
                    -8.56282380326169e-05, 
                    -8.56282380326169e-05, 
                    -8.56282380326169e-05, 
                    -8.56282380326169e-05, 
                    -8.56282380326169e-05, 
                    -8.56282380326169e-05, 
                    -8.56282380326169e-05, 
                    -8.56282380326169e-05
                ]
            ], 
            "Flow Outlet 1001": [
                [
                    8.219257616311799e-05, 
                    8.554825553670799e-05, 
                    8.548218474834601e-05, 
                    8.552585199707706e-05, 
                    8.552971523124516e-05, 
                    8.553949477835417e-05, 
                    8.554092242256113e-05, 
                    8.554012658232325e-05, 
                    8.553916800497221e-05, 
                    8.553994776072408e-05, 
                    8.554269146134471e-05, 
                    8.554662714265515e-05, 
                    8.554584278252791e-05, 
                    8.552800956201962e-05, 
                    8.547828160056655e-05, 
                    8.5413578412979e-05, 
                    8.545247060139055e-05, 
                    8.54823114164328e-05, 
                    8.549085991904622e-05, 
                    8.55157698673106e-05, 
                    8.552648442933168e-05, 
                    8.553273335146273e-05, 
                    8.554505038310961e-05, 
                    8.55296536985525e-05, 
                    8.55063490004709e-05, 
                    8.550167696716446e-05, 
                    8.551754599700362e-05, 
                    8.552450049056246e-05, 
                    8.551739617613036e-05, 
                    8.552467118888906e-05, 
                    8.55411759033909e-05, 
                    8.55549151806812e-05, 
                    8.554583981376896e-05, 
                    8.553313585328337e-05, 
                    8.55397759242004e-05, 
                    8.554437322343646e-05, 
                    8.554591399029744e-05, 
                    8.555645979230547e-05, 
                    8.556615064029023e-05, 
                    8.557169927576258e-05, 
                    8.557163486352732e-05
                ]
            ]
        }
    ], 
    "Pressures": [
        {
            "Pressure Outlet 1002": [
                0
            ],