{
    "Bifurcation: ": [
        false
    ], 
    "Fluid Characteristic": [
        {
            "blood_dynamic_viscosity": 0.0035, 
            "blood_kinematic_viscosity": 3.3333333333333333e-06, 
            "blood_density": 1050.0
        }
    ], 
    "Time": [
        {
            "Time": [
                0.05, 
                0.13791398798341303, 
                0.2357888425921708, 
                0.3513772224092265, 
                0.4910741983385659, 
                0.6518958529568979, 
                0.8179719744323315, 
                0.9990983765846586, 
                1.2175409302414715, 
                1.468066432592069, 
                1.7809731215505178, 
                2.1815269072152423, 
                2.582080692879967, 
                3.0332376339426013, 
                3.5529309026634293, 
                4.072624171384257, 
                4.592317440105085, 
                5.112010708825913, 
                5.631703977546741, 
                6.151397246267569, 
                6.671090514988397, 
                7.190783783709225
            ]
        }
    ], 
    "Inlet": [
        {
            "Total_area_inlet": 0.00031298876267923, 
            "Diameter": 0.01996268363257169, 
            "Reynolds(peak)": -1228.1885502818966, 
            "Flow_inlet(mean)": -6.4187965533571e-05, 
            "Reynolds(mean)": -1228.1885502818966, 
            "Flow_inlet(peak)": -6.4187965533571e-05, 
            "Parabolic": true, 
            "Center Node": 190187, 
            "Centroid": [
                -0.00010319409110340905, 
                -2.6215637677039877e-05, 
                -0.031420356708522716
            ]
        }
    ], 
    "name": [
        "I:/PROYECTOS/ESTUDIANTES/Sergio/V1/GID\\Modelo_25_145.gid\\Modelo_25_145.json"
    ], 
    "Flow": [
        {
            "Flow Inlet": [
                [
                    -6.4187965533571e-05, 
                    -6.4187965533571e-05, 
                    -6.4187965533571e-05, 
                    -6.4187965533571e-05, 
                    -6.4187965533571e-05, 
                    -6.4187965533571e-05, 
                    -6.4187965533571e-05, 
                    -6.4187965533571e-05, 
                    -6.4187965533571e-05, 
                    -6.4187965533571e-05, 
                    -6.4187965533571e-05, 
                    -6.4187965533571e-05, 
                    -6.4187965533571e-05, 
                    -6.4187965533571e-05, 
                    -6.4187965533571e-05, 
                    -6.4187965533571e-05, 
                    -6.4187965533571e-05, 
                    -6.4187965533571e-05, 
                    -6.4187965533571e-05, 
                    -6.4187965533571e-05, 
                    -6.4187965533571e-05, 
                    -6.4187965533571e-05
                ]
            ], 
            "Flow Outlet 1001": [
                [
                    6.053576695097331e-05, 
                    6.428933968587353e-05, 
                    6.4043645870943e-05, 
                    6.412505999952922e-05, 
                    6.411170511366658e-05, 
                    6.412201057075332e-05, 
                    6.412169682539699e-05, 
                    6.412163511203022e-05, 
                    6.412048623428769e-05, 
                    6.411970725979046e-05, 
                    6.411945373304488e-05, 
                    6.411964983510691e-05, 
                    6.411918367863418e-05, 
                    6.411590093973332e-05, 
                    6.41093298478165e-05, 
                    6.41027816528911e-05, 
                    6.409864010338322e-05, 
                    6.4090778338284e-05, 
                    6.409540823753976e-05, 
                    6.411577160075583e-05, 
                    6.41215175856207e-05, 
                    6.41151513365252e-05
                ]
            ], 
            "Flow Outlet 1002": [
                0
            ]
        }
    ], 
    "Hemodynamic Parameters_1001_ABC": [
        {
            "B": 1509558257201.6187, 
            "C": -29195267.311319485, 
            "A": -95480157.81930673
        }
    ], 
    "Simulations_Parameters": [
        {
            "Time_vector": [
                0, 
                7.0
            ], 
            "Dt": 0.05, 
            "AutomaticDeltaTime": true, 
            "Config_conditions(1:V-P-P),(2:V-V-P)": 1, 
            "SolverType(1:AMGCGL,2:AMGCL_NS_Solver,3:BICGSTABSolver)": 1
        }
    ], 
    "Hemodynamic Parameters_1001_AB": [
        {
            "B": -1614771868183.1677, 
            "A": 102242563.0365524
        }
    ], 
    "Pressures": [
        {
            "Pressure Outlet 1001": [
                [
                    0.0, 
                    0.0, 
                    0.0, 
                    0.0, 
                    0.0, 
                    0.0, 
                    0.0, 
                    0.0, 
                    0.0, 
                    0.0, 
                    0.0, 
                    0.0, 
                    0.0, 
                    0.0, 
                    0.0, 
                    0.0, 
                    0.0, 
                    0.0, 
                    0.0, 
                    0.0, 
                    0.0, 
                    0.0
                ]
            ], 
            "Pressure Outlet 1002": [
                0
            ], 
            "Pressure Inlet": [
                [
                    1852.7903322616098, 
                    -777.8953440168684, 
                    215.9779684161592, 
                    -6.125112331625629, 
                    59.32191651766278, 
                    63.455821976396464, 
                    82.60499555131229, 
                    87.5522357872725, 
                    83.59655995763472, 
                    79.99919478612406, 
                    85.16538842439924, 
                    91.59690657662976, 
                    92.77195549455838, 
                    89.21636733200747, 
                    85.82067970284882, 
                    85.92695081211161, 
                    80.01925155811999, 
                    79.88615448380816, 
                    80.92584346445702, 
                    85.10155864981311, 
                    86.55313147044271, 
                    84.48790095797477
                ]
            ]
        }
    ], 
    "Outlet 1001": [
        {
            "Flow_outlet(peak)": 6.428933968587353e-05, 
            "Total_area_outlet": 0.00031298575517654066, 
            "Diameter": 0.019962587721829683, 
            "Reynolds(peak)": 1230.134178790847, 
            "Reynolds(mean)": 1223.758222585905, 
            "Center Node": 550, 
            "Flow_outlet(mean)": 6.395611911420818e-05, 
            "Centroid": [
                4.4686525919553125e-05, 
                0.0001027568349083484, 
                0.289990000000001
            ]
        }
    ]
}