{
    "Fluid Characteristic": [
        {
            "blood_kinematic_viscosity": 3.3333333333333333e-06, 
            "blood_density": 1050.0, 
            "blood_dynamic_viscosity": 0.0035
        }
    ], 
    "Time": [
        {
            "Time": [
                0.1, 
                0.17800815884271665, 
                0.26339954041458347, 
                0.36018300168659045, 
                0.47137015710357455, 
                0.6030927871851248, 
                0.7639069643425617, 
                0.9424237982415113, 
                1.1317242019220648, 
                1.3784099720425647, 
                1.6250957421630645, 
                1.8717815122835644, 
                2.1839966815277125, 
                2.4962118507718607, 
                2.885854796165962, 
                3.3501000718856866, 
                3.814345347605411, 
                4.278590623325135, 
                4.288590623325135, 
                4.293590623325135, 
                4.516236948974776, 
                4.747881949210724, 
                4.978769024977273, 
                5.2099066164105485, 
                5.439709343207974, 
                5.668445864476103, 
                5.943228557292969, 
                6.274329884050119, 
                6.672591752793613, 
                7.070853621537107
            ]
        }
    ], 
    "Hemodynamic Parameters_1001_AB": [
        {
            "B": -1223152023239.3367, 
            "A": 104069541.2519576
        }
    ], 
    "name": [
        "I:/PROYECTOS/ESTUDIANTES/Sergio/V2/GID/D_170\\Modelo_2_170.gid\\Modelo_2_170.json"
    ], 
    "Inlet": [
        {
            "Flow_inlet(mean)": -8.567594218826924e-05, 
            "Reynolds(mean)": -1639.3448578022237, 
            "Reynolds(peak)": -1639.3448578022237, 
            "Diameter": 0.01996268363257169, 
            "Center Node": 67482, 
            "Centroid": [
                -0.00010319409110340905, 
                -2.6215637677039877e-05, 
                -0.031420356708522716
            ], 
            "Flow_inlet(peak)": -8.567594218826924e-05, 
            "Parabolic": true, 
            "Total_area_inlet": 0.00031298876267923
        }
    ], 
    "Bifurcation: ": [
        false
    ], 
    "Flow": [
        {
            "Flow Outlet 1001": [
                [
                    8.242296074990619e-05, 
                    8.565463253729693e-05, 
                    8.554691415128799e-05, 
                    8.55868762784077e-05, 
                    8.558586794733044e-05, 
                    8.559272935318434e-05, 
                    8.559275366195496e-05, 
                    8.559255182933142e-05, 
                    8.55933007557208e-05, 
                    8.559719298025896e-05, 
                    8.560090674132934e-05, 
                    8.559892130719976e-05, 
                    8.55872657087921e-05, 
                    8.556586780723446e-05, 
                    8.555843101152471e-05, 
                    8.558024212875347e-05, 
                    8.559086463269698e-05, 
                    8.558762613567348e-05, 
                    8.558427682249547e-05, 
                    8.558272800545779e-05, 
                    8.558568687488416e-05, 
                    8.55891549191039e-05, 
                    8.559619342971372e-05, 
                    8.56020621240402e-05, 
                    8.559470557233424e-05, 
                    8.558606006395072e-05, 
                    8.558971072716227e-05, 
                    8.558691763066911e-05, 
                    8.55719433312294e-05, 
                    8.55859340245458e-05
                ]
            ], 
            "Flow Outlet 1002": [
                0
            ], 
            "Flow Inlet": [
                [
                    -8.567594218826924e-05, 
                    -8.567594218826924e-05, 
                    -8.567594218826924e-05, 
                    -8.567594218826924e-05, 
                    -8.567594218826924e-05, 
                    -8.567594218826924e-05, 
                    -8.567594218826924e-05, 
                    -8.567594218826924e-05, 
                    -8.567594218826924e-05, 
                    -8.567594218826924e-05, 
                    -8.567594218826924e-05, 
                    -8.567594218826924e-05, 
                    -8.567594218826924e-05, 
                    -8.567594218826924e-05, 
                    -8.567594218826924e-05, 
                    -8.567594218826924e-05, 
                    -8.567594218826924e-05, 
                    -8.567594218826924e-05, 
                    -8.567594218826924e-05, 
                    -8.567594218826924e-05, 
                    -8.567594218826924e-05, 
                    -8.567594218826924e-05, 
                    -8.567594218826924e-05, 
                    -8.567594218826924e-05, 
                    -8.567594218826924e-05, 
                    -8.567594218826924e-05, 
                    -8.567594218826924e-05, 
                    -8.567594218826924e-05, 
                    -8.567594218826924e-05, 
                    -8.567594218826924e-05
                ]
            ]
        }
    ], 
    "Outlet 1001": [
        {
            "Reynolds(mean)": 1635.6617282754262, 
            "Flow_outlet(peak)": 8.565463253729693e-05, 
            "Reynolds(peak)": 1638.944987936344, 
            "Diameter": 0.019962587721829687, 
            "Center Node": 441, 
            "Centroid": [
                -1.8710628692159163e-05, 
                8.09623068897412e-05, 
                0.25
            ], 
            "Flow_outlet(mean)": 8.548304264144903e-05, 
            "Total_area_outlet": 0.0003129857551765408
        }
    ], 
    "Pressures": [
        {
            "Pressure Inlet": [
                [
                    1261.07411482961, 
                    -487.3786230894247, 
                    150.86036099809462, 
                    11.804881683007022, 
                    55.597713043220146, 
                    61.12572997979443, 
                    73.36931592542601, 
                    64.19822597151932, 
                    40.295672434707214, 
                    33.683893298003895, 
                    50.737269975322974, 
                    60.219491125896894, 
                    56.33017132811809, 
                    53.55433200206234, 
                    49.29475286103232, 
                    48.972027459119424, 
                    59.76232079551277, 
                    61.290898838047184, 
                    53.0924882833746, 
                    48.73853142764582, 
                    52.220756192204206, 
                    46.50062520759097, 
                    60.7216887033642, 
                    54.214986364084886, 
                    43.43631653018596, 
                    50.014873940301825, 
                    61.08100958012257, 
                    58.56536932307358, 
                    46.91802241395248, 
                    40.270552870343195
                ]
            ], 
            "Pressure Outlet 1001": [
                [
                    0.0, 
                    0.0, 
                    0.0, 
                    0.0, 
                    0.0, 
                    0.0, 
                    0.0, 
                    0.0, 
                    0.0, 
                    0.0, 
                    0.0, 
                    0.0, 
                    0.0, 
                    0.0, 
                    0.0, 
                    0.0, 
                    0.0, 
                    0.0, 
                    0.0, 
                    0.0, 
                    0.0, 
                    0.0, 
                    0.0, 
                    0.0, 
                    0.0, 
                    0.0, 
                    0.0, 
                    0.0, 
                    0.0, 
                    0.0
                ]
            ],