{
    "Outlet 1001": [
        {
            "Reynolds(peak)": 1639.4267250919054, 
            "Flow_outlet(peak)": 8.567980911085059e-05, 
            "Centroid": [
                5.282075851584695e-05, 
                9.182701925898595e-05, 
                0.25
            ], 
            "Reynolds(mean)": 1636.7463306394257, 
            "Total_area_outlet": 0.0003129857551765407, 
            "Center Node": 429, 
            "Diameter": 0.019962587721829683, 
            "Flow_outlet(mean)": 8.553972618947613e-05
        }
    ], 
    "Flow": [
        {
            "Flow Outlet 1002": [
                0
            ], 
            "Flow Inlet": [
                [
                    -8.576197439430619e-05, 
                    -8.576197439430619e-05, 
                    -8.576197439430619e-05, 
                    -8.576197439430619e-05, 
                    -8.576197439430619e-05, 
                    -8.576197439430619e-05, 
                    -8.576197439430619e-05, 
                    -8.576197439430619e-05, 
                    -8.576197439430619e-05, 
                    -8.576197439430619e-05, 
                    -8.576197439430619e-05, 
                    -8.576197439430619e-05, 
                    -8.576197439430619e-05, 
                    -8.576197439430619e-05, 
                    -8.576197439430619e-05, 
                    -8.576197439430619e-05, 
                    -8.576197439430619e-05, 
                    -8.576197439430619e-05, 
                    -8.576197439430619e-05, 
                    -8.576197439430619e-05, 
                    -8.576197439430619e-05, 
                    -8.576197439430619e-05, 
                    -8.576197439430619e-05, 
                    -8.576197439430619e-05, 
                    -8.576197439430619e-05, 
                    -8.576197439430619e-05, 
                    -8.576197439430619e-05, 
                    -8.576197439430619e-05, 
                    -8.576197439430619e-05, 
                    -8.576197439430619e-05, 
                    -8.576197439430619e-05
                ]
            ], 
            "Flow Outlet 1001": [
                [
                    8.236149476597966e-05, 
                    8.567980911085059e-05, 
                    8.559492173118473e-05, 
                    8.564929448293967e-05, 
                    8.566001742965454e-05, 
                    8.567129710722469e-05, 
                    8.567380930533282e-05, 
                    8.567344331154447e-05, 
                    8.567250660038588e-05, 
                    8.567152082621561e-05, 
                    8.566113071360535e-05, 
                    8.560838613924808e-05, 
                    8.555369413041489e-05, 
                    8.560395640421058e-05, 
                    8.56378680938397e-05, 
                    8.564156346750474e-05, 
                    8.565010634916418e-05, 
                    8.565122876332255e-05, 
                    8.566324272158516e-05, 
                    8.565995069264967e-05, 
                    8.565638303474503e-05, 
                    8.564824103199938e-05, 
                    8.561863933457819e-05, 
                    8.563694029645138e-05, 
                    8.563763304964202e-05, 
                    8.563771765293444e-05, 
                    8.565423362022796e-05, 
                    8.565868047379812e-05, 
                    8.565748986709248e-05, 
                    8.564247936547845e-05, 
                    8.564383199995494e-05
                ]
            ]
        }
    ], 
    "Hemodynamic Parameters_1001_AB": [
        {
            "A": 53427112.408216745, 
            "B": -642234290846.6863
        }
    ], 
    "Time": [
        {
            "Time": [
                0.1, 
                0.1745147738989394, 
                0.25785254788817824, 
                0.3525344494380878, 
                0.45704218088983756, 
                0.5698460694316605, 
                0.7141315874302555, 
                0.8668477762537549, 
                1.0400976300608005, 
                1.2462459555674401, 
                1.4900928031208573, 
                1.7719805738880365, 
                2.091491686734308, 
                2.4961092908526568, 
                2.9939395768326458, 
                3.5942870085797916, 
                3.6042870085797913, 
                3.6092870085797912, 
                3.9117714918150726, 
                4.205847522975292, 
                4.498236709440625, 
                4.783057807721113, 
                5.082185322438047, 
                5.381144202802129, 
                5.735420328661478, 
                6.158250800568027, 
                6.5810812724745755, 
                6.591081272474575, 
                6.596081272474575, 
                6.852933176712048, 
                7.108117383918014
            ]
        }
    ], 
    "Pressures": [
        {
            "Pressure Outlet 1002": [
                0
            ], 
            "Pressure Outlet 1001": [
                [
                    0.0, 
                    0.0, 
                    0.0, 
                    0.0, 
                    0.0, 
                    0.0, 
                    0.0, 
                    0.0, 
                    0.0, 
                    0.0, 
                    0.0, 
                    0.0, 
                    0.0, 
                    0.0, 
                    0.0, 
                    0.0, 
                    0.0, 
                    0.0, 
                    0.0, 
                    0.0, 
                    0.0, 
                    0.0, 
                    0.0, 
                    0.0, 
                    0.0, 
                    0.0, 
                    0.0, 
                    0.0, 
                    0.0, 
                    0.0, 
                    0.0
                ]
            ], 
            "Pressure Inlet": [
                [
                    1239.3320047950292, 
                    -467.3066891434047, 
                    162.00949372339332, 
                    38.511087224173856, 
                    97.1596380669067, 
                    120.07710506301751, 
                    144.5232107952456, 
                    152.76159150103, 
                    152.5078253699561, 
                    154.55574019936972, 
                    152.21042278895527, 
                    143.17639699207535, 
                    141.46856713810104, 
                    134.5009460474823, 
                    123.80415894228807, 
                    121.33656694557034, 
                    109.74904830464723, 
                    105.73434197961426, 
                    128.59001560812843, 
                    164.0396205523312, 
                    150.063027504571, 
                    139.16278001166305, 
                    128.99474069143528, 
                    140.62040079535637, 
                    145.8525530245396, 
                    133.5760832645303, 
                    127.38501798670576, 
                    115.83403264827727, 
                    110.88776516693711, 
                    122.35990042366466, 
                    132.37912999725557
                ]
            ]
        }
    ], 
    "Bifurcation: ": [
        false
    ], 
    "name": [
        "I:/PROYECTOS/ESTUDIANTES/Sergio/V2/GID\\Modelo_11_145_I.gid\\Modelo_11_145_I.json"
    ], 
    "Fluid Characteristic": [
        {
            "blood_density": 1050.0, 
            "blood_dynamic_viscosity": 0.0035, 
            "blood_kinematic_viscosity": 3.3333333333333333e-06
        }
    ], 
    "Simulations_Parameters": [
        {
            "SolverType(1:AMGCGL,2:AMGCL_NS_Solver,3:BICGSTABSolver)": 1,