{
    "Flow": [
        {
            "Flow Outlet 1002": [
                0
            ], 
            "Flow Outlet 1001": [
                [
                    8.203845639601856e-05, 
                    8.547379082296218e-05, 
                    8.54192300040881e-05, 
                    8.545761924692136e-05, 
                    8.545837225738554e-05, 
                    8.54673500239399e-05, 
                    8.546872488662782e-05, 
                    8.546782903531274e-05, 
                    8.546661710349314e-05, 
                    8.546795528878135e-05, 
                    8.547074285170525e-05, 
                    8.546975626357465e-05, 
                    8.547241616483435e-05, 
                    8.547479969324355e-05, 
                    8.547737842373962e-05, 
                    8.547986358612496e-05, 
                    8.54832263536656e-05, 
                    8.548555575868567e-05, 
                    8.548388253843569e-05, 
                    8.54798576824801e-05, 
                    8.547854317705312e-05, 
                    8.548025493688999e-05, 
                    8.54808653084501e-05, 
                    8.547699624089934e-05, 
                    8.546673667249133e-05, 
                    8.545813928096805e-05, 
                    8.546119505277951e-05, 
                    8.54694768853097e-05, 
                    8.547968497265275e-05, 
                    8.54857825148514e-05, 
                    8.548334157219877e-05, 
                    8.547960715961776e-05, 
                    8.548041436315052e-05, 
                    8.548177881868752e-05
                ]
            ], 
            "Flow Inlet": [
                [
                    -8.555144271510392e-05, 
                    -8.555144271510392e-05, 
                    -8.555144271510392e-05, 
                    -8.555144271510392e-05, 
                    -8.555144271510392e-05, 
                    -8.555144271510392e-05, 
                    -8.555144271510392e-05, 
                    -8.555144271510392e-05, 
                    -8.555144271510392e-05, 
                    -8.555144271510392e-05, 
                    -8.555144271510392e-05, 
                    -8.555144271510392e-05, 
                    -8.555144271510392e-05, 
                    -8.555144271510392e-05, 
                    -8.555144271510392e-05, 
                    -8.555144271510392e-05, 
                    -8.555144271510392e-05, 
                    -8.555144271510392e-05, 
                    -8.555144271510392e-05, 
                    -8.555144271510392e-05, 
                    -8.555144271510392e-05, 
                    -8.555144271510392e-05, 
                    -8.555144271510392e-05, 
                    -8.555144271510392e-05, 
                    -8.555144271510392e-05, 
                    -8.555144271510392e-05, 
                    -8.555144271510392e-05, 
                    -8.555144271510392e-05, 
                    -8.555144271510392e-05, 
                    -8.555144271510392e-05, 
                    -8.555144271510392e-05, 
                    -8.555144271510392e-05, 
                    -8.555144271510392e-05, 
                    -8.555144271510392e-05
                ]
            ]
        }
    ], 
    "Hemodynamic Parameters_1001_ABC": [
        {
            "C": 10029854.347750857, 
            "B": -10666719920921.488, 
            "A": 912199075.8589001
        }
    ], 
    "Inlet": [
        {
            "Center Node": 159422, 
            "Total_area_inlet": 0.0003129858587362686, 
            "Reynolds(peak)": -1636.9702478239724, 
            "Diameter": 0.01996259102440807, 
            "Parabolic": true, 
            "Centroid": [
                -3.3604863475000125e-05, 
                0.00014829468829999918, 
                -3.7547147156816667e-17
            ], 
            "Flow_inlet(mean)": -8.555144271510392e-05, 
            "Reynolds(mean)": -1636.9702478239724, 
            "Flow_inlet(peak)": -8.555144271510392e-05
        }
    ], 
    "Hemodynamic Parameters_1001_AB": [
        {
            "B": 10626615696659.686, 
            "A": -908772162.8844221
        }
    ], 
    "Bifurcation: ": [
        false
    ], 
    "Outlet 1001": [
        {
            "Center Node": 369, 
            "Total_area_outlet": 0.0003129857325900902, 
            "Reynolds(peak)": 1635.7142129689319, 
            "Diameter": 0.01996258700153491, 
            "Centroid": [
                -0.00011324569943599976, 
                7.160041750857055e-05, 
                0.2699799999999991
            ], 
            "Reynolds(mean)": 1633.524814171273, 
            "Flow_outlet(peak)": 8.54857825148514e-05, 
            "Flow_outlet(mean)": 8.537136003935353e-05
        }
    ], 
    "Simulations_Parameters": [
        {
            "AutomaticDeltaTime": true, 
            "Dt": 0.1, 
            "Config_conditions(1:V-P-P),(2:V-V-P)": 1, 
            "SolverType(1:AMGCGL,2:AMGCL_NS_Solver,3:BICGSTABSolver)": 1, 
            "Time_vector": [
                0, 
                7.0
            ]
        }
    ], 
    "Pressures": [
        {
            "Pressure Outlet 1002": [
                0
            ], 
            "Pressure Outlet 1001": [
                [
                    0.0, 
                    0.0, 
                    0.0, 
                    0.0, 
                    0.0, 
                    0.0, 
                    0.0, 
                    0.0, 
                    0.0, 
                    0.0, 
                    0.0, 
                    0.0, 
                    0.0, 
                    0.0, 
                    0.0, 
                    0.0, 
                    0.0, 
                    0.0, 
                    0.0, 
                    0.0, 
                    0.0, 
                    0.0, 
                    0.0, 
                    0.0, 
                    0.0, 
                    0.0, 
                    0.0, 
                    0.0, 
                    0.0, 
                    0.0, 
                    0.0, 
                    0.0, 
                    0.0, 
                    0.0
                ]
            ], 
            "Pressure Inlet": [
                [
                    1033.6509437606708, 
                    -393.84995874996815, 
                    121.68629784838598, 
                    14.551220204693834, 
                    56.438003330491306, 
                    73.5767693027336, 
                    94.55410877827417, 
                    95.86254380157706, 
                    79.28704845810516, 
                    46.01787052975816, 
                    19.389627980675684, 
                    25.049663456770674, 
                    31.1476940376092, 
                    37.93680760274237, 
                    33.14939990320203, 
                    28.64360034305009, 
                    28.10249003496228, 
                    33.3568683023346, 
                    37.048793472824414, 
                    33.19392246441445, 
                    31.532818733446376, 
                    38.50508502925092, 
                    43.082227467134686, 
                    42.061551181928365, 
                    39.747576103321364, 
                    36.59380717223363, 
                    32.221358285916445, 
                    27.862252857544668, 
                    27.96429168958397, 
                    30.54647271548676, 
                    31.857329663849132, 
                    30.949397758843567, 
                    30.002938570733946, 
                    30.09648187060787
                ]
            ]
        }
    ],