{
    "Simulations_Parameters": [
        {
            "AutomaticDeltaTime": true, 
            "Config_conditions(1:V-P-P),(2:V-V-P)": 1, 
            "Time_vector": [
                0, 
                7.0
            ], 
            "SolverType(1:AMGCGL,2:AMGCL_NS_Solver,3:BICGSTABSolver)": 1, 
            "Dt": 0.1
        }
    ], 
    "Inlet": [
        {
            "Diameter": 0.01996268363257169, 
            "Flow_inlet(mean)": -8.555613444416171e-05, 
            "Flow_inlet(peak)": -8.555613444416171e-05, 
            "Center Node": 91175, 
            "Total_area_inlet": 0.00031298876267923, 
            "Centroid": [
                -0.00010319409110340905, 
                -2.6215637677039877e-05, 
                -0.031420356708522716
            ], 
            "Parabolic": true, 
            "Reynolds(mean)": -1637.0524265290906, 
            "Reynolds(peak)": -1637.0524265290906
        }
    ], 
    "Hemodynamic Parameters_1001_ABC": [
        {
            "A": -215106629.4710675, 
            "B": 2538689068659.87, 
            "C": -101200237.9383513
        }
    ], 
    "name": [
        "I:/PROYECTOS/ESTUDIANTES/Sergio/V2/GID\\Modelo_12_145_I.gid\\Modelo_12_145_I.json"
    ], 
    "Time": [
        {
            "Time": [
                0.1, 
                0.16240260047889982, 
                0.23198283687317534, 
                0.31230950398735624, 
                0.4051888988587454, 
                0.513625094626878, 
                0.6419015606699852, 
                0.7950366017601554, 
                0.9513455488705747, 
                1.1530035397878036, 
                1.4170181429975963, 
                1.7425602395040376, 
                2.122922380129423, 
                2.5855832621228383, 
                3.15620815338657, 
                3.796953018315525, 
                4.43769788324448, 
                5.078442748173435, 
                5.71918761310239, 
                6.4979128877495524, 
                7.4979128877495524
            ]
        }
    ], 
    "Fluid Characteristic": [
        {
            "blood_dynamic_viscosity": 0.0035, 
            "blood_density": 1050.0, 
            "blood_kinematic_viscosity": 3.3333333333333333e-06
        }
    ], 
    "Pressures": [
        {
            "Pressure Outlet 1002": [
                0
            ], 
            "Pressure Inlet": [
                [
                    1234.4371665666426, 
                    -453.513557279001, 
                    154.25820091260815, 
                    34.74831153868741, 
                    86.64609191374211, 
                    109.23495723498776, 
                    139.56628710979209, 
                    153.54478103642526, 
                    152.28834247915765, 
                    153.61960819464872, 
                    161.76799855310992, 
                    144.51945025438576, 
                    128.7367909700745, 
                    137.3108814872095, 
                    136.36320323099451, 
                    133.39907599796123, 
                    128.93309545384847, 
                    155.31152312175925, 
                    155.11102654431346, 
                    145.4502745421138, 
                    140.24397411907182
                ]
            ], 
            "Pressure Outlet 1001": [
                [
                    0.0, 
                    0.0, 
                    0.0, 
                    0.0, 
                    0.0, 
                    0.0, 
                    0.0, 
                    0.0, 
                    0.0, 
                    0.0, 
                    0.0, 
                    0.0, 
                    0.0, 
                    0.0, 
                    0.0, 
                    0.0, 
                    0.0, 
                    0.0, 
                    0.0, 
                    0.0, 
                    0.0
                ]
            ]
        }
    ], 
    "Bifurcation: ": [
        false
    ], 
    "Outlet 1001": [
        {
            "Diameter": 0.019962588749112914, 
            "Flow_outlet(mean)": 8.523489606539193e-05, 
            "Center Node": 431, 
            "Centroid": [
                6.215379717078656e-05, 
                5.614083298509638e-05, 
                0.25
            ], 
            "Total_area_outlet": 0.0003129857873893009, 
            "Reynolds(mean)": 1630.913523025646, 
            "Reynolds(peak)": 1634.767378914805, 
            "Flow_outlet(peak)": 8.543630650287122e-05
        }
    ], 
    "Hemodynamic Parameters_1001_AB": [
        {
            "A": 35574391.68270692, 
            "B": -435650893018.3285
        }
    ], 
    "Flow": [
        {
            "Flow Outlet 1002": [
                0
            ], 
            "Flow Outlet 1001": [
                [
                    8.212722999981992e-05, 
                    8.539126944724741e-05, 
                    8.534241777785228e-05, 
                    8.539256215862533e-05, 
                    8.540737051614453e-05, 
                    8.542476141959453e-05, 
                    8.5431506301936e-05, 
                    8.543316628730166e-05, 
                    8.54321854952178e-05, 
                    8.543162019899304e-05, 
                    8.542663901361278e-05, 
                    8.538261570416451e-05, 
                    8.529593288926845e-05, 
                    8.531244327221987e-05, 
                    8.538995314123928e-05, 
                    8.543630650287122e-05, 
                    8.541091003319755e-05, 
                    8.539983774060731e-05, 
                    8.541040808508832e-05, 
                    8.535673626578399e-05, 
                    8.529694512244487e-05
                ]
            ], 
            "Flow Inlet": [
                [
                    -8.555613444416171e-05, 
                    -8.555613444416171e-05, 
                    -8.555613444416171e-05, 
                    -8.555613444416171e-05, 
                    -8.555613444416171e-05, 
                    -8.555613444416171e-05, 
                    -8.555613444416171e-05, 
                    -8.555613444416171e-05, 
                    -8.555613444416171e-05, 
                    -8.555613444416171e-05, 
                    -8.555613444416171e-05, 
                    -8.555613444416171e-05, 
                    -8.555613444416171e-05, 
                    -8.555613444416171e-05, 
                    -8.555613444416171e-05, 
                    -8.555613444416171e-05, 
                    -8.555613444416171e-05, 
                    -8.555613444416171e-05, 
                    -8.555613444416171e-05, 
                    -8.555613444416171e-05, 
                    -8.555613444416171e-05
                ]
            ]
        }
    ]
}