{
    "Time": [
        {
            "Time": [
                0.1, 
                0.17898500098477216, 
                0.2635245777849069, 
                0.35588196071867223, 
                0.4572109865575653, 
                0.5710603568827864, 
                0.6824496600309112, 
                0.8017700730091893, 
                0.9809640329322843, 
                1.1967820635002187, 
                1.4368217673169175, 
                1.7028520686457698, 
                1.968882369974622, 
                2.2349126713034746, 
                2.5612445102198995, 
                2.5712445102198993, 
                2.576244510219899, 
                2.777470148456166, 
                2.9853438070862595, 
                3.1934985920714767, 
                3.403648452604223, 
                3.619183902801174, 
                3.8066222787429242, 
                4.062905397830193, 
                4.353229898338632, 
                4.692455095546966, 
                5.1052541896597585, 
                5.589534249990048, 
                6.073814310320337, 
                6.558094370650626, 
                7.0423744309809155
            ]
        }
    ], 
    "Inlet": [
        {
            "Reynolds(mean)": -1639.225328060417, 
            "Centroid": [
                -0.00010319409110340905, 
                -2.6215637677039877e-05, 
                -0.031420356708522716
            ], 
            "Parabolic": true, 
            "Total_area_inlet": 0.00031298876267923, 
            "Reynolds(peak)": -1639.225328060417, 
            "Diameter": 0.01996268363257169, 
            "Flow_inlet(peak)": -8.566969528835672e-05, 
            "Center Node": 167549, 
            "Flow_inlet(mean)": -8.566969528835672e-05
        }
    ], 
    "Hemodynamic Parameters_1001_ABC": [
        {
            "A": -26046059.860275805, 
            "C": -9458976.882198453, 
            "B": 335039884246.31934
        }
    ], 
    "Outlet 1001": [
        {
            "Reynolds(mean)": 1635.1392120808132, 
            "Centroid": [
                2.1132281722222204e-05, 
                0.00012032486198441406, 
                0.26997999999999905
            ], 
            "Total_area_outlet": 0.00031298575516202547, 
            "Reynolds(peak)": 1638.6249480461745, 
            "Diameter": 0.019962587721366786, 
            "Center Node": 438, 
            "Flow_outlet(mean)": 8.545573486954605e-05, 
            "Flow_outlet(peak)": 8.563790659307904e-05
        }
    ], 
    "Pressures": [
        {
            "Pressure Outlet 1001": [
                [
                    0.0, 
                    0.0, 
                    0.0, 
                    0.0, 
                    0.0, 
                    0.0, 
                    0.0, 
                    0.0, 
                    0.0, 
                    0.0, 
                    0.0, 
                    0.0, 
                    0.0, 
                    0.0, 
                    0.0, 
                    0.0, 
                    0.0, 
                    0.0, 
                    0.0, 
                    0.0, 
                    0.0, 
                    0.0, 
                    0.0, 
                    0.0, 
                    0.0, 
                    0.0, 
                    0.0, 
                    0.0, 
                    0.0, 
                    0.0, 
                    0.0
                ]
            ], 
            "Pressure Outlet 1002": [
                0
            ], 
            "Pressure Inlet": [
                [
                    1279.8190992284706, 
                    -472.71008472109787, 
                    194.9158503798671, 
                    82.73510751527492, 
                    163.19974393243496, 
                    199.10494687626218, 
                    233.7997995624592, 
                    246.32621810900392, 
                    240.78443380119847, 
                    242.23579887780087, 
                    232.6708993793896, 
                    199.6559931850941, 
                    180.83180513705517, 
                    221.77835180773434, 
                    237.18375718051084, 
                    229.73461074344502, 
                    215.59728709964534, 
                    234.13844146384105, 
                    225.40484970185003, 
                    225.40710640999248, 
                    237.60840055819426, 
                    226.46725816884853, 
                    217.98380271882894, 
                    220.20665112861658, 
                    221.00141820258148, 
                    224.28146219910263, 
                    224.8145857121842, 
                    223.96567603686174, 
                    220.87072509300563, 
                    218.41499998555477, 
                    208.78935631939044
                ]
            ]
        }
    ], 
    "Bifurcation: ": [
        false
    ], 
    "Fluid Characteristic": [
        {
            "blood_density": 1050.0, 
            "blood_kinematic_viscosity": 3.3333333333333333e-06, 
            "blood_dynamic_viscosity": 0.0035
        }
    ], 
    "Hemodynamic Parameters_1001_AB": [
        {
            "A": 13463504.995683655, 
            "B": -188028388813.59024
        }
    ], 
    "Simulations_Parameters": [
        {
            "Dt": 0.1, 
            "SolverType(1:AMGCGL,2:AMGCL_NS_Solver,3:BICGSTABSolver)": 1, 
            "AutomaticDeltaTime": true, 
            "Time_vector": [
                0, 
                7.0
            ], 
            "Config_conditions(1:V-P-P),(2:V-V-P)": 1
        }
    ], 
    "name": [
        "D:/edu_12/V2/GID\\Modelo_22_120_I.gid\\Modelo_22_120_I.json"
    ], 
    "Flow": [
        {
            "Flow Outlet 1001": [
                [
                    8.242672492214232e-05, 
                    8.563790659307904e-05, 
                    8.5521017013804e-05, 
                    8.556717491441306e-05, 
                    8.556914030084828e-05, 
                    8.557803870061525e-05, 
                    8.5578663306862e-05, 
                    8.557886845511845e-05, 
                    8.557810126646064e-05, 
                    8.557700396400387e-05, 
                    8.557657219054058e-05, 
                    8.558036199388484e-05, 
                    8.558635466281075e-05, 
                    8.558604693280092e-05, 
                    8.556306703290084e-05, 
                    8.556112503394967e-05, 
                    8.555640651883913e-05, 
                    8.554682476465476e-05, 
                    8.554076473293852e-05, 
                    8.554632334464221e-05, 
                    8.555636549371155e-05, 
                    8.554313090803092e-05, 
                    8.55324462021309e-05, 
                    8.553861707488866e-05, 
                    8.556127018296894e-05, 
                    8.55693673316601e-05, 
                    8.554055519149621e-05, 
                    8.547938346180944e-05, 
                    8.547228249606275e-05, 
                    8.552744109460254e-05, 
                    8.555043487325625e-05
                ]
            ], 
            "Flow Outlet 1002": [
                0
            ],