{
    "Bifurcation: ": [
        false
    ], 
    "Outlet 1001": [
        {
            "Diameter": 0.019962587721368066, 
            "Reynolds(peak)": 1636.7526187717353, 
            "Total_area_outlet": 0.00031298575516206564, 
            "Center Node": 447, 
            "Flow_outlet(peak)": 8.554005481821252e-05, 
            "Flow_outlet(mean)": 8.54050568547491e-05, 
            "Centroid": [
                1.234316127888889e-05, 
                9.513770873552552e-05, 
                0.26997999999999905
            ], 
            "Reynolds(mean)": 1634.1695216402547
        }
    ], 
    "Hemodynamic Parameters_1001_ABC": [
        {
            "B": -382093494650.739, 
            "C": -9863746.593495011, 
            "A": 33283280.565177552
        }
    ], 
    "Inlet": [
        {
            "Diameter": 0.01996268363257169, 
            "Reynolds(peak)": -1638.0245439499877, 
            "Parabolic": true, 
            "Center Node": 75267, 
            "Total_area_inlet": 0.00031298876267923, 
            "Flow_inlet(mean)": -8.560693954203763e-05, 
            "Centroid": [
                -0.00010319409110340905, 
                -2.6215637677039877e-05, 
                -0.031420356708522716
            ], 
            "Flow_inlet(peak)": -8.560693954203763e-05, 
            "Reynolds(mean)": -1638.0245439499877
        }
    ], 
    "Hemodynamic Parameters_1001_AB": [
        {
            "B": 441096059787.8929, 
            "A": -38325235.56196842
        }
    ], 
    "name": [
        "I:/PROYECTOS/ESTUDIANTES/Sergio/V2/GID/D_170\\Modelo_4_170.gid\\Modelo_4_170.json"
    ], 
    "Time": [
        {
            "Time": [
                0.1, 
                0.1830614859051577, 
                0.2753663356370034, 
                0.38234688907813497, 
                0.5057287281744874, 
                0.6474745145408658, 
                0.8126642697418782, 
                0.9928285178036269, 
                1.1729927658653756, 
                1.3531570139271243, 
                1.549541617902246, 
                1.823433046565929, 
                2.146034589128023, 
                2.5434456565074353, 
                2.976275187712133, 
                3.409104718916831, 
                3.419104718916831, 
                3.4241047189168308, 
                3.640540567778301, 
                3.856976416639771, 
                4.073412265501241, 
                4.2898481143627105, 
                4.492745451303582, 
                4.714676419162351, 
                4.913550078930818, 
                5.101327723198862, 
                5.299601904141765, 
                5.548375643728326, 
                5.797149383314887, 
                6.045923122901447, 
                6.333069934591844, 
                6.6202167462822405, 
                6.907363557972637, 
                7.194510369663034
            ]
        }
    ], 
    "Simulations_Parameters": [
        {
            "Config_conditions(1:V-P-P),(2:V-V-P)": 1, 
            "Time_vector": [
                0, 
                7.0
            ], 
            "SolverType(1:AMGCGL,2:AMGCL_NS_Solver,3:BICGSTABSolver)": 1, 
            "AutomaticDeltaTime": true, 
            "Dt": 0.1
        }
    ], 
    "Pressures": [
        {
            "Pressure Inlet": [
                [
                    1321.2248917906327, 
                    -515.7594700831421, 
                    158.60069869636635, 
                    9.661823793505697, 
                    55.266443988870016, 
                    59.19125225086409, 
                    71.88144416801867, 
                    67.4908739077392, 
                    50.89004305091308, 
                    48.955277020279944, 
                    71.34385599232802, 
                    84.07401899445459, 
                    83.50325286096181, 
                    63.854623027921654, 
                    54.02217912913419, 
                    51.643905087198064, 
                    51.21028238438524, 
                    45.776702832460195, 
                    47.60736976587849, 
                    45.272236069371544, 
                    49.190293020939286, 
                    54.144574887225524, 
                    53.74178839188961, 
                    49.406522299533016, 
                    44.531981520390325, 
                    40.733151285855, 
                    39.31002411360341, 
                    42.60893975743915, 
                    44.7937256657422, 
                    44.622901107779015, 
                    43.16846429368708, 
                    41.00351006523825, 
                    40.82202062101025, 
                    40.105245575401405
                ]
            ], 
            "Pressure Outlet 1002": [
                0
            ], 
            "Pressure Outlet 1001": [
                [
                    0.0, 
                    0.0, 
                    0.0, 
                    0.0, 
                    0.0, 
                    0.0, 
                    0.0, 
                    0.0, 
                    0.0, 
                    0.0, 
                    0.0, 
                    0.0, 
                    0.0, 
                    0.0, 
                    0.0, 
                    0.0, 
                    0.0, 
                    0.0, 
                    0.0, 
                    0.0, 
                    0.0, 
                    0.0, 
                    0.0, 
                    0.0, 
                    0.0, 
                    0.0, 
                    0.0, 
                    0.0, 
                    0.0, 
                    0.0, 
                    0.0, 
                    0.0, 
                    0.0, 
                    0.0
                ]
            ]
        }
    ], 
    "Fluid Characteristic": [
        {
            "blood_dynamic_viscosity": 0.0035, 
            "blood_kinematic_viscosity": 3.3333333333333333e-06, 
            "blood_density": 1050.0
        }
    ], 
    "Flow": [
        {
            "Flow Inlet": [
                [
                    -8.560693954203763e-05, 
                    -8.560693954203763e-05, 
                    -8.560693954203763e-05, 
                    -8.560693954203763e-05, 
                    -8.560693954203763e-05, 
                    -8.560693954203763e-05, 
                    -8.560693954203763e-05, 
                    -8.560693954203763e-05, 
                    -8.560693954203763e-05, 
                    -8.560693954203763e-05, 
                    -8.560693954203763e-05, 
                    -8.560693954203763e-05, 
                    -8.560693954203763e-05, 
                    -8.560693954203763e-05, 
                    -8.560693954203763e-05, 
                    -8.560693954203763e-05, 
                    -8.560693954203763e-05, 
                    -8.560693954203763e-05, 
                    -8.560693954203763e-05, 
                    -8.560693954203763e-05, 
                    -8.560693954203763e-05, 
                    -8.560693954203763e-05, 
                    -8.560693954203763e-05, 
                    -8.560693954203763e-05, 
                    -8.560693954203763e-05, 
                    -8.560693954203763e-05, 
                    -8.560693954203763e-05, 
                    -8.560693954203763e-05, 
                    -8.560693954203763e-05, 
                    -8.560693954203763e-05, 
                    -8.560693954203763e-05, 
                    -8.560693954203763e-05, 
                    -8.560693954203763e-05, 
                    -8.560693954203763e-05
                ]
            ], 
            "Flow Outlet 1002": [
                0
            ],