{
    "name": [
        "I:/PROYECTOS/ESTUDIANTES/Sergio/V1/GID\\Modelo_10_120_I.gid\\Modelo_10_120_I.json"
    ], 
    "Flow": [
        {
            "Flow Outlet 1002": [
                0
            ], 
            "Flow Outlet 1001": [
                [
                    6.056919596576573e-05, 
                    6.431218724853161e-05, 
                    6.404657081002483e-05, 
                    6.41274852995602e-05, 
                    6.411262658224854e-05, 
                    6.41215522644251e-05, 
                    6.412061617555885e-05, 
                    6.412005708878376e-05, 
                    6.411916489258375e-05, 
                    6.411907901240708e-05, 
                    6.411902930159961e-05, 
                    6.412364757588454e-05, 
                    6.412700834489254e-05, 
                    6.411401100744026e-05, 
                    6.409701109793356e-05, 
                    6.406269514185171e-05, 
                    6.407678154491235e-05, 
                    6.41168971059735e-05, 
                    6.410334826977563e-05
                ]
            ], 
            "Flow Inlet": [
                [
                    -6.418258881817316e-05, 
                    -6.418258881817316e-05, 
                    -6.418258881817316e-05, 
                    -6.418258881817316e-05, 
                    -6.418258881817316e-05, 
                    -6.418258881817316e-05, 
                    -6.418258881817316e-05, 
                    -6.418258881817316e-05, 
                    -6.418258881817316e-05, 
                    -6.418258881817316e-05, 
                    -6.418258881817316e-05, 
                    -6.418258881817316e-05, 
                    -6.418258881817316e-05, 
                    -6.418258881817316e-05, 
                    -6.418258881817316e-05, 
                    -6.418258881817316e-05, 
                    -6.418258881817316e-05, 
                    -6.418258881817316e-05, 
                    -6.418258881817316e-05
                ]
            ]
        }
    ], 
    "Simulations_Parameters": [
        {
            "Config_conditions(1:V-P-P),(2:V-V-P)": 1, 
            "Dt": 0.05, 
            "SolverType(1:AMGCGL,2:AMGCL_NS_Solver,3:BICGSTABSolver)": 1, 
            "AutomaticDeltaTime": true, 
            "Time_vector": [
                0, 
                7.0
            ]
        }
    ], 
    "Time": [
        {
            "Time": [
                0.05, 
                0.14889179501974667, 
                0.25883224954404566, 
                0.38664066675202036, 
                0.528130144470109, 
                0.6825107848934425, 
                0.8543938490858057, 
                1.0669796495485913, 
                1.284050231414964, 
                1.5462074029366426, 
                1.8776879480860964, 
                2.2701230603036073, 
                2.674666719624344, 
                3.2383791056353757, 
                3.8020914916464075, 
                4.448801390781698, 
                5.233706836847767, 
                6.0186122829138355, 
                7.0186122829138355
            ]
        }
    ], 
    "Inlet": [
        {
            "Flow_inlet(mean)": -6.418258881817316e-05, 
            "Centroid": [
                -0.00010319409110340905, 
                -2.6215637677039877e-05, 
                -0.031420356708522716
            ], 
            "Center Node": 92392, 
            "Flow_inlet(peak)": -6.418258881817316e-05, 
            "Parabolic": true, 
            "Diameter": 0.01996268363257169, 
            "Total_area_inlet": 0.00031298876267923, 
            "Reynolds(peak)": -1228.085670867744, 
            "Reynolds(mean)": -1228.085670867744
        }
    ], 
    "Outlet 1001": [
        {
            "Flow_outlet(peak)": 6.431218724853161e-05, 
            "Center Node": 452, 
            "Centroid": [
                0.00011239953331638416, 
                0.00015477023229601577, 
                0.25
            ], 
            "Diameter": 0.019962587721750566, 
            "Reynolds(mean)": 1223.2976907747827, 
            "Reynolds(peak)": 1230.571351861509, 
            "Flow_outlet(mean)": 6.393205077527122e-05, 
            "Total_area_outlet": 0.00031298575517405984
        }
    ], 
    "Hemodynamic Parameters_1001_ABC": [
        {
            "B": -4406049587749.691, 
            "C": 35842697.18701901, 
            "A": 284396978.71688956
        }
    ], 
    "Fluid Characteristic": [
        {
            "blood_kinematic_viscosity": 3.3333333333333333e-06, 
            "blood_dynamic_viscosity": 0.0035, 
            "blood_density": 1050.0
        }
    ], 
    "Bifurcation: ": [
        false
    ], 
    "Hemodynamic Parameters_1001_AB": [
        {
            "B": 8382980693092.126, 
            "A": -539298284.5107965
        }
    ], 
    "Pressures": [
        {
            "Pressure Outlet 1002": [
                0
            ], 
            "Pressure Inlet": [
                [
                    1853.2330783278505, 
                    -776.4350300300887, 
                    233.95339364489476, 
                    20.863355532021114, 
                    102.35377762664865, 
                    114.24309123621981, 
                    133.20146154545503, 
                    136.64362343008958, 
                    132.97009298966924, 
                    134.22510158706172, 
                    128.33934182945958, 
                    112.9845703523004, 
                    115.21176038472024, 
                    122.58788314020337, 
                    129.97112152167426, 
                    138.36714517336245, 
                    129.14075256327766, 
                    125.33504458294883, 
                    125.71207190940665
                ]
            ], 
            "Pressure Outlet 1001": [
                [
                    0.0, 
                    0.0, 
                    0.0, 
                    0.0, 
                    0.0, 
                    0.0, 
                    0.0, 
                    0.0, 
                    0.0, 
                    0.0, 
                    0.0, 
                    0.0, 
                    0.0, 
                    0.0, 
                    0.0, 
                    0.0, 
                    0.0, 
                    0.0, 
                    0.0
                ]
            ]
        }
    ]
}