{
    "Hemodynamic Parameters_1001_AB": [
        {
            "A": 105624871.39330257, 
            "B": -1257182111902.0854
        }
    ], 
    "Flow": [
        {
            "Flow Outlet 1001": [
                [
                    8.222848578209668e-05, 
                    8.536580965600959e-05, 
                    8.528055614201544e-05, 
                    8.531915205646727e-05, 
                    8.532241003699326e-05, 
                    8.533394671525218e-05, 
                    8.533665171208305e-05, 
                    8.533653635534786e-05, 
                    8.533558249308687e-05, 
                    8.533474955298765e-05, 
                    8.533259722818504e-05, 
                    8.531989730147494e-05, 
                    8.526873166125095e-05, 
                    8.527521574720587e-05, 
                    8.52676845854934e-05, 
                    8.522933269608358e-05, 
                    8.525763087669033e-05, 
                    8.530548893073634e-05, 
                    8.532753466367705e-05, 
                    8.533439221413764e-05, 
                    8.53344206315495e-05, 
                    8.532721737297252e-05, 
                    8.532227295312185e-05, 
                    8.530230478548898e-05, 
                    8.526967269522836e-05, 
                    8.527965155718771e-05, 
                    8.531078303834561e-05, 
                    8.531099283799486e-05, 
                    8.530920437345573e-05, 
                    8.530476313166388e-05, 
                    8.530271614773277e-05, 
                    8.529810280816438e-05, 
                    8.529264841133467e-05, 
                    8.528102986142022e-05, 
                    8.528433578579551e-05, 
                    8.530157579290183e-05, 
                    8.529444615459511e-05, 
                    8.527897540765309e-05, 
                    8.529264330437149e-05
                ]
            ], 
            "Flow Outlet 1002": [
                0
            ], 
            "Flow Inlet": [
                [
                    -8.543757802352867e-05, 
                    -8.543757802352867e-05, 
                    -8.543757802352867e-05, 
                    -8.543757802352867e-05, 
                    -8.543757802352867e-05, 
                    -8.543757802352867e-05, 
                    -8.543757802352867e-05, 
                    -8.543757802352867e-05, 
                    -8.543757802352867e-05, 
                    -8.543757802352867e-05, 
                    -8.543757802352867e-05, 
                    -8.543757802352867e-05, 
                    -8.543757802352867e-05, 
                    -8.543757802352867e-05, 
                    -8.543757802352867e-05, 
                    -8.543757802352867e-05, 
                    -8.543757802352867e-05, 
                    -8.543757802352867e-05, 
                    -8.543757802352867e-05, 
                    -8.543757802352867e-05, 
                    -8.543757802352867e-05, 
                    -8.543757802352867e-05, 
                    -8.543757802352867e-05, 
                    -8.543757802352867e-05, 
                    -8.543757802352867e-05, 
                    -8.543757802352867e-05, 
                    -8.543757802352867e-05, 
                    -8.543757802352867e-05, 
                    -8.543757802352867e-05, 
                    -8.543757802352867e-05, 
                    -8.543757802352867e-05, 
                    -8.543757802352867e-05, 
                    -8.543757802352867e-05, 
                    -8.543757802352867e-05, 
                    -8.543757802352867e-05, 
                    -8.543757802352867e-05, 
                    -8.543757802352867e-05, 
                    -8.543757802352867e-05, 
                    -8.543757802352867e-05
                ]
            ]
        }
    ], 
    "Hemodynamic Parameters_1001_ABC": [
        {
            "A": -134869486.85723424, 
            "C": -5485784.898118332, 
            "B": 1599975429940.7158
        }
    ], 
    "Outlet 1001": [
        {
            "Center Node": 397, 
            "Total_area_outlet": 0.00031298575517654044, 
            "Reynolds(peak)": 1633.418552299824, 
            "Diameter": 0.019962587721829676, 
            "Reynolds(mean)": 1630.7414944876698, 
            "Centroid": [
                7.05755534888268e-05, 
                0.0001495529299346057, 
                0.26997999999999905
            ], 
            "Flow_outlet(mean)": 8.522590111431419e-05, 
            "Flow_outlet(peak)": 8.536580965600959e-05
        }
    ], 
    "Bifurcation: ": [
        false
    ], 
    "Fluid Characteristic": [
        {
            "blood_density": 1050.0, 
            "blood_kinematic_viscosity": 3.3333333333333333e-06, 
            "blood_dynamic_viscosity": 0.0035
        }
    ], 
    "Pressures": [
        {
            "Pressure Outlet 1001": [
                [
                    0.0, 
                    0.0, 
                    0.0, 
                    0.0, 
                    0.0, 
                    0.0, 
                    0.0, 
                    0.0, 
                    0.0, 
                    0.0, 
                    0.0, 
                    0.0, 
                    0.0, 
                    0.0, 
                    0.0, 
                    0.0, 
                    0.0, 
                    0.0, 
                    0.0, 
                    0.0, 
                    0.0, 
                    0.0, 
                    0.0, 
                    0.0, 
                    0.0, 
                    0.0, 
                    0.0, 
                    0.0, 
                    0.0, 
                    0.0, 
                    0.0, 
                    0.0, 
                    0.0, 
                    0.0, 
                    0.0, 
                    0.0, 
                    0.0, 
                    0.0, 
                    0.0
                ]
            ], 
            "Pressure Outlet 1002": [
                0
            ], 
            "Pressure Inlet": [
                [
                    1335.7415180546468, 
                    -509.5349338660372, 
                    170.64476522736476, 
                    29.69612589305649, 
                    83.04223933203006, 
                    97.76081078955245, 
                    123.8458535720003, 
                    137.20661906176406, 
                    139.57677306520074, 
                    148.46889854083122, 
                    155.60828987721695, 
                    146.0699623536827, 
                    141.07896416670314, 
                    142.68657208488054, 
                    135.67835307957836, 
                    140.2126718880428, 
                    133.3870728830353, 
                    125.94440191523839, 
                    122.44662022934872, 
                    137.48102907705552, 
                    152.55264467573897, 
                    152.85259927946808, 
                    138.6142930106779, 
                    127.58335474095273, 
                    128.6587882226923, 
                    143.98099017667573, 
                    150.8878478896051, 
                    146.39667072249637, 
                    143.65046886924145, 
                    135.33677992831312, 
                    133.40525977392392, 
                    121.27001796208488, 
                    126.61514943941626, 
                    139.04460876403564, 
                    144.13786026716105, 
                    142.3522054167018, 
                    131.02637697934205, 
                    120.10382918972485, 
                    120.42672134308705
                ]
            ]
        }
    ], 
    "Simulations_Parameters": [
        {
            "Dt": 0.1, 
            "SolverType(1:AMGCGL,2:AMGCL_NS_Solver,3:BICGSTABSolver)": 1, 
            "AutomaticDeltaTime": true,