{
    "Time": [
        {
            "Time": [
                0.05, 
                0.15983910185468064, 
                0.2773252822458305, 
                0.4132665826809711, 
                0.5680532476996175, 
                0.7444541904333635, 
                0.947926905259667, 
                1.169988612942805, 
                1.436094842331333, 
                1.7022010717198612, 
                1.9683073011083894, 
                2.2344135304969175, 
                2.515809253595224, 
                2.872259034210222, 
                3.3015598863321722, 
                3.7308607384541226, 
                4.160161590576073, 
                4.170161590576073, 
                4.175161590576073, 
                4.406827535120318, 
                4.638493479664563, 
                4.870159424208808, 
                5.086544202093698, 
                5.314446808376135, 
                5.546160129010884, 
                5.777869508940877, 
                6.00957782381608, 
                6.286717973831165, 
                6.605051267012309, 
                6.923384560193452, 
                7.286624850698177
            ]
        }
    ], 
    "Pressures": [
        {
            "Pressure Outlet 1001": [
                [
                    0.0, 
                    0.0, 
                    0.0, 
                    0.0, 
                    0.0, 
                    0.0, 
                    0.0, 
                    0.0, 
                    0.0, 
                    0.0, 
                    0.0, 
                    0.0, 
                    0.0, 
                    0.0, 
                    0.0, 
                    0.0, 
                    0.0, 
                    0.0, 
                    0.0, 
                    0.0, 
                    0.0, 
                    0.0, 
                    0.0, 
                    0.0, 
                    0.0, 
                    0.0, 
                    0.0, 
                    0.0, 
                    0.0, 
                    0.0, 
                    0.0
                ]
            ], 
            "Pressure Inlet": [
                [
                    1979.3735782087897, 
                    -851.9710106607732, 
                    228.74127826347242, 
                    -22.85693566107582, 
                    41.882732095346945, 
                    33.682136219339, 
                    44.386959198021145, 
                    46.450702572844115, 
                    41.593030378876, 
                    33.771161997764686, 
                    35.03187652092359, 
                    41.703533967020455, 
                    46.493044965262136, 
                    47.88585467270356, 
                    44.06960049130212, 
                    37.98383541642693, 
                    34.04113080766609, 
                    33.577847645245704, 
                    30.261068581150866, 
                    32.02379657474367, 
                    32.33197264496842, 
                    36.64646155752322, 
                    39.78759430729146, 
                    40.13882132117787, 
                    38.14813758531507, 
                    35.45916117425914, 
                    33.09397717617819, 
                    32.25535059503459, 
                    32.62583330428594, 
                    32.299237640849256, 
                    32.50398375220022
                ]
            ], 
            "Pressure Outlet 1002": [
                0
            ]
        }
    ], 
    "Bifurcation: ": [
        false
    ], 
    "Simulations_Parameters": [
        {
            "Dt": 0.05, 
            "Config_conditions(1:V-P-P),(2:V-V-P)": 1, 
            "SolverType(1:AMGCGL,2:AMGCL_NS_Solver,3:BICGSTABSolver)": 1, 
            "Time_vector": [
                0, 
                7.0
            ], 
            "AutomaticDeltaTime": true
        }
    ], 
    "Flow": [
        {
            "Flow Inlet": [
                [
                    -6.416929298883959e-05, 
                    -6.416929298883959e-05, 
                    -6.416929298883959e-05, 
                    -6.416929298883959e-05, 
                    -6.416929298883959e-05, 
                    -6.416929298883959e-05, 
                    -6.416929298883959e-05, 
                    -6.416929298883959e-05, 
                    -6.416929298883959e-05, 
                    -6.416929298883959e-05, 
                    -6.416929298883959e-05, 
                    -6.416929298883959e-05, 
                    -6.416929298883959e-05, 
                    -6.416929298883959e-05, 
                    -6.416929298883959e-05, 
                    -6.416929298883959e-05, 
                    -6.416929298883959e-05, 
                    -6.416929298883959e-05, 
                    -6.416929298883959e-05, 
                    -6.416929298883959e-05, 
                    -6.416929298883959e-05, 
                    -6.416929298883959e-05, 
                    -6.416929298883959e-05, 
                    -6.416929298883959e-05, 
                    -6.416929298883959e-05, 
                    -6.416929298883959e-05, 
                    -6.416929298883959e-05, 
                    -6.416929298883959e-05, 
                    -6.416929298883959e-05, 
                    -6.416929298883959e-05, 
                    -6.416929298883959e-05
                ]
            ], 
            "Flow Outlet 1001": [
                [
                    6.040955569310137e-05, 
                    6.428261777646532e-05, 
                    6.40043724311819e-05, 
                    6.409680028615305e-05, 
                    6.408376901475252e-05, 
                    6.40942066130324e-05, 
                    6.409377866610632e-05, 
                    6.409349289631556e-05, 
                    6.40929082631178e-05, 
                    6.409368226838622e-05, 
                    6.409563129931423e-05, 
                    6.409744646501805e-05, 
                    6.409577310425515e-05, 
                    6.40855023077181e-05, 
                    6.406894749535622e-05, 
                    6.406578918513313e-05, 
                    6.408781352700306e-05, 
                    6.409227226010794e-05, 
                    6.409152714380863e-05, 
                    6.409419488623999e-05, 
                    6.409525112369754e-05, 
                    6.409767589719286e-05, 
                    6.409362928288926e-05, 
                    6.40834626846989e-05, 
                    6.407704594506845e-05, 
                    6.407592504142272e-05, 
                    6.407887397465746e-05, 
                    6.408435052260837e-05, 
                    6.408972970413321e-05, 
                    6.409142950892506e-05, 
                    6.40908080878425e-05
                ]
            ], 
            "Flow Outlet 1002": [
                0
            ]
        }
    ], 
    "Fluid Characteristic": [
        {
            "blood_kinematic_viscosity": 3.3333333333333333e-06, 
            "blood_density": 1050.0, 
            "blood_dynamic_viscosity": 0.0035
        }
    ], 
    "Outlet 1001": [
        {
            "Center Node": 469, 
            "Reynolds(mean)": 1224.090648329072, 
            "Centroid": [
                5.0992123060165786e-05, 
                0.00011443458853698699, 
                0.289990000000001
            ], 
            "Flow_outlet(peak)": 6.428261777646532e-05, 
            "Reynolds(peak)": 1230.0055594857372, 
            "Flow_outlet(mean)": 6.397349236631301e-05, 
            "Total_area_outlet": 0.0003129857551740598, 
            "Diameter": 0.019962587721750566
        }
    ], 
    "name": [
        "I:/PROYECTOS/ESTUDIANTES/Sergio/V1/GID\\Modelo_8_170_I.gid\\Modelo_8_170_I.json"
    ], 
    "Hemodynamic Parameters_1001_AB": [
        {
            "B": 569947186904.0067, 
            "A": -37110232.1403984
        }
    ],