{
    "Flow": [
        {
            "Flow Outlet 1002": [
                0
            ], 
            "Flow Outlet 1001": [
                [
                    6.068138197366809e-05, 
                    6.434656726354038e-05, 
                    6.409497454928558e-05, 
                    6.418106708216066e-05, 
                    6.416791257107875e-05, 
                    6.417775041382601e-05, 
                    6.417754372849438e-05, 
                    6.41776618494974e-05, 
                    6.417700468511519e-05, 
                    6.417681048781398e-05, 
                    6.417744615316326e-05, 
                    6.417464123477914e-05, 
                    6.417210943590846e-05, 
                    6.417089613520667e-05, 
                    6.41672170690737e-05, 
                    6.416996752656844e-05, 
                    6.417097529232599e-05, 
                    6.416383039329239e-05, 
                    6.415223030832476e-05, 
                    6.414217614308136e-05, 
                    6.414525267501733e-05, 
                    6.415820744353757e-05, 
                    6.417169400661001e-05, 
                    6.41741452922219e-05
                ]
            ], 
            "Flow Inlet": [
                [
                    -6.425239177794388e-05, 
                    -6.425239177794388e-05, 
                    -6.425239177794388e-05, 
                    -6.425239177794388e-05, 
                    -6.425239177794388e-05, 
                    -6.425239177794388e-05, 
                    -6.425239177794388e-05, 
                    -6.425239177794388e-05, 
                    -6.425239177794388e-05, 
                    -6.425239177794388e-05, 
                    -6.425239177794388e-05, 
                    -6.425239177794388e-05, 
                    -6.425239177794388e-05, 
                    -6.425239177794388e-05, 
                    -6.425239177794388e-05, 
                    -6.425239177794388e-05, 
                    -6.425239177794388e-05, 
                    -6.425239177794388e-05, 
                    -6.425239177794388e-05, 
                    -6.425239177794388e-05, 
                    -6.425239177794388e-05, 
                    -6.425239177794388e-05, 
                    -6.425239177794388e-05, 
                    -6.425239177794388e-05
                ]
            ]
        }
    ], 
    "name": [
        "I:/PROYECTOS/ESTUDIANTES/Sergio/V1/GID\\Modelo_5_145_I.gid\\Modelo_5_145_I.json"
    ], 
    "Hemodynamic Parameters_1001_AB": [
        {
            "A": 84302853.90129061, 
            "B": -1332503919825.0671
        }
    ], 
    "Time": [
        {
            "Time": [
                0.05, 
                0.14992920636633, 
                0.2565062826214799, 
                0.376521684130874, 
                0.509502270763985, 
                0.6594166302517441, 
                0.8309420020748519, 
                1.0299435108522863, 
                1.2640835557765868, 
                1.544247345826041, 
                1.8863464262097551, 
                2.2829668753580434, 
                2.6795873245063317, 
                3.07620777365462, 
                3.4728282228029084, 
                3.8694486719511967, 
                4.266069121099485, 
                4.662689570247773, 
                5.059310019396061, 
                5.455930468544349, 
                5.8525509176926365, 
                6.249171366840924, 
                6.645791815989212, 
                7.0424122651375
            ]
        }
    ], 
    "Pressures": [
        {
            "Pressure Inlet": [
                [
                    1939.7895479170504, 
                    -823.886589393079, 
                    228.72049284571452, 
                    -9.204272609254625, 
                    58.519535342897605, 
                    57.782327802676065, 
                    74.33141744742517, 
                    82.76012300949472, 
                    87.7027630531625, 
                    90.09688553642724, 
                    85.52384371677468, 
                    76.51097395483262, 
                    80.15833003281926, 
                    85.15392342098826, 
                    78.43894823666388, 
                    69.21738996738486, 
                    68.82736248270929, 
                    78.6122054640745, 
                    84.1857830547059, 
                    81.02536245262344, 
                    70.2047039723788, 
                    69.16507607379376, 
                    79.323962758031, 
                    84.58253714980296
                ]
            ], 
            "Pressure Outlet 1002": [
                0
            ], 
            "Pressure Outlet 1001": [
                [
                    0.0, 
                    0.0, 
                    0.0, 
                    0.0, 
                    0.0, 
                    0.0, 
                    0.0, 
                    0.0, 
                    0.0, 
                    0.0, 
                    0.0, 
                    0.0, 
                    0.0, 
                    0.0, 
                    0.0, 
                    0.0, 
                    0.0, 
                    0.0, 
                    0.0, 
                    0.0, 
                    0.0, 
                    0.0, 
                    0.0, 
                    0.0
                ]
            ]
        }
    ], 
    "Fluid Characteristic": [
        {
            "blood_density": 1050.0, 
            "blood_kinematic_viscosity": 3.3333333333333333e-06, 
            "blood_dynamic_viscosity": 0.0035
        }
    ], 
    "Outlet 1001": [
        {
            "Reynolds(peak)": 1231.2291908037469, 
            "Diameter": 0.019962587721829676, 
            "Reynolds(mean)": 1225.1315939097894, 
            "Flow_outlet(peak)": 6.434656726354038e-05, 
            "Centroid": [
                7.05755534888268e-05, 
                0.0001495529299346057, 
                0.26997999999999905
            ], 
            "Center Node": 410, 
            "Total_area_outlet": 0.00031298575517654044, 
            "Flow_outlet(mean)": 6.402789432139964e-05
        }
    ], 
    "Inlet": [
        {
            "Flow_inlet(mean)": -6.425239177794388e-05, 
            "Reynolds(peak)": -1229.421298118951, 
            "Diameter": 0.01996268363257169, 
            "Reynolds(mean)": -1229.421298118951, 
            "Centroid": [
                -0.00010319409110340905, 
                -2.6215637677039877e-05, 
                -0.031420356708522716
            ], 
            "Center Node": 76583, 
            "Total_area_inlet": 0.00031298876267923, 
            "Parabolic": true, 
            "Flow_inlet(peak)": -6.425239177794388e-05
        }
    ], 
    "Bifurcation: ": [
        false
    ], 
    "Simulations_Parameters": [
        {
            "SolverType(1:AMGCGL,2:AMGCL_NS_Solver,3:BICGSTABSolver)": 1, 
            "Time_vector": [
                0, 
                7.0
            ], 
            "Config_conditions(1:V-P-P),(2:V-V-P)": 1, 
            "AutomaticDeltaTime": true, 
            "Dt": 0.05
        }
    ], 
    "Hemodynamic Parameters_1001_ABC": [
        {
            "A": -96724212.49958834, 
            "C": -22762913.05267328, 
            "B": 1526263128760.4294
        }
    ]
}