{
    "Outlet 1001": [
        {
            "Center Node": 420, 
            "Diameter": 0.019962588749112914, 
            "Reynolds(mean)": 1630.6213008812226, 
            "Flow_outlet(mean)": 8.521962393492257e-05, 
            "Reynolds(peak)": 1633.9725350648803, 
            "Flow_outlet(peak)": 8.5394766328006e-05, 
            "Centroid": [
                6.215379717078656e-05, 
                5.614083298509638e-05, 
                0.25
            ], 
            "Total_area_outlet": 0.00031298578738930095
        }
    ], 
    "Flow": [
        {
            "Flow Inlet": [
                [
                    -8.54947523285126e-05, 
                    -8.54947523285126e-05, 
                    -8.54947523285126e-05, 
                    -8.54947523285126e-05, 
                    -8.54947523285126e-05, 
                    -8.54947523285126e-05, 
                    -8.54947523285126e-05, 
                    -8.54947523285126e-05, 
                    -8.54947523285126e-05, 
                    -8.54947523285126e-05, 
                    -8.54947523285126e-05, 
                    -8.54947523285126e-05, 
                    -8.54947523285126e-05, 
                    -8.54947523285126e-05, 
                    -8.54947523285126e-05, 
                    -8.54947523285126e-05, 
                    -8.54947523285126e-05, 
                    -8.54947523285126e-05, 
                    -8.54947523285126e-05, 
                    -8.54947523285126e-05, 
                    -8.54947523285126e-05, 
                    -8.54947523285126e-05, 
                    -8.54947523285126e-05, 
                    -8.54947523285126e-05
                ]
            ], 
            "Flow Outlet 1001": [
                [
                    8.204305713925975e-05, 
                    8.532234649391098e-05, 
                    8.529355650318462e-05, 
                    8.534611907112544e-05, 
                    8.535530437284979e-05, 
                    8.537061923562287e-05, 
                    8.537705712136044e-05, 
                    8.537971385214539e-05, 
                    8.537861569973178e-05, 
                    8.537894088516387e-05, 
                    8.538506147601241e-05, 
                    8.538627095082101e-05, 
                    8.536810355875143e-05, 
                    8.532978114405681e-05, 
                    8.529100672458468e-05, 
                    8.530800640209121e-05, 
                    8.53511668373554e-05, 
                    8.537869907454912e-05, 
                    8.5394766328006e-05, 
                    8.538447448443085e-05, 
                    8.536565971552084e-05, 
                    8.534314309617221e-05, 
                    8.535342309045397e-05, 
                    8.538608118098077e-05
                ]
            ], 
            "Flow Outlet 1002": [
                0
            ]
        }
    ], 
    "Simulations_Parameters": [
        {
            "Time_vector": [
                0, 
                7.0
            ], 
            "SolverType(1:AMGCGL,2:AMGCL_NS_Solver,3:BICGSTABSolver)": 1, 
            "AutomaticDeltaTime": true, 
            "Dt": 0.1, 
            "Config_conditions(1:V-P-P),(2:V-V-P)": 1
        }
    ], 
    "name": [
        "I:/PROYECTOS/ESTUDIANTES/Sergio/V2/GID\\Modelo_19_170_I.gid\\Modelo_19_170_I.json"
    ], 
    "Inlet": [
        {
            "Parabolic": true, 
            "Center Node": 140940, 
            "Total_area_inlet": 0.00031298876267923, 
            "Diameter": 0.01996268363257169, 
            "Reynolds(mean)": -1635.8779258106824, 
            "Flow_inlet(peak)": -8.54947523285126e-05, 
            "Reynolds(peak)": -1635.8779258106824, 
            "Centroid": [
                -0.00010319409110340905, 
                -2.6215637677039877e-05, 
                -0.031420356708522716
            ], 
            "Flow_inlet(mean)": -8.54947523285126e-05
        }
    ], 
    "Time": [
        {
            "Time": [
                0.1, 
                0.15917593979119352, 
                0.22531021359355252, 
                0.30155040210708534, 
                0.38949973359332507, 
                0.49193258600543766, 
                0.6026162750038695, 
                0.7479601510671885, 
                0.9258715882937553, 
                1.148643496817251, 
                1.4435989565297525, 
                1.7385544162422537, 
                2.099341700102624, 
                2.4601289839629947, 
                2.9383357071716474, 
                3.4165424303803, 
                3.8947491535889527, 
                4.372955876797605, 
                4.851162600006258, 
                5.3293693232149115, 
                5.807576046423565, 
                6.285782769632218, 
                6.763989492840871, 
                7.242196216049524
            ]
        }
    ], 
    "Bifurcation: ": [
        false
    ], 
    "Pressures": [
        {
            "Pressure Outlet 1001": [
                [
                    0.0, 
                    0.0, 
                    0.0, 
                    0.0, 
                    0.0, 
                    0.0, 
                    0.0, 
                    0.0, 
                    0.0, 
                    0.0, 
                    0.0, 
                    0.0, 
                    0.0, 
                    0.0, 
                    0.0, 
                    0.0, 
                    0.0, 
                    0.0, 
                    0.0, 
                    0.0, 
                    0.0, 
                    0.0, 
                    0.0, 
                    0.0
                ]
            ], 
            "Pressure Inlet": [
                [
                    1194.0886633535324, 
                    -440.16493944075233, 
                    138.42666966503612, 
                    19.265464679845845, 
                    60.20585982617456, 
                    67.74486331861831, 
                    81.1636232885898, 
                    84.46878528645165, 
                    75.19857313191541, 
                    50.74413234701316, 
                    53.54468568817987, 
                    76.31373249812526, 
                    87.57460198003949, 
                    75.66003492366296, 
                    64.50608813112369, 
                    63.57577706575113, 
                    40.587977708807934, 
                    42.481105847689705, 
                    49.728952454088024, 
                    47.601875123658736, 
                    46.32165644134187, 
                    43.924733965504124, 
                    41.19169944123055, 
                    40.58945111981652
                ]
            ], 
            "Pressure Outlet 1002": [
                0
            ]
        }
    ], 
    "Fluid Characteristic": [
        {
            "blood_density": 1050.0, 
            "blood_dynamic_viscosity": 0.0035, 
            "blood_kinematic_viscosity": 3.3333333333333333e-06
        }
    ], 
    "Hemodynamic Parameters_1001_AB": [
        {
            "A": -31420331.961239245, 
            "B": 359890932519.74316
        }
    ], 
    "Hemodynamic Parameters_1001_ABC": [
        {
            "A": 41071609.04120064, 
            "C": 7691170.276270002, 
            "B": -473001356959.6985
        }
    ]
}